0.13932  	0.09724  	0.17709  	0.56552  	-0.0303  	0.49116  	0.11117  	-0.4824  	0.25303  	-0.0565  	0.29278  	0.36116  	0.00425  	-0.3990  	-0.7991  	0.91521  	-0.0657  	0.19290  	-0.2722  	0.33400  	0.19078  	-0.2090  	-0.4516  	0.35313  	-0.2618  	-0.1502  	-0.2931  	-0.3452  	-0.3278  	-0.1541  	-0.1994  	0.27423  	0.28261  	-0.0645  	0.29929  	0.12135  	0.30283  	0.06377  	-0.2490  	0.16484  	-0.0345  	0.03053  	0.01804  	-0.0294  	-0.0833  	-0.0424  	0.03456  	0.00585  	0.04840  	-0.0091  	0.00028  	0.01875  	0.00170  	0.03200  	0.00279  	-0.0219  	0.01912  	0.00490  	-0.0349  	0.03383  	0.00814  	0.00330  	0.03167  	-0.0051  	-0.0069  	-0.0242  	0.03589  	-0.0073  	0.02253  	-0.2797  	
0.13932  	0.09724  	0.17709  	0.56552  	-0.0303  	0.49116  	0.11117  	-0.4824  	0.25303  	-0.0565  	0.29278  	0.36116  	0.00425  	-0.3990  	-0.7991  	0.91521  	-0.0657  	0.19290  	-0.2722  	0.33400  	0.19078  	-0.2090  	-0.4516  	0.35313  	-0.2618  	-0.1502  	-0.2931  	-0.3452  	-0.3278  	-0.1541  	-0.1994  	0.27423  	0.28261  	-0.0645  	0.29929  	0.12135  	0.30283  	0.06377  	-0.2490  	0.16484  	-0.0345  	0.03053  	0.01804  	-0.0294  	-0.0833  	-0.0424  	0.03456  	0.00585  	0.04840  	-0.0091  	0.00028  	0.01875  	0.00170  	0.03200  	0.00279  	-0.0219  	0.01912  	0.00490  	-0.0349  	0.03383  	0.00814  	0.00330  	0.03167  	-0.0051  	-0.0069  	-0.0242  	0.03589  	-0.0073  	0.02253  	-0.2797  	
0.13932  	0.09724  	0.17709  	0.56552  	-0.0303  	0.49116  	0.11117  	-0.4824  	0.25303  	-0.0565  	0.29278  	0.36116  	0.00425  	-0.3990  	-0.7991  	0.91521  	-0.0657  	0.19290  	-0.2722  	0.33400  	0.19078  	-0.2090  	-0.4516  	0.35313  	-0.2618  	-0.1502  	-0.2931  	-0.3452  	-0.3278  	-0.1541  	-0.1994  	0.27423  	0.28261  	-0.0645  	0.29929  	0.12135  	0.30283  	0.06377  	-0.2490  	0.16484  	-0.0345  	0.03053  	0.01804  	-0.0294  	-0.0833  	-0.0424  	0.03456  	0.00585  	0.04840  	-0.0091  	0.00028  	0.01875  	0.00170  	0.03200  	0.00279  	-0.0219  	0.01912  	0.00490  	-0.0349  	0.03383  	0.00814  	0.00330  	0.03167  	-0.0051  	-0.0069  	-0.0242  	0.03589  	-0.0073  	0.02253  	-0.2797  	
0.13932  	0.09724  	0.17709  	0.56552  	-0.0303  	0.49116  	0.11117  	-0.4824  	0.25303  	-0.0565  	0.29278  	0.36116  	0.00425  	-0.3990  	-0.7991  	0.91521  	-0.0657  	0.19290  	-0.2722  	0.33400  	0.19078  	-0.2090  	-0.4516  	0.35313  	-0.2618  	-0.1502  	-0.2931  	-0.3452  	-0.3278  	-0.1541  	-0.1994  	0.27423  	0.28261  	-0.0645  	0.29929  	0.12135  	0.30283  	0.06377  	-0.2490  	0.16484  	-0.0345  	0.03053  	0.01804  	-0.0294  	-0.0833  	-0.0424  	0.03456  	0.00585  	0.04840  	-0.0091  	0.00028  	0.01875  	0.00170  	0.03200  	0.00279  	-0.0219  	0.01912  	0.00490  	-0.0349  	0.03383  	0.00814  	0.00330  	0.03167  	-0.0051  	-0.0069  	-0.0242  	0.03589  	-0.0073  	0.02253  	-0.2797  	
0.01975  	0.07193  	0.10504  	0.52843  	0.00635  	0.39494  	0.10462  	-0.5760  	0.20661  	-0.0067  	0.28218  	0.36244  	-0.0043  	-0.5013  	-0.9263  	0.88199  	-0.0948  	0.27480  	-0.2900  	0.42105  	0.08888  	-0.2552  	-0.5491  	0.28192  	-0.2421  	-0.1404  	-0.3931  	-0.1682  	-0.2009  	-0.1681  	-0.2010  	0.24482  	0.28652  	-0.0610  	0.24570  	0.18633  	0.19447  	0.02375  	-0.2070  	0.20989  	0.00216  	0.04405  	0.01099  	-0.0387  	-0.0819  	-0.0454  	0.04191  	0.00572  	0.03965  	-0.0091  	0.01121  	0.01783  	0.00043  	0.02628  	0.00332  	-0.0259  	0.02984  	0.00613  	-0.0308  	0.02999  	0.00704  	-0.0037  	0.03334  	-0.0031  	-0.0069  	-0.0242  	0.03589  	-0.0073  	0.02253  	-0.2797  	
-0.1104  	-0.0351  	-0.0622  	0.50755  	0.04582  	0.31417  	0.11533  	-0.7093  	0.15147  	0.07947  	0.19800  	0.33677  	-0.0249  	-0.6529  	-1.0027  	0.83641  	-0.0949  	0.31513  	-0.2903  	0.50296  	-0.1539  	-0.2329  	-0.6193  	0.20824  	-0.1639  	-0.1339  	-0.4749  	0.00493  	-0.0505  	-0.1328  	-0.2107  	0.23672  	0.24161  	-0.0526  	0.14326  	0.29339  	0.05224  	-0.0202  	-0.1600  	0.25870  	0.01868  	0.03243  	0.00985  	-0.0241  	-0.0764  	-0.0463  	0.04375  	0.00484  	0.05021  	-0.0119  	0.02002  	0.01543  	-0.0048  	0.02607  	0.00665  	-0.0333  	0.03711  	0.00613  	-0.0285  	0.02913  	0.00129  	-0.0095  	0.03034  	-0.0038  	-0.0069  	-0.0242  	0.03589  	-0.0073  	0.02253  	-0.2797  	
-0.2011  	-0.0743  	-0.0906  	0.45319  	0.00443  	0.26616  	0.12442  	-0.7291  	0.14316  	0.08240  	0.21043  	0.30569  	-0.0696  	-0.7302  	-1.0822  	0.85104  	-0.0900  	0.33037  	-0.2843  	0.49814  	-0.1718  	-0.2466  	-0.6333  	0.23100  	-0.1409  	-0.1255  	-0.4404  	0.01208  	-0.0457  	-0.1154  	-0.2090  	0.25155  	0.22399  	-0.0667  	0.13073  	0.30896  	0.06726  	-0.0133  	-0.1604  	0.25123  	0.03385  	0.02775  	0.01172  	-0.0205  	-0.0775  	-0.0432  	0.03262  	0.00260  	0.04687  	-0.0147  	0.01897  	0.01690  	0.00346  	0.02580  	0.01040  	-0.0354  	0.03541  	0.00840  	-0.0267  	0.02929  	-0.0003  	-0.0077  	0.03417  	-0.0019  	-0.0069  	-0.0242  	0.03589  	-0.0073  	0.02253  	-0.2797  	
-0.2839  	-0.0650  	-0.1034  	0.44520  	-0.0031  	0.24480  	0.11846  	-0.7677  	0.12109  	0.05525  	0.18893  	0.28151  	-0.0682  	-0.7661  	-1.0685  	0.80415  	-0.0740  	0.32177  	-0.2715  	0.46970  	-0.2062  	-0.2333  	-0.6054  	0.22625  	-0.1202  	-0.1267  	-0.4289  	0.03218  	0.01292  	-0.1085  	-0.2119  	0.24459  	0.21921  	-0.0525  	0.09573  	0.33231  	0.04326  	-0.0170  	-0.1565  	0.24089  	0.05056  	0.02438  	0.02062  	-0.0177  	-0.0775  	-0.0486  	0.02966  	0.00631  	0.04603  	-0.0200  	0.01895  	0.01648  	0.00721  	0.02358  	0.00595  	-0.0367  	0.03761  	0.00775  	-0.0246  	0.02873  	0.00077  	-0.0100  	0.03815  	-0.0033  	-0.0069  	-0.0242  	0.03589  	-0.0073  	0.02253  	-0.2797  	
-0.3195  	-0.0659  	-0.1008  	0.41686  	-0.0080  	0.23198  	0.11066  	-0.7604  	0.11983  	0.06065  	0.16982  	0.28704  	-0.0711  	-0.7788  	-1.0797  	0.79721  	-0.0770  	0.33289  	-0.2789  	0.47228  	-0.2246  	-0.2256  	-0.5868  	0.19506  	-0.1476  	-0.1178  	-0.4711  	0.03276  	0.03553  	-0.1201  	-0.1980  	0.22857  	0.21495  	-0.0421  	0.07345  	0.32252  	0.01596  	-0.0161  	-0.1379  	0.24107  	0.06019  	0.02596  	0.02770  	-0.0173  	-0.0793  	-0.0512  	0.03232  	0.00705  	0.04372  	-0.0140  	0.01665  	0.01611  	0.00533  	0.02328  	0.00642  	-0.0391  	0.03807  	0.00855  	-0.0267  	0.02355  	-0.0011  	-0.0064  	0.03974  	-0.0019  	-0.0069  	-0.0242  	0.03589  	-0.0073  	0.02253  	-0.2797  	
-0.3459  	-0.0732  	-0.1094  	0.33861  	-0.0386  	0.21239  	0.12444  	-0.7427  	0.12322  	0.07367  	0.19349  	0.27872  	-0.0606  	-0.7752  	-1.1283  	0.79488  	-0.0889  	0.35166  	-0.2881  	0.46572  	-0.2363  	-0.2397  	-0.5590  	0.16531  	-0.1859  	-0.1106  	-0.5120  	0.05074  	0.06168  	-0.1322  	-0.1846  	0.21949  	0.22722  	-0.0388  	0.04097  	0.31715  	0.00136  	-0.0154  	-0.1330  	0.25000  	0.08374  	0.02339  	0.03621  	-0.0128  	-0.0828  	-0.0494  	0.03688  	0.00488  	0.03862  	-0.0168  	0.01274  	0.01725  	0.00150  	0.02099  	0.00758  	-0.0418  	0.03634  	0.00557  	-0.0286  	0.02271  	0.00426  	-0.0011  	0.03492  	0.00056  	-0.0069  	-0.0242  	0.03589  	-0.0073  	0.02253  	-0.2797  	
-0.3852  	-0.0757  	-0.1077  	0.26223  	-0.0704  	0.20245  	0.13541  	-0.7347  	0.12278  	0.09342  	0.22808  	0.23879  	-0.0700  	-0.7881  	-1.1607  	0.78338  	-0.0992  	0.34276  	-0.2827  	0.47506  	-0.2318  	-0.2360  	-0.5505  	0.17042  	-0.1885  	-0.1099  	-0.4947  	0.03374  	0.04278  	-0.1373  	-0.1779  	0.21718  	0.23330  	-0.0412  	0.03839  	0.31182  	0.02751  	-0.0193  	-0.1370  	0.24913  	0.08468  	0.02389  	0.03604  	-0.0074  	-0.0810  	-0.0468  	0.03990  	-0.0004  	0.03889  	-0.0172  	0.01237  	0.01867  	-0.0004  	0.02307  	0.00435  	-0.0409  	0.02882  	0.00245  	-0.0308  	0.02629  	0.00601  	-0.0035  	0.02807  	-0.0024  	-0.0069  	-0.0242  	0.03589  	-0.0073  	0.02253  	-0.2797  	
-0.4389  	-0.1055  	-0.1360  	0.25709  	-0.0600  	0.15881  	0.13554  	-0.7401  	0.12576  	0.11891  	0.24807  	0.26455  	-0.0655  	-0.7522  	-1.1908  	0.77699  	-0.1167  	0.34286  	-0.2871  	0.48501  	-0.2545  	-0.2323  	-0.5578  	0.17201  	-0.1928  	-0.1055  	-0.5050  	0.05980  	0.05369  	-0.1372  	-0.1636  	0.21005  	0.24060  	-0.0393  	0.04011  	0.31899  	0.00343  	-0.0309  	-0.1278  	0.24195  	0.07316  	0.02375  	0.03104  	-0.0110  	-0.0779  	-0.0495  	0.03894  	-0.0028  	0.04094  	-0.0169  	0.01247  	0.01771  	-0.0017  	0.02009  	0.00689  	-0.0423  	0.02841  	0.00267  	-0.0304  	0.02685  	0.00799  	-0.0024  	0.03359  	-0.0006  	-0.0069  	-0.0242  	0.03589  	-0.0073  	0.02253  	-0.2797  	
-0.4504  	-0.0971  	-0.1761  	0.28706  	-0.0117  	0.12959  	0.12705  	-0.7296  	0.12962  	0.11689  	0.29130  	0.30469  	-0.0615  	-0.7066  	-1.1516  	0.75952  	-0.1069  	0.34053  	-0.2965  	0.48979  	-0.1913  	-0.2372  	-0.5786  	0.22353  	-0.2102  	-0.1078  	-0.4974  	0.03379  	0.01367  	-0.1463  	-0.1733  	0.20716  	0.23555  	-0.0396  	0.07797  	0.30365  	0.01910  	-0.0321  	-0.1405  	0.24600  	0.05806  	0.02184  	0.01621  	-0.0254  	-0.0739  	-0.0466  	0.03941  	-0.0107  	0.04150  	-0.0155  	0.00799  	0.01498  	0.00212  	0.02227  	0.00834  	-0.0398  	0.02838  	0.00172  	-0.0277  	0.03148  	0.00741  	0.00122  	0.03133  	-0.0032  	-0.0069  	-0.0242  	0.03589  	-0.0073  	0.02253  	-0.2797  	
-0.4432  	-0.0926  	-0.1561  	0.28505  	-0.0248  	0.14782  	0.11659  	-0.7175  	0.13161  	0.10512  	0.27575  	0.28235  	-0.0529  	-0.7061  	-1.1129  	0.76501  	-0.0958  	0.31879  	-0.2901  	0.48270  	-0.1672  	-0.2363  	-0.5596  	0.22700  	-0.2044  	-0.1025  	-0.4791  	-0.0050  	-0.0138  	-0.1401  	-0.1725  	0.20797  	0.24246  	-0.0474  	0.08949  	0.28898  	0.04143  	-0.0273  	-0.1475  	0.23982  	0.05872  	0.02232  	0.02448  	-0.0225  	-0.0735  	-0.0455  	0.04134  	-0.0107  	0.04021  	-0.0152  	0.00712  	0.01406  	-0.0013  	0.02181  	0.00658  	-0.0389  	0.02978  	0.00431  	-0.0266  	0.03194  	0.00710  	0.00126  	0.03037  	-0.0044  	-0.0069  	-0.0242  	0.03589  	-0.0073  	0.02253  	-0.2797  	
-0.3472  	-0.0694  	-0.0679  	0.29642  	-0.0645  	0.24042  	0.08927  	-0.6970  	0.15877  	0.07328  	0.19747  	0.29899  	-0.0363  	-0.6937  	-1.0884  	0.78492  	-0.0543  	0.31388  	-0.2849  	0.45276  	-0.1437  	-0.2258  	-0.5164  	0.20104  	-0.2132  	-0.1016  	-0.4861  	-0.0063  	-0.0167  	-0.1543  	-0.1659  	0.21204  	0.23967  	-0.0500  	0.05958  	0.26056  	0.04787  	-0.0235  	-0.1348  	0.23189  	0.06242  	0.01315  	0.04056  	-0.0250  	-0.0807  	-0.0472  	0.04245  	0.00752  	0.04147  	-0.0110  	0.00806  	0.01626  	-0.0020  	0.02235  	0.00653  	-0.0394  	0.02762  	0.00224  	-0.0254  	0.03032  	0.00559  	-0.0009  	0.03748  	-0.0020  	-0.0069  	-0.0242  	0.03589  	-0.0073  	0.02253  	-0.2797  	
-0.2608  	-0.0504  	-0.0584  	0.38503  	-0.0397  	0.29979  	0.09500  	-0.6873  	0.16098  	0.04816  	0.16495  	0.31332  	-0.0197  	-0.6763  	-1.0144  	0.76567  	-0.0495  	0.30934  	-0.2765  	0.46149  	-0.1221  	-0.2059  	-0.5307  	0.19418  	-0.2230  	-0.1025  	-0.4889  	-0.0277  	-0.0359  	-0.1586  	-0.1773  	0.21258  	0.25720  	-0.0482  	0.07341  	0.24199  	0.08006  	-0.0085  	-0.1571  	0.22972  	0.06917  	0.01386  	0.04089  	-0.0242  	-0.0833  	-0.0477  	0.03814  	0.00010  	0.04259  	-0.0114  	0.00856  	0.01437  	-0.0054  	0.02104  	0.00236  	-0.0362  	0.02885  	0.00489  	-0.0313  	0.02696  	0.00505  	0.00082  	0.03658  	-0.0043  	-0.0069  	-0.0242  	0.03589  	-0.0073  	0.02253  	-0.2797  	
-0.2250  	-0.0204  	-0.0676  	0.44569  	-0.0011  	0.30306  	0.07552  	-0.6707  	0.16628  	0.02328  	0.17205  	0.31995  	-0.0312  	-0.6620  	-0.9644  	0.78490  	-0.0782  	0.32452  	-0.2855  	0.45100  	-0.0913  	-0.2353  	-0.5329  	0.17089  	-0.2382  	-0.1060  	-0.4948  	-0.0074  	-0.0270  	-0.1548  	-0.1782  	0.20852  	0.26137  	-0.0497  	0.10361  	0.25086  	0.06890  	-0.0093  	-0.1596  	0.22773  	0.06354  	0.01879  	0.04243  	-0.0258  	-0.0803  	-0.0489  	0.04221  	-0.0082  	0.03792  	-0.0132  	0.01151  	0.01262  	-0.0010  	0.02128  	0.00635  	-0.0356  	0.03316  	0.00884  	-0.0308  	0.02545  	0.00195  	-0.0001  	0.03991  	-0.0004  	-0.0069  	-0.0242  	0.03589  	-0.0073  	0.02253  	-0.2797  	
-0.1568  	-0.0232  	-0.0453  	0.48440  	0.02155  	0.33768  	0.08760  	-0.6714  	0.16972  	0.01330  	0.20132  	0.30877  	-0.0241  	-0.6257  	-0.9143  	0.80023  	-0.0914  	0.31345  	-0.2835  	0.44842  	-0.0517  	-0.2431  	-0.5695  	0.19092  	-0.2215  	-0.1240  	-0.4685  	-0.0356  	-0.0561  	-0.1496  	-0.2022  	0.21944  	0.25885  	-0.0510  	0.15802  	0.24745  	0.09831  	-0.0007  	-0.1865  	0.21800  	0.05889  	0.03193  	0.03248  	-0.0253  	-0.0739  	-0.0459  	0.04053  	-0.0159  	0.03816  	-0.0148  	0.01244  	0.01466  	0.00164  	0.02641  	0.01125  	-0.0351  	0.03572  	0.00781  	-0.0303  	0.02324  	0.00323  	-0.0043  	0.03733  	-0.0006  	-0.0069  	-0.0242  	0.03589  	-0.0073  	0.02253  	-0.2797  	
-0.1728  	-0.0435  	-0.0351  	0.49917  	0.03047  	0.34865  	0.08984  	-0.6591  	0.15206  	-0.0059  	0.20820  	0.30527  	-0.0459  	-0.6101  	-0.8911  	0.78763  	-0.0931  	0.29728  	-0.2912  	0.41624  	-0.0266  	-0.2300  	-0.5630  	0.23320  	-0.2000  	-0.1360  	-0.3961  	-0.0974  	-0.1017  	-0.1413  	-0.1993  	0.24473  	0.25263  	-0.0568  	0.20352  	0.24977  	0.13099  	0.00760  	-0.2043  	0.21167  	0.01299  	0.03651  	0.01777  	-0.0304  	-0.0713  	-0.0470  	0.04217  	-0.0117  	0.03684  	-0.0138  	0.01263  	0.01515  	0.00132  	0.02009  	0.00896  	-0.0364  	0.03644  	0.00794  	-0.0306  	0.02541  	0.00060  	-0.0091  	0.03809  	-0.0024  	-0.0069  	-0.0242  	0.03589  	-0.0073  	0.02253  	-0.2797  	
-0.1184  	-0.0336  	-0.0245  	0.47944  	0.04826  	0.34063  	0.13184  	-0.6841  	0.14195  	0.02078  	0.20917  	0.28956  	-0.0505  	-0.6424  	-0.9662  	0.83794  	-0.1303  	0.32223  	-0.2867  	0.47445  	-0.0784  	-0.2566  	-0.5843  	0.21816  	-0.1733  	-0.1418  	-0.4121  	-0.0291  	-0.0702  	-0.1292  	-0.1977  	0.24513  	0.24376  	-0.0487  	0.20038  	0.29102  	0.11297  	0.00546  	-0.1877  	0.22241  	-0.0003  	0.03426  	0.01002  	-0.0269  	-0.0747  	-0.0489  	0.03640  	-0.0128  	0.04324  	-0.0170  	0.02087  	0.01617  	0.00237  	0.02261  	0.01195  	-0.0334  	0.03601  	0.00788  	-0.0291  	0.02781  	-0.0033  	-0.0082  	0.03683  	-0.0062  	-0.0069  	-0.0242  	0.03589  	-0.0073  	0.02253  	-0.2797  	
-0.0809  	-0.0226  	0.03721  	0.47971  	0.02990  	0.36456  	0.15207  	-0.6794  	0.17651  	0.07298  	0.18490  	0.30432  	-0.0358  	-0.6528  	-1.0294  	0.87619  	-0.1178  	0.35643  	-0.2772  	0.52525  	-0.1540  	-0.2697  	-0.6618  	0.20609  	-0.1534  	-0.1536  	-0.4645  	0.04161  	-0.0032  	-0.1287  	-0.2042  	0.23734  	0.23501  	-0.0429  	0.16185  	0.31856  	0.05695  	-0.0147  	-0.1510  	0.26072  	0.01456  	0.03013  	0.01761  	-0.0225  	-0.0795  	-0.0459  	0.03351  	0.00012  	0.04458  	-0.0208  	0.02551  	0.01724  	0.00076  	0.01870  	0.01420  	-0.0310  	0.03820  	0.00803  	-0.0277  	0.03080  	-4.4661  	-0.0114  	0.03466  	-0.0041  	-0.0069  	-0.0242  	0.03589  	-0.0073  	0.02253  	-0.2797  	
-0.0421  	-0.0373  	0.07327  	0.41049  	0.00161  	0.36130  	0.16125  	-0.7058  	0.16221  	0.07428  	0.19218  	0.25526  	-0.0181  	-0.6632  	-1.0766  	0.88135  	-0.1325  	0.36385  	-0.2817  	0.51414  	-0.1825  	-0.2618  	-0.6201  	0.19667  	-0.1477  	-0.1463  	-0.4802  	0.04775  	0.01155  	-0.1132  	-0.2021  	0.23407  	0.23830  	-0.0398  	0.13203  	0.34211  	0.04437  	-0.0183  	-0.1551  	0.27908  	0.02443  	0.03231  	0.01932  	-0.0274  	-0.0852  	-0.0445  	0.03595  	0.00581  	0.04448  	-0.0186  	0.02493  	0.01623  	-0.0001  	0.01801  	0.00927  	-0.0374  	0.03645  	0.00659  	-0.0295  	0.02579  	0.00073  	-0.0101  	0.03669  	-0.0054  	-0.0069  	-0.0242  	0.03589  	-0.0073  	0.02253  	-0.2797  	
-0.1329  	-0.0273  	-0.0774  	0.56426  	0.03291  	0.34582  	0.09895  	-0.6643  	0.12395  	-0.0068  	0.24368  	0.33919  	-0.0291  	-0.6161  	-0.8028  	0.83965  	-0.0866  	0.26486  	-0.2790  	0.48024  	-0.0430  	-0.2223  	-0.6186  	0.34096  	-0.1677  	-0.1446  	-0.3295  	-0.1497  	-0.1640  	-0.1192  	-0.1985  	0.26626  	0.23450  	-0.0644  	0.26890  	0.28086  	0.15093  	0.00440  	-0.2187  	0.26205  	-0.0439  	0.02759  	-0.0225  	-0.0420  	-0.0794  	-0.0433  	0.03450  	-0.0022  	0.03325  	-0.0082  	0.02489  	0.01752  	-0.0020  	0.02071  	0.00377  	-0.0323  	0.03672  	0.00248  	-0.0372  	0.02567  	0.01114  	-0.0098  	0.04440  	-0.0002  	-0.0069  	-0.0242  	0.03589  	-0.0073  	0.02253  	-0.2797  	
0.10319  	0.03539  	0.11211  	0.64332  	0.09923  	0.49036  	0.12017  	-0.6383  	0.15575  	-0.0309  	0.05833  	0.27932  	0.11175  	-0.3813  	-0.6373  	0.74148  	-0.0847  	0.18908  	-0.2803  	0.37746  	0.06233  	-0.1772  	-0.5627  	0.40139  	-0.1971  	-0.1468  	-0.3030  	-0.2552  	-0.2260  	-0.1542  	-0.1791  	0.26472  	0.25180  	-0.0617  	0.32767  	0.20355  	0.16543  	-0.0255  	-0.2028  	0.25799  	-0.0599  	0.07079  	-0.0285  	-0.0377  	-0.0777  	-0.0460  	0.03040  	-0.0058  	0.04843  	-0.0081  	0.02672  	0.01543  	-0.0036  	0.02340  	0.00229  	-0.0286  	0.02604  	0.00385  	-0.0373  	0.03200  	0.00111  	0.00963  	0.02608  	-0.0078  	-0.0069  	-0.0242  	0.03589  	-0.0073  	0.02253  	-0.2797  	
0.17571  	0.05024  	0.16951  	0.74721  	0.10267  	0.53257  	0.19591  	-0.5685  	0.21228  	0.02099  	-0.0941  	0.22495  	0.15830  	-0.2557  	-0.6230  	0.74274  	-0.0829  	0.23089  	-0.3026  	0.36511  	-0.0754  	-0.1297  	-0.5392  	0.23992  	-0.1026  	-0.1498  	-0.3407  	-0.2176  	-0.0260  	-0.0859  	-0.1997  	0.22126  	0.26366  	-0.0360  	0.18977  	0.21878  	0.08376  	-0.0186  	-0.1050  	0.25449  	-0.0062  	0.05000  	0.02355  	-0.0163  	-0.0805  	-0.0503  	0.02411  	0.03805  	0.07238  	-0.0240  	0.01619  	0.01635  	0.00416  	0.02678  	0.01056  	-0.0170  	0.02494  	-0.0013  	-0.0343  	0.03252  	0.00677  	0.00097  	0.02739  	-0.0100  	-0.0069  	-0.0242  	0.03589  	-0.0073  	0.02253  	-0.2797  	
0.18631  	0.05923  	0.14266  	0.73057  	0.12123  	0.56570  	0.19976  	-0.5613  	0.20156  	0.04798  	-0.0917  	0.19415  	0.12485  	-0.2578  	-0.6168  	0.71803  	-0.0692  	0.18769  	-0.2931  	0.31372  	0.02496  	-0.1141  	-0.5146  	0.30682  	-0.0631  	-0.1625  	-0.2379  	-0.2542  	-0.0963  	-0.0702  	-0.2225  	0.23106  	0.22306  	-0.0571  	0.23389  	0.20342  	0.14637  	-0.0144  	-0.1594  	0.27926  	-0.0462  	0.05212  	0.01552  	-0.0183  	-0.0820  	-0.0417  	0.01694  	0.03298  	0.06764  	-0.0123  	0.02016  	0.01368  	-0.0047  	0.02225  	0.00547  	-0.0210  	0.02368  	0.00292  	-0.0329  	0.03448  	0.00259  	-0.0035  	0.03262  	-0.0112  	-0.0069  	-0.0242  	0.03589  	-0.0073  	0.02253  	-0.2797  	
0.05911  	0.04044  	0.00288  	0.61376  	0.05222  	0.37108  	0.12310  	-0.6017  	0.16296  	0.02946  	0.05089  	0.28544  	0.07329  	-0.3640  	-0.7480  	0.73771  	-0.0839  	0.23731  	-0.2786  	0.36306  	0.00502  	-0.1795  	-0.5563  	0.32816  	-0.1641  	-0.1554  	-0.3087  	-0.2162  	-0.1332  	-0.0984  	-0.2034  	0.24536  	0.24931  	-0.0551  	0.25862  	0.18880  	0.12864  	-0.0184  	-0.1884  	0.24555  	-0.0259  	0.04144  	0.00612  	-0.0253  	-0.0744  	-0.0398  	0.03284  	0.02545  	0.05581  	-0.0112  	0.00273  	0.01724  	-0.0057  	0.02020  	0.00730  	-0.0384  	0.02321  	-0.0003  	-0.0286  	0.03335  	0.00220  	-0.0112  	0.02627  	-0.0085  	-0.0069  	-0.0242  	0.03589  	-0.0073  	0.02253  	-0.2797  	
-0.2934  	-0.0935  	-0.1159  	0.31218  	-0.0318  	0.24486  	0.12741  	-0.7009  	0.12008  	0.09116  	0.23825  	0.29679  	-0.0663  	-0.7458  	-1.1308  	0.80845  	-0.1059  	0.37275  	-0.2777  	0.51798  	-0.1441  	-0.2700  	-0.5914  	0.21121  	-0.1864  	-0.1251  	-0.4734  	0.00349  	-0.0007  	-0.1341  	-0.1831  	0.22203  	0.24202  	-0.0488  	0.08739  	0.29675  	0.03958  	-0.0153  	-0.1379  	0.24950  	0.05438  	0.01952  	0.00913  	-0.0138  	-0.0750  	-0.0442  	0.03613  	-0.0153  	0.03167  	-0.0099  	0.01724  	0.01614  	0.00420  	0.01757  	0.00128  	-0.0370  	0.03700  	0.00704  	-0.0306  	0.03275  	0.00889  	-0.0004  	0.02989  	-0.0030  	-0.0069  	-0.0242  	0.03589  	-0.0073  	0.02253  	-0.2797  	
-0.3618  	-0.1037  	-0.1268  	0.30135  	-0.0457  	0.20842  	0.12608  	-0.7326  	0.12806  	0.10630  	0.26505  	0.28438  	-0.0720  	-0.7464  	-1.1775  	0.79689  	-0.0911  	0.35082  	-0.2882  	0.49602  	-0.1838  	-0.2752  	-0.6016  	0.17844  	-0.1772  	-0.1199  	-0.4792  	0.03748  	0.02858  	-0.1312  	-0.1847  	0.22343  	0.22452  	-0.0494  	0.07951  	0.32342  	0.02331  	-0.0138  	-0.1314  	0.24197  	0.05963  	0.02699  	0.02063  	-0.0136  	-0.0715  	-0.0469  	0.03609  	-0.0050  	0.03855  	-0.0161  	0.01222  	0.01951  	0.00239  	0.02181  	0.00704  	-0.0359  	0.03181  	0.00688  	-0.0297  	0.02716  	0.01030  	-0.0016  	0.03251  	-0.0058  	-0.0069  	-0.0242  	0.03589  	-0.0073  	0.02253  	-0.2797  	
-0.3379  	-0.0849  	-0.1111  	0.35723  	-0.0591  	0.23540  	0.08363  	-0.7244  	0.12951  	0.06888  	0.25259  	0.30015  	-0.0765  	-0.7342  	-1.0972  	0.79409  	-0.0765  	0.31887  	-0.2870  	0.45924  	-0.1506  	-0.2435  	-0.5540  	0.22704  	-0.1872  	-0.1217  	-0.4457  	0.00123  	-0.0153  	-0.1333  	-0.1775  	0.23198  	0.22726  	-0.0490  	0.09656  	0.28797  	0.05524  	-0.0116  	-0.1518  	0.23934  	0.04369  	0.02905  	0.02276  	-0.0226  	-0.0776  	-0.0521  	0.03828  	-0.0029  	0.03876  	-0.0084  	0.01336  	0.01827  	0.00136  	0.02635  	0.00708  	-0.0375  	0.03128  	0.00683  	-0.0283  	0.02606  	0.00414  	0.00095  	0.03676  	-0.0035  	-0.0069  	-0.0242  	0.03589  	-0.0073  	0.02253  	-0.2797  	
-0.2611  	-0.0765  	-0.0601  	0.40987  	-0.0166  	0.29635  	0.13074  	-0.7080  	0.13478  	0.04398  	0.18690  	0.31029  	-0.0571  	-0.6977  	-1.0484  	0.80702  	-0.0720  	0.31643  	-0.2835  	0.44224  	-0.1794  	-0.2400  	-0.5664  	0.25224  	-0.1715  	-0.1205  	-0.4109  	0.01150  	-0.0176  	-0.1335  	-0.1958  	0.23943  	0.23475  	-0.0492  	0.11467  	0.30175  	0.05348  	-0.0154  	-0.1653  	0.25908  	0.04398  	0.02317  	0.02675  	-0.0163  	-0.0794  	-0.0521  	0.03462  	-0.0003  	0.04298  	-0.0180  	0.01384  	0.01642  	0.00014  	0.02428  	0.00926  	-0.0393  	0.03397  	0.00490  	-0.0308  	0.02776  	0.00253  	-0.0026  	0.03744  	-0.0013  	-0.0069  	-0.0242  	0.03589  	-0.0073  	0.02253  	-0.2797  	
-0.1517  	-0.0668  	0.00793  	0.49025  	0.05223  	0.26972  	0.16746  	-0.7323  	0.13821  	0.09605  	0.17417  	0.29335  	-0.0590  	-0.7320  	-1.0763  	0.89683  	-0.1154  	0.34268  	-0.2783  	0.50419  	-0.2255  	-0.2469  	-0.6214  	0.23102  	-0.1537  	-0.1231  	-0.4387  	0.04006  	-0.0155  	-0.1290  	-0.2015  	0.23778  	0.22549  	-0.0444  	0.13843  	0.33718  	0.04059  	-0.0152  	-0.1568  	0.25916  	0.03912  	0.03539  	0.01793  	-0.0158  	-0.0793  	-0.0515  	0.03922  	0.00416  	0.04675  	-0.0125  	0.02348  	0.01920  	0.00127  	0.02398  	0.01125  	-0.0381  	0.03566  	0.00260  	-0.0329  	0.02937  	-0.0009  	-0.0093  	0.03356  	-0.0023  	-0.0069  	-0.0242  	0.03589  	-0.0073  	0.02253  	-0.2797  	
-0.1005  	-0.0631  	0.00554  	0.51056  	0.08921  	0.28273  	0.15548  	-0.7211  	0.14349  	0.12952  	0.18613  	0.32348  	-0.0514  	-0.7034  	-1.0982  	0.93498  	-0.1390  	0.37064  	-0.2918  	0.53305  	-0.2423  	-0.2452  	-0.6799  	0.18884  	-0.1258  	-0.1448  	-0.4631  	0.07623  	0.03471  	-0.1078  	-0.2115  	0.23625  	0.22886  	-0.0334  	0.15103  	0.36082  	0.01706  	-0.0261  	-0.1406  	0.27834  	0.01639  	0.03252  	0.02250  	-0.0048  	-0.0819  	-0.0461  	0.03732  	0.01192  	0.04843  	-0.0159  	0.02893  	0.01311  	0.00067  	0.02417  	0.00899  	-0.0324  	0.03827  	0.00440  	-0.0317  	0.03313  	-0.0023  	-0.0088  	0.03691  	-0.0018  	-0.0069  	-0.0242  	0.03589  	-0.0073  	0.02253  	-0.2797  	
-0.1046  	-0.0706  	0.00763  	0.51595  	0.09529  	0.30764  	0.14356  	-0.7377  	0.13388  	0.14578  	0.17615  	0.29103  	-0.0662  	-0.7240  	-1.1181  	0.95499  	-0.1392  	0.34827  	-0.2811  	0.50846  	-0.2131  	-0.2363  	-0.6883  	0.21563  	-0.0881  	-0.1531  	-0.4041  	0.04401  	0.01774  	-0.0873  	-0.2133  	0.25215  	0.21473  	-0.0407  	0.15748  	0.37112  	0.04536  	-0.0193  	-0.1455  	0.26721  	0.00463  	0.04343  	0.02068  	0.00253  	-0.0800  	-0.0468  	0.03202  	0.01345  	0.05077  	-0.0180  	0.03359  	0.01346  	0.00392  	0.02715  	0.01063  	-0.0295  	0.04066  	0.00298  	-0.0303  	0.03285  	-0.0022  	-0.0108  	0.03912  	-0.0028  	-0.0069  	-0.0242  	0.03589  	-0.0073  	0.02253  	-0.2797  	
-0.0969  	-0.0813  	-0.0240  	0.48042  	0.07703  	0.33073  	0.15300  	-0.7517  	0.13105  	0.11951  	0.15913  	0.26385  	-0.0514  	-0.7279  	-1.0857  	0.90351  	-0.1361  	0.32588  	-0.2833  	0.46939  	-0.1919  	-0.2367  	-0.6423  	0.21715  	-0.0881  	-0.1561  	-0.3850  	0.02716  	0.00698  	-0.0885  	-0.2119  	0.26559  	0.20355  	-0.0451  	0.16013  	0.36461  	0.06578  	-0.0147  	-0.1486  	0.26244  	0.01424  	0.04656  	0.02368  	0.00415  	-0.0773  	-0.0450  	0.02978  	0.00709  	0.04668  	-0.0171  	0.02903  	0.01563  	0.00458  	0.02693  	0.01166  	-0.0319  	0.03878  	0.00302  	-0.0265  	0.02935  	-0.0025  	-0.0099  	0.03627  	-0.0052  	-0.0069  	-0.0242  	0.03589  	-0.0073  	0.02253  	-0.2797  	
-0.1290  	-0.0640  	-0.0418  	0.44910  	0.04132  	0.33646  	0.14667  	-0.7370  	0.12953  	0.06107  	0.14636  	0.23764  	-0.0598  	-0.7121  	-1.0331  	0.85240  	-0.1234  	0.32484  	-0.2824  	0.45787  	-0.1604  	-0.2344  	-0.5817  	0.21403  	-0.1285  	-0.1446  	-0.4289  	0.02182  	0.01666  	-0.1100  	-0.2095  	0.25715  	0.21185  	-0.0442  	0.15426  	0.35506  	0.06528  	-0.0119  	-0.1449  	0.25784  	0.03592  	0.04127  	0.02324  	-0.0081  	-0.0836  	-0.0419  	0.03581  	-0.0045  	0.04143  	-0.0192  	0.02338  	0.01543  	0.00715  	0.02581  	0.01165  	-0.0376  	0.03729  	0.00598  	-0.0256  	0.02864  	-0.0011  	-0.0052  	0.03230  	-0.0041  	-0.0069  	-0.0242  	0.03589  	-0.0073  	0.02253  	-0.2797  	
-0.1283  	-0.0599  	-0.0032  	0.44400  	0.01864  	0.33575  	0.12964  	-0.7455  	0.12787  	0.08024  	0.19594  	0.27766  	-0.0599  	-0.7282  	-1.1029  	0.91421  	-0.1175  	0.32934  	-0.2818  	0.48625  	-0.1642  	-0.2475  	-0.6143  	0.22059  	-0.1548  	-0.1414  	-0.4617  	-0.0032  	-0.0473  	-0.1297  	-0.2123  	0.25800  	0.22279  	-0.0465  	0.16626  	0.34159  	0.08156  	-0.0058  	-0.1620  	0.24912  	0.03815  	0.03651  	0.01223  	-0.0212  	-0.0792  	-0.0431  	0.03586  	-0.0069  	0.04371  	-0.0146  	0.02809  	0.01347  	0.00577  	0.02345  	0.00872  	-0.0376  	0.03802  	0.00595  	-0.0282  	0.03097  	0.00023  	-0.0068  	0.03236  	-0.0004  	-0.0069  	-0.0242  	0.03589  	-0.0073  	0.02253  	-0.2797  	
-0.1784  	-0.0644  	-0.0316  	0.40253  	-0.0303  	0.30766  	0.11563  	-0.7100  	0.14070  	0.08494  	0.20144  	0.26165  	-0.0533  	-0.7141  	-1.0961  	0.83513  	-0.0961  	0.33762  	-0.2704  	0.47731  	-0.1435  	-0.2393  	-0.5908  	0.22064  	-0.1327  	-0.1310  	-0.4593  	0.00839  	-0.0428  	-0.1246  	-0.2106  	0.23919  	0.21639  	-0.0533  	0.15064  	0.31487  	0.07265  	-0.0175  	-0.1775  	0.25389  	0.03563  	0.03691  	0.02040  	-0.0182  	-0.0803  	-0.0453  	0.03791  	-0.0030  	0.03914  	-0.0183  	0.02174  	0.01582  	0.00091  	0.02385  	0.00572  	-0.0353  	0.03718  	0.00781  	-0.0255  	0.03225  	0.00026  	-0.0084  	0.03293  	0.00036  	-0.0069  	-0.0242  	0.03589  	-0.0073  	0.02253  	-0.2797  	
-0.2494  	-0.0835  	-0.0795  	0.34710  	-0.0548  	0.27947  	0.11610  	-0.7554  	0.11626  	0.06310  	0.24338  	0.26118  	-0.0862  	-0.7667  	-1.1272  	0.82387  	-0.0707  	0.31749  	-0.2757  	0.44236  	-0.1281  	-0.2686  	-0.5798  	0.24274  	-0.1102  	-0.1340  	-0.3913  	-0.0474  	-0.0422  	-0.1261  	-0.2076  	0.24763  	0.21542  	-0.0576  	0.13449  	0.32342  	0.11652  	-0.0032  	-0.1852  	0.23322  	0.03866  	0.02638  	0.02501  	-0.0149  	-0.0624  	-0.0480  	0.03879  	-0.0162  	0.03906  	-0.0157  	0.01773  	0.01496  	0.00207  	0.02368  	0.00830  	-0.0352  	0.03577  	0.01074  	-0.0290  	0.02680  	-0.0001  	-0.0118  	0.03805  	-0.0004  	-0.0069  	-0.0242  	0.03589  	-0.0073  	0.02253  	-0.2797  	
-0.2884  	-0.0757  	-0.0768  	0.33333  	-0.0687  	0.27874  	0.09131  	-0.7510  	0.12379  	0.01948  	0.20686  	0.24729  	-0.0867  	-0.7920  	-1.0920  	0.79774  	-0.0543  	0.31976  	-0.2683  	0.43523  	-0.1432  	-0.2452  	-0.5357  	0.20599  	-0.1503  	-0.1109  	-0.4236  	-0.0257  	-0.0232  	-0.1457  	-0.1981  	0.24004  	0.21062  	-0.0552  	0.09269  	0.30730  	0.09596  	0.00469  	-0.1669  	0.22562  	0.06307  	0.02695  	0.02672  	-0.0166  	-0.0735  	-0.0494  	0.03702  	-0.0133  	0.03527  	-0.0144  	0.01446  	0.01653  	0.00130  	0.02385  	0.00879  	-0.0346  	0.03256  	0.00741  	-0.0215  	0.02787  	0.00132  	-0.0025  	0.03550  	-0.0028  	-0.0069  	-0.0242  	0.03589  	-0.0073  	0.02253  	-0.2797  	
-0.3324  	-0.0705  	-0.0766  	0.32920  	-0.0504  	0.24510  	0.10339  	-0.7210  	0.12969  	0.05353  	0.20856  	0.28443  	-0.0651  	-0.7588  	-1.0915  	0.79049  	-0.0718  	0.33532  	-0.2807  	0.44360  	-0.1736  	-0.2396  	-0.5338  	0.17170  	-0.1961  	-0.1122  	-0.4867  	0.00137  	0.01007  	-0.1398  	-0.1925  	0.21969  	0.22571  	-0.0492  	0.05581  	0.29535  	0.05762  	0.00030  	-0.1519  	0.24049  	0.07519  	0.02398  	0.03481  	-0.0152  	-0.0806  	-0.0504  	0.04149  	-0.0036  	0.03751  	-0.0152  	0.00984  	0.01641  	0.00246  	0.02490  	0.00886  	-0.0400  	0.03251  	0.00406  	-0.0272  	0.02746  	0.00211  	-0.0005  	0.03415  	-0.0004  	-0.0069  	-0.0242  	0.03589  	-0.0073  	0.02253  	-0.2797  	
-0.3673  	-0.0757  	-0.0773  	0.27781  	-0.0774  	0.22402  	0.12890  	-0.7253  	0.13719  	0.07349  	0.20090  	0.24859  	-0.0459  	-0.7431  	-1.1496  	0.78198  	-0.0846  	0.34767  	-0.2871  	0.46933  	-0.2283  	-0.2471  	-0.5445  	0.16236  	-0.1881  	-0.1059  	-0.5105  	0.03762  	0.03370  	-0.1448  	-0.1749  	0.21517  	0.23797  	-0.0418  	0.03282  	0.30474  	0.01606  	-0.0149  	-0.1332  	0.24390  	0.08808  	0.01863  	0.04308  	-0.0052  	-0.0835  	-0.0481  	0.04216  	0.00319  	0.03994  	-0.0154  	0.01075  	0.01711  	-0.0002  	0.02458  	0.00629  	-0.0394  	0.02689  	0.00204  	-0.0306  	0.02650  	0.00678  	-0.0012  	0.02958  	-0.0039  	-0.0069  	-0.0242  	0.03589  	-0.0073  	0.02253  	-0.2797  	
-0.4003  	-0.1123  	-0.1445  	0.27835  	-0.0488  	0.16089  	0.12252  	-0.7385  	0.13136  	0.10510  	0.26039  	0.28711  	-0.0654  	-0.7301  	-1.1623  	0.78225  	-0.1074  	0.33788  	-0.2905  	0.48847  	-0.2164  	-0.2386  	-0.5571  	0.19286  	-0.1943  	-0.1088  	-0.4931  	0.03777  	0.03016  	-0.1438  	-0.1795  	0.21312  	0.23672  	-0.0412  	0.06355  	0.30951  	0.02303  	-0.0200  	-0.1434  	0.24127  	0.06228  	0.02241  	0.02901  	-0.0168  	-0.0763  	-0.0474  	0.04079  	-0.0051  	0.04121  	-0.0172  	0.00772  	0.01677  	-0.0010  	0.02233  	0.00717  	-0.0417  	0.02704  	0.00255  	-0.0280  	0.02763  	0.00559  	-0.0014  	0.03404  	-0.0014  	-0.0069  	-0.0242  	0.03589  	-0.0073  	0.02253  	-0.2797  	
-0.4452  	-0.1022  	-0.1922  	0.31137  	-0.0019  	0.10835  	0.12502  	-0.7337  	0.13607  	0.11039  	0.28107  	0.30895  	-0.0654  	-0.7186  	-1.1206  	0.75342  	-0.1056  	0.34086  	-0.2992  	0.49554  	-0.1814  	-0.2435  	-0.6025  	0.22696  	-0.2124  	-0.1098  	-0.4796  	0.02325  	0.01406  	-0.1402  	-0.1756  	0.20884  	0.23527  	-0.0419  	0.09576  	0.30836  	0.01787  	-0.0294  	-0.1452  	0.25470  	0.04451  	0.02457  	0.01195  	-0.0249  	-0.0705  	-0.0462  	0.04039  	-0.0163  	0.03734  	-0.0137  	0.01251  	0.01480  	-0.0020  	0.02284  	0.00858  	-0.0408  	0.03177  	0.00540  	-0.0301  	0.03274  	0.00416  	0.00061  	0.03314  	-0.0033  	-0.0069  	-0.0242  	0.03589  	-0.0073  	0.02253  	-0.2797  	
-0.4334  	-0.1017  	-0.1349  	0.26741  	-0.0501  	0.16608  	0.12159  	-0.7164  	0.13691  	0.08888  	0.26487  	0.25968  	-0.0505  	-0.7281  	-1.1154  	0.77510  	-0.0820  	0.31810  	-0.2848  	0.47554  	-0.1575  	-0.2390  	-0.5386  	0.21503  	-0.2094  	-0.1014  	-0.4778  	-0.0112  	-0.0155  	-0.1468  	-0.1748  	0.21040  	0.23997  	-0.0488  	0.08064  	0.28524  	0.05221  	-0.0170  	-0.1486  	0.23342  	0.06841  	0.01763  	0.03138  	-0.0183  	-0.0750  	-0.0465  	0.04230  	-0.0084  	0.03989  	-0.0174  	0.00411  	0.01477  	1.64518  	0.02245  	0.00663  	-0.0381  	0.02823  	0.00412  	-0.0265  	0.03199  	0.00823  	-0.0004  	0.03072  	-0.0038  	-0.0069  	-0.0242  	0.03589  	-0.0073  	0.02253  	-0.2797  	
-0.3104  	-0.0689  	-0.0476  	0.33691  	-0.0686  	0.27168  	0.10086  	-0.6868  	0.15996  	0.07075  	0.18789  	0.30793  	-0.0235  	-0.6970  	-1.0637  	0.79294  	-0.0529  	0.32349  	-0.2918  	0.46077  	-0.1453  	-0.2225  	-0.5266  	0.18992  	-0.2117  	-0.1017  	-0.4941  	0.01858  	-0.0109  	-0.1607  	-0.1679  	0.22296  	0.24361  	-0.0486  	0.05922  	0.25968  	0.04650  	-0.0233  	-0.1288  	0.22584  	0.06153  	0.01476  	0.03845  	-0.0313  	-0.0810  	-0.0481  	0.04145  	0.00426  	0.04459  	-0.0084  	0.00774  	0.01650  	2.44937  	0.01988  	0.00640  	-0.0389  	0.02759  	0.00404  	-0.0261  	0.02741  	0.00473  	0.00083  	0.03771  	-0.0010  	-0.0069  	-0.0242  	0.03589  	-0.0073  	0.02253  	-0.2797  	
-0.2427  	-0.0461  	-0.0683  	0.42089  	-0.0151  	0.29402  	0.08792  	-0.6761  	0.16186  	0.03422  	0.16603  	0.32447  	-0.0106  	-0.6740  	-0.9862  	0.79179  	-0.0589  	0.32421  	-0.2735  	0.46382  	-0.1126  	-0.2243  	-0.5413  	0.17486  	-0.2339  	-0.1083  	-0.4849  	0.00030  	-0.0286  	-0.1564  	-0.1855  	0.21086  	0.25880  	-0.0451  	0.08968  	0.24468  	0.06456  	-0.0085  	-0.1489  	0.22470  	0.06381  	0.01234  	0.04030  	-0.0254  	-0.0831  	-0.0482  	0.04118  	0.00352  	0.03841  	-0.0118  	0.01017  	0.01415  	-0.0020  	0.02026  	0.00205  	-0.0346  	0.02835  	0.00384  	-0.0314  	0.02681  	0.00595  	-0.0029  	0.03513  	-0.0051  	-0.0069  	-0.0242  	0.03589  	-0.0073  	0.02253  	-0.2797  	
-0.1642  	-0.0273  	-0.0540  	0.52552  	0.02420  	0.35042  	0.07546  	-0.6398  	0.16506  	-0.0360  	0.16393  	0.33129  	-0.0387  	-0.6211  	-0.8449  	0.75522  	-0.0633  	0.30651  	-0.2826  	0.42748  	-0.0330  	-0.2363  	-0.5566  	0.23167  	-0.2161  	-0.1226  	-0.4045  	-0.0640  	-0.0784  	-0.1320  	-0.2140  	0.23108  	0.26855  	-0.0604  	0.17657  	0.23197  	0.11627  	-0.0001  	-0.1909  	0.21406  	0.02518  	0.02500  	0.02445  	-0.0263  	-0.0716  	-0.0479  	0.03997  	-0.0145  	0.04066  	-0.0186  	0.01186  	0.01162  	0.00231  	0.01971  	0.00866  	-0.0369  	0.03688  	0.00748  	-0.0318  	0.02986  	0.00050  	-0.0032  	0.03796  	0.00131  	-0.0069  	-0.0242  	0.03589  	-0.0073  	0.02253  	-0.2797  	
-0.1237  	-0.0098  	-0.0042  	0.50303  	0.02211  	0.36225  	0.09996  	-0.6486  	0.17752  	0.01309  	0.18764  	0.31783  	-0.0261  	-0.6085  	-0.9264  	0.83503  	-0.0921  	0.33782  	-0.2713  	0.47096  	-0.0559  	-0.2441  	-0.6069  	0.20572  	-0.2018  	-0.1391  	-0.4642  	-0.0268  	-0.0574  	-0.1441  	-0.2086  	0.23263  	0.26735  	-0.0477  	0.15767  	0.25116  	0.10141  	-0.0029  	-0.1718  	0.22493  	0.04757  	0.02557  	0.03289  	-0.0305  	-0.0776  	-0.0448  	0.03442  	-0.0077  	0.04275  	-0.0146  	0.01421  	0.01442  	0.00312  	0.02450  	0.01142  	-0.0305  	0.03740  	0.00289  	-0.0277  	0.03181  	0.00232  	-0.0028  	0.03164  	-0.0005  	-0.0069  	-0.0242  	0.03589  	-0.0073  	0.02253  	-0.2797  	
-0.1553  	-0.0313  	-0.0207  	0.44646  	-0.0064  	0.33762  	0.10361  	-0.6584  	0.17898  	0.02440  	0.20888  	0.30120  	-0.0185  	-0.6087  	-0.9765  	0.81177  	-0.0984  	0.33576  	-0.2839  	0.47459  	-0.0757  	-0.2521  	-0.5824  	0.20203  	-0.2074  	-0.1287  	-0.4649  	-0.0227  	-0.0411  	-0.1583  	-0.1950  	0.21508  	0.25740  	-0.0530  	0.14572  	0.25612  	0.08688  	0.00160  	-0.1779  	0.23240  	0.05799  	0.02906  	0.03578  	-0.0221  	-0.0781  	-0.0475  	0.04008  	-0.0055  	0.04075  	-0.0167  	0.01604  	0.01614  	0.00419  	0.02432  	0.01017  	-0.0319  	0.03644  	0.00514  	-0.0283  	0.02859  	0.00358  	-0.0032  	0.03614  	-0.0003  	-0.0069  	-0.0242  	0.03589  	-0.0073  	0.02253  	-0.2797  	
-0.2156  	-0.0488  	-0.0490  	0.43086  	-0.0260  	0.33940  	0.08199  	-0.6697  	0.15346  	-0.0087  	0.23236  	0.27480  	-0.0510  	-0.6516  	-0.9421  	0.78123  	-0.0766  	0.29516  	-0.2948  	0.41625  	-0.0296  	-0.2329  	-0.5393  	0.24037  	-0.2182  	-0.1329  	-0.3986  	-0.1078  	-0.0955  	-0.1517  	-0.1963  	0.24465  	0.25379  	-0.0633  	0.18737  	0.24320  	0.13283  	0.00342  	-0.1954  	0.20934  	0.03137  	0.03523  	0.02113  	-0.0297  	-0.0707  	-0.0449  	0.04595  	-0.0153  	0.03560  	-0.0116  	0.01061  	0.01458  	0.00449  	0.02065  	0.00661  	-0.0395  	0.03214  	0.00962  	-0.0334  	0.02531  	0.00025  	-0.0126  	0.03902  	0.00038  	-0.0069  	-0.0242  	0.03589  	-0.0073  	0.02253  	-0.2797  	
-0.1708  	-0.0444  	-0.0225  	0.44135  	-0.0126  	0.32930  	0.11162  	-0.6576  	0.15982  	-0.0125  	0.20462  	0.26451  	-0.0360  	-0.6682  	-0.9365  	0.81188  	-0.1031  	0.31345  	-0.2885  	0.46931  	-0.0999  	-0.2401  	-0.5671  	0.22857  	-0.1819  	-0.1243  	-0.4149  	-0.0422  	-0.0612  	-0.1439  	-0.1936  	0.24800  	0.25514  	-0.0455  	0.18119  	0.27830  	0.10545  	0.00486  	-0.1835  	0.22463  	0.01792  	0.03102  	0.00958  	-0.0319  	-0.0812  	-0.0438  	0.04557  	-0.0039  	0.03843  	-0.0117  	0.01455  	0.01643  	-0.0003  	0.02247  	0.00636  	-0.0348  	0.03234  	0.00702  	-0.0328  	0.02761  	0.00062  	-0.0099  	0.03425  	-0.0041  	-0.0069  	-0.0242  	0.03589  	-0.0073  	0.02253  	-0.2797  	
-0.0863  	-0.0246  	0.03949  	0.47273  	0.02139  	0.35352  	0.16980  	-0.6815  	0.18341  	0.07845  	0.17137  	0.31673  	-0.0222  	-0.6373  	-1.0231  	0.85670  	-0.1136  	0.35526  	-0.2865  	0.53013  	-0.1799  	-0.2679  	-0.6497  	0.18889  	-0.1761  	-0.1496  	-0.4892  	0.06460  	0.02115  	-0.1299  	-0.2070  	0.23102  	0.24160  	-0.0377  	0.14111  	0.31603  	0.03714  	-0.0232  	-0.1288  	0.27725  	0.02816  	0.03151  	0.01386  	-0.0256  	-0.0800  	-0.0460  	0.03700  	8.42347  	0.04616  	-0.0193  	0.02396  	0.01680  	0.00164  	0.01982  	0.01535  	-0.0333  	0.03553  	0.00719  	-0.0276  	0.02985  	-0.0004  	-0.0071  	0.03338  	-0.0024  	-0.0069  	-0.0242  	0.03589  	-0.0073  	0.02253  	-0.2797  	
-0.0381  	-0.0351  	0.09439  	0.40047  	-0.0134  	0.32821  	0.17796  	-0.7127  	0.16117  	0.08169  	0.19721  	0.26494  	-0.0100  	-0.6480  	-1.0821  	0.87280  	-0.1320  	0.38099  	-0.2964  	0.54011  	-0.2278  	-0.2689  	-0.6410  	0.17497  	-0.1671  	-0.1413  	-0.5121  	0.05722  	0.03907  	-0.1166  	-0.1964  	0.22667  	0.25122  	-0.0360  	0.11915  	0.34798  	0.02232  	-0.0199  	-0.1397  	0.28388  	0.03182  	0.02583  	0.01659  	-0.0316  	-0.0880  	-0.0464  	0.03630  	0.00912  	0.04798  	-0.0188  	0.02853  	0.01639  	0.00072  	0.01754  	0.01088  	-0.0373  	0.03664  	0.00676  	-0.0314  	0.02556  	-0.0001  	-0.0086  	0.03637  	-0.0062  	-0.0069  	-0.0242  	0.03589  	-0.0073  	0.02253  	-0.2797  	
-0.2047  	-0.0684  	0.00733  	0.42732  	-0.0266  	0.25662  	0.10122  	-0.6658  	0.12580  	0.01731  	0.24479  	0.26689  	7.03476  	-0.7262  	-1.0189  	0.78614  	-0.0396  	0.16510  	-0.2239  	0.27887  	-0.0686  	-0.4520  	-0.8054  	0.27555  	-0.2066  	-0.0622  	-0.4099  	-0.0949  	0.01152  	-0.1424  	-0.0967  	0.22248  	0.16786  	-0.1882  	0.12200  	0.30412  	0.03101  	-0.0150  	-0.2949  	0.19046  	0.07143  	0.14127  	-0.0881  	0.04005  	-0.1238  	-0.0312  	0.02239  	0.01620  	0.03293  	-0.0192  	0.02380  	0.02217  	-0.0008  	0.03365  	0.01082  	-0.0387  	0.03112  	-0.0016  	-0.0254  	0.03647  	-0.0020  	-0.0115  	0.01997  	-0.0032  	-0.0069  	-0.0242  	0.03589  	-0.0073  	0.02253  	-0.2797  	
-0.0346  	0.03965  	0.02396  	0.64429  	0.10034  	0.28245  	0.04201  	-0.5534  	0.12021  	-0.0649  	0.17468  	0.38221  	0.07420  	-0.5634  	-0.6209  	0.70765  	0.04723  	0.00532  	-0.2034  	0.03614  	0.13175  	-0.5129  	-0.9123  	0.38627  	-0.2983  	0.00170  	-0.3218  	-0.3154  	-0.0743  	-0.1624  	-0.0287  	0.19574  	0.10925  	-0.2971  	0.17810  	0.17331  	0.04046  	-0.0137  	-0.3977  	0.15539  	0.06671  	0.24031  	-0.1910  	0.07470  	-0.1729  	-0.0139  	0.00399  	0.02217  	0.02143  	-0.0301  	0.03177  	0.02179  	-0.0013  	0.04475  	0.00786  	-0.0309  	0.02777  	-0.0155  	-0.0275  	0.04083  	0.01334  	-0.0007  	0.01117  	-0.0039  	-0.0069  	-0.0242  	0.03589  	-0.0073  	0.02253  	-0.2797  	
0.17542  	0.09498  	0.22338  	0.70936  	0.06650  	0.47682  	0.10278  	-0.5044  	0.13764  	-0.0311  	0.05939  	0.28827  	0.17261  	-0.3979  	-0.5326  	0.65116  	0.05343  	-0.0394  	-0.1796  	-0.0823  	0.15691  	-0.5211  	-0.9381  	0.36777  	-0.2576  	0.01121  	-0.3079  	-0.4286  	-0.0448  	-0.1529  	-0.0060  	0.16532  	0.09454  	-0.3215  	0.18273  	0.16146  	0.03555  	-0.0078  	-0.3883  	0.11916  	0.06167  	0.26446  	-0.1878  	0.09852  	-0.1775  	-0.0092  	-0.0120  	0.03886  	0.02952  	-0.0325  	0.03016  	0.02245  	-0.0004  	0.04563  	0.01637  	-0.0237  	0.01735  	-0.0152  	-0.0305  	0.04851  	0.00831  	-0.0003  	0.00495  	-0.0070  	-0.0069  	-0.0242  	0.03589  	-0.0073  	0.02253  	-0.2797  	
0.21187  	0.08127  	0.28570  	0.70326  	0.05312  	0.55996  	0.11523  	-0.3961  	0.18169  	-0.0323  	0.08041  	0.28151  	0.12943  	-0.4001  	-0.6039  	0.76348  	0.07204  	-0.0370  	-0.1618  	-0.0839  	0.23793  	-0.4406  	-0.8282  	0.31486  	-0.2465  	-0.0165  	-0.2625  	-0.4721  	-0.0942  	-0.1539  	-0.0419  	0.19075  	0.10446  	-0.2985  	0.13842  	0.12794  	0.10348  	0.00840  	-0.3611  	0.10340  	0.05797  	0.23794  	-0.1616  	0.09316  	-0.1593  	-0.0181  	-0.0123  	0.05596  	0.04520  	-0.0213  	0.02217  	0.02090  	0.00341  	0.05195  	0.01408  	-0.0146  	0.01755  	-0.0132  	-0.0289  	0.04815  	0.01261  	-0.0020  	0.01004  	-0.0116  	-0.0069  	-0.0242  	0.03589  	-0.0073  	0.02253  	-0.2797  	
0.20031  	0.09447  	0.26988  	0.63862  	-0.0107  	0.56505  	0.11042  	-0.4240  	0.20636  	-0.0532  	0.18714  	0.29412  	0.06971  	-0.3979  	-0.7046  	0.84321  	0.00944  	0.04210  	-0.1994  	0.10839  	0.26705  	-0.3360  	-0.6661  	0.36717  	-0.2255  	-0.0902  	-0.2492  	-0.4511  	-0.2152  	-0.1606  	-0.1132  	0.23481  	0.16982  	-0.1931  	0.22185  	0.13477  	0.20993  	0.03099  	-0.3259  	0.11521  	0.01311  	0.14451  	-0.0867  	0.03386  	-0.1221  	-0.0278  	0.00875  	0.03900  	0.05372  	-0.0150  	0.01489  	0.01784  	0.00251  	0.04247  	0.00848  	-0.0167  	0.01776  	-0.0026  	-0.0285  	0.04232  	0.01257  	-0.0026  	0.02490  	-0.0099  	-0.0069  	-0.0242  	0.03589  	-0.0073  	0.02253  	-0.2797  	
0.16261  	0.08128  	0.21861  	0.60457  	-0.0186  	0.53848  	0.13155  	-0.5045  	0.21996  	-0.0345  	0.22604  	0.26883  	0.02450  	-0.3831  	-0.7753  	0.89674  	-0.0759  	0.18927  	-0.2673  	0.36056  	0.19011  	-0.1879  	-0.4880  	0.36501  	-0.1692  	-0.1609  	-0.2872  	-0.3628  	-0.2690  	-0.1476  	-0.2032  	0.26626  	0.25062  	-0.0620  	0.28004  	0.16363  	0.27702  	0.03944  	-0.2371  	0.18481  	-0.0566  	0.03118  	0.01590  	-0.0294  	-0.0779  	-0.0451  	0.03351  	0.01639  	0.05819  	-0.0093  	0.01075  	0.01416  	0.00280  	0.02787  	0.00478  	-0.0186  	0.02401  	0.00716  	-0.0365  	0.03484  	0.00543  	-0.0015  	0.03905  	-0.0064  	-0.0069  	-0.0242  	0.03589  	-0.0073  	0.02253  	-0.2797  	
0.14889  	0.08748  	0.20342  	0.59344  	-0.0224  	0.53278  	0.12082  	-0.4913  	0.23190  	-0.0411  	0.24931  	0.30218  	0.02314  	-0.3854  	-0.7765  	0.90657  	-0.0791  	0.19283  	-0.2653  	0.35192  	0.19611  	-0.1941  	-0.4873  	0.35092  	-0.2015  	-0.1575  	-0.2892  	-0.3563  	-0.2844  	-0.1471  	-0.2025  	0.27405  	0.27141  	-0.0621  	0.28449  	0.14835  	0.28187  	0.04914  	-0.2332  	0.18003  	-0.0446  	0.03361  	0.01942  	-0.0288  	-0.0790  	-0.0446  	0.03420  	0.01355  	0.05258  	-0.0099  	0.00512  	0.01589  	0.00444  	0.03089  	0.00370  	-0.0202  	0.02125  	0.00539  	-0.0372  	0.03662  	0.00737  	-0.0001  	0.03585  	-0.0050  	-0.0069  	-0.0242  	0.03589  	-0.0073  	0.02253  	-0.2797  	
0.13822  	0.09383  	0.19705  	0.56932  	-0.0453  	0.51843  	0.11599  	-0.4739  	0.24734  	-0.0520  	0.28207  	0.33067  	0.01587  	-0.3929  	-0.7953  	0.91859  	-0.0750  	0.20072  	-0.2607  	0.34317  	0.20922  	-0.2061  	-0.4721  	0.35104  	-0.2415  	-0.1558  	-0.2944  	-0.3600  	-0.3151  	-0.1587  	-0.2020  	0.27448  	0.28318  	-0.0613  	0.28875  	0.13588  	0.29942  	0.06132  	-0.2401  	0.16955  	-0.0325  	0.03240  	0.01911  	-0.0296  	-0.0785  	-0.0431  	0.03395  	0.00774  	0.04800  	-0.0058  	0.00189  	0.01633  	0.00496  	0.03306  	0.00202  	-0.0213  	0.01835  	0.00624  	-0.0356  	0.03634  	0.00853  	0.00082  	0.03281  	-0.0052  	-0.0069  	-0.0242  	0.03589  	-0.0073  	0.02253  	-0.2797  	
-0.0477  	0.06979  	0.07793  	0.44953  	-0.0555  	0.35567  	0.08902  	-0.5487  	0.20921  	-0.0098  	0.31295  	0.36166  	-0.0199  	-0.4677  	-0.9160  	0.85472  	-0.0829  	0.26216  	-0.2870  	0.38633  	0.10263  	-0.2417  	-0.4875  	0.28113  	-0.2749  	-0.1252  	-0.3855  	-0.2116  	-0.2213  	-0.1665  	-0.1683  	0.23490  	0.28263  	-0.0576  	0.23525  	0.14516  	0.22970  	0.03239  	-0.2311  	0.19202  	0.02535  	0.02822  	0.02133  	-0.0355  	-0.0767  	-0.0397  	0.03819  	-0.0090  	0.03270  	0.00307  	-0.0009  	0.01774  	0.00096  	0.02389  	0.00214  	-0.0324  	0.02137  	0.00440  	-0.0308  	0.02578  	0.00523  	0.01134  	0.03000  	-0.0049  	-0.0069  	-0.0242  	0.03589  	-0.0073  	0.02253  	-0.2797  	
-0.1848  	-0.0057  	-0.0076  	0.37529  	-0.0546  	0.24980  	0.08139  	-0.6484  	0.16627  	0.03024  	0.31279  	0.34243  	-0.0605  	-0.5957  	-0.9905  	0.81456  	-0.0803  	0.28092  	-0.2932  	0.42435  	-0.0016  	-0.2362  	-0.4997  	0.24120  	-0.2622  	-0.1166  	-0.4514  	-0.1351  	-0.1332  	-0.1614  	-0.1884  	0.23119  	0.27194  	-0.0623  	0.16119  	0.21010  	0.15825  	0.01737  	-0.2070  	0.21234  	0.05629  	0.02613  	0.01744  	-0.0263  	-0.0720  	-0.0424  	0.04499  	-0.0082  	0.03329  	-0.0098  	-0.0023  	0.01550  	-0.0013  	0.02404  	0.00383  	-0.0323  	0.02559  	0.00124  	-0.0332  	0.02450  	0.00712  	0.00100  	0.02852  	-0.0021  	-0.0069  	-0.0242  	0.03589  	-0.0073  	0.02253  	-0.2797  	
-0.2623  	-0.0345  	-0.0475  	0.36958  	-0.0494  	0.23767  	0.08122  	-0.6824  	0.14712  	0.05339  	0.30396  	0.31998  	-0.0819  	-0.6506  	-1.0328  	0.79979  	-0.0795  	0.29222  	-0.3013  	0.42030  	-0.0442  	-0.2431  	-0.5276  	0.22055  	-0.2561  	-0.1059  	-0.4619  	-0.0850  	-0.0958  	-0.1529  	-0.1839  	0.22669  	0.25571  	-0.0592  	0.13997  	0.24054  	0.12968  	0.01099  	-0.1954  	0.21255  	0.05391  	0.03331  	0.02121  	-0.0298  	-0.0678  	-0.0457  	0.04470  	-0.0142  	0.03343  	-0.0087  	6.11103  	0.01696  	0.00031  	0.02595  	0.00388  	-0.0358  	0.03018  	0.00303  	-0.0311  	0.02593  	0.00598  	0.00080  	0.03292  	-0.0021  	-0.0069  	-0.0242  	0.03589  	-0.0073  	0.02253  	-0.2797  	
-0.2115  	-0.0181  	-0.0297  	0.40259  	-0.0331  	0.25960  	0.08219  	-0.6632  	0.16527  	0.02614  	0.29455  	0.34200  	-0.0567  	-0.6124  	-0.9906  	0.80923  	-0.0799  	0.28065  	-0.2967  	0.43225  	-0.0153  	-0.2498  	-0.5289  	0.23605  	-0.2757  	-0.1096  	-0.4691  	-0.0998  	-0.1164  	-0.1618  	-0.1855  	0.22799  	0.26953  	-0.0539  	0.16935  	0.21043  	0.14657  	0.00879  	-0.2031  	0.20443  	0.05565  	0.03090  	0.01342  	-0.0299  	-0.0713  	-0.0428  	0.04254  	-0.0119  	0.03065  	-0.0081  	-0.0012  	0.01712  	0.00099  	0.02428  	0.00390  	-0.0334  	0.02725  	0.00234  	-0.0335  	0.02489  	0.00944  	0.00123  	0.02922  	-0.0032  	-0.0069  	-0.0242  	0.03589  	-0.0073  	0.02253  	-0.2797  	
-0.0442  	0.05389  	0.06060  	0.49691  	-0.0332  	0.34375  	0.08688  	-0.5841  	0.19378  	-0.0029  	0.28937  	0.34908  	-0.0210  	-0.4896  	-0.8868  	0.85228  	-0.0835  	0.24793  	-0.2912  	0.40655  	0.09144  	-0.2479  	-0.5175  	0.27597  	-0.2796  	-0.1294  	-0.4044  	-0.1963  	-0.2193  	-0.1691  	-0.1842  	0.24414  	0.27199  	-0.0557  	0.23917  	0.14492  	0.21081  	0.03329  	-0.2315  	0.19320  	0.01547  	0.03291  	0.01511  	-0.0362  	-0.0742  	-0.0419  	0.04246  	-0.0102  	0.03291  	0.00018  	0.00133  	0.01842  	0.00243  	0.02570  	0.00118  	-0.0321  	0.02092  	-0.0002  	-0.0314  	0.02749  	0.00798  	0.00564  	0.03025  	-0.0075  	-0.0069  	-0.0242  	0.03589  	-0.0073  	0.02253  	-0.2797  	
-0.1263  	-0.0084  	-0.0355  	0.45428  	0.01437  	0.27131  	0.09715  	-0.6837  	0.17330  	0.07623  	0.25226  	0.35732  	-0.0211  	-0.6043  	-1.0327  	0.85466  	-0.1006  	0.30821  	-0.2909  	0.49847  	-0.0781  	-0.2534  	-0.5957  	0.22027  	-0.2287  	-0.1263  	-0.4854  	-0.0309  	-0.0919  	-0.1553  	-0.1942  	0.23120  	0.27274  	-0.0531  	0.17173  	0.24585  	0.08934  	-0.0152  	-0.1814  	0.23603  	0.03142  	0.03338  	0.01135  	-0.0334  	-0.0747  	-0.0450  	0.04505  	-0.0024  	0.04099  	-0.0142  	0.01531  	0.01367  	-0.0033  	0.02358  	0.00521  	-0.0335  	0.03474  	0.00572  	-0.0324  	0.02733  	0.00155  	-0.0058  	0.02716  	-0.0016  	-0.0069  	-0.0242  	0.03589  	-0.0073  	0.02253  	-0.2797  	
-0.1908  	-0.0426  	-0.0774  	0.39521  	-0.0053  	0.23583  	0.11553  	-0.7109  	0.15843  	0.07438  	0.25292  	0.32579  	-0.0407  	-0.6402  	-1.0829  	0.81925  	-0.0924  	0.32812  	-0.2895  	0.49725  	-0.1523  	-0.2511  	-0.5914  	0.20923  	-0.2030  	-0.1202  	-0.4971  	0.00514  	-0.0380  	-0.1441  	-0.1919  	0.22417  	0.25604  	-0.0562  	0.12784  	0.28809  	0.05831  	-0.0177  	-0.1717  	0.24219  	0.05514  	0.02314  	0.02741  	-0.0269  	-0.0772  	-0.0468  	0.04019  	0.00874  	0.04111  	-0.0132  	0.01068  	0.01548  	-0.0001  	0.02598  	0.00601  	-0.0322  	0.03201  	0.00153  	-0.0315  	0.03159  	0.00245  	-0.0023  	0.03225  	-0.0002  	-0.0069  	-0.0242  	0.03589  	-0.0073  	0.02253  	-0.2797  	
-0.3433  	-0.1083  	-0.1111  	0.25638  	-0.0968  	0.18233  	0.12038  	-0.7453  	0.13035  	0.10714  	0.31340  	0.26054  	-0.0978  	-0.7678  	-1.1995  	0.80918  	-0.0754  	0.35034  	-0.2747  	0.47538  	-0.1575  	-0.2638  	-0.5831  	0.20406  	-0.1762  	-0.1185  	-0.4739  	0.00678  	-0.0174  	-0.1487  	-0.1890  	0.23490  	0.22242  	-0.0604  	0.08555  	0.31348  	0.06594  	-0.0113  	-0.1496  	0.23105  	0.06967  	0.02138  	0.02160  	-0.0130  	-0.0721  	-0.0487  	0.04017  	-0.0027  	0.04122  	-0.0067  	0.01458  	0.02034  	0.00185  	0.02509  	0.00889  	-0.0348  	0.03090  	0.00903  	-0.0286  	0.02992  	0.00778  	-7.7936  	0.03387  	-0.0057  	-0.0069  	-0.0242  	0.03589  	-0.0073  	0.02253  	-0.2797  	
-0.3257  	-0.0971  	-0.1043  	0.35360  	-0.0543  	0.23388  	0.09320  	-0.7328  	0.12405  	0.07544  	0.24829  	0.28360  	-0.0906  	-0.7781  	-1.1085  	0.82627  	-0.0741  	0.31187  	-0.2701  	0.43547  	-0.1486  	-0.2406  	-0.5370  	0.21816  	-0.1814  	-0.1154  	-0.4437  	-0.0281  	-0.0245  	-0.1324  	-0.1838  	0.23787  	0.22384  	-0.0557  	0.09197  	0.29027  	0.06497  	-0.0132  	-0.1667  	0.24045  	0.05531  	0.03166  	0.02176  	-0.0149  	-0.0736  	-0.0494  	0.03472  	-0.0005  	0.03805  	-0.0138  	0.00998  	0.01526  	0.00090  	0.02320  	0.00837  	-0.0394  	0.03629  	0.00620  	-0.0301  	0.02706  	0.00261  	-0.0025  	0.03590  	0.00038  	-0.0069  	-0.0242  	0.03589  	-0.0073  	0.02253  	-0.2797  	
-0.1628  	-0.0413  	-0.0610  	0.50156  	0.02003  	0.33765  	0.11313  	-0.6504  	0.16549  	0.02259  	0.13094  	0.32349  	-0.0035  	-0.6200  	-0.9534  	0.78427  	-0.0852  	0.29571  	-0.2763  	0.47054  	-0.1121  	-0.2031  	-0.5425  	0.24173  	-0.2172  	-0.1121  	-0.4573  	-0.0551  	-0.0510  	-0.1413  	-0.1978  	0.22246  	0.26275  	-0.0515  	0.14474  	0.25516  	0.06561  	-0.0123  	-0.1799  	0.25381  	0.03106  	0.02266  	0.02859  	-0.0206  	-0.0785  	-0.0492  	0.04166  	0.00223  	0.04499  	-0.0165  	0.01280  	0.01220  	-0.0020  	0.01983  	0.00331  	-0.0384  	0.03377  	0.00658  	-0.0287  	0.02964  	-0.0003  	-0.0046  	0.03481  	-0.0027  	-0.0069  	-0.0242  	0.03589  	-0.0073  	0.02253  	-0.2797  	
-0.1585  	-0.0141  	-0.0411  	0.47382  	0.06234  	0.31092  	0.13026  	-0.6971  	0.15738  	0.07582  	0.16557  	0.34031  	-0.0222  	-0.6435  	-1.0432  	0.85063  	-0.1051  	0.34647  	-0.2746  	0.50251  	-0.1874  	-0.2303  	-0.6205  	0.20141  	-0.1841  	-0.1337  	-0.4977  	0.02861  	0.01671  	-0.1313  	-0.2000  	0.23067  	0.25285  	-0.0468  	0.11580  	0.31028  	0.01521  	-0.0216  	-0.1510  	0.26427  	0.05014  	0.02101  	0.03099  	-0.0190  	-0.0815  	-0.0470  	0.03817  	0.00544  	0.04607  	-0.0123  	0.02012  	0.01253  	-0.0004  	0.02367  	0.01060  	-0.0373  	0.03485  	0.00471  	-0.0256  	0.02983  	0.00036  	-0.0084  	0.03034  	-0.0042  	-0.0069  	-0.0242  	0.03589  	-0.0073  	0.02253  	-0.2797  	
-0.2010  	-0.0645  	-0.0228  	0.40810  	-0.0096  	0.28404  	0.12148  	-0.6991  	0.14542  	0.07069  	0.22772  	0.29324  	-0.0319  	-0.6892  	-1.0944  	0.84498  	-0.1098  	0.34088  	-0.2862  	0.51126  	-0.1856  	-0.2349  	-0.6018  	0.20906  	-0.1731  	-0.1268  	-0.5058  	0.03017  	-0.0291  	-0.1417  	-0.1895  	0.22712  	0.24190  	-0.0540  	0.10009  	0.30159  	0.06180  	-0.0209  	-0.1616  	0.25826  	0.04687  	0.02303  	0.03153  	-0.0169  	-0.0780  	-0.0429  	0.04469  	0.00753  	0.04729  	-0.0242  	0.01858  	0.01323  	0.00245  	0.02336  	0.00644  	-0.0372  	0.03764  	0.00273  	-0.0246  	0.02867  	0.00237  	-0.0118  	0.03865  	0.00122  	-0.0069  	-0.0242  	0.03589  	-0.0073  	0.02253  	-0.2797  	
-0.2861  	-0.0834  	-0.0707  	0.39966  	-0.0344  	0.22392  	0.12569  	-0.7292  	0.13814  	0.09167  	0.21727  	0.28541  	-0.0422  	-0.7182  	-1.1166  	0.80722  	-0.0967  	0.34131  	-0.2797  	0.51570  	-0.2045  	-0.2400  	-0.6057  	0.24042  	-0.1371  	-0.1334  	-0.4611  	0.02879  	-0.0088  	-0.1255  	-0.1976  	0.22995  	0.22518  	-0.0513  	0.10878  	0.32234  	0.04191  	-0.0316  	-0.1585  	0.26027  	0.03340  	0.02591  	0.01772  	-0.0202  	-0.0714  	-0.0471  	0.03899  	-0.0048  	0.05057  	-0.0153  	0.02073  	0.01631  	-0.0004  	0.02181  	0.00568  	-0.0382  	0.03179  	0.00702  	-0.0263  	0.02841  	0.00333  	-0.0073  	0.03704  	-0.0069  	-0.0069  	-0.0242  	0.03589  	-0.0073  	0.02253  	-0.2797  	
-0.3871  	-0.1077  	-0.1975  	0.42321  	0.04484  	0.18017  	0.12357  	-0.7321  	0.11893  	0.10643  	0.21919  	0.30149  	-0.0532  	-0.6691  	-1.0661  	0.75470  	-0.1106  	0.34050  	-0.2948  	0.47812  	-0.2013  	-0.2391  	-0.6108  	0.22036  	-0.1732  	-0.1258  	-0.4604  	0.02103  	0.02188  	-0.1159  	-0.1885  	0.21548  	0.23217  	-0.0452  	0.10687  	0.31254  	0.00827  	-0.0405  	-0.1352  	0.26068  	0.01785  	0.03098  	0.00113  	-0.0271  	-0.0689  	-0.0449  	0.03874  	-0.0087  	0.04006  	-0.0171  	0.01374  	0.01555  	-0.0036  	0.02031  	0.00633  	-0.0392  	0.03461  	0.00532  	-0.0292  	0.02540  	0.00188  	-0.0094  	0.03556  	-0.0055  	-0.0069  	-0.0242  	0.03589  	-0.0073  	0.02253  	-0.2797  	
-0.4191  	-0.0947  	-0.2185  	0.40793  	0.05063  	0.14467  	0.12018  	-0.7112  	0.13435  	0.10577  	0.25719  	0.32993  	-0.0541  	-0.6661  	-1.0794  	0.75139  	-0.1155  	0.33533  	-0.3090  	0.52007  	-0.1701  	-0.2397  	-0.5970  	0.23129  	-0.2059  	-0.1110  	-0.4872  	0.04991  	0.01566  	-0.1311  	-0.1870  	0.20583  	0.23413  	-0.0436  	0.09702  	0.29625  	0.01176  	-0.0439  	-0.1395  	0.26225  	0.01509  	0.03105  	-0.0004  	-0.0286  	-0.0720  	-0.0445  	0.04325  	-0.0129  	0.04286  	-0.0113  	0.01434  	0.01297  	-0.0034  	0.02619  	0.00762  	-0.0401  	0.03733  	0.00649  	-0.0296  	0.02961  	0.00215  	-0.0044  	0.03208  	-0.0042  	-0.0069  	-0.0242  	0.03589  	-0.0073  	0.02253  	-0.2797  	
-0.4101  	-0.0928  	-0.2095  	0.40506  	0.06979  	0.14753  	0.11029  	-0.6961  	0.15105  	0.08647  	0.29148  	0.35503  	-0.0378  	-0.6509  	-1.1000  	0.74746  	-0.1193  	0.33996  	-0.3062  	0.52486  	-0.1531  	-0.2416  	-0.6188  	0.21699  	-0.2280  	-0.1123  	-0.5144  	0.06119  	0.00735  	-0.1447  	-0.1884  	0.20403  	0.25302  	-0.0429  	0.10268  	0.28413  	0.01067  	-0.0472  	-0.1378  	0.24781  	0.01388  	0.03358  	-0.0031  	-0.0374  	-0.0739  	-0.0450  	0.04068  	-0.0073  	0.04624  	-0.0092  	0.01627  	0.01277  	-0.0026  	0.02311  	0.00894  	-0.0353  	0.03424  	0.00575  	-0.0285  	0.02954  	0.00409  	-0.0015  	0.02735  	-0.0030  	-0.0069  	-0.0242  	0.03589  	-0.0073  	0.02253  	-0.2797  	
-0.3714  	-0.0853  	-0.1864  	0.41937  	0.06510  	0.16612  	0.10373  	-0.6614  	0.15993  	0.07721  	0.26662  	0.37708  	-0.0206  	-0.6490  	-1.0496  	0.74342  	-0.1037  	0.34099  	-0.2807  	0.55047  	-0.1159  	-0.2494  	-0.6225  	0.20437  	-0.2278  	-0.1171  	-0.5126  	0.06176  	-0.0155  	-0.1483  	-0.1872  	0.19456  	0.26794  	-0.0394  	0.12115  	0.27139  	0.01239  	-0.0515  	-0.1331  	0.23500  	0.00020  	0.02834  	-0.0025  	-0.0348  	-0.0697  	-0.0422  	0.04100  	-0.0055  	0.04093  	-0.0099  	0.01908  	0.01093  	-0.0022  	0.02022  	0.00585  	-0.0360  	0.03788  	0.00864  	-0.0274  	0.03292  	0.00402  	-0.0074  	0.02651  	-0.0055  	-0.0069  	-0.0242  	0.03589  	-0.0073  	0.02253  	-0.2797  	
-0.3138  	-0.0583  	-0.1166  	0.40393  	0.02335  	0.26029  	0.10406  	-0.6813  	0.15141  	0.06856  	0.17380  	0.36279  	-0.0085  	-0.6325  	-1.0116  	0.75915  	-0.0988  	0.33691  	-0.2773  	0.47878  	-0.1588  	-0.2268  	-0.5533  	0.17999  	-0.1974  	-0.1157  	-0.5036  	0.03737  	0.02546  	-0.1332  	-0.1726  	0.19092  	0.25506  	-0.0424  	0.09174  	0.26460  	0.00398  	-0.0404  	-0.1223  	0.24121  	0.03801  	0.01760  	0.03416  	-0.0249  	-0.0693  	-0.0468  	0.04124  	0.00467  	0.04813  	-0.0180  	0.01301  	0.01365  	-0.0030  	0.01525  	0.00628  	-0.0359  	0.03259  	-0.0005  	-0.0286  	0.02698  	0.00332  	-0.0062  	0.03517  	-0.0005  	-0.0069  	-0.0242  	0.03589  	-0.0073  	0.02253  	-0.2797  	
-0.3088  	-0.0623  	-0.0791  	0.42300  	0.00594  	0.28132  	0.10859  	-0.6998  	0.15641  	0.08208  	0.08089  	0.34222  	-0.0100  	-0.6786  	-1.0020  	0.78359  	-0.0783  	0.37043  	-0.2940  	0.48733  	-0.2551  	-0.2137  	-0.5631  	0.14230  	-0.2123  	-0.0908  	-0.5571  	0.08717  	0.07142  	-0.1462  	-0.1534  	0.19887  	0.26022  	-0.0333  	-0.0020  	0.27280  	-0.0542  	-0.0340  	-0.1013  	0.26599  	0.07469  	0.00873  	0.04715  	-0.0174  	-0.0827  	-0.0514  	0.03620  	0.01162  	0.04714  	-0.0151  	0.01309  	0.01737  	-0.0066  	0.01757  	0.00832  	-0.0413  	0.03030  	0.00026  	-0.0268  	0.02626  	0.00473  	0.00235  	0.03841  	0.00124  	-0.0069  	-0.0242  	0.03589  	-0.0073  	0.02253  	-0.2797  	
-0.2548  	-0.0449  	-0.0740  	0.36204  	-0.0132  	0.29752  	0.09442  	-0.7036  	0.13592  	0.04023  	0.12643  	0.32068  	-0.0300  	-0.7465  	-1.0649  	0.79068  	-0.0894  	0.35118  	-0.2772  	0.48298  	-0.2071  	-0.2318  	-0.5536  	0.16491  	-0.1888  	-0.1069  	-0.4796  	0.06047  	0.03844  	-0.1565  	-0.1779  	0.21524  	0.24787  	-0.0544  	0.02042  	0.29288  	0.01526  	-0.0245  	-0.1136  	0.27539  	0.06942  	0.02840  	0.04589  	-0.0096  	-0.0812  	-0.0513  	0.03881  	0.00547  	0.04127  	-0.0133  	0.01082  	0.01684  	-0.0056  	0.02069  	0.00685  	-0.0400  	0.03367  	0.00611  	-0.0252  	0.02676  	0.00449  	0.00377  	0.03825  	-0.0015  	-0.0069  	-0.0242  	0.03589  	-0.0073  	0.02253  	-0.2797  	
-0.1881  	-0.0511  	-0.0731  	0.60864  	0.12302  	0.32679  	0.09506  	-0.6910  	0.12210  	0.03723  	0.15061  	0.34517  	-0.0323  	-0.6874  	-0.9627  	0.87766  	-0.1097  	0.29055  	-0.2738  	0.50544  	-0.1400  	-0.2354  	-0.6373  	0.26298  	-0.1064  	-0.1370  	-0.3906  	0.00140  	-0.0099  	-0.0988  	-0.2406  	0.25475  	0.23727  	-0.0507  	0.15079  	0.30484  	0.06035  	-0.0194  	-0.1661  	0.25692  	0.00030  	0.05080  	0.01442  	-0.0132  	-0.0682  	-0.0469  	0.03986  	0.01414  	0.04456  	-0.0199  	0.01532  	0.01220  	0.00239  	0.02250  	0.00130  	-0.0322  	0.04352  	0.00402  	-0.0205  	0.03931  	-0.0045  	-0.0174  	0.03435  	-0.0061  	-0.0069  	-0.0242  	0.03589  	-0.0073  	0.02253  	-0.2797  	
-0.0179  	0.04603  	-0.0238  	0.75260  	0.18575  	0.44452  	0.13695  	-0.6323  	0.15890  	-0.0044  	-0.0049  	0.37544  	0.03048  	-0.4783  	-0.7883  	0.81263  	-0.1237  	0.29165  	-0.2904  	0.48991  	-0.1113  	-0.1996  	-0.6396  	0.24782  	-0.0768  	-0.1640  	-0.3755  	-0.0232  	-0.0055  	-0.0633  	-0.2319  	0.23287  	0.23964  	-0.0407  	0.20037  	0.26122  	0.04975  	-0.0361  	-0.1225  	0.29876  	-0.0428  	0.04601  	0.00764  	-0.0274  	-0.0742  	-0.0411  	0.02417  	0.02204  	0.05224  	-0.0202  	0.03519  	0.01291  	-0.0021  	0.02842  	0.00196  	-0.0246  	0.03315  	0.00499  	-0.0229  	0.03188  	-0.0047  	-0.0076  	0.02849  	-0.0111  	-0.0069  	-0.0242  	0.03589  	-0.0073  	0.02253  	-0.2797  	
0.02306  	0.00099  	0.02547  	0.74711  	0.13446  	0.46154  	0.16030  	-0.6079  	0.14841  	-0.0236  	0.05985  	0.34410  	0.01679  	-0.4849  	-0.7489  	0.80725  	-0.1079  	0.25621  	-0.2887  	0.45533  	-0.0415  	-0.1756  	-0.5853  	0.26001  	-0.0596  	-0.1620  	-0.3517  	-0.0825  	-0.0319  	-0.0864  	-0.2241  	0.23967  	0.24404  	-0.0437  	0.20611  	0.25929  	0.10192  	-0.0219  	-0.1398  	0.25264  	-0.0377  	0.03861  	0.00113  	-0.0020  	-0.0835  	-0.0461  	0.02952  	0.00658  	0.04868  	-0.0175  	0.02090  	0.00815  	0.00132  	0.03057  	0.00813  	-0.0259  	0.03136  	0.00339  	-0.0247  	0.03272  	-0.0014  	-0.0084  	0.02800  	-0.0115  	-0.0069  	-0.0242  	0.03589  	-0.0073  	0.02253  	-0.2797  	
0.02113  	-0.0162  	0.01945  	0.61858  	0.05702  	0.40908  	0.16127  	-0.6389  	0.16161  	0.00992  	0.12913  	0.32391  	-0.0438  	-0.5678  	-0.8895  	0.83476  	-0.1050  	0.34461  	-0.2885  	0.48628  	-0.0778  	-0.1944  	-0.6112  	0.25829  	-0.1255  	-0.1673  	-0.4260  	-0.0169  	0.01332  	-0.1278  	-0.2410  	0.22354  	0.23164  	-0.0616  	0.17133  	0.29930  	0.08723  	-0.0300  	-0.1427  	0.29193  	0.00346  	0.04459  	-0.0021  	-0.0045  	-0.0796  	-0.0449  	0.03796  	0.01163  	0.04930  	-0.0139  	0.02095  	0.01159  	0.00225  	0.02239  	0.01643  	-0.0314  	0.03973  	0.00870  	-0.0285  	0.03225  	-0.0058  	-0.0093  	0.03081  	-0.0089  	-0.0069  	-0.0242  	0.03589  	-0.0073  	0.02253  	-0.2797  	
-0.0200  	-0.0435  	0.01093  	0.48385  	0.01483  	0.36878  	0.17155  	-0.6565  	0.17957  	0.03131  	0.16450  	0.26136  	-0.0256  	-0.6174  	-0.9632  	0.83779  	-0.1301  	0.35983  	-0.2890  	0.48582  	-0.1191  	-0.2233  	-0.6157  	0.20096  	-0.1499  	-0.1518  	-0.4448  	0.02190  	0.02117  	-0.1172  	-0.2084  	0.24206  	0.23223  	-0.0594  	0.16639  	0.32317  	0.05759  	-0.0269  	-0.1511  	0.27044  	-0.0014  	0.04998  	0.01913  	-0.0110  	-0.0809  	-0.0502  	0.04154  	0.00764  	0.04815  	-0.0178  	0.02630  	0.01646  	0.00376  	0.01689  	0.01272  	-0.0363  	0.04074  	0.01076  	-0.0282  	0.02685  	-0.0049  	-0.0103  	0.03757  	-0.0055  	-0.0069  	-0.0242  	0.03589  	-0.0073  	0.02253  	-0.2797  	
-0.1031  	-0.0583  	-0.0057  	0.45671  	0.03821  	0.35887  	0.14107  	-0.7267  	0.12675  	0.02743  	0.18977  	0.24540  	-0.0553  	-0.6697  	-1.0048  	0.86094  	-0.1188  	0.28123  	-0.2728  	0.48568  	-0.0966  	-0.2221  	-0.5901  	0.28618  	-0.1194  	-0.1626  	-0.3880  	-0.0317  	-0.0759  	-0.1217  	-0.2170  	0.26381  	0.22617  	-0.0516  	0.20813  	0.32138  	0.12432  	-0.0134  	-0.1913  	0.25189  	-0.0032  	0.04338  	0.01035  	-0.0197  	-0.0713  	-0.0477  	0.03632  	-0.0126  	0.04417  	-0.0102  	0.02679  	0.01228  	-0.0009  	0.02365  	0.00930  	-0.0296  	0.03988  	0.00642  	-0.0287  	0.02912  	-0.0053  	-0.0114  	0.03491  	-0.0045  	-0.0069  	-0.0242  	0.03589  	-0.0073  	0.02253  	-0.2797  	
-0.0077  	0.02000  	0.03300  	0.52334  	0.06517  	0.44834  	0.14775  	-0.6762  	0.16982  	0.03001  	0.15823  	0.24165  	-0.0166  	-0.5606  	-0.8471  	0.87419  	-0.0868  	0.25281  	-0.2644  	0.45084  	0.02922  	-0.1944  	-0.5968  	0.34789  	-0.2197  	-0.1541  	-0.3270  	-0.2026  	-0.2174  	-0.1374  	-0.2250  	0.28076  	0.24881  	-0.0748  	0.30674  	0.25869  	0.19973  	-0.0199  	-0.2308  	0.28678  	-0.0229  	0.04778  	-0.0110  	-0.0214  	-0.0717  	-0.0417  	0.03435  	-0.0021  	0.05091  	-0.0169  	0.02243  	0.01001  	-0.0077  	0.01986  	0.00719  	-0.0310  	0.03301  	0.00082  	-0.0314  	0.03239  	-0.0001  	-0.0074  	0.02802  	-0.0096  	-0.0069  	-0.0242  	0.03589  	-0.0073  	0.02253  	-0.2797  	
0.22799  	0.04180  	0.09658  	0.77020  	0.15003  	0.39691  	0.16680  	-0.6568  	0.14424  	0.14690  	-0.0124  	0.19366  	0.07830  	-0.3782  	-0.6002  	0.74809  	-0.1160  	0.25542  	-0.2884  	0.38479  	-0.0841  	-0.1821  	-0.6137  	0.30494  	-0.1039  	-0.1626  	-0.3012  	-0.2573  	-0.0312  	-0.0611  	-0.2271  	0.25841  	0.22028  	-0.0614  	0.28021  	0.27374  	0.08110  	-0.0301  	-0.1407  	0.29814  	-0.0632  	0.04710  	0.01263  	-0.0106  	-0.0826  	-0.0486  	0.02481  	0.02409  	0.05271  	-0.0222  	0.02586  	0.01154  	0.00081  	0.01451  	0.01472  	-0.0305  	0.03043  	0.00510  	-0.0384  	0.03465  	-0.0022  	-0.0091  	0.03077  	-0.0068  	-0.0069  	-0.0242  	0.03589  	-0.0073  	0.02253  	-0.2797  	
0.37201  	0.14428  	0.20117  	0.64812  	0.15217  	0.53565  	0.22920  	-0.5941  	0.19618  	0.13526  	-0.2228  	0.18518  	0.17276  	-0.1781  	-0.5455  	0.66576  	-0.1183  	0.23385  	-0.2592  	0.24176  	-0.1273  	-0.0259  	-0.4586  	0.24158  	-0.0120  	-0.1792  	-0.3054  	-0.2133  	0.05236  	-0.0259  	-0.1881  	0.20629  	0.24715  	-0.0493  	0.15945  	0.22331  	0.06688  	-0.0517  	-0.1223  	0.29037  	-0.0418  	0.05947  	0.04097  	0.00698  	-0.1000  	-0.0494  	0.01026  	0.04641  	0.08505  	-0.0211  	0.02347  	0.02129  	0.00069  	0.02373  	0.00249  	-0.0164  	0.02559  	0.00277  	-0.0379  	0.03547  	0.00028  	0.01986  	0.03476  	-0.0179  	-0.0069  	-0.0242  	0.03589  	-0.0073  	0.02253  	-0.2797  	
0.06072  	0.08501  	0.12614  	0.56642  	0.06448  	0.33430  	0.19036  	-0.5751  	0.19721  	0.14515  	-0.0593  	0.05918  	0.15841  	-0.1014  	-0.6178  	0.63705  	-0.1140  	0.15775  	-0.3359  	0.32394  	-0.0375  	-0.0594  	-0.6237  	0.42618  	-0.0077  	-0.1913  	-0.1892  	-0.3081  	-0.0754  	-0.0528  	-0.2019  	0.25665  	0.22553  	-0.0769  	0.26845  	0.21603  	0.13406  	-0.0441  	-0.1655  	0.31428  	-0.0469  	0.07847  	0.01474  	-0.0263  	-0.0884  	-0.0463  	0.02488  	0.01924  	0.06333  	-0.0092  	0.02460  	0.02332  	-0.0070  	0.02606  	0.00190  	-0.0252  	0.02560  	0.00075  	-0.0294  	0.04002  	0.00033  	0.02106  	0.02579  	-0.0091  	-0.0069  	-0.0242  	0.03589  	-0.0073  	0.02253  	-0.2797  	
-0.3955  	-0.0677  	-0.1893  	0.56396  	0.09879  	0.20080  	0.10587  	-0.6494  	0.14696  	0.05532  	0.30565  	0.43139  	0.01285  	-0.5152  	-0.8692  	0.72954  	-0.1548  	0.31704  	-0.3075  	0.53490  	0.00529  	-0.2340  	-0.6022  	0.30788  	-0.2674  	-0.1286  	-0.4796  	-0.0593  	-0.1351  	-0.1555  	-0.1924  	0.20347  	0.27264  	-0.0406  	0.22965  	0.19693  	0.09643  	-0.0285  	-0.1889  	0.25933  	-0.0385  	0.04875  	-0.0307  	-0.0500  	-0.0660  	-0.0438  	0.04398  	-0.0228  	0.03659  	-0.0016  	0.00652  	0.00666  	0.00256  	0.02826  	0.00133  	-0.0353  	0.03450  	0.00056  	-0.0276  	0.03286  	0.00168  	-0.0006  	0.02605  	-0.0084  	-0.0069  	-0.0242  	0.03589  	-0.0073  	0.02253  	-0.2797  	
-0.3466  	-0.0957  	-0.1328  	0.36624  	0.00699  	0.25547  	0.10367  	-0.7017  	0.13917  	0.05316  	0.26248  	0.33258  	-0.0332  	-0.6880  	-1.0574  	0.72466  	-0.0905  	0.34714  	-0.2832  	0.52834  	-0.1409  	-0.2514  	-0.5572  	0.23375  	-0.2211  	-0.1210  	-0.4937  	0.02098  	-0.0125  	-0.1276  	-0.1864  	0.20510  	0.24360  	-0.0366  	0.12151  	0.27631  	0.03912  	-0.0288  	-0.1522  	0.23476  	0.02611  	0.01841  	0.00690  	-0.0324  	-0.0679  	-0.0452  	0.03784  	-0.0152  	0.03709  	-0.0113  	0.00821  	0.01430  	-0.0011  	0.02209  	0.00434  	-0.0408  	0.03566  	0.00744  	-0.0286  	0.03118  	0.00317  	-0.0075  	0.03313  	-0.0071  	-0.0069  	-0.0242  	0.03589  	-0.0073  	0.02253  	-0.2797  	
-0.3504  	-0.0806  	-0.1024  	0.29398  	-0.0357  	0.28498  	0.11175  	-0.7204  	0.12545  	0.07288  	0.15721  	0.28232  	-0.0467  	-0.7156  	-1.1131  	0.75026  	-0.0788  	0.37206  	-0.2782  	0.49102  	-0.2364  	-0.2306  	-0.5420  	0.18502  	-0.1762  	-0.1106  	-0.5108  	0.06058  	0.06595  	-0.1303  	-0.1681  	0.19378  	0.22684  	-0.0475  	-0.0009  	0.30293  	0.00120  	-0.0339  	-0.1110  	0.25547  	0.05624  	0.01785  	0.03958  	-0.0154  	-0.0766  	-0.0494  	0.03913  	0.00314  	0.04267  	-0.0088  	0.00661  	0.01439  	-0.0045  	0.02143  	0.00956  	-0.0439  	0.03466  	0.00519  	-0.0258  	0.03015  	0.00319  	-0.0013  	0.03697  	0.00194  	-0.0069  	-0.0242  	0.03589  	-0.0073  	0.02253  	-0.2797  	
-0.2446  	-0.0562  	-0.1003  	0.38648  	-0.0316  	0.33287  	0.06679  	-0.6935  	0.14084  	0.00497  	0.14554  	0.32214  	-0.0329  	-0.7385  	-0.9773  	0.77162  	-0.0456  	0.33254  	-0.2801  	0.48412  	-0.1449  	-0.2463  	-0.5267  	0.22448  	-0.1648  	-0.1208  	-0.4385  	0.00049  	-0.0423  	-0.1355  	-0.1932  	0.21632  	0.25598  	-0.0499  	0.08758  	0.25570  	0.07178  	-0.0071  	-0.1428  	0.25010  	0.03325  	0.02737  	0.03155  	-0.0141  	-0.0794  	-0.0445  	0.04357  	-0.0059  	0.04008  	-0.0116  	0.01259  	0.01712  	-0.0006  	0.02711  	0.00248  	-0.0393  	0.03359  	0.00693  	-0.0283  	0.03006  	0.00418  	-0.0055  	0.03539  	-0.0017  	-0.0069  	-0.0242  	0.03589  	-0.0073  	0.02253  	-0.2797  	
-0.1753  	-0.0434  	-0.0380  	0.44260  	0.01965  	0.34581  	0.10741  	-0.6729  	0.15009  	0.00045  	0.17405  	0.30910  	-0.0473  	-0.6830  	-0.9631  	0.82004  	-0.0921  	0.31962  	-0.2921  	0.48826  	-0.1622  	-0.2420  	-0.5734  	0.22603  	-0.1547  	-0.1220  	-0.4416  	0.02520  	-0.0119  	-0.1437  	-0.1970  	0.22246  	0.25182  	-0.0468  	0.14574  	0.30354  	0.06669  	-0.0162  	-0.1563  	0.24103  	0.02544  	0.02494  	0.02738  	-0.0232  	-0.0777  	-0.0410  	0.04579  	0.00980  	0.03721  	-0.0135  	0.01745  	0.01263  	0.00038  	0.02099  	0.00363  	-0.0356  	0.03742  	0.00954  	-0.0330  	0.02848  	-0.0010  	-0.0138  	0.03790  	0.00064  	-0.0069  	-0.0242  	0.03589  	-0.0073  	0.02253  	-0.2797  	
-0.1083  	-0.0175  	0.06701  	0.45752  	0.02468  	0.27982  	0.11029  	-0.6527  	0.15175  	0.09090  	0.25087  	0.32197  	-0.0071  	-0.7368  	-1.0208  	0.83982  	-0.0511  	0.20308  	-0.2214  	0.30739  	-0.1108  	-0.4607  	-0.8273  	0.20247  	-0.2334  	-0.0739  	-0.4783  	-0.0430  	0.02352  	-0.1482  	-0.1146  	0.21172  	0.16340  	-0.1719  	0.11797  	0.29489  	0.00992  	-0.0122  	-0.2623  	0.18227  	0.08544  	0.13171  	-0.0803  	0.04036  	-0.1265  	-0.0266  	0.01394  	0.01465  	0.03394  	-0.0295  	0.02407  	0.01980  	0.00240  	0.03692  	0.01409  	-0.0327  	0.03376  	-0.0014  	-0.0281  	0.03682  	0.00511  	-0.0102  	0.02240  	-0.0019  	-0.0069  	-0.0242  	0.03589  	-0.0073  	0.02253  	-0.2797  	
-0.0705  	-0.0127  	0.14256  	0.38665  	-0.0279  	0.25424  	0.10656  	-0.6514  	0.12706  	0.06726  	0.25553  	0.30005  	0.03557  	-0.7878  	-1.0676  	0.82675  	0.00392  	0.13134  	-0.1902  	0.17174  	-0.1168  	-0.6094  	-1.0218  	0.16871  	-0.2990  	0.00578  	-0.5227  	-0.0931  	0.10253  	-0.1716  	-0.0182  	0.15822  	0.11638  	-0.2739  	0.03647  	0.30319  	-0.0804  	-0.0203  	-0.3120  	0.15010  	0.15046  	0.21342  	-0.1504  	0.08243  	-0.1690  	-0.0175  	0.00254  	0.03376  	0.02960  	-0.0303  	0.03525  	0.02298  	0.00302  	0.04678  	0.01937  	-0.0363  	0.03231  	-0.0104  	-0.0352  	0.03934  	0.00680  	-0.0094  	0.01586  	-0.0030  	-0.0069  	-0.0242  	0.03589  	-0.0073  	0.02253  	-0.2797  	
-0.1791  	-0.0281  	0.06553  	0.35743  	-0.0735  	0.19426  	0.08613  	-0.6258  	0.10354  	0.08039  	0.22828  	0.26156  	0.03824  	-0.7878  	-1.0585  	0.72306  	0.02361  	0.08593  	-0.1773  	0.07344  	-0.0609  	-0.6169  	-1.0238  	0.20082  	-0.2532  	0.03209  	-0.4862  	-0.1157  	0.13576  	-0.1665  	-0.0065  	0.14859  	0.08176  	-0.3138  	0.00658  	0.29924  	-0.0963  	-0.0312  	-0.3430  	0.13169  	0.16514  	0.24483  	-0.1696  	0.10658  	-0.1680  	-0.0195  	-0.0007  	0.03121  	0.02404  	-0.0420  	0.02760  	0.02376  	0.00362  	0.05172  	0.01897  	-0.0441  	0.03084  	-0.0129  	-0.0298  	0.04069  	0.00757  	-0.0118  	0.01111  	-0.0018  	-0.0069  	-0.0242  	0.03589  	-0.0073  	0.02253  	-0.2797  	
-0.3914  	-0.0793  	-0.0809  	0.38562  	-0.0104  	0.11622  	0.07010  	-0.6560  	0.09375  	0.05417  	0.30283  	0.30449  	0.01123  	-0.7372  	-0.9866  	0.66143  	0.04076  	0.07477  	-0.1739  	0.11356  	-0.0051  	-0.5723  	-0.9638  	0.25718  	-0.2190  	0.01416  	-0.4244  	-0.1827  	0.05513  	-0.1677  	-0.0243  	0.15925  	0.09581  	-0.2893  	0.06112  	0.27240  	-0.0437  	-0.0234  	-0.3471  	0.11569  	0.12312  	0.22844  	-0.1716  	0.08306  	-0.1511  	-0.0210  	0.00333  	0.01146  	0.01191  	-0.0313  	0.02199  	0.01958  	0.00175  	0.05237  	0.01930  	-0.0360  	0.03268  	-0.0071  	-0.0218  	0.04802  	0.00725  	-0.0131  	0.01787  	-0.0006  	-0.0069  	-0.0242  	0.03589  	-0.0073  	0.02253  	-0.2797  	
-0.4556  	-0.1273  	-0.1556  	0.36142  	-0.0152  	0.09808  	0.06694  	-0.6458  	0.10627  	0.06587  	0.31759  	0.34942  	-0.0269  	-0.6664  	-0.9711  	0.63288  	-0.0196  	0.16165  	-0.2256  	0.25788  	-0.0174  	-0.4496  	-0.7749  	0.26007  	-0.2263  	-0.0481  	-0.4094  	-0.1600  	-5.9916  	-0.1663  	-0.1050  	0.18039  	0.16596  	-0.1925  	0.11815  	0.24674  	0.02614  	-0.0110  	-0.2608  	0.16261  	0.05575  	0.13882  	-0.1047  	0.02952  	-0.1123  	-0.0292  	0.02870  	0.00148  	0.01778  	-0.0185  	0.01282  	0.01774  	-0.0026  	0.04130  	0.00965  	-0.0382  	0.03140  	-0.0073  	-0.0294  	0.04059  	0.00577  	-0.0092  	0.02375  	0.00065  	-0.0069  	-0.0242  	0.03589  	-0.0073  	0.02253  	-0.2797  	
-0.2799  	-0.0678  	-0.0763  	0.36004  	-0.0115  	0.26083  	0.09595  	-0.6809  	0.15291  	0.06009  	0.22922  	0.32235  	-0.0077  	-0.6268  	-1.0087  	0.76074  	-0.0699  	0.31290  	-0.2970  	0.48438  	-0.1213  	-0.2295  	-0.5407  	0.23704  	-0.2073  	-0.1107  	-0.4799  	-0.0181  	-0.0436  	-0.1458  	-0.1799  	0.20309  	0.25153  	-0.0551  	0.09857  	0.25410  	0.05225  	-0.0336  	-0.1384  	0.25015  	0.02393  	0.02585  	0.02722  	-0.0327  	-0.0786  	-0.0448  	0.04472  	0.00113  	0.04136  	-0.0112  	0.00936  	0.01546  	-0.0064  	0.02386  	0.00492  	-0.0383  	0.02925  	0.00168  	-0.0245  	0.02979  	0.00290  	-0.0044  	0.03238  	-0.0029  	-0.0069  	-0.0242  	0.03589  	-0.0073  	0.02253  	-0.2797  	
-0.2062  	-0.0200  	-0.0588  	0.52528  	0.05033  	0.32319  	0.10393  	-0.6458  	0.17352  	0.03244  	0.12147  	0.37545  	-0.0258  	-0.5888  	-0.9374  	0.76831  	-0.0888  	0.33470  	-0.2806  	0.48359  	-0.1282  	-0.2370  	-0.5688  	0.21587  	-0.2122  	-0.1204  	-0.4869  	-0.0013  	-0.0279  	-0.1199  	-0.1785  	0.20974  	0.26809  	-0.0460  	0.10770  	0.24330  	0.03510  	-0.0403  	-0.1338  	0.24628  	0.02545  	0.02085  	0.03311  	-0.0119  	-0.0766  	-0.0460  	0.04002  	-0.0013  	0.04531  	-0.0133  	0.01376  	0.01024  	-0.0045  	0.02394  	0.00367  	-0.0331  	0.03285  	0.00442  	-0.0315  	0.02838  	7.43769  	-0.0014  	0.03447  	-0.0036  	-0.0069  	-0.0242  	0.03589  	-0.0073  	0.02253  	-0.2797  	
-0.0792  	0.01451  	0.00834  	0.64874  	0.07706  	0.45022  	0.08479  	-0.6326  	0.16979  	-0.0301  	0.08795  	0.37326  	0.01495  	-0.5397  	-0.8478  	0.82582  	-0.0708  	0.30161  	-0.2607  	0.47025  	-0.0636  	-0.2364  	-0.5824  	0.27001  	-0.1750  	-0.1220  	-0.4224  	-0.0637  	-0.0782  	-0.1178  	-0.2057  	0.23449  	0.26444  	-0.0551  	0.18806  	0.24026  	0.08763  	-0.0165  	-0.1439  	0.23820  	-0.0009  	0.03083  	0.02351  	-0.0267  	-0.0776  	-0.0449  	0.03848  	0.00544  	0.04467  	-0.0176  	0.01664  	0.01072  	-0.0021  	0.02164  	0.00380  	-0.0325  	0.02941  	0.00471  	-0.0280  	0.02677  	-0.0014  	-0.0027  	0.02494  	-0.0052  	-0.0069  	-0.0242  	0.03589  	-0.0073  	0.02253  	-0.2797  	
-0.0256  	0.01009  	0.06665  	0.61285  	0.07838  	0.41377  	0.10983  	-0.6491  	0.16912  	0.01080  	0.11938  	0.32295  	-0.0256  	-0.5701  	-0.9111  	0.90450  	-0.1127  	0.30739  	-0.2631  	0.46581  	-0.0320  	-0.2242  	-0.6087  	0.27790  	-0.1473  	-0.1471  	-0.3930  	-0.1384  	-0.1030  	-0.1178  	-0.2130  	0.24623  	0.24814  	-0.0459  	0.21340  	0.26042  	0.15072  	-0.0009  	-0.1848  	0.25365  	-0.0076  	0.04401  	0.02059  	-0.0226  	-0.0751  	-0.0430  	0.03397  	-0.0014  	0.04767  	-0.0203  	0.01490  	0.01328  	-0.0019  	0.02705  	0.00801  	-0.0273  	0.03144  	0.00538  	-0.0294  	0.03260  	-0.0011  	-0.0057  	0.02528  	-0.0053  	-0.0069  	-0.0242  	0.03589  	-0.0073  	0.02253  	-0.2797  	
0.04169  	0.00170  	0.06221  	0.56412  	0.08075  	0.38912  	0.14877  	-0.6712  	0.17333  	0.09276  	0.13157  	0.34341  	-0.0170  	-0.6145  	-0.9910  	0.88874  	-0.1174  	0.34713  	-0.2769  	0.50277  	-0.1509  	-0.2349  	-0.6603  	0.23686  	-0.1326  	-0.1534  	-0.4541  	0.02665  	0.00331  	-0.1217  	-0.2212  	0.23832  	0.25008  	-0.0465  	0.14641  	0.29832  	0.05054  	-0.0344  	-0.1292  	0.28742  	0.01871  	0.03216  	0.02332  	-0.0112  	-0.0841  	-0.0452  	0.03401  	0.01792  	0.04900  	-0.0147  	0.01733  	0.01359  	-0.0021  	0.02086  	0.00996  	-0.0370  	0.03821  	0.00402  	-0.0281  	0.02920  	-0.0006  	-0.0105  	0.03654  	-0.0035  	-0.0069  	-0.0242  	0.03589  	-0.0073  	0.02253  	-0.2797  	
-0.0543  	-0.0374  	0.04437  	0.52973  	0.04138  	0.39071  	0.14096  	-0.7271  	0.13937  	0.06523  	0.17771  	0.28701  	-0.0735  	-0.6697  	-1.0494  	0.90908  	-0.1137  	0.32399  	-0.2877  	0.50078  	-0.0913  	-0.2373  	-0.6782  	0.30050  	-0.1183  	-0.1607  	-0.3402  	-0.0565  	-0.1076  	-0.1130  	-0.2130  	0.27885  	0.23859  	-0.0575  	0.20529  	0.31946  	0.13131  	-0.0122  	-0.1927  	0.26775  	0.00031  	0.04201  	0.01070  	-0.0222  	-0.0683  	-0.0462  	0.02985  	0.00741  	0.04952  	-0.0111  	0.02604  	0.01464  	-0.0042  	0.02282  	0.00727  	-0.0317  	0.04074  	0.00198  	-0.0300  	0.03119  	-0.0060  	-0.0161  	0.03581  	-0.0109  	-0.0069  	-0.0242  	0.03589  	-0.0073  	0.02253  	-0.2797  	
0.04145  	0.01566  	0.07913  	0.71125  	0.14268  	0.37980  	0.13232  	-0.6804  	0.13627  	0.00187  	0.03092  	0.28539  	0.03164  	-0.4345  	-0.7360  	0.81042  	-0.0978  	0.24440  	-0.2890  	0.40511  	-0.0002  	-0.1711  	-0.5474  	0.36054  	-0.1215  	-0.1608  	-0.2730  	-0.2064  	-0.1557  	-0.0940  	-0.2162  	0.26977  	0.23076  	-0.0562  	0.28748  	0.22924  	0.17212  	-0.0210  	-0.2014  	0.28927  	-0.0551  	0.07129  	-0.0140  	-0.0194  	-0.0736  	-0.0452  	0.03586  	0.00654  	0.05503  	-0.0169  	0.01705  	0.01795  	-0.0039  	0.02703  	0.00564  	-0.0332  	0.02827  	-0.0006  	-0.0263  	0.03514  	-0.0013  	-0.0041  	0.02906  	-0.0117  	-0.0069  	-0.0242  	0.03589  	-0.0073  	0.02253  	-0.2797  	
0.15746  	0.07005  	0.15112  	0.72092  	0.11310  	0.50083  	0.18616  	-0.6037  	0.18563  	0.06072  	-0.0304  	0.22220  	0.12487  	-0.3223  	-0.6463  	0.74506  	-0.1162  	0.24249  	-0.2962  	0.39656  	-0.0518  	-0.1532  	-0.5872  	0.23955  	-0.0905  	-0.1619  	-0.3390  	-0.1979  	-0.0272  	-0.0774  	-0.2055  	0.20915  	0.24355  	-0.0399  	0.22340  	0.22607  	0.08554  	-0.0279  	-0.1183  	0.26751  	-0.0259  	0.05026  	0.02968  	-0.0170  	-0.0797  	-0.0423  	0.02259  	0.03676  	0.06657  	-0.0271  	0.02239  	0.01470  	-0.0006  	0.02259  	0.00917  	-0.0220  	0.02498  	0.00151  	-0.0328  	0.03167  	0.00101  	-0.0021  	0.02223  	-0.0111  	-0.0069  	-0.0242  	0.03589  	-0.0073  	0.02253  	-0.2797  	
0.13526  	0.09146  	0.07695  	0.66493  	0.16642  	0.42160  	0.18257  	-0.5891  	0.16488  	0.09624  	-0.1220  	0.13516  	0.12987  	-0.2390  	-0.5622  	0.67586  	-0.1071  	0.18673  	-0.2802  	0.31492  	-0.0856  	-0.0989  	-0.5790  	0.27790  	0.00288  	-0.1721  	-0.2563  	-0.2409  	-0.0014  	-0.0415  	-0.2343  	0.22980  	0.21549  	-0.0564  	0.22130  	0.23375  	0.07732  	-0.0322  	-0.1230  	0.30435  	-0.0437  	0.05400  	0.01075  	-0.0049  	-0.0887  	-0.0471  	0.02033  	0.03479  	0.07200  	-0.0228  	0.02385  	0.01229  	-0.0074  	0.02404  	0.01085  	-0.0291  	0.02161  	0.00251  	-0.0314  	0.03855  	0.00247  	-0.0023  	0.03110  	-0.0119  	-0.0069  	-0.0242  	0.03589  	-0.0073  	0.02253  	-0.2797  	
0.00933  	0.06320  	-0.0157  	1.04161  	0.34878  	0.38647  	0.17313  	-0.6635  	0.17114  	0.09825  	-0.1330  	0.26303  	0.10244  	-0.1960  	-0.4519  	0.72093  	-0.0732  	0.17845  	-0.3239  	0.39908  	-0.1338  	-0.1097  	-0.6612  	0.36562  	0.11923  	-0.1653  	-0.2341  	-0.1201  	0.05738  	-0.0067  	-0.2710  	0.20864  	0.21132  	-0.0602  	0.28062  	0.25281  	0.04773  	-0.0773  	-0.1287  	0.30173  	-0.1310  	0.10380  	-0.0390  	-0.0551  	-0.0806  	-0.0475  	0.01130  	0.01310  	0.07349  	-0.0220  	0.02239  	0.00796  	-0.0122  	0.02600  	0.00361  	-0.0169  	0.03504  	0.00581  	-0.0184  	0.03451  	0.00158  	0.00122  	0.02602  	-0.0061  	-0.0069  	-0.0242  	0.03589  	-0.0073  	0.02253  	-0.2797  	
0.04798  	0.05725  	-0.0513  	1.33966  	0.51000  	0.43748  	0.15337  	-0.6103  	0.19436  	-0.0686  	-0.2447  	0.36236  	0.12954  	-0.1343  	-0.4082  	0.69354  	-0.1128  	0.21927  	-0.3575  	0.48614  	-0.2386  	-0.1558  	-0.7133  	0.32764  	0.02872  	-0.1760  	-0.3448  	0.05480  	0.14751  	0.03266  	-0.3254  	0.22957  	0.23965  	-0.0326  	0.27943  	0.28608  	-0.0622  	-0.0746  	-0.0898  	0.33126  	-0.1597  	0.08654  	-0.0373  	-0.0418  	-0.0466  	-0.0573  	0.02299  	0.00373  	0.06505  	-0.0121  	0.02001  	0.00704  	0.00301  	0.02562  	0.00543  	-0.0340  	0.04850  	-0.0013  	-0.0257  	0.03356  	-0.0063  	-0.0007  	0.03002  	0.01157  	-0.0069  	-0.0242  	0.03589  	-0.0073  	0.02253  	-0.2797  	
-0.0123  	0.05547  	-0.0589  	1.06559  	0.36192  	0.50402  	0.10365  	-0.5923  	0.19582  	-0.0639  	-0.2640  	0.38053  	0.14145  	-0.3018  	-0.5722  	0.77697  	-0.1298  	0.24846  	-0.3650  	0.52456  	-0.2182  	-0.1124  	-0.6618  	0.23322  	-0.0640  	-0.1561  	-0.4646  	0.09856  	0.18838  	0.00457  	-0.2837  	0.18610  	0.24913  	-0.0213  	0.15027  	0.26629  	-0.0780  	-0.0803  	-0.0778  	0.27523  	-0.0532  	0.05762  	0.00500  	-0.0262  	-0.0761  	-0.0528  	0.03428  	0.01692  	0.06950  	-0.0286  	0.01708  	0.00290  	-0.0001  	0.01441  	-0.0020  	-0.0300  	0.04643  	-0.0013  	-0.0309  	0.02663  	0.00099  	-0.0109  	0.03413  	0.00811  	-0.0069  	-0.0242  	0.03589  	-0.0073  	0.02253  	-0.2797  	
0.01453  	0.01949  	-0.0158  	0.82323  	0.21033  	0.46609  	0.13193  	-0.6121  	0.17567  	0.03255  	-0.1359  	0.34496  	0.11121  	-0.4868  	-0.7528  	0.89614  	-0.1474  	0.32053  	-0.3208  	0.53717  	-0.1706  	-0.1551  	-0.6623  	0.21869  	-0.1339  	-0.1497  	-0.4614  	0.03082  	0.06031  	-0.0931  	-0.2343  	0.21277  	0.24780  	-0.0291  	0.14003  	0.27665  	-0.0498  	-0.0456  	-0.1058  	0.27756  	-0.0087  	0.02464  	0.01295  	-0.0360  	-0.0907  	-0.0453  	0.03438  	0.03168  	0.05403  	-0.0258  	0.01976  	0.00627  	-0.0037  	0.01359  	0.00028  	-0.0345  	0.03897  	0.00636  	-0.0258  	0.02093  	0.00893  	-0.0021  	0.04281  	-0.0034  	-0.0069  	-0.0242  	0.03589  	-0.0073  	0.02253  	-0.2797  	
-0.0488  	-0.0221  	0.03571  	0.50495  	0.09470  	0.36532  	0.17912  	-0.6665  	0.16785  	0.04930  	0.12376  	0.33221  	0.00883  	-0.6230  	-0.9948  	0.88894  	-0.1374  	0.32862  	-0.3021  	0.53903  	-0.1445  	-0.2180  	-0.6540  	0.26354  	-0.1437  	-0.1347  	-0.4282  	-0.0487  	-0.0484  	-0.1114  	-0.2031  	0.24954  	0.25107  	-0.0316  	0.15053  	0.25837  	0.05480  	-0.0121  	-0.1438  	0.28624  	0.02996  	0.03635  	0.03474  	-0.0195  	-0.0911  	-0.0493  	0.03696  	0.01314  	0.04883  	-0.0215  	0.02264  	0.01639  	-0.0017  	0.02420  	0.00704  	-0.0358  	0.03956  	0.00421  	-0.0291  	0.03463  	0.00183  	-0.0149  	0.04292  	-1.0780  	-0.0069  	-0.0242  	0.03589  	-0.0073  	0.02253  	-0.2797  	
-0.3194  	-0.0900  	-0.0319  	0.38054  	-0.0298  	0.28929  	0.13942  	-0.7098  	0.13047  	0.05418  	0.18152  	0.22690  	-0.0585  	-0.7180  	-1.0812  	0.81313  	-0.0926  	0.34816  	-0.2651  	0.45739  	-0.1459  	-0.2386  	-0.5748  	0.24779  	-0.0985  	-0.1417  	-0.3720  	-0.0780  	-0.0100  	-0.1248  	-0.2079  	0.24127  	0.24320  	-0.0610  	0.11731  	0.30669  	0.07792  	-0.0085  	-0.1725  	0.26411  	0.03045  	0.02195  	0.03349  	-0.0085  	-0.0679  	-0.0464  	0.04136  	-0.0155  	0.03713  	-0.0267  	0.01751  	0.01260  	0.00252  	0.02620  	0.00789  	-0.0344  	0.04063  	0.00524  	-0.0230  	0.04033  	0.00340  	-0.0091  	0.02973  	-0.0005  	-0.0069  	-0.0242  	0.03589  	-0.0073  	0.02253  	-0.2797  	
-0.2846  	-0.0623  	-0.0629  	0.31872  	-0.0858  	0.26763  	0.10218  	-0.7225  	0.10994  	0.00321  	0.17439  	0.20685  	-0.0801  	-0.7854  	-1.0753  	0.75867  	-0.0579  	0.32096  	-0.2756  	0.45888  	-0.1354  	-0.2209  	-0.5229  	0.21110  	-0.1289  	-0.1176  	-0.3820  	-0.0613  	-0.0215  	-0.1264  	-0.2094  	0.23768  	0.20992  	-0.0624  	0.07176  	0.29733  	0.09666  	0.00419  	-0.1731  	0.23657  	0.05466  	0.02666  	0.01262  	-0.0249  	-0.0756  	-0.0450  	0.04139  	-0.0066  	0.03647  	-0.0243  	0.00762  	0.01798  	0.00561  	0.02569  	0.00429  	-0.0354  	0.03056  	0.00165  	-0.0250  	0.03603  	0.00434  	-0.0118  	0.02978  	-0.0031  	-0.0069  	-0.0242  	0.03589  	-0.0073  	0.02253  	-0.2797  	
-0.3339  	-0.0660  	-0.0915  	0.32398  	-0.0386  	0.24683  	0.10985  	-0.7254  	0.12430  	0.03472  	0.18472  	0.26691  	-0.0624  	-0.7442  	-1.0705  	0.78511  	-0.0619  	0.32882  	-0.2705  	0.45713  	-0.1640  	-0.2216  	-0.5331  	0.18739  	-0.1565  	-0.1140  	-0.4582  	-0.0122  	-0.0100  	-0.1266  	-0.1988  	0.21078  	0.21877  	-0.0477  	0.06052  	0.29954  	0.06041  	-0.0094  	-0.1629  	0.23933  	0.06111  	0.02847  	0.01930  	-0.0203  	-0.0799  	-0.0447  	0.04154  	0.00089  	0.03548  	-0.0146  	0.00706  	0.01901  	0.00336  	0.02829  	0.00357  	-0.0389  	0.02976  	0.00264  	-0.0261  	0.02986  	0.00329  	-0.0074  	0.03110  	-0.0056  	-0.0069  	-0.0242  	0.03589  	-0.0073  	0.02253  	-0.2797  	
-0.3322  	-0.0542  	-0.1292  	0.44076  	0.03535  	0.23313  	0.08108  	-0.7225  	0.12911  	0.02848  	0.15304  	0.31975  	-0.0542  	-0.6979  	-1.0056  	0.77082  	-0.0693  	0.32821  	-0.2703  	0.43555  	-0.1597  	-0.2227  	-0.5546  	0.19098  	-0.1745  	-0.1201  	-0.4340  	-0.0182  	-0.0059  	-0.1060  	-0.1897  	0.21160  	0.23366  	-0.0480  	0.09417  	0.28491  	0.06367  	-0.0224  	-0.1513  	0.22974  	0.03369  	0.03592  	0.02011  	-0.0186  	-0.0715  	-0.0452  	0.04111  	-0.0083  	0.03467  	-0.0126  	0.01183  	0.01693  	0.00053  	0.02650  	0.00543  	-0.0359  	0.03420  	0.00450  	-0.0246  	0.02791  	0.00189  	-0.0017  	0.03384  	-0.0018  	-0.0069  	-0.0242  	0.03589  	-0.0073  	0.02253  	-0.2797  	
-0.2347  	-0.0555  	-0.0504  	0.44747  	0.02695  	0.31317  	0.09443  	-0.6747  	0.15908  	0.01661  	0.14864  	0.32215  	-0.0098  	-0.6414  	-0.9919  	0.78959  	-0.0876  	0.31159  	-0.2795  	0.46086  	-0.1537  	-0.2342  	-0.5566  	0.22631  	-0.1861  	-0.1182  	-0.4657  	0.01887  	-0.0175  	-0.1284  	-0.1811  	0.22078  	0.25283  	-0.0478  	0.11757  	0.27474  	0.06261  	-0.0229  	-0.1596  	0.24069  	0.02478  	0.02044  	0.02093  	-0.0238  	-0.0801  	-0.0471  	0.03926  	0.00491  	0.04030  	-0.0147  	0.01375  	0.01439  	-0.0007  	0.01944  	0.00336  	-0.0357  	0.03709  	0.00244  	-0.0306  	0.02782  	0.00634  	-0.0042  	0.03589  	-0.0015  	-0.0069  	-0.0242  	0.03589  	-0.0073  	0.02253  	-0.2797  	
-0.0743  	-0.0155  	0.02370  	0.53251  	0.08231  	0.35665  	0.13619  	-0.6842  	0.14661  	0.04911  	0.15744  	0.32111  	-0.0163  	-0.5765  	-0.9782  	0.87172  	-0.1356  	0.33720  	-0.2844  	0.48575  	-0.1229  	-0.2342  	-0.6204  	0.23813  	-0.1700  	-0.1416  	-0.4407  	-0.0309  	-0.0390  	-0.1301  	-0.2099  	0.23126  	0.26534  	-0.0425  	0.18487  	0.29548  	0.08595  	-0.0227  	-0.1702  	0.25640  	0.00702  	0.03539  	0.01934  	-0.0241  	-0.0771  	-0.0508  	0.03785  	0.00159  	0.04856  	-0.0131  	0.01991  	0.01122  	-0.0012  	0.02564  	0.00707  	-0.0315  	0.03331  	0.00475  	-0.0308  	0.03070  	-0.0062  	-0.0031  	0.03348  	-0.0074  	-0.0069  	-0.0242  	0.03589  	-0.0073  	0.02253  	-0.2797  	
0.07072  	0.02195  	0.10101  	0.57423  	0.09183  	0.47322  	0.11254  	-0.6664  	0.16076  	0.07650  	0.20141  	0.30408  	-0.0018  	-0.5501  	-0.9520  	0.93033  	-0.1253  	0.26572  	-0.2821  	0.48057  	-0.0061  	-0.2155  	-0.6428  	0.32199  	-0.2138  	-0.1455  	-0.3693  	-0.1533  	-0.2020  	-0.1308  	-0.2121  	0.27214  	0.28318  	-0.0589  	0.28353  	0.26589  	0.15813  	-0.0185  	-0.2154  	0.26873  	-0.0287  	0.05588  	0.00451  	-0.0221  	-0.0724  	-0.0457  	0.04109  	0.00407  	0.05502  	-0.0144  	0.02612  	0.00716  	-0.0002  	0.02046  	0.00361  	-0.0323  	0.03369  	0.00280  	-0.0306  	0.03318  	0.00023  	-0.0103  	0.03386  	-0.0072  	-0.0069  	-0.0242  	0.03589  	-0.0073  	0.02253  	-0.2797  	
0.20479  	0.05647  	0.17769  	0.69957  	0.18073  	0.41935  	0.15121  	-0.5977  	0.16125  	0.11515  	0.10514  	0.21703  	0.03786  	-0.4192  	-0.7561  	0.85884  	-0.1130  	0.22201  	-0.2628  	0.36504  	-0.0357  	-0.2047  	-0.6114  	0.35540  	-0.1672  	-0.1686  	-0.2833  	-0.2888  	-0.1862  	-0.0918  	-0.2157  	0.29186  	0.25300  	-0.0783  	0.30093  	0.24202  	0.18355  	-0.0078  	-0.2005  	0.27064  	-0.0488  	0.05340  	0.02121  	-0.0062  	-0.0869  	-0.0469  	0.02989  	0.02520  	0.06139  	-0.0128  	0.01402  	0.01765  	0.00239  	0.01970  	0.01107  	-0.0263  	0.03636  	-0.0043  	-0.0376  	0.03946  	0.00395  	-0.0070  	0.03629  	-0.0106  	-0.0069  	-0.0242  	0.03589  	-0.0073  	0.02253  	-0.2797  	
0.26095  	0.11440  	0.19445  	0.64363  	0.12698  	0.47507  	0.17273  	-0.6019  	0.18926  	0.09006  	-0.0081  	0.28584  	0.12001  	-0.3465  	-0.7114  	0.80921  	-0.1263  	0.22738  	-0.2519  	0.37341  	-0.0835  	-0.1025  	-0.5677  	0.21876  	-0.0720  	-0.1564  	-0.3498  	-0.2169  	-0.0800  	-0.0728  	-0.1863  	0.21530  	0.24757  	-0.0376  	0.19994  	0.24406  	0.10044  	-0.0055  	-0.1466  	0.24726  	-0.0151  	0.03478  	0.04129  	0.01140  	-0.0831  	-0.0534  	0.01920  	0.04887  	0.07590  	-0.0205  	0.01975  	0.01426  	-0.0001  	0.02572  	0.00870  	-0.0260  	0.03149  	0.00430  	-0.0380  	0.02856  	-0.0026  	-0.0027  	0.03386  	-0.0146  	-0.0069  	-0.0242  	0.03589  	-0.0073  	0.02253  	-0.2797  	
0.09813  	0.08248  	0.08175  	0.68359  	0.17063  	0.42229  	0.17958  	-0.6102  	0.17327  	0.13978  	-0.1032  	0.18006  	0.16396  	-0.2117  	-0.6061  	0.70511  	-0.0871  	0.18438  	-0.2847  	0.31944  	-0.0921  	-0.0967  	-0.6189  	0.26166  	0.02545  	-0.1844  	-0.2193  	-0.2382  	-0.0263  	-0.0209  	-0.2288  	0.24303  	0.22608  	-0.0500  	0.21855  	0.25098  	0.08862  	-0.0283  	-0.1030  	0.29732  	-0.0338  	0.06215  	0.00848  	-0.0174  	-0.0798  	-0.0423  	0.01374  	0.03247  	0.06626  	-0.0184  	0.01730  	0.01719  	-0.0054  	0.02311  	0.00926  	-0.0220  	0.02563  	0.00129  	-0.0289  	0.03679  	0.01047  	-0.0001  	0.03507  	-0.0131  	-0.0069  	-0.0242  	0.03589  	-0.0073  	0.02253  	-0.2797  	
-0.0702  	-0.0150  	-0.0708  	1.00349  	0.33085  	0.37996  	0.17261  	-0.6057  	0.18276  	0.09911  	0.03480  	0.34502  	0.10194  	-0.2209  	-0.5628  	0.78348  	-0.0788  	0.21383  	-0.2790  	0.47948  	-0.0626  	-0.1939  	-0.6719  	0.36063  	-0.0419  	-0.1634  	-0.2547  	-0.1291  	-0.1009  	-0.0455  	-0.2373  	0.25747  	0.26711  	-0.0511  	0.31048  	0.20638  	0.11090  	-0.0502  	-0.1947  	0.29284  	-0.1132  	0.07362  	-0.0422  	-0.0412  	-0.0697  	-0.0395  	0.03338  	-0.0001  	0.05519  	-0.0051  	0.01312  	0.01094  	-0.0096  	0.02307  	0.00249  	-0.0249  	0.03274  	-0.0052  	-0.0235  	0.03550  	-0.0008  	-0.0009  	0.02325  	-0.0209  	-0.0069  	-0.0242  	0.03589  	-0.0073  	0.02253  	-0.2797  	
-0.1390  	-0.0168  	-0.0887  	0.77818  	0.22459  	0.42846  	0.12914  	-0.6264  	0.16688  	-0.0114  	0.04909  	0.45286  	0.03271  	-0.4620  	-0.7297  	0.83060  	-0.0923  	0.28321  	-0.2892  	0.47402  	-0.0817  	-0.1878  	-0.6106  	0.32772  	-0.1620  	-0.1333  	-0.3975  	-0.0238  	-0.0565  	-0.0930  	-0.2200  	0.24290  	0.26265  	-0.0521  	0.20722  	0.20686  	0.09167  	-0.0210  	-0.1790  	0.26119  	-0.0490  	0.03593  	-0.0156  	-0.0171  	-0.0693  	-0.0448  	0.04091  	-0.0014  	0.04858  	-0.0195  	0.01206  	0.00915  	-0.0045  	0.02379  	0.00427  	-0.0308  	0.03513  	0.00595  	-0.0255  	0.03359  	0.00155  	-0.0064  	0.02725  	-0.0112  	-0.0069  	-0.0242  	0.03589  	-0.0073  	0.02253  	-0.2797  	
-0.0632  	-0.0369  	-0.0039  	0.59603  	0.09586  	0.40030  	0.11365  	-0.6659  	0.17168  	0.00334  	0.09111  	0.32581  	-0.0148  	-0.6074  	-0.8939  	0.87689  	-0.1092  	0.33248  	-0.2663  	0.48421  	-0.1045  	-0.2109  	-0.6041  	0.27597  	-0.1705  	-0.1365  	-0.4178  	-0.0526  	-0.0702  	-0.1117  	-0.2243  	0.25956  	0.26646  	-0.0531  	0.16074  	0.26967  	0.08137  	-0.0221  	-0.1702  	0.23520  	-0.0043  	0.04014  	0.01401  	-0.0240  	-0.0809  	-0.0490  	0.03615  	-0.0001  	0.05700  	-0.0284  	0.01686  	0.01076  	0.00155  	0.02351  	0.00619  	-0.0311  	0.03529  	0.00080  	-0.0227  	0.03244  	0.00234  	-0.0108  	0.03052  	-0.0049  	-0.0069  	-0.0242  	0.03589  	-0.0073  	0.02253  	-0.2797  	
0.02657  	-0.0162  	0.04708  	0.59580  	0.12720  	0.40340  	0.13611  	-0.6946  	0.15945  	0.06162  	0.13605  	0.35239  	-0.0274  	-0.6133  	-1.0007  	0.90452  	-0.1295  	0.33325  	-0.2805  	0.49160  	-0.1179  	-0.2217  	-0.6102  	0.28284  	-0.1463  	-0.1525  	-0.3895  	-0.0462  	-0.0609  	-0.1032  	-0.2092  	0.25486  	0.24441  	-0.0504  	0.20168  	0.29115  	0.10570  	-0.0264  	-0.1759  	0.26025  	-0.0044  	0.03732  	0.01319  	-0.0211  	-0.0741  	-0.0452  	0.03222  	0.00395  	0.05648  	-0.0166  	0.02409  	0.01080  	0.00139  	0.02256  	0.00449  	-0.0295  	0.04071  	0.00473  	-0.0267  	0.03131  	-0.0009  	-0.0082  	0.03567  	-0.0057  	-0.0069  	-0.0242  	0.03589  	-0.0073  	0.02253  	-0.2797  	
-0.0043  	-0.0062  	0.09563  	0.59213  	0.10511  	0.37067  	0.11438  	-0.6221  	0.13635  	0.08277  	0.17846  	0.31881  	-0.0048  	-0.6719  	-1.0271  	0.89437  	-0.0665  	0.18395  	-0.2021  	0.28507  	-0.0659  	-0.4103  	-0.8556  	0.27204  	-0.1517  	-0.0884  	-0.3754  	-0.1124  	0.01659  	-0.1133  	-0.1322  	0.22428  	0.15215  	-0.1841  	0.13745  	0.30967  	0.03212  	-0.0193  	-0.2602  	0.20065  	0.05919  	0.15271  	-0.0769  	0.04635  	-0.1292  	-0.0285  	0.01295  	0.02781  	0.04005  	-0.0320  	0.02473  	0.01487  	0.00221  	0.03571  	0.01612  	-0.0331  	0.03820  	-0.0043  	-0.0278  	0.03716  	0.00265  	-0.0132  	0.02410  	-0.0049  	-0.0069  	-0.0242  	0.03589  	-0.0073  	0.02253  	-0.2797  	
0.01193  	-0.0060  	0.13118  	0.60359  	0.07817  	0.37099  	0.08109  	-0.5698  	0.12345  	0.04496  	0.20171  	0.33977  	0.03101  	-0.7134  	-0.9804  	0.84357  	0.02192  	0.06839  	-0.1420  	0.09760  	0.02455  	-0.5516  	-1.0073  	0.28763  	-0.2073  	-0.0269  	-0.3664  	-0.2180  	0.03807  	-0.1443  	-0.0610  	0.19574  	0.09786  	-0.2965  	0.09791  	0.25851  	-0.0014  	-0.0104  	-0.3371  	0.14822  	0.12298  	0.23017  	-0.1459  	0.09986  	-0.1640  	-0.0191  	-0.0035  	0.04662  	0.03457  	-0.0418  	0.02507  	0.02127  	0.00110  	0.04688  	0.02050  	-0.0329  	0.03448  	-0.0119  	-0.0294  	0.04446  	0.00797  	-0.0203  	0.01007  	-0.0068  	-0.0069  	-0.0242  	0.03589  	-0.0073  	0.02253  	-0.2797  	
-0.0493  	0.00374  	0.07046  	0.59375  	0.10699  	0.31983  	0.08633  	-0.5765  	0.13025  	0.05720  	0.16771  	0.36731  	0.09208  	-0.6728  	-0.9695  	0.76760  	0.01910  	0.07093  	-0.1543  	0.09292  	-0.0409  	-0.6100  	-1.0802  	0.23566  	-0.1952  	0.00387  	-0.4391  	-0.1639  	0.11798  	-0.1322  	-0.0331  	0.14725  	0.10279  	-0.3152  	0.05947  	0.25854  	-0.0730  	-0.0259  	-0.3296  	0.12236  	0.14501  	0.23627  	-0.1557  	0.10065  	-0.1684  	-0.0136  	-0.0041  	0.04587  	0.02602  	-0.0381  	0.03058  	0.02031  	-0.0014  	0.04430  	0.01806  	-0.0328  	0.03078  	-0.0146  	-0.0286  	0.04314  	0.00349  	-0.0160  	0.01625  	-0.0072  	-0.0069  	-0.0242  	0.03589  	-0.0073  	0.02253  	-0.2797  	
-0.2523  	-0.0356  	-0.0270  	0.46978  	0.02217  	0.25513  	0.07412  	-0.6508  	0.10055  	-0.0087  	0.19004  	0.31679  	0.02737  	-0.7309  	-0.9489  	0.66752  	0.04563  	0.09416  	-0.1826  	0.06368  	-0.0242  	-0.5440  	-0.9424  	0.24012  	-0.2309  	0.02000  	-0.4300  	-0.1530  	0.11955  	-0.1569  	-0.0272  	0.16345  	0.09798  	-0.2933  	0.03065  	0.25380  	-0.0594  	-0.0171  	-0.3264  	0.13363  	0.13964  	0.22003  	-0.1392  	0.08892  	-0.1612  	-0.0178  	-0.0001  	0.02578  	0.01662  	-0.0400  	0.02713  	0.02440  	0.00394  	0.04526  	0.01829  	-0.0359  	0.03107  	-0.0121  	-0.0282  	0.03942  	0.01122  	-0.0136  	0.01213  	0.00235  	-0.0069  	-0.0242  	0.03589  	-0.0073  	0.02253  	-0.2797  	
-0.2322  	-0.0490  	-0.0094  	0.42027  	-0.0367  	0.29125  	0.06314  	-0.6272  	0.11473  	-0.0608  	0.18506  	0.26295  	-0.0179  	-0.7321  	-0.9230  	0.71379  	0.01885  	0.15776  	-0.2380  	0.21848  	-0.0230  	-0.3759  	-0.6840  	0.27277  	-0.2332  	-0.0347  	-0.3732  	-0.1638  	-0.0039  	-0.1543  	-0.1034  	0.20425  	0.15762  	-0.1984  	0.08475  	0.22534  	0.04527  	0.00966  	-0.2765  	0.16536  	0.08190  	0.14521  	-0.0819  	0.03017  	-0.1183  	-0.0297  	0.02272  	0.00365  	0.02487  	-0.0227  	0.01438  	0.02465  	-0.0007  	0.03484  	0.01272  	-0.0355  	0.03022  	-0.0065  	-0.0258  	0.03355  	0.00748  	-0.0085  	0.01941  	-0.0005  	-0.0069  	-0.0242  	0.03589  	-0.0073  	0.02253  	-0.2797  	
-0.2737  	-0.0668  	-0.0546  	0.37521  	-0.0421  	0.28110  	0.12037  	-0.7142  	0.15353  	0.02579  	0.15657  	0.26022  	-0.0390  	-0.6917  	-1.0348  	0.77482  	-0.0656  	0.31278  	-0.2868  	0.43045  	-0.1485  	-0.2116  	-0.5131  	0.20855  	-0.2152  	-0.1070  	-0.4626  	-0.0330  	-0.0203  	-0.1495  	-0.1888  	0.22612  	0.24548  	-0.0593  	0.07590  	0.27028  	0.07575  	-9.6464  	-0.1720  	0.25462  	0.05935  	0.02274  	0.03413  	-0.0174  	-0.0829  	-0.0461  	0.03932  	0.00332  	0.03383  	-0.0103  	0.00341  	0.01817  	-0.0033  	0.02689  	0.00695  	-0.0374  	0.02833  	0.00040  	-0.0272  	0.02727  	0.00115  	-0.0033  	0.03113  	-0.0025  	-0.0069  	-0.0242  	0.03589  	-0.0073  	0.02253  	-0.2797  	
-0.1955  	-0.0449  	-0.0070  	0.39312  	-0.0333  	0.28461  	0.12764  	-0.6808  	0.15745  	0.09868  	0.19681  	0.31272  	-0.0334  	-0.6680  	-1.1003  	0.87399  	-0.1197  	0.37170  	-0.2816  	0.50829  	-0.2080  	-0.2316  	-0.6072  	0.16247  	-0.1953  	-0.1185  	-0.5282  	0.02969  	0.00594  	-0.1434  	-0.1818  	0.21668  	0.25813  	-0.0490  	0.10295  	0.31133  	0.03213  	-0.0237  	-0.1462  	0.24942  	0.06134  	0.02497  	0.03311  	-0.0122  	-0.0830  	-0.0466  	0.04328  	0.01178  	0.04204  	-0.0231  	0.02102  	0.01380  	0.00280  	0.01980  	0.01102  	-0.0417  	0.03812  	0.00654  	-0.0309  	0.02877  	0.00198  	-0.0045  	0.03565  	0.00290  	-0.0069  	-0.0242  	0.03589  	-0.0073  	0.02253  	-0.2797  	
-0.3354  	-0.0929  	-0.0898  	0.35965  	-0.0560  	0.20137  	0.12072  	-0.7267  	0.13753  	0.11268  	0.26784  	0.25136  	-0.0246  	-0.6715  	-1.1169  	0.78738  	-0.0977  	0.31429  	-0.2958  	0.50262  	-0.1616  	-0.2442  	-0.6033  	0.24623  	-0.1299  	-0.1361  	-0.4292  	-0.0018  	-0.0216  	-0.1241  	-0.1874  	0.23408  	0.23775  	-0.0503  	0.14344  	0.32238  	0.06327  	-0.0266  	-0.1750  	0.25072  	0.02287  	0.03302  	0.01933  	-0.0245  	-0.0620  	-0.0508  	0.04367  	-0.0132  	0.04265  	-0.0143  	0.02243  	0.01672  	-0.0011  	0.02135  	0.00517  	-0.0352  	0.02990  	0.01015  	-0.0298  	0.02806  	0.00560  	-0.0063  	0.03508  	-0.0019  	-0.0069  	-0.0242  	0.03589  	-0.0073  	0.02253  	-0.2797  	
-0.3683  	-0.1248  	-0.1807  	0.31852  	-0.0681  	0.19807  	0.12185  	-0.7269  	0.13207  	0.06035  	0.23950  	0.26411  	-0.0844  	-0.6834  	-1.0594  	0.70782  	-0.0861  	0.30606  	-0.2812  	0.45304  	-0.1213  	-0.2485  	-0.5661  	0.23319  	-0.1414  	-0.1215  	-0.3993  	-0.0669  	-0.0194  	-0.1277  	-0.1952  	0.21935  	0.22020  	-0.0521  	0.14143  	0.31296  	0.08867  	-0.0157  	-0.1720  	0.23851  	0.02681  	0.03206  	0.00796  	-0.0169  	-0.0610  	-0.0489  	0.03528  	-0.0127  	0.03044  	-0.0136  	0.00913  	0.01702  	-0.0042  	0.02193  	0.00706  	-0.0357  	0.03372  	0.00829  	-0.0314  	0.02955  	0.00122  	-0.0116  	0.03442  	-0.0043  	-0.0069  	-0.0242  	0.03589  	-0.0073  	0.02253  	-0.2797  	
-0.2920  	-0.0834  	-0.0739  	0.34701  	-0.0501  	0.28479  	0.07876  	-0.6899  	0.14503  	0.03251  	0.20724  	0.29475  	-0.0347  	-0.7082  	-1.0404  	0.79105  	-0.0527  	0.30879  	-0.2853  	0.45636  	-0.1099  	-0.2348  	-0.5084  	0.20327  	-0.1883  	-0.1079  	-0.4624  	-0.0329  	-0.0356  	-0.1367  	-0.1913  	0.21652  	0.22988  	-0.0601  	0.08668  	0.27269  	0.08726  	-0.0117  	-0.1570  	0.22948  	0.04896  	0.01986  	0.02315  	-0.0255  	-0.0771  	-0.0463  	0.04639  	-0.0022  	0.03442  	-0.0102  	0.01097  	0.01588  	0.00141  	0.02344  	0.00567  	-0.0380  	0.03089  	0.00603  	-0.0257  	0.02974  	0.00457  	-0.0056  	0.03185  	-0.0046  	-0.0069  	-0.0242  	0.03589  	-0.0073  	0.02253  	-0.2797  	
-0.2578  	-0.0338  	-0.0628  	0.46380  	0.03553  	0.27271  	0.09386  	-0.6556  	0.15687  	0.04858  	0.16360  	0.37174  	-0.0330  	-0.6176  	-0.9592  	0.78216  	-0.0802  	0.32940  	-0.2951  	0.46406  	-0.1230  	-0.2406  	-0.5492  	0.22017  	-0.2255  	-0.1170  	-0.4703  	-0.0013  	-0.0188  	-0.1314  	-0.1858  	0.21227  	0.26100  	-0.0520  	0.10596  	0.25017  	0.04671  	-0.0295  	-0.1401  	0.23952  	0.03262  	0.02571  	0.03504  	-0.0234  	-0.0755  	-0.0451  	0.04398  	-0.0035  	0.03761  	-0.0099  	0.00885  	0.01175  	-0.0040  	0.02444  	0.00281  	-0.0390  	0.03397  	0.00486  	-0.0314  	0.02714  	-0.0007  	0.00125  	0.03493  	-0.0024  	-0.0069  	-0.0242  	0.03589  	-0.0073  	0.02253  	-0.2797  	
-0.0768  	0.01202  	0.00628  	0.69072  	0.14621  	0.39815  	0.08558  	-0.5944  	0.18140  	-0.0138  	0.06836  	0.40783  	0.01151  	-0.4826  	-0.7576  	0.83168  	-0.0821  	0.28707  	-0.2800  	0.46904  	-0.0503  	-0.2566  	-0.5662  	0.32232  	-0.2415  	-0.1181  	-0.4123  	-0.0814  	-0.1154  	-0.1427  	-0.1968  	0.23456  	0.27444  	-0.0459  	0.19472  	0.18257  	0.09846  	-0.0195  	-0.1814  	0.25589  	-0.0235  	0.02583  	0.02112  	-0.0181  	-0.0820  	-0.0490  	0.03629  	0.00790  	0.04938  	-0.0050  	0.01819  	0.01160  	-0.0066  	0.02278  	0.00417  	-0.0286  	0.02910  	0.00114  	-0.0313  	0.02990  	0.00466  	0.00391  	0.02796  	-0.0080  	-0.0069  	-0.0242  	0.03589  	-0.0073  	0.02253  	-0.2797  	
0.04234  	0.01064  	0.03101  	0.84046  	0.18438  	0.49596  	0.12061  	-0.5721  	0.19069  	-0.0132  	-0.0306  	0.36860  	0.07327  	-0.3714  	-0.6445  	0.81969  	-0.1181  	0.27698  	-0.2966  	0.46057  	-0.0745  	-0.1994  	-0.6185  	0.32144  	-0.1827  	-0.1509  	-0.3874  	-0.0687  	-0.0657  	-0.0946  	-0.2093  	0.24240  	0.28166  	-0.0443  	0.23712  	0.19649  	0.05112  	-0.0392  	-0.1447  	0.29505  	-0.0485  	0.04789  	0.00214  	-0.0149  	-0.0721  	-0.0494  	0.02064  	0.01186  	0.04154  	-0.0090  	0.02309  	0.00947  	-0.0069  	0.02160  	0.00663  	-0.0252  	0.03557  	0.00829  	-0.0286  	0.02378  	0.00321  	0.00499  	0.03137  	-0.0038  	-0.0069  	-0.0242  	0.03589  	-0.0073  	0.02253  	-0.2797  	
0.11569  	0.06477  	0.11400  	0.77507  	0.15996  	0.55622  	0.14131  	-0.5473  	0.21750  	-0.0147  	-0.0804  	0.29774  	0.07598  	-0.3347  	-0.6411  	0.83679  	-0.1005  	0.25058  	-0.2842  	0.44004  	-0.0185  	-0.1483  	-0.5903  	0.28088  	-0.1347  	-0.1539  	-0.3625  	-0.0938  	-0.0514  	-0.0911  	-0.2165  	0.24806  	0.26960  	-0.0361  	0.23135  	0.18811  	0.06374  	-0.0244  	-0.1397  	0.26333  	-0.0434  	0.04004  	0.00444  	-0.0247  	-0.0781  	-0.0418  	0.02525  	0.01755  	0.05820  	-0.0147  	0.02353  	0.01257  	-0.0008  	0.01995  	0.00783  	-0.0242  	0.02873  	0.00281  	-0.0262  	0.02981  	0.00587  	-0.0038  	0.03435  	-0.0039  	-0.0069  	-0.0242  	0.03589  	-0.0073  	0.02253  	-0.2797  	
0.16269  	0.06091  	0.14831  	0.74055  	0.11742  	0.51537  	0.13727  	-0.5630  	0.23460  	0.01926  	0.06263  	0.34550  	0.03342  	-0.4188  	-0.7551  	0.94073  	-0.1043  	0.26140  	-0.2814  	0.42223  	0.02250  	-0.1752  	-0.5783  	0.27773  	-0.1191  	-0.1676  	-0.3849  	-0.1491  	-0.0717  	-0.0831  	-0.2346  	0.25412  	0.25288  	-0.0490  	0.23931  	0.20078  	0.10080  	-0.0053  	-0.1709  	0.23912  	-0.0252  	0.03260  	0.01473  	-0.0349  	-0.0821  	-0.0438  	0.02368  	0.01851  	0.05932  	-0.0244  	0.02296  	0.01024  	0.00600  	0.01931  	0.00586  	-0.0207  	0.02863  	0.00462  	-0.0308  	0.03064  	0.00094  	-0.0048  	0.03255  	-0.0084  	-0.0069  	-0.0242  	0.03589  	-0.0073  	0.02253  	-0.2797  	
0.10243  	0.03906  	0.06906  	0.83148  	0.16449  	0.49670  	0.13843  	-0.5718  	0.19508  	-0.0023  	0.00829  	0.34968  	0.04025  	-0.3950  	-0.7204  	0.83923  	-0.1008  	0.25124  	-0.2961  	0.41233  	0.00287  	-0.1429  	-0.6142  	0.27101  	-0.0776  	-0.1699  	-0.3147  	-0.1261  	-0.0361  	-0.0703  	-0.2609  	0.24689  	0.23429  	-0.0540  	0.22833  	0.22027  	0.12454  	-0.0210  	-0.1394  	0.24176  	-0.0536  	0.04650  	0.01266  	-0.0326  	-0.0697  	-0.0437  	0.02457  	0.01938  	0.06126  	-0.0275  	0.02093  	0.01365  	4.20890  	0.01900  	0.00824  	-0.0226  	0.02959  	0.00291  	-0.0221  	0.03362  	-0.0005  	-0.0125  	0.02925  	-0.0069  	-0.0069  	-0.0242  	0.03589  	-0.0073  	0.02253  	-0.2797  	
0.02017  	0.02409  	-0.0239  	0.85451  	0.20717  	0.45270  	0.11056  	-0.6228  	0.17210  	-0.0144  	-0.0252  	0.38075  	0.04124  	-0.4041  	-0.6705  	0.78565  	-0.0791  	0.25684  	-0.2910  	0.42526  	-0.0693  	-0.1599  	-0.5944  	0.28220  	-0.0831  	-0.1455  	-0.3258  	-0.0612  	-0.0198  	-0.0577  	-0.2473  	0.22584  	0.23930  	-0.0429  	0.21651  	0.21368  	0.08308  	-0.0320  	-0.1346  	0.25604  	-0.0785  	0.05247  	-0.0117  	-0.0314  	-0.0783  	-0.0463  	0.02956  	0.00393  	0.05080  	-0.0136  	0.02148  	0.00857  	-0.0032  	0.02323  	0.00925  	-0.0244  	0.03498  	0.00326  	-0.0283  	0.02986  	-0.0005  	-0.0005  	0.03697  	-0.0042  	-0.0069  	-0.0242  	0.03589  	-0.0073  	0.02253  	-0.2797  	
0.10855  	0.04332  	0.07758  	0.76187  	0.12766  	0.50957  	0.14711  	-0.5764  	0.19359  	-0.0415  	-0.0046  	0.28632  	0.08799  	-0.3554  	-0.6342  	0.79864  	-0.1109  	0.25029  	-0.2940  	0.43246  	0.02211  	-0.1885  	-0.5802  	0.27443  	-0.1261  	-0.1564  	-0.3291  	-0.1659  	-0.0783  	-0.0820  	-0.2294  	0.24002  	0.25644  	-0.0378  	0.26188  	0.19948  	0.12609  	-0.0186  	-0.1719  	0.24925  	-0.0587  	0.05821  	0.00446  	-0.0183  	-0.0684  	-0.0448  	0.03245  	0.00268  	0.04881  	-0.0131  	0.01920  	0.01492  	0.00114  	0.02530  	0.00806  	-0.0220  	0.03030  	0.00714  	-0.0301  	0.03017  	0.00408  	-0.0025  	0.02923  	-0.0066  	-0.0069  	-0.0242  	0.03589  	-0.0073  	0.02253  	-0.2797  	
0.21008  	0.07222  	0.19751  	0.72137  	0.07946  	0.50069  	0.15926  	-0.5408  	0.21171  	0.01110  	0.06124  	0.27963  	0.04316  	-0.3580  	-0.6825  	0.81431  	-0.0904  	0.22900  	-0.2848  	0.40679  	0.05862  	-0.1489  	-0.5497  	0.29644  	-0.1760  	-0.1579  	-0.3594  	-0.2385  	-0.1467  	-0.1054  	-0.2217  	0.24950  	0.25996  	-0.0407  	0.26380  	0.19037  	0.17585  	-0.0025  	-0.1837  	0.23893  	-0.0493  	0.05240  	0.01202  	-0.0259  	-0.0780  	-0.0394  	0.02593  	0.02084  	0.05883  	-0.0143  	0.01517  	0.01397  	-0.0051  	0.02252  	0.00618  	-0.0222  	0.03143  	0.00541  	-0.0324  	0.02877  	-0.0026  	0.00010  	0.03181  	-0.0132  	-0.0069  	-0.0242  	0.03589  	-0.0073  	0.02253  	-0.2797  	
0.29402  	0.07191  	0.15332  	0.66550  	0.10516  	0.43628  	0.17154  	-0.5135  	0.20367  	0.02686  	0.16888  	0.29248  	0.03599  	-0.4571  	-0.7924  	0.87001  	-0.1030  	0.20701  	-0.2632  	0.41650  	0.10361  	-0.1495  	-0.5613  	0.34255  	-0.1737  	-0.1542  	-0.2903  	-0.2609  	-0.2306  	-0.1189  	-0.2328  	0.27093  	0.25279  	-0.0629  	0.31230  	0.21238  	0.21163  	0.03066  	-0.2178  	0.22814  	-0.0458  	0.05578  	0.02471  	-0.0157  	-0.0849  	-0.0404  	0.02727  	0.02942  	0.06187  	-0.0192  	0.01033  	0.01881  	0.00149  	0.03022  	0.00957  	-0.0244  	0.02337  	0.00053  	-0.0334  	0.02955  	-0.0011  	0.00122  	0.02900  	-0.0157  	-0.0069  	-0.0242  	0.03589  	-0.0073  	0.02253  	-0.2797  	
0.12728  	0.02359  	0.15475  	0.62896  	0.09916  	0.43110  	0.11350  	-0.5651  	0.17497  	0.05483  	0.23382  	0.35751  	-0.0155  	-0.5535  	-0.9755  	0.92785  	-0.0896  	0.24089  	-0.2606  	0.45436  	0.05321  	-0.1627  	-0.6217  	0.33403  	-0.1458  	-0.1757  	-0.3073  	-0.1903  	-0.1920  	-0.1284  	-0.2417  	0.26507  	0.24408  	-0.0561  	0.25503  	0.23157  	0.19764  	0.01028  	-0.1893  	0.27853  	-0.0390  	0.03810  	0.01422  	-0.0168  	-0.0795  	-0.0454  	0.03670  	0.01601  	0.06055  	-0.0200  	0.01750  	0.01185  	-0.0024  	0.02809  	0.00707  	-0.0333  	0.02958  	0.00117  	-0.0390  	0.03435  	-0.0065  	-0.0117  	0.03202  	-0.0082  	-0.0069  	-0.0242  	0.03589  	-0.0073  	0.02253  	-0.2797  	
-0.0166  	-0.0372  	0.08514  	0.50864  	0.02329  	0.41357  	0.14012  	-0.6570  	0.15789  	0.06269  	0.21915  	0.26389  	-0.0494  	-0.6304  	-1.0622  	0.91084  	-0.1191  	0.29128  	-0.2675  	0.47277  	-0.0213  	-0.2145  	-0.6112  	0.30773  	-0.1280  	-0.1633  	-0.3201  	-0.1313  	-0.1171  	-0.1285  	-0.2191  	0.28442  	0.22485  	-0.0604  	0.21900  	0.30541  	0.16476  	0.01850  	-0.2055  	0.25047  	0.01057  	0.04705  	0.02251  	-0.0231  	-0.0724  	-0.0486  	0.03153  	0.00619  	0.05219  	-0.0208  	0.01925  	0.01279  	0.00016  	0.02617  	0.00990  	-0.0338  	0.03970  	0.00508  	-0.0283  	0.03382  	-0.0026  	-0.0092  	0.03628  	-0.0040  	-0.0069  	-0.0242  	0.03589  	-0.0073  	0.02253  	-0.2797  	
-0.1198  	-0.0163  	-0.0041  	0.48379  	0.02956  	0.31984  	0.13833  	-0.7158  	0.14165  	0.03088  	0.12988  	0.26535  	-0.0551  	-0.6463  	-1.0295  	0.81329  	-0.1271  	0.30907  	-0.2750  	0.49067  	-0.1048  	-0.2404  	-0.5791  	0.21473  	-0.1426  	-0.1364  	-0.4152  	-0.0345  	-0.0440  	-0.1053  	-0.2161  	0.23416  	0.21789  	-0.0490  	0.18180  	0.32380  	0.10042  	-0.0044  	-0.1776  	0.25238  	0.03094  	0.04181  	0.01796  	-0.0185  	-0.0752  	-0.0402  	0.03049  	-0.0035  	0.03767  	-0.0198  	0.01906  	0.01614  	0.00134  	0.01916  	0.01129  	-0.0341  	0.03870  	0.00941  	-0.0285  	0.02681  	-0.0003  	-0.0071  	0.03726  	-0.0037  	-0.0069  	-0.0242  	0.03589  	-0.0073  	0.02253  	-0.2797  	
-0.2172  	-0.0393  	-0.0673  	0.46933  	0.01812  	0.25895  	0.11740  	-0.7143  	0.12677  	0.03114  	0.12668  	0.27802  	-0.0383  	-0.6465  	-0.9505  	0.76607  	-0.1090  	0.33618  	-0.2906  	0.48465  	-0.1548  	-0.2199  	-0.5704  	0.22693  	-0.1189  	-0.1353  	-0.4451  	-0.0120  	0.00219  	-0.1098  	-0.2003  	0.22227  	0.21480  	-0.0438  	0.14084  	0.31053  	0.05225  	-0.0235  	-0.1569  	0.25667  	0.03172  	0.03136  	-0.0039  	-0.0314  	-0.0673  	-0.0387  	0.03451  	-0.0101  	0.04318  	-0.0151  	0.01246  	0.00987  	0.00401  	0.01827  	0.00671  	-0.0339  	0.03720  	0.01184  	-0.0307  	0.02391  	0.00607  	-0.0092  	0.03699  	-0.0039  	-0.0069  	-0.0242  	0.03589  	-0.0073  	0.02253  	-0.2797  	
-0.2304  	-0.0405  	-0.0790  	0.47559  	0.02469  	0.27866  	0.09253  	-0.6923  	0.13494  	-0.0061  	0.18799  	0.30355  	-0.0429  	-0.6224  	-0.9140  	0.74943  	-0.0857  	0.28625  	-0.3022  	0.44605  	-0.0955  	-0.2069  	-0.5416  	0.22724  	-0.1734  	-0.1240  	-0.4347  	-0.0214  	-0.0350  	-0.1218  	-0.2125  	0.23129  	0.23989  	-0.0447  	0.14735  	0.26617  	0.08915  	-0.0091  	-0.1737  	0.22573  	0.02394  	0.04785  	0.01336  	-0.0369  	-0.0694  	-0.0403  	0.03929  	-0.0202  	0.03799  	-0.0123  	0.00859  	0.01409  	0.00127  	0.02236  	0.00173  	-0.0338  	0.03473  	0.00646  	-0.0261  	0.02447  	0.00706  	-0.0017  	0.02749  	-0.0042  	-0.0069  	-0.0242  	0.03589  	-0.0073  	0.02253  	-0.2797  	
-0.2497  	-0.0436  	-0.1053  	0.48908  	0.05516  	0.25240  	0.08932  	-0.6918  	0.14828  	0.01066  	0.19050  	0.33509  	-0.0494  	-0.6398  	-0.9542  	0.75685  	-0.0897  	0.28583  	-0.3035  	0.42612  	-0.1009  	-0.2249  	-0.5446  	0.21084  	-0.2165  	-0.1206  	-0.4482  	-0.0146  	-0.0350  	-0.1234  	-0.1989  	0.21928  	0.25036  	-0.0477  	0.14888  	0.25687  	0.08557  	-0.0133  	-0.1715  	0.22769  	0.03879  	0.04815  	0.01268  	-0.0329  	-0.0695  	-0.0441  	0.04047  	-0.0147  	0.03954  	-0.0103  	0.01220  	0.01730  	0.00269  	0.02537  	0.00305  	-0.0327  	0.03560  	0.00577  	-0.0228  	0.02610  	0.00524  	-0.0013  	0.02875  	-0.0039  	-0.0069  	-0.0242  	0.03589  	-0.0073  	0.02253  	-0.2797  	
-0.1301  	0.00015  	-0.0264  	0.54623  	0.06948  	0.29301  	0.09072  	-0.6417  	0.18182  	0.00499  	0.23244  	0.38312  	-0.0388  	-0.5208  	-0.8674  	0.79946  	-0.0810  	0.27875  	-0.3021  	0.46141  	-0.0044  	-0.2517  	-0.5574  	0.26654  	-0.2609  	-0.1239  	-0.4642  	-0.0842  	-0.1054  	-0.1607  	-0.2078  	0.23001  	0.26516  	-0.0458  	0.20232  	0.18464  	0.13854  	-0.0014  	-0.1985  	0.22927  	0.01306  	0.03470  	0.00140  	-0.0355  	-0.0775  	-0.0410  	0.04195  	-0.0088  	0.03443  	-0.0046  	0.01018  	0.01714  	-0.0022  	0.02346  	0.00328  	-0.0310  	0.02649  	0.00191  	-0.0316  	0.02874  	0.01001  	-0.0012  	0.02867  	-0.0073  	-0.0069  	-0.0242  	0.03589  	-0.0073  	0.02253  	-0.2797  	
-0.0062  	0.06306  	0.06497  	0.60547  	0.05373  	0.36422  	0.09747  	-0.5692  	0.22378  	-0.0018  	0.19234  	0.40486  	0.02868  	-0.4270  	-0.8526  	0.87244  	-0.0917  	0.26152  	-0.3004  	0.49171  	0.03389  	-0.2471  	-0.5673  	0.24310  	-0.2538  	-0.1144  	-0.4618  	-0.0908  	-0.1428  	-0.1634  	-0.1842  	0.22368  	0.29703  	-0.0497  	0.20443  	0.16462  	0.13171  	-0.0065  	-0.1817  	0.21783  	-0.0008  	0.02743  	0.01877  	-0.0317  	-0.0696  	-0.0491  	0.04597  	-0.0020  	0.04114  	-0.0039  	0.00665  	0.01298  	-0.0006  	0.02247  	-0.0026  	-0.0254  	0.02961  	-0.0022  	-0.0349  	0.02893  	0.00978  	0.01056  	0.02760  	-0.0042  	-0.0069  	-0.0242  	0.03589  	-0.0073  	0.02253  	-0.2797  	
-0.0657  	0.06120  	0.02062  	0.58071  	0.06115  	0.33036  	0.12093  	-0.5508  	0.21312  	0.01911  	0.18954  	0.34995  	0.05318  	-0.3680  	-0.8980  	0.88296  	-0.1234  	0.30677  	-0.2980  	0.50555  	-0.0159  	-0.2242  	-0.6104  	0.24778  	-0.2216  	-0.1186  	-0.4690  	-0.0539  	-0.0816  	-0.1473  	-0.1786  	0.20608  	0.30822  	-0.0460  	0.20228  	0.20184  	0.09594  	-0.0293  	-0.1593  	0.22910  	0.00265  	0.03907  	0.01750  	-0.0344  	-0.0724  	-0.0485  	0.04204  	0.01137  	0.04033  	-0.0085  	0.00621  	0.01365  	-0.0014  	0.01975  	-1.9513  	-0.0274  	0.02634  	-0.0037  	-0.0336  	0.02897  	0.01597  	0.00564  	0.02874  	-0.0033  	-0.0069  	-0.0242  	0.03589  	-0.0073  	0.02253  	-0.2797  	
-0.2304  	-0.0903  	-0.2413  	0.72796  	0.26371  	0.20887  	0.14195  	-0.6523  	0.15163  	0.10507  	0.18433  	0.45536  	0.06623  	-0.4320  	-0.9343  	0.80509  	-0.1716  	0.34785  	-0.3293  	0.57690  	-0.1956  	-0.2715  	-0.7525  	0.24199  	-0.1439  	-0.1222  	-0.5427  	0.10726  	0.06731  	-0.1005  	-0.2047  	0.17986  	0.27992  	-0.0351  	0.19831  	0.28016  	-0.0350  	-0.0796  	-0.1123  	0.27457  	-0.0483  	0.05233  	-0.0143  	-0.0457  	-0.0664  	-0.0471  	0.04130  	-0.0077  	0.05637  	-0.0177  	0.01546  	0.00850  	-0.0027  	0.02227  	0.00279  	-0.0356  	0.03571  	0.00267  	-0.0304  	0.02640  	-0.0021  	-0.0096  	0.04063  	-0.0078  	-0.0069  	-0.0242  	0.03589  	-0.0073  	0.02253  	-0.2797  	
-0.2008  	-0.0836  	-0.1833  	0.73821  	0.26223  	0.20577  	0.11249  	-0.6341  	0.17343  	0.05987  	0.19142  	0.50189  	0.06216  	-0.4104  	-0.7794  	0.79131  	-0.1455  	0.27364  	-0.3183  	0.54826  	-0.1137  	-0.2739  	-0.7323  	0.30561  	-0.2338  	-0.1303  	-0.5061  	0.05779  	-0.0647  	-0.1431  	-0.1998  	0.20458  	0.29354  	-0.0326  	0.25417  	0.22369  	0.01296  	-0.0758  	-0.1648  	0.29184  	-0.0623  	0.05392  	-0.0442  	-0.0384  	-0.0768  	-0.0442  	0.04134  	-0.0185  	0.04191  	-0.0062  	0.02262  	0.00738  	-0.0021  	0.01932  	0.00259  	-0.0295  	0.03089  	0.00503  	-0.0294  	0.02651  	-0.0012  	-0.0009  	0.02397  	-0.0089  	-0.0069  	-0.0242  	0.03589  	-0.0073  	0.02253  	-0.2797  	
0.13261  	0.07663  	0.10239  	0.80578  	0.22731  	0.47302  	0.15360  	-0.5558  	0.16761  	0.01055  	-0.1390  	0.36920  	0.14426  	-0.1862  	-0.5025  	0.69446  	-0.0882  	0.23628  	-0.3244  	0.37977  	-0.0755  	-0.1324  	-0.5925  	0.33534  	-0.1682  	-0.1498  	-0.3052  	-0.1678  	-0.0561  	-0.0817  	-0.2009  	0.21796  	0.27174  	-0.0477  	0.22142  	0.19063  	0.07520  	-0.0330  	-0.1399  	0.27819  	-0.0542  	0.05703  	0.00288  	-0.0183  	-0.0724  	-0.0437  	0.03729  	0.01945  	0.06779  	-0.0258  	0.01143  	0.01818  	-0.0024  	0.01909  	0.00187  	-0.0250  	0.02302  	-0.0038  	-0.0243  	0.03016  	0.00987  	0.00621  	0.01842  	-0.0138  	-0.0069  	-0.0242  	0.03589  	-0.0073  	0.02253  	-0.2797  	
0.19461  	0.10078  	0.14530  	0.76677  	0.14404  	0.48590  	0.19050  	-0.5882  	0.18672  	0.04707  	-0.1912  	0.15222  	0.16686  	-0.2774  	-0.5678  	0.67251  	-0.0694  	0.18496  	-0.3029  	0.34265  	-0.1169  	-0.0911  	-0.5242  	0.27804  	-0.0172  	-0.1512  	-0.2832  	-0.1804  	0.01353  	-0.0301  	-0.2164  	0.22049  	0.22360  	-0.0438  	0.15136  	0.20476  	0.07046  	-0.0415  	-0.0994  	0.26966  	-0.0266  	0.04715  	0.03280  	-0.0154  	-0.0889  	-0.0395  	0.02138  	0.04174  	0.07252  	-0.0133  	0.01348  	0.01562  	-0.0053  	0.02421  	0.00786  	-0.0231  	0.01725  	-0.0002  	-0.0297  	0.03574  	0.00014  	-0.0032  	0.02713  	-0.0146  	-0.0069  	-0.0242  	0.03589  	-0.0073  	0.02253  	-0.2797  	
0.13113  	0.07044  	0.06227  	0.83584  	0.20868  	0.49313  	0.15017  	-0.5757  	0.17195  	0.00494  	-0.0533  	0.34995  	0.08848  	-0.3911  	-0.6397  	0.83344  	-0.0665  	0.20486  	-0.2768  	0.38319  	-0.0529  	-0.1251  	-0.5360  	0.28876  	-0.0488  	-0.1504  	-0.2873  	-0.1427  	-0.0745  	-0.0750  	-0.2311  	0.22472  	0.25919  	-0.0631  	0.23474  	0.21921  	0.11076  	-0.0235  	-0.1453  	0.25153  	-0.0591  	0.05608  	0.01781  	-0.0155  	-0.0792  	-0.0493  	0.02288  	0.01992  	0.07202  	-0.0222  	0.01862  	0.01432  	-0.0020  	0.02424  	0.00354  	-0.0253  	0.02966  	-0.0003  	-0.0292  	0.03051  	0.00198  	-0.0009  	0.03494  	-0.0097  	-0.0069  	-0.0242  	0.03589  	-0.0073  	0.02253  	-0.2797  	
0.03699  	-0.0136  	0.01535  	0.84151  	0.25215  	0.40683  	0.17203  	-0.6049  	0.19976  	0.06902  	0.04801  	0.43643  	0.05524  	-0.3525  	-0.7089  	0.90670  	-0.1398  	0.25934  	-0.2949  	0.48085  	-0.0467  	-0.1469  	-0.6076  	0.30294  	-0.1745  	-0.1438  	-0.4085  	-0.1088  	-0.1125  	-0.0952  	-0.2184  	0.21796  	0.27331  	-0.0338  	0.24502  	0.16496  	0.11683  	-0.0275  	-0.1717  	0.27875  	-0.0490  	0.04785  	0.00353  	-0.0244  	-0.0708  	-0.0387  	0.02900  	0.01812  	0.04726  	-0.0164  	0.01625  	0.00662  	-0.0022  	0.01911  	-0.0058  	-0.0319  	0.03139  	0.00092  	-0.0344  	0.02608  	0.00165  	-0.0030  	0.02794  	-0.0083  	-0.0069  	-0.0242  	0.03589  	-0.0073  	0.02253  	-0.2797  	
-0.2501  	-0.0582  	-0.1034  	0.42344  	0.08430  	0.17091  	0.14093  	-0.7124  	0.14376  	0.11974  	0.23471  	0.35473  	-0.0127  	-0.6185  	-0.9878  	0.77738  	-0.1277  	0.35542  	-0.2783  	0.51206  	-0.0691  	-0.2659  	-0.5823  	0.27055  	-0.2036  	-0.1276  	-0.4782  	-0.0396  	-0.1186  	-0.1550  	-0.1789  	0.20838  	0.25010  	-0.0446  	0.19321  	0.26254  	0.08758  	-0.0330  	-0.1734  	0.23901  	0.01187  	0.03988  	0.00063  	-0.0287  	-0.0870  	-0.0369  	0.03945  	0.00127  	0.04556  	-0.0169  	0.00741  	0.00518  	-0.0017  	0.02947  	0.00575  	-0.0388  	0.03648  	0.00609  	-0.0328  	0.02458  	0.00274  	0.00432  	0.02624  	-0.0066  	-0.0069  	-0.0242  	0.03589  	-0.0073  	0.02253  	-0.2797  	
-0.3538  	-0.0924  	-0.0680  	0.22749  	-0.0708  	0.25009  	0.10923  	-0.7393  	0.11334  	0.04800  	0.26956  	0.22805  	-0.0785  	-0.7594  	-1.1149  	0.74675  	-0.0762  	0.32955  	-0.2669  	0.47476  	-0.0939  	-0.2396  	-0.5089  	0.24948  	-0.1816  	-0.1184  	-0.4270  	-0.0487  	-0.0620  	-0.1424  	-0.1854  	0.22221  	0.23751  	-0.0504  	0.13039  	0.27656  	0.10004  	-0.0049  	-0.1791  	0.23538  	0.03582  	0.01955  	0.00023  	-0.0229  	-0.0674  	-0.0447  	0.04024  	-0.0196  	0.02543  	-0.0148  	0.01278  	0.01537  	-0.0006  	0.02281  	0.00140  	-0.0357  	0.03423  	0.00512  	-0.0319  	0.03173  	0.00606  	-0.0064  	0.03460  	-0.0011  	-0.0069  	-0.0242  	0.03589  	-0.0073  	0.02253  	-0.2797  	
-0.1865  	-0.0588  	-0.0522  	0.38713  	-0.0222  	0.28508  	0.10626  	-0.7214  	0.14562  	0.09180  	0.19004  	0.30854  	-0.0622  	-0.7790  	-1.1422  	0.85335  	-0.0882  	0.34610  	-0.2676  	0.48189  	-0.1583  	-0.2690  	-0.5633  	0.21182  	-0.1934  	-0.1250  	-0.4552  	0.00488  	-0.0437  	-0.1285  	-0.1900  	0.23128  	0.23671  	-0.0560  	0.10811  	0.30112  	0.07746  	-0.0165  	-0.1688  	0.27018  	0.04589  	0.02508  	0.02616  	-0.0037  	-0.0796  	-0.0464  	0.03506  	-0.0027  	0.04363  	-0.0218  	0.01276  	0.01485  	0.00192  	0.02615  	0.01187  	-0.0355  	0.03396  	0.00372  	-0.0310  	0.02890  	-0.0009  	0.00015  	0.03148  	0.00178  	-0.0069  	-0.0242  	0.03589  	-0.0073  	0.02253  	-0.2797  	
-0.2153  	-0.0623  	-0.0041  	0.37004  	-0.0511  	0.27406  	0.11082  	-0.6687  	0.15227  	0.10248  	0.20519  	0.29718  	-0.0404  	-0.7201  	-1.1528  	0.86234  	-0.1087  	0.38039  	-0.2755  	0.51333  	-0.1803  	-0.2592  	-0.5976  	0.18556  	-0.1877  	-0.1255  	-0.5083  	0.03239  	-0.0093  	-0.1352  	-0.1918  	0.22260  	0.24366  	-0.0536  	0.10063  	0.30003  	0.04750  	-0.0193  	-0.1565  	0.25188  	0.05645  	0.02390  	0.03544  	-0.0056  	-0.0836  	-0.0421  	0.03922  	0.00583  	0.04125  	-0.0259  	0.02011  	0.01405  	0.00288  	0.02105  	0.00874  	-0.0375  	0.03790  	0.00493  	-0.0241  	0.03002  	0.00229  	-0.0086  	0.03244  	-0.0010  	-0.0069  	-0.0242  	0.03589  	-0.0073  	0.02253  	-0.2797  	
-0.2882  	-0.0858  	-0.0755  	0.35456  	-0.0588  	0.25510  	0.10647  	-0.7388  	0.12850  	0.09524  	0.23524  	0.27165  	-0.0802  	-0.7501  	-1.1511  	0.83227  	-0.0837  	0.33101  	-0.2700  	0.46726  	-0.1523  	-0.2711  	-0.5934  	0.21873  	-0.1311  	-0.1336  	-0.4246  	-0.0282  	-0.0161  	-0.1265  	-0.2006  	0.23714  	0.22526  	-0.0551  	0.11780  	0.32668  	0.08521  	-0.0147  	-0.1697  	0.24912  	0.04186  	0.02646  	0.02734  	-0.0059  	-0.0655  	-0.0464  	0.03826  	-0.0108  	0.03568  	-0.0195  	0.01472  	0.01531  	0.00152  	0.02301  	0.00778  	-0.0364  	0.03269  	0.00872  	-0.0297  	0.02739  	0.00184  	-0.0086  	0.03603  	-0.0006  	-0.0069  	-0.0242  	0.03589  	-0.0073  	0.02253  	-0.2797  	
-0.3164  	-0.0748  	-0.0855  	0.28511  	-0.1071  	0.27567  	0.11062  	-0.7605  	0.10874  	0.03372  	0.17704  	0.20683  	-0.0986  	-0.8192  	-1.1178  	0.77008  	-0.0633  	0.32501  	-0.2752  	0.45158  	-0.1546  	-0.2527  	-0.5328  	0.21167  	-0.1304  	-0.1174  	-0.3941  	-0.0475  	-0.0068  	-0.1294  	-0.2012  	0.24794  	0.20487  	-0.0554  	0.07832  	0.31099  	0.09604  	-0.0020  	-0.1671  	0.23162  	0.06486  	0.02472  	0.02981  	-0.0142  	-0.0698  	-0.0416  	0.03506  	-0.0151  	0.03241  	-0.0186  	0.00895  	0.01745  	0.00554  	0.02546  	0.00535  	-0.0348  	0.02757  	0.00226  	-0.0263  	0.02906  	0.00406  	-0.0126  	0.03344  	-0.0043  	-0.0069  	-0.0242  	0.03589  	-0.0073  	0.02253  	-0.2797  	
-0.3337  	-0.0743  	-0.0795  	0.30048  	-0.0649  	0.25740  	0.09311  	-0.7214  	0.12028  	0.02591  	0.20713  	0.24772  	-0.0917  	-0.7629  	-1.0609  	0.77740  	-0.0542  	0.31449  	-0.2731  	0.44085  	-0.1294  	-0.2318  	-0.5015  	0.20731  	-0.1707  	-0.1191  	-0.4230  	-0.0514  	-0.0321  	-0.1314  	-0.2021  	0.23092  	0.21224  	-0.0525  	0.07860  	0.29682  	0.09452  	0.00683  	-0.1754  	0.22749  	0.06207  	0.02607  	0.02081  	-0.0192  	-0.0738  	-0.0457  	0.03959  	-0.0089  	0.03685  	-0.0178  	0.00451  	0.01819  	0.00468  	0.02700  	0.00454  	-0.0380  	0.02781  	0.00437  	-0.0242  	0.02797  	0.00297  	-0.0056  	0.03429  	-0.0042  	-0.0069  	-0.0242  	0.03589  	-0.0073  	0.02253  	-0.2797  	
-0.3260  	-0.0748  	-0.1223  	0.36674  	-0.0327  	0.25228  	0.07938  	-0.7166  	0.12700  	0.03209  	0.14427  	0.29752  	-0.0429  	-0.7632  	-1.0237  	0.77530  	-0.0527  	0.32555  	-0.2710  	0.44905  	-0.1772  	-0.2085  	-0.5136  	0.17311  	-0.1790  	-0.1066  	-0.4728  	-0.0072  	0.00420  	-0.1179  	-0.1750  	0.20726  	0.23140  	-0.0491  	0.04681  	0.28064  	0.05104  	-0.0155  	-0.1516  	0.24475  	0.06098  	0.01802  	0.03378  	-0.0106  	-0.0783  	-0.0475  	0.04149  	-0.0053  	0.03694  	-0.0151  	0.00697  	0.01584  	-0.0002  	0.02800  	0.00600  	-0.0376  	0.03077  	0.00161  	-0.0295  	0.02956  	0.00208  	-0.0042  	0.03072  	-0.0041  	-0.0069  	-0.0242  	0.03589  	-0.0073  	0.02253  	-0.2797  	
-0.1008  	-0.0081  	-0.0103  	0.54047  	0.02976  	0.36731  	0.10492  	-0.6232  	0.16594  	0.01276  	0.13986  	0.36405  	0.00097  	-0.5374  	-0.8600  	0.80006  	-0.0895  	0.29170  	-0.2882  	0.44523  	-0.0601  	-0.2037  	-0.5435  	0.26361  	-0.2304  	-0.1185  	-0.4497  	-0.0801  	-0.0802  	-0.1454  	-0.1843  	0.22331  	0.26227  	-0.0513  	0.15958  	0.22393  	0.10355  	-0.0136  	-0.1686  	0.24894  	0.02507  	0.02894  	0.02198  	-0.0280  	-0.0844  	-0.0423  	0.03984  	0.00037  	0.03730  	-0.0092  	0.00992  	0.01466  	-0.0023  	0.02100  	0.00585  	-0.0389  	0.03028  	0.00594  	-0.0259  	0.02910  	-0.0015  	0.00292  	0.03368  	-0.0021  	-0.0069  	-0.0242  	0.03589  	-0.0073  	0.02253  	-0.2797  	
-0.0815  	0.01161  	0.01270  	0.59667  	0.06719  	0.38122  	0.12680  	-0.6355  	0.21336  	0.02395  	0.09451  	0.35242  	0.06486  	-0.5234  	-0.9235  	0.82104  	-0.1039  	0.32741  	-0.2880  	0.49458  	-0.1337  	-0.2102  	-0.5960  	0.20960  	-0.2016  	-0.1198  	-0.5277  	0.00589  	-0.0203  	-0.1493  	-0.1873  	0.21516  	0.29563  	-0.0549  	0.13947  	0.23800  	0.00968  	-0.0217  	-0.1371  	0.26578  	0.04812  	0.02213  	0.03396  	-0.0290  	-0.0813  	-0.0488  	0.04049  	0.00910  	0.04461  	-0.0019  	0.01621  	0.01533  	-5.9814  	0.02014  	0.00833  	-0.0355  	0.03249  	0.00339  	-0.0276  	0.02528  	0.00456  	0.00566  	0.03419  	-0.0046  	-0.0069  	-0.0242  	0.03589  	-0.0073  	0.02253  	-0.2797  	
-0.2103  	-0.0319  	-0.0173  	0.38573  	-0.0188  	0.32887  	0.12100  	-0.7023  	0.14967  	0.08464  	0.13701  	0.31657  	-0.0051  	-0.5879  	-1.0418  	0.77223  	-0.1134  	0.35051  	-0.2856  	0.50355  	-0.2132  	-0.2182  	-0.6226  	0.18698  	-0.1619  	-0.1350  	-0.4948  	0.02819  	0.01079  	-0.1331  	-0.1723  	0.21891  	0.25474  	-0.0492  	0.07679  	0.28770  	0.02123  	-0.0238  	-0.1168  	0.26700  	0.07787  	0.01572  	0.03475  	-0.0266  	-0.0814  	-0.0432  	0.04027  	0.01451  	0.04812  	-0.0224  	0.00916  	0.01723  	-0.0021  	0.02465  	0.00822  	-0.0391  	0.02812  	0.00378  	-0.0303  	0.02543  	0.00786  	-0.0007  	0.03914  	-0.0078  	-0.0069  	-0.0242  	0.03589  	-0.0073  	0.02253  	-0.2797  	
-0.3376  	-0.0841  	-0.1544  	0.38686  	0.00760  	0.24553  	0.11245  	-0.7200  	0.13263  	0.03709  	0.21094  	0.32073  	-0.0422  	-0.6726  	-1.0594  	0.74434  	-0.0838  	0.34477  	-0.2975  	0.48449  	-0.1624  	-0.2422  	-0.5888  	0.23804  	-0.1755  	-0.1192  	-0.4229  	0.01281  	0.02095  	-0.1255  	-0.1861  	0.20501  	0.23395  	-0.0444  	0.11489  	0.30009  	0.04159  	-0.0274  	-0.1376  	0.24720  	0.02093  	0.03740  	0.02326  	-0.0279  	-0.0728  	-0.0472  	0.04394  	-0.0094  	0.03820  	-0.0084  	0.01310  	0.01723  	-0.0025  	0.02660  	0.01048  	-0.0356  	0.03241  	0.00719  	-0.0275  	0.03053  	-0.0012  	-0.0031  	0.03362  	0.00038  	-0.0069  	-0.0242  	0.03589  	-0.0073  	0.02253  	-0.2797  	
-0.2383  	-0.0884  	-0.1056  	0.42403  	0.00813  	0.27121  	0.12948  	-0.7185  	0.14486  	0.02594  	0.18885  	0.29298  	-0.0324  	-0.6771  	-1.0130  	0.80522  	-0.0740  	0.32069  	-0.2798  	0.43526  	-0.1968  	-0.2489  	-0.5631  	0.22310  	-0.1475  	-0.1153  	-0.4419  	0.03255  	-0.0100  	-0.1242  	-0.1854  	0.23249  	0.23012  	-0.0457  	0.10412  	0.29442  	0.05311  	-0.0133  	-0.1600  	0.25012  	0.02513  	0.02349  	0.01769  	-0.0244  	-0.0725  	-0.0522  	0.03957  	-0.0027  	0.04097  	-0.0095  	0.01328  	0.01414  	-0.0006  	0.02728  	0.01331  	-0.0333  	0.03706  	0.00275  	-0.0300  	0.03366  	0.00307  	-0.0045  	0.03567  	-0.0005  	-0.0069  	-0.0242  	0.03589  	-0.0073  	0.02253  	-0.2797  	
-0.1344  	-0.0713  	0.00367  	0.51965  	0.05630  	0.32228  	0.12670  	-0.7252  	0.12278  	0.09509  	0.15821  	0.37426  	-0.0423  	-0.7180  	-1.0815  	0.92842  	-0.1026  	0.34297  	-0.2877  	0.48102  	-0.2289  	-0.2279  	-0.6426  	0.22893  	-0.1505  	-0.1388  	-0.4925  	0.05265  	-0.0074  	-0.1195  	-0.1892  	0.23350  	0.22645  	-0.0540  	0.09828  	0.33068  	0.01549  	-0.0357  	-0.1313  	0.28620  	0.03422  	0.01548  	0.02123  	-0.0171  	-0.0759  	-0.0399  	0.03938  	0.00496  	0.04402  	-0.0239  	0.01950  	0.01489  	0.00061  	0.01503  	0.00645  	-0.0373  	0.04168  	0.00228  	-0.0309  	0.02978  	0.00325  	-0.0128  	0.03369  	0.00030  	-0.0069  	-0.0242  	0.03589  	-0.0073  	0.02253  	-0.2797  	
0.02882  	-0.0532  	0.06323  	0.60572  	0.08272  	0.44207  	0.10852  	-0.6472  	0.15032  	0.05535  	0.19719  	0.39932  	-0.0005  	-0.6363  	-0.9955  	0.93781  	-0.1182  	0.29201  	-0.2672  	0.50558  	-0.0365  	-0.2522  	-0.6559  	0.31714  	-0.1988  	-0.1412  	-0.3885  	-0.0853  	-0.1338  	-0.1489  	-0.2276  	0.26073  	0.25085  	-0.0627  	0.22587  	0.29603  	0.10479  	0.00183  	-0.2161  	0.25482  	-0.0200  	0.04382  	-0.0013  	-0.0162  	-0.0755  	-0.0461  	0.04204  	-0.0021  	0.05651  	-0.0154  	0.02010  	0.01092  	-0.0002  	0.02287  	0.00338  	-0.0412  	0.04359  	0.00193  	-0.0313  	0.03143  	-0.0093  	-0.0094  	0.03502  	-0.0037  	-0.0069  	-0.0242  	0.03589  	-0.0073  	0.02253  	-0.2797  	
0.17306  	0.04535  	0.14949  	0.72031  	0.19094  	0.46476  	0.17174  	-0.6040  	0.16833  	0.07006  	0.03424  	0.27017  	0.07115  	-0.4022  	-0.6669  	0.80581  	-0.1135  	0.22986  	-0.2735  	0.40152  	-0.0484  	-0.1918  	-0.6118  	0.33262  	-0.1712  	-0.1640  	-0.3319  	-0.1809  	-0.1219  	-0.1048  	-0.2162  	0.27454  	0.25719  	-0.0676  	0.26594  	0.23489  	0.14296  	-0.0245  	-0.1790  	0.27776  	-0.0297  	0.05464  	0.00803  	-0.0164  	-0.0809  	-0.0461  	0.02512  	0.02354  	0.06393  	-0.0071  	0.01531  	0.01576  	-0.0037  	0.02014  	0.01036  	-0.0272  	0.03789  	-0.0036  	-0.0357  	0.03267  	0.00301  	-0.0047  	0.03165  	-0.0059  	-0.0069  	-0.0242  	0.03589  	-0.0073  	0.02253  	-0.2797  	
0.13905  	0.09246  	0.13649  	0.81069  	0.17236  	0.53946  	0.16905  	-0.5501  	0.20042  	0.03035  	-0.0240  	0.35773  	0.11508  	-0.2790  	-0.6898  	0.80328  	-0.1212  	0.25019  	-0.2897  	0.40262  	-0.0826  	-0.1514  	-0.6043  	0.22820  	-0.1064  	-0.1569  	-0.3484  	-0.1597  	-0.0346  	-0.0687  	-0.2241  	0.22666  	0.26760  	-0.0395  	0.21448  	0.22022  	0.08836  	-0.0266  	-0.1145  	0.26737  	-0.0211  	0.05073  	0.01697  	-0.0088  	-0.0788  	-0.0487  	0.01680  	0.03839  	0.06350  	-0.0206  	0.02056  	0.01552  	0.00038  	0.02432  	0.00789  	-0.0209  	0.03360  	0.00133  	-0.0313  	0.02804  	0.00512  	0.00176  	0.03202  	-0.0088  	-0.0069  	-0.0242  	0.03589  	-0.0073  	0.02253  	-0.2797  	
0.05320  	0.04371  	0.04185  	0.79867  	0.15069  	0.40762  	0.13030  	-0.5933  	0.17117  	0.02503  	-0.0027  	0.27968  	0.11180  	-0.2791  	-0.6638  	0.77333  	-0.0985  	0.24894  	-0.3209  	0.35565  	-0.0037  	-0.1879  	-0.6032  	0.32293  	-0.1160  	-0.1677  	-0.2848  	-0.1816  	-0.0740  	-0.0742  	-0.2018  	0.24690  	0.26129  	-0.0649  	0.27169  	0.20325  	0.11415  	-0.0444  	-0.1640  	0.26081  	-0.0587  	0.05420  	-0.0025  	-0.0300  	-0.0860  	-0.0395  	0.03016  	0.01352  	0.05693  	-0.0168  	0.01627  	0.02147  	-0.0028  	0.01926  	0.00866  	-0.0256  	0.02371  	0.00087  	-0.0231  	0.03089  	0.00654  	-0.0039  	0.02595  	-0.0116  	-0.0069  	-0.0242  	0.03589  	-0.0073  	0.02253  	-0.2797  	
-0.1605  	-0.0387  	-0.0311  	0.51503  	0.07800  	0.21679  	0.10915  	-0.6283  	0.12792  	0.02956  	0.24527  	0.33043  	0.02940  	-0.6139  	-0.8648  	0.74814  	-0.0296  	0.18607  	-0.2351  	0.27071  	0.04609  	-0.4179  	-0.7672  	0.29240  	-0.2451  	-0.0461  	-0.4419  	-0.1740  	-0.0422  	-0.1526  	-0.0957  	0.16820  	0.18193  	-0.1889  	0.14233  	0.21754  	0.05358  	-0.0251  	-0.2625  	0.17957  	0.06819  	0.14243  	-0.0990  	0.03758  	-0.1166  	-0.0259  	0.02180  	0.01151  	0.02412  	-0.0215  	0.01717  	0.01463  	-0.0006  	0.03656  	0.00332  	-0.0361  	0.03050  	-0.0087  	-0.0329  	0.04018  	0.00304  	-0.0019  	0.01831  	-0.0062  	-0.0069  	-0.0242  	0.03589  	-0.0073  	0.02253  	-0.2797  	
-0.2904  	-0.0393  	-0.0311  	0.46229  	0.03777  	0.23257  	0.07576  	-0.6099  	0.11000  	-0.0078  	0.23009  	0.30675  	0.01817  	-0.7682  	-0.9493  	0.68830  	0.03907  	0.09653  	-0.1835  	0.09961  	-0.0137  	-0.5568  	-0.9254  	0.22660  	-0.2959  	0.01823  	-0.4607  	-0.1367  	0.10536  	-0.1604  	-0.0191  	0.14760  	0.09630  	-0.2839  	0.02711  	0.23209  	-0.0602  	-0.0262  	-0.3102  	0.12014  	0.15013  	0.21717  	-0.1591  	0.08941  	-0.1565  	-0.0167  	0.00528  	0.01784  	0.01330  	-0.0298  	0.02253  	0.02522  	0.00248  	0.04924  	0.01238  	-0.0397  	0.03054  	-0.0125  	-0.0261  	0.04309  	0.01152  	-0.0084  	0.00979  	-0.0027  	-0.0069  	-0.0242  	0.03589  	-0.0073  	0.02253  	-0.2797  	
-0.1959  	-0.0092  	0.00807  	0.59735  	0.10945  	0.26119  	0.04415  	-0.5653  	0.13111  	-0.0275  	0.16279  	0.39486  	0.05633  	-0.6726  	-0.7729  	0.68921  	0.05117  	0.04710  	-0.1909  	0.04160  	-0.0013  	-0.5786  	-0.9660  	0.23433  	-0.3340  	0.04643  	-0.4864  	-0.1573  	0.11748  	-0.1587  	-0.0030  	0.13122  	0.10984  	-0.3027  	0.04084  	0.19275  	-0.0797  	-0.0312  	-0.3408  	0.10846  	0.14789  	0.24209  	-0.1738  	0.10860  	-0.1734  	-0.0141  	0.00160  	0.02829  	0.00962  	-0.0329  	0.01728  	0.02342  	-0.0009  	0.04879  	0.01596  	-0.0405  	0.02635  	-0.0122  	-0.0301  	0.03885  	0.00896  	-0.0095  	0.00485  	-0.0029  	-0.0069  	-0.0242  	0.03589  	-0.0073  	0.02253  	-0.2797  	
-0.0086  	0.06309  	0.08875  	0.71598  	0.15445  	0.37115  	0.05758  	-0.4942  	0.16772  	-0.0437  	0.15014  	0.41302  	0.08757  	-0.5221  	-0.6548  	0.75343  	0.04615  	0.01541  	-0.1893  	0.06316  	0.09884  	-0.5659  	-0.9370  	0.29269  	-0.3358  	0.01435  	-0.4208  	-0.2453  	-0.0281  	-0.1695  	-0.0346  	0.16899  	0.13906  	-0.2845  	0.14044  	0.12879  	0.00303  	-0.0104  	-0.3485  	0.11929  	0.09647  	0.22564  	-0.1501  	0.08055  	-0.1641  	-0.0131  	0.00089  	0.02952  	0.02198  	-0.0289  	0.01918  	0.01804  	-0.0019  	0.04723  	0.01227  	-0.0302  	0.02693  	-0.0150  	-0.0288  	0.04084  	0.01004  	0.00219  	0.00810  	-0.0058  	-0.0069  	-0.0242  	0.03589  	-0.0073  	0.02253  	-0.2797  	
0.14125  	0.10614  	0.20794  	0.61286  	0.02750  	0.46088  	0.08861  	-0.4543  	0.21850  	-0.0380  	0.21396  	0.35562  	0.05713  	-0.4291  	-0.7129  	0.84953  	-0.0123  	0.07816  	-0.2089  	0.16748  	0.20126  	-0.3808  	-0.7139  	0.33178  	-0.2756  	-0.0671  	-0.3326  	-0.3733  	-0.1816  	-0.1689  	-0.1041  	0.22131  	0.20781  	-0.1928  	0.21787  	0.13444  	0.16474  	0.03583  	-0.3105  	0.12582  	0.03408  	0.14008  	-0.0812  	0.03778  	-0.1272  	-0.0287  	0.01533  	0.02667  	0.03591  	-0.0193  	0.00973  	0.02192  	0.00149  	0.04128  	0.00876  	-0.0224  	0.02396  	-0.0046  	-0.0328  	0.03819  	0.01231  	-0.0008  	0.02134  	-0.0043  	-0.0069  	-0.0242  	0.03589  	-0.0073  	0.02253  	-0.2797  	
0.16466  	0.10271  	0.19771  	0.59354  	-0.0127  	0.50773  	0.11387  	-0.4803  	0.23645  	-0.0456  	0.24667  	0.34513  	0.00976  	-0.3901  	-0.7643  	0.91126  	-0.0780  	0.19931  	-0.2598  	0.35330  	0.19275  	-0.1953  	-0.4604  	0.34562  	-0.2227  	-0.1557  	-0.2952  	-0.3301  	-0.2875  	-0.1524  	-0.2117  	0.26942  	0.27779  	-0.0635  	0.28340  	0.13939  	0.27950  	0.05354  	-0.2314  	0.17945  	-0.0413  	0.03080  	0.01928  	-0.0206  	-0.0785  	-0.0441  	0.03473  	0.01040  	0.04989  	-0.0082  	0.00099  	0.01471  	0.00305  	0.02981  	0.00490  	-0.0231  	0.02381  	0.00465  	-0.0369  	0.03485  	0.00621  	0.00198  	0.03342  	-0.0064  	-0.0069  	-0.0242  	0.03589  	-0.0073  	0.02253  	-0.2797  	
0.14190  	0.10464  	0.18348  	0.57660  	-0.0317  	0.49611  	0.10620  	-0.4749  	0.24796  	-0.0703  	0.27180  	0.34782  	0.00039  	-0.4050  	-0.7714  	0.91081  	-0.0739  	0.20102  	-0.2588  	0.34797  	0.20209  	-0.2078  	-0.4592  	0.33641  	-0.2488  	-0.1530  	-0.3042  	-0.3423  	-0.3111  	-0.1596  	-0.2037  	0.27135  	0.28298  	-0.0640  	0.29094  	0.12543  	0.30095  	0.06387  	-0.2423  	0.16428  	-0.0350  	0.02803  	0.01721  	-0.0242  	-0.0785  	-0.0426  	0.03546  	0.00778  	0.04686  	-0.0066  	-0.0021  	0.01639  	0.00168  	0.03091  	0.00382  	-0.0218  	0.02188  	0.00526  	-0.0359  	0.03270  	0.00772  	0.00175  	0.03036  	-0.0055  	-0.0069  	-0.0242  	0.03589  	-0.0073  	0.02253  	-0.2797  	
0.14564  	0.10173  	0.18120  	0.56975  	-0.0357  	0.49882  	0.11253  	-0.4770  	0.25390  	-0.0669  	0.28642  	0.35953  	0.00836  	-0.3914  	-0.7888  	0.91746  	-0.0675  	0.19325  	-0.2675  	0.33094  	0.20364  	-0.2018  	-0.4490  	0.35821  	-0.2543  	-0.1510  	-0.2873  	-0.3541  	-0.3295  	-0.1548  	-0.2001  	0.27272  	0.28245  	-0.0636  	0.30101  	0.12164  	0.30552  	0.06351  	-0.2483  	0.16538  	-0.0382  	0.03164  	0.01744  	-0.0283  	-0.0817  	-0.0425  	0.03466  	0.00688  	0.04866  	-0.0082  	0.00036  	0.01790  	0.00230  	0.03195  	0.00241  	-0.0211  	0.01804  	0.00580  	-0.0357  	0.03424  	0.00825  	0.00366  	0.03235  	-0.0054  	-0.0069  	-0.0242  	0.03589  	-0.0073  	0.02253  	-0.2797  	
0.13929  	0.09723  	0.17709  	0.56548  	-0.0304  	0.49117  	0.11117  	-0.4824  	0.25304  	-0.0565  	0.29280  	0.36116  	0.00424  	-0.3990  	-0.7991  	0.91522  	-0.0656  	0.19290  	-0.2722  	0.33399  	0.19079  	-0.2090  	-0.4516  	0.35314  	-0.2619  	-0.1502  	-0.2931  	-0.3453  	-0.3278  	-0.1541  	-0.1994  	0.27424  	0.28259  	-0.0645  	0.29931  	0.12135  	0.30286  	0.06377  	-0.2490  	0.16482  	-0.0346  	0.03051  	0.01804  	-0.0294  	-0.0833  	-0.0424  	0.03455  	0.00584  	0.04841  	-0.0091  	0.00028  	0.01876  	0.00170  	0.03202  	0.00279  	-0.0219  	0.01910  	0.00490  	-0.0349  	0.03383  	0.00814  	0.00331  	0.03168  	-0.0051  	-0.0069  	-0.0242  	0.03589  	-0.0073  	0.02253  	-0.2797  	
