0.13932  	0.09724  	0.17709  	0.56552  	-0.0303  	0.49116  	0.11117  	-0.4824  	0.25303  	-0.0565  	0.29278  	0.36116  	0.00425  	-0.3990  	-0.7991  	0.91521  	-0.0657  	0.19290  	-0.2722  	0.33400  	0.19078  	-0.2090  	-0.4516  	0.35313  	-0.2618  	-0.1502  	-0.2931  	-0.3452  	-0.3278  	-0.1541  	-0.1994  	0.27423  	0.28261  	-0.0645  	0.29929  	0.12135  	0.30283  	0.06377  	-0.2490  	0.16484  	-0.0345  	0.03053  	0.01804  	-0.0294  	-0.0833  	-0.0424  	0.03456  	0.00585  	0.04840  	-0.0091  	0.00028  	0.01875  	0.00170  	0.03200  	0.00279  	-0.0219  	0.01912  	0.00490  	-0.0349  	0.03383  	0.00814  	0.00330  	0.03167  	-0.0051  	-0.0069  	-0.0242  	0.03589  	-0.0073  	0.02253  	-0.2797  	
0.13932  	0.09724  	0.17709  	0.56552  	-0.0303  	0.49116  	0.11117  	-0.4824  	0.25303  	-0.0565  	0.29278  	0.36116  	0.00425  	-0.3990  	-0.7991  	0.91521  	-0.0657  	0.19290  	-0.2722  	0.33400  	0.19078  	-0.2090  	-0.4516  	0.35313  	-0.2618  	-0.1502  	-0.2931  	-0.3452  	-0.3278  	-0.1541  	-0.1994  	0.27423  	0.28261  	-0.0645  	0.29929  	0.12135  	0.30283  	0.06377  	-0.2490  	0.16484  	-0.0345  	0.03053  	0.01804  	-0.0294  	-0.0833  	-0.0424  	0.03456  	0.00585  	0.04840  	-0.0091  	0.00028  	0.01875  	0.00170  	0.03200  	0.00279  	-0.0219  	0.01912  	0.00490  	-0.0349  	0.03383  	0.00814  	0.00330  	0.03167  	-0.0051  	-0.0069  	-0.0242  	0.03589  	-0.0073  	0.02253  	-0.2797  	
0.13932  	0.09724  	0.17709  	0.56552  	-0.0303  	0.49116  	0.11117  	-0.4824  	0.25303  	-0.0565  	0.29278  	0.36116  	0.00425  	-0.3990  	-0.7991  	0.91521  	-0.0657  	0.19290  	-0.2722  	0.33400  	0.19078  	-0.2090  	-0.4516  	0.35313  	-0.2618  	-0.1502  	-0.2931  	-0.3452  	-0.3278  	-0.1541  	-0.1994  	0.27423  	0.28261  	-0.0645  	0.29929  	0.12135  	0.30283  	0.06377  	-0.2490  	0.16484  	-0.0345  	0.03053  	0.01804  	-0.0294  	-0.0833  	-0.0424  	0.03456  	0.00585  	0.04840  	-0.0091  	0.00028  	0.01875  	0.00170  	0.03200  	0.00279  	-0.0219  	0.01912  	0.00490  	-0.0349  	0.03383  	0.00814  	0.00330  	0.03167  	-0.0051  	-0.0069  	-0.0242  	0.03589  	-0.0073  	0.02253  	-0.2797  	
0.13932  	0.09724  	0.17709  	0.56552  	-0.0303  	0.49116  	0.11117  	-0.4824  	0.25303  	-0.0565  	0.29278  	0.36116  	0.00425  	-0.3990  	-0.7991  	0.91521  	-0.0657  	0.19290  	-0.2722  	0.33400  	0.19078  	-0.2090  	-0.4516  	0.35313  	-0.2618  	-0.1502  	-0.2931  	-0.3452  	-0.3278  	-0.1541  	-0.1994  	0.27423  	0.28261  	-0.0645  	0.29929  	0.12135  	0.30283  	0.06377  	-0.2490  	0.16484  	-0.0345  	0.03053  	0.01804  	-0.0294  	-0.0833  	-0.0424  	0.03456  	0.00585  	0.04840  	-0.0091  	0.00028  	0.01875  	0.00170  	0.03200  	0.00279  	-0.0219  	0.01912  	0.00490  	-0.0349  	0.03383  	0.00814  	0.00330  	0.03167  	-0.0051  	-0.0069  	-0.0242  	0.03589  	-0.0073  	0.02253  	-0.2797  	
0.13932  	0.09724  	0.17709  	0.56552  	-0.0303  	0.49116  	0.11117  	-0.4824  	0.25303  	-0.0565  	0.29278  	0.36116  	0.00425  	-0.3990  	-0.7991  	0.91521  	-0.0657  	0.19290  	-0.2722  	0.33400  	0.19078  	-0.2090  	-0.4516  	0.35313  	-0.2618  	-0.1502  	-0.2931  	-0.3452  	-0.3278  	-0.1541  	-0.1994  	0.27423  	0.28261  	-0.0645  	0.29929  	0.12135  	0.30283  	0.06377  	-0.2490  	0.16484  	-0.0345  	0.03053  	0.01804  	-0.0294  	-0.0833  	-0.0424  	0.03456  	0.00585  	0.04840  	-0.0091  	0.00028  	0.01875  	0.00170  	0.03200  	0.00279  	-0.0219  	0.01912  	0.00490  	-0.0349  	0.03383  	0.00814  	0.00330  	0.03167  	-0.0051  	-0.0069  	-0.0242  	0.03589  	-0.0073  	0.02253  	-0.2797  	
0.13932  	0.09724  	0.17709  	0.56552  	-0.0303  	0.49116  	0.11117  	-0.4824  	0.25303  	-0.0565  	0.29278  	0.36116  	0.00425  	-0.3990  	-0.7991  	0.91521  	-0.0657  	0.19290  	-0.2722  	0.33400  	0.19078  	-0.2090  	-0.4516  	0.35313  	-0.2618  	-0.1502  	-0.2931  	-0.3452  	-0.3278  	-0.1541  	-0.1994  	0.27423  	0.28261  	-0.0645  	0.29929  	0.12135  	0.30283  	0.06377  	-0.2490  	0.16484  	-0.0345  	0.03053  	0.01804  	-0.0294  	-0.0833  	-0.0424  	0.03456  	0.00585  	0.04840  	-0.0091  	0.00028  	0.01875  	0.00170  	0.03200  	0.00279  	-0.0219  	0.01912  	0.00490  	-0.0349  	0.03383  	0.00814  	0.00330  	0.03167  	-0.0051  	-0.0069  	-0.0242  	0.03589  	-0.0073  	0.02253  	-0.2797  	
0.14027  	0.09562  	0.17920  	0.56885  	-0.0233  	0.48831  	0.11547  	-0.4864  	0.25071  	-0.0486  	0.29322  	0.36290  	0.00551  	-0.4012  	-0.8146  	0.91751  	-0.0700  	0.19834  	-0.2727  	0.34319  	0.18317  	-0.2105  	-0.4595  	0.34816  	-0.2613  	-0.1490  	-0.2988  	-0.3346  	-0.3180  	-0.1565  	-0.1997  	0.27340  	0.28860  	-0.0643  	0.29317  	0.12735  	0.29733  	0.06048  	-0.2471  	0.16489  	-0.0311  	0.03064  	0.02080  	-0.0301  	-0.0831  	-0.0420  	0.03556  	0.00693  	0.04871  	-0.0086  	0.00011  	0.01837  	0.00127  	0.03184  	0.00366  	-0.0225  	0.01973  	0.00423  	-0.0350  	0.03332  	0.00830  	0.00256  	0.03204  	-0.0056  	-0.0069  	-0.0242  	0.03589  	-0.0073  	0.02253  	-0.2797  	
0.12639  	0.09206  	0.16466  	0.56142  	-0.0275  	0.47894  	0.12261  	-0.4919  	0.24676  	-0.0406  	0.30323  	0.35305  	0.00037  	-0.4216  	-0.8231  	0.91665  	-0.0655  	0.19823  	-0.2789  	0.35925  	0.18121  	-0.2078  	-0.4528  	0.35150  	-0.2624  	-0.1473  	-0.3009  	-0.3127  	-0.3074  	-0.1613  	-0.1981  	0.26826  	0.29435  	-0.0655  	0.28129  	0.12811  	0.29318  	0.05776  	-0.2462  	0.16431  	-0.0265  	0.03107  	0.02286  	-0.0300  	-0.0827  	-0.0417  	0.03555  	0.00193  	0.04538  	-0.0069  	-0.0019  	0.01926  	-0.0004  	0.03019  	0.00346  	-0.0242  	0.02173  	0.00427  	-0.0359  	0.03003  	0.00913  	0.00331  	0.03161  	-0.0059  	-0.0069  	-0.0242  	0.03589  	-0.0073  	0.02253  	-0.2797  	
0.11869  	0.09465  	0.18416  	0.55186  	-0.0316  	0.47930  	0.12703  	-0.4883  	0.24064  	-0.0306  	0.31261  	0.32055  	-0.0045  	-0.4375  	-0.8364  	0.92057  	-0.0695  	0.19710  	-0.2707  	0.36118  	0.19609  	-0.2116  	-0.4760  	0.36348  	-0.2373  	-0.1594  	-0.2685  	-0.3355  	-0.3279  	-0.1658  	-0.2138  	0.28248  	0.27762  	-0.0692  	0.30376  	0.13818  	0.30094  	0.06508  	-0.2498  	0.17389  	-0.0427  	0.03209  	0.01523  	-0.0245  	-0.0818  	-0.0427  	0.03271  	0.00163  	0.04602  	-0.0059  	0.00401  	0.01788  	0.00128  	0.02927  	0.00398  	-0.0228  	0.02606  	0.00278  	-0.0344  	0.03080  	0.01022  	-0.0001  	0.03444  	-0.0057  	-0.0069  	-0.0242  	0.03589  	-0.0073  	0.02253  	-0.2797  	
0.13588  	0.09749  	0.20685  	0.54892  	-0.0326  	0.47405  	0.11534  	-0.4827  	0.24820  	-0.0133  	0.33864  	0.34102  	-0.0181  	-0.4494  	-0.8985  	0.95681  	-0.0715  	0.20523  	-0.2624  	0.37166  	0.20406  	-0.2337  	-0.4802  	0.35934  	-0.2305  	-0.1605  	-0.2777  	-0.3380  	-0.3447  	-0.1626  	-0.2218  	0.27914  	0.27962  	-0.0627  	0.30632  	0.14153  	0.30482  	0.06615  	-0.2416  	0.16648  	-0.0579  	0.03003  	0.02130  	-0.0244  	-0.0824  	-0.0387  	0.02955  	0.00480  	0.04627  	-0.0083  	0.00651  	0.01795  	0.00114  	0.02892  	0.00285  	-0.0224  	0.02325  	0.00400  	-0.0349  	0.02998  	0.00740  	-0.0010  	0.03514  	-0.0079  	-0.0069  	-0.0242  	0.03589  	-0.0073  	0.02253  	-0.2797  	
0.25833  	0.08066  	0.28124  	0.49691  	-0.0454  	0.42041  	0.12585  	-0.5065  	0.26464  	0.02986  	0.38466  	0.44452  	-0.0109  	-0.4713  	-1.0533  	1.05069  	-0.1040  	0.25021  	-0.2604  	0.42951  	0.15957  	-0.2349  	-0.5344  	0.27860  	-0.2266  	-0.1764  	-0.3788  	-0.2572  	-0.2885  	-0.1491  	-0.2093  	0.27175  	0.30310  	-0.0666  	0.24505  	0.13849  	0.29335  	0.05370  	-0.2245  	0.17302  	-0.0035  	0.02173  	0.05908  	-0.0151  	-0.0749  	-0.0402  	0.02652  	0.02290  	0.05617  	-0.0129  	0.00562  	0.01439  	0.00182  	0.02481  	0.00466  	-0.0145  	0.01987  	-0.0031  	-0.0370  	0.03522  	0.00344  	-0.0020  	0.03080  	-0.0075  	-0.0069  	-0.0242  	0.03589  	-0.0073  	0.02253  	-0.2797  	
0.12820  	0.09366  	0.24957  	0.39128  	-0.0664  	0.36786  	0.20117  	-0.4949  	0.26465  	0.11645  	0.35689  	0.41733  	-0.0145  	-0.3905  	-1.0588  	1.02879  	-0.1321  	0.27208  	-0.2465  	0.49301  	0.16269  	-0.2408  	-0.6428  	0.24793  	-0.1268  	-0.1988  	-0.3365  	-0.2253  	-0.1626  	-0.1527  	-0.2427  	0.27892  	0.30577  	-0.0552  	0.23222  	0.20431  	0.22810  	0.03308  	-0.1573  	0.24991  	-0.0244  	0.02939  	0.02453  	-0.0059  	-0.0737  	-0.0435  	0.01955  	0.02825  	0.05829  	-0.0256  	0.01991  	0.01468  	-0.0026  	0.02478  	0.00668  	-0.0190  	0.02117  	0.00032  	-0.0298  	0.03588  	0.00688  	-0.0071  	0.02876  	-0.0008  	-0.0069  	-0.0242  	0.03589  	-0.0073  	0.02253  	-0.2797  	
-0.1620  	-0.0268  	-0.0218  	0.69598  	0.13154  	0.29566  	0.18694  	-0.6718  	0.14075  	0.08377  	0.30606  	0.46510  	0.01628  	-0.4404  	-0.9268  	0.90018  	-0.1279  	0.29774  	-0.2938  	0.58762  	-0.0727  	-0.2015  	-0.6276  	0.30446  	-0.1842  	-0.1700  	-0.4580  	-0.0901  	-0.1132  	-0.1201  	-0.1929  	0.21094  	0.30543  	-0.0553  	0.20896  	0.24751  	0.13751  	-0.0322  	-0.1735  	0.23601  	-0.0158  	0.04477  	-0.0123  	-0.0366  	-0.0871  	-0.0393  	0.02913  	0.01348  	0.03189  	-0.0120  	0.02433  	0.01558  	0.00504  	0.02062  	-0.0027  	-0.0207  	0.03104  	0.00114  	-0.0278  	0.03063  	0.00846  	-0.0004  	0.02321  	-0.0078  	-0.0069  	-0.0242  	0.03589  	-0.0073  	0.02253  	-0.2797  	
-0.5152  	-0.1735  	-0.2121  	0.44835  	0.08121  	0.06715  	0.09850  	-0.7497  	0.11270  	0.13402  	0.34913  	0.41658  	-0.0498  	-0.6489  	-0.9934  	0.70390  	-0.1031  	0.36304  	-0.3027  	0.59567  	-0.0533  	-0.3012  	-0.6471  	0.25858  	-0.2351  	-0.1163  	-0.5210  	-0.0579  	-0.1559  	-0.1755  	-0.1700  	0.18969  	0.28701  	-0.0452  	0.21129  	0.23824  	0.08967  	-0.0336  	-0.1835  	0.22013  	-0.0421  	0.04593  	-0.0150  	-0.0463  	-0.0504  	-0.0401  	0.04254  	-0.0060  	0.01195  	0.00793  	0.01197  	0.01172  	-0.0085  	0.03197  	-0.0006  	-0.0399  	0.03977  	-0.0011  	-0.0398  	0.03064  	-0.0036  	-0.0090  	0.03623  	0.00079  	-0.0069  	-0.0242  	0.03589  	-0.0073  	0.02253  	-0.2797  	
-0.5185  	-0.1434  	-0.2131  	0.24278  	-0.0258  	0.04239  	0.09251  	-0.6891  	0.14341  	0.14629  	0.42234  	0.31471  	-0.0617  	-0.6863  	-1.1356  	0.72536  	-0.0999  	0.31883  	-0.2804  	0.52963  	-0.0590  	-0.2666  	-0.5405  	0.23017  	-0.2506  	-0.1097  	-0.4826  	-0.0420  	-0.1010  	-0.1675  	-0.1776  	0.20541  	0.26977  	-0.0500  	0.16149  	0.23480  	0.08825  	-0.0218  	-0.1592  	0.20237  	-0.0051  	0.03821  	-0.0094  	-0.0403  	-0.0707  	-0.0427  	0.04304  	-0.0185  	0.03641  	-0.0112  	0.01384  	0.01152  	-0.0039  	0.02643  	-0.0011  	-0.0368  	0.03114  	0.00923  	-0.0314  	0.03187  	0.00619  	-0.0038  	0.03539  	-0.0021  	-0.0069  	-0.0242  	0.03589  	-0.0073  	0.02253  	-0.2797  	
-0.4395  	-0.1349  	-0.1473  	0.18687  	-0.0721  	0.08484  	0.12813  	-0.7081  	0.13688  	0.15489  	0.33793  	0.25450  	-0.0739  	-0.7437  	-1.2031  	0.72904  	-0.0695  	0.34066  	-0.2782  	0.50692  	-0.1411  	-0.2750  	-0.5417  	0.23081  	-0.1758  	-0.1189  	-0.4900  	-0.0372  	-0.0321  	-0.1595  	-0.1742  	0.21528  	0.25651  	-0.0589  	0.10156  	0.28705  	0.06032  	-0.0347  	-0.1259  	0.22903  	0.02767  	0.03039  	0.00453  	-0.0241  	-0.0645  	-0.0443  	0.03818  	-0.0060  	0.04270  	-0.0101  	0.01168  	0.01471  	-0.0009  	0.02221  	0.01070  	-0.0371  	0.03049  	0.00779  	-0.0313  	0.03084  	0.00248  	-0.0029  	0.03355  	-0.0006  	-0.0069  	-0.0242  	0.03589  	-0.0073  	0.02253  	-0.2797  	
-0.3576  	-0.0697  	-0.1013  	0.25000  	-0.0082  	0.20693  	0.14715  	-0.6673  	0.17097  	0.12616  	0.24812  	0.29026  	-0.0190  	-0.6266  	-1.0579  	0.73025  	-0.0870  	0.33011  	-0.2959  	0.50829  	-0.1393  	-0.2492  	-0.5598  	0.23812  	-0.1984  	-0.0960  	-0.4654  	-0.0018  	-0.0242  	-0.1574  	-0.1686  	0.19787  	0.27093  	-0.0479  	0.09219  	0.26229  	0.04166  	-0.0455  	-0.1281  	0.25374  	0.04613  	0.02579  	0.02636  	-0.0235  	-0.0797  	-0.0504  	0.04409  	0.00706  	0.04240  	-0.0133  	0.01220  	0.01399  	-0.0026  	0.02559  	0.00397  	-0.0389  	0.02946  	-0.0007  	-0.0331  	0.03383  	0.00310  	0.00270  	0.03254  	-0.0031  	-0.0069  	-0.0242  	0.03589  	-0.0073  	0.02253  	-0.2797  	
0.02015  	0.04373  	0.09660  	0.61568  	0.07982  	0.45930  	0.10746  	-0.5736  	0.21178  	0.00799  	0.08065  	0.36674  	0.07714  	-0.3793  	-0.7481  	0.85138  	-0.0943  	0.27093  	-0.2929  	0.44180  	-0.0005  	-0.2003  	-0.5248  	0.27812  	-0.2547  	-0.1250  	-0.4347  	-0.1373  	-0.1538  	-0.1414  	-0.1550  	0.22755  	0.28394  	-0.0585  	0.18662  	0.17354  	0.14545  	-0.0210  	-0.1711  	0.25488  	0.00662  	0.01770  	0.04333  	-0.0150  	-0.0831  	-0.0461  	0.04232  	0.02114  	0.05090  	-0.0103  	0.00893  	0.01079  	-0.0054  	0.02265  	0.00331  	-0.0273  	0.02363  	-0.0031  	-0.0327  	0.03381  	0.00350  	0.00634  	0.02952  	-0.0047  	-0.0069  	-0.0242  	0.03589  	-0.0073  	0.02253  	-0.2797  	
0.18528  	0.08875  	0.16990  	0.58466  	0.03754  	0.49579  	0.12825  	-0.5100  	0.21176  	-0.0177  	0.12260  	0.34239  	0.02634  	-0.3980  	-0.7471  	0.91565  	-0.1083  	0.24436  	-0.2661  	0.39100  	0.09782  	-0.1755  	-0.4961  	0.29388  	-0.2242  	-0.1462  	-0.3354  	-0.2389  	-0.2162  	-0.1301  	-0.1924  	0.26479  	0.28507  	-0.0544  	0.24711  	0.16388  	0.21593  	0.02821  	-0.2022  	0.21024  	-0.0186  	0.02815  	0.02896  	-0.0167  	-0.0810  	-0.0471  	0.02437  	0.01652  	0.05606  	-0.0180  	0.00707  	0.01636  	0.00337  	0.02399  	0.00494  	-0.0250  	0.02342  	0.00149  	-0.0344  	0.03489  	0.00278  	0.00054  	0.03131  	-0.0109  	-0.0069  	-0.0242  	0.03589  	-0.0073  	0.02253  	-0.2797  	
0.18087  	0.07529  	0.25617  	0.57761  	-0.0147  	0.49333  	0.12628  	-0.4762  	0.23036  	0.04075  	0.30006  	0.36293  	-0.0180  	-0.4145  	-0.8738  	0.98515  	-0.0949  	0.22267  	-0.2570  	0.39438  	0.20622  	-0.2248  	-0.4996  	0.33085  	-0.1976  	-0.1616  	-0.2926  	-0.3327  	-0.3098  	-0.1521  	-0.2150  	0.27332  	0.27078  	-0.0617  	0.28957  	0.15242  	0.29653  	0.04984  	-0.2303  	0.18339  	-0.0491  	0.03075  	0.02070  	-0.0157  	-0.0709  	-0.0418  	0.02549  	0.01031  	0.05570  	-0.0020  	0.01272  	0.01140  	0.00735  	0.02783  	0.00567  	-0.0168  	0.01778  	0.00307  	-0.0362  	0.03731  	0.00127  	-0.0008  	0.03386  	-0.0074  	-0.0069  	-0.0242  	0.03589  	-0.0073  	0.02253  	-0.2797  	
0.16947  	0.07289  	0.24175  	0.56991  	-0.0267  	0.49112  	0.11987  	-0.4757  	0.24191  	0.00827  	0.33357  	0.35663  	-0.0265  	-0.4381  	-0.8947  	0.97372  	-0.0766  	0.22787  	-0.2510  	0.37451  	0.21482  	-0.2489  	-0.5059  	0.34299  	-0.2054  	-0.1684  	-0.2932  	-0.3470  	-0.3285  	-0.1609  	-0.2229  	0.28936  	0.27181  	-0.0643  	0.31283  	0.14221  	0.29287  	0.05781  	-0.2298  	0.18948  	-0.0644  	0.03191  	0.02148  	-0.0199  	-0.0745  	-0.0378  	0.03049  	0.01167  	0.05287  	-0.0094  	0.01019  	0.01407  	0.00284  	0.02887  	0.00357  	-0.0215  	0.02262  	0.00425  	-0.0362  	0.03721  	-0.0007  	-0.0017  	0.03556  	-0.0115  	-0.0069  	-0.0242  	0.03589  	-0.0073  	0.02253  	-0.2797  	
0.11919  	0.07387  	0.22554  	0.47263  	-0.0426  	0.46976  	0.14446  	-0.5014  	0.23152  	-0.0015  	0.33523  	0.34504  	-0.0278  	-0.4367  	-0.9376  	0.95396  	-0.0934  	0.22039  	-0.2587  	0.39013  	0.20480  	-0.2463  	-0.5071  	0.32657  	-0.1950  	-0.1625  	-0.3043  	-0.3134  	-0.3096  	-0.1782  	-0.1982  	0.27940  	0.26768  	-0.0721  	0.27765  	0.15597  	0.28676  	0.04490  	-0.2118  	0.18833  	-0.0382  	0.04260  	0.03132  	-0.0164  	-0.0801  	-0.0425  	0.03453  	0.01818  	0.06066  	-0.0074  	0.00989  	0.01518  	-0.0004  	0.03254  	0.00332  	-0.0292  	0.02446  	0.00299  	-0.0321  	0.03731  	0.00016  	-0.0019  	0.03668  	-0.0105  	-0.0069  	-0.0242  	0.03589  	-0.0073  	0.02253  	-0.2797  	
0.10723  	0.09051  	0.19241  	0.57474  	-0.0162  	0.45229  	0.06850  	-0.4601  	0.21749  	-0.0719  	0.26191  	0.32737  	0.03290  	-0.4679  	-0.7704  	0.85903  	0.02336  	0.06325  	-0.2057  	0.15791  	0.24327  	-0.4017  	-0.6895  	0.34920  	-0.2496  	-0.0788  	-0.3093  	-0.4098  	-0.2363  	-0.1740  	-0.1035  	0.22001  	0.19565  	-0.1913  	0.23645  	0.11646  	0.21880  	0.04797  	-0.3302  	0.11275  	0.02516  	0.13154  	-0.0767  	0.04724  	-0.1318  	-0.0263  	0.01097  	0.01903  	0.03968  	-0.0165  	0.00865  	0.01810  	0.00212  	0.04322  	0.00608  	-0.0246  	0.02302  	-0.0047  	-0.0332  	0.04196  	0.01022  	-0.0013  	0.02183  	-0.0084  	-0.0069  	-0.0242  	0.03589  	-0.0073  	0.02253  	-0.2797  	
0.09848  	0.11914  	0.19668  	0.59571  	-0.0105  	0.43673  	0.05471  	-0.4142  	0.20072  	-0.1058  	0.24639  	0.32503  	0.07507  	-0.4978  	-0.6766  	0.77254  	0.07429  	-0.0433  	-0.1567  	-0.0393  	0.27282  	-0.5319  	-0.8335  	0.34804  	-0.3084  	-0.0094  	-0.2945  	-0.4835  	-0.1703  	-0.1797  	-0.0329  	0.19347  	0.13302  	-0.2995  	0.19893  	0.10227  	0.16056  	0.05252  	-0.4174  	0.06091  	0.07720  	0.21726  	-0.1556  	0.09521  	-0.1665  	-0.0136  	0.00031  	0.02830  	0.02539  	-0.0224  	0.00971  	0.02166  	0.00418  	0.05369  	0.01010  	-0.0234  	0.02003  	-0.0118  	-0.0327  	0.04588  	0.01626  	-0.0036  	0.00831  	-0.0070  	-0.0069  	-0.0242  	0.03589  	-0.0073  	0.02253  	-0.2797  	
0.13590  	0.12705  	0.23577  	0.59912  	-0.0232  	0.45193  	0.06052  	-0.3892  	0.21192  	-0.1212  	0.29376  	0.36752  	0.08479  	-0.4803  	-0.6698  	0.80068  	0.07789  	-0.0797  	-0.1466  	-0.0916  	0.32137  	-0.5569  	-0.8636  	0.35898  	-0.3415  	0.01033  	-0.2928  	-0.5090  	-0.1881  	-0.1860  	-0.0124  	0.19277  	0.12470  	-0.3296  	0.19690  	0.08346  	0.16128  	0.05635  	-0.4353  	0.03245  	0.08681  	0.24374  	-0.1704  	0.09881  	-0.1789  	-0.0098  	-0.0037  	0.03895  	0.02470  	-0.0260  	0.01027  	0.02437  	0.00422  	0.05894  	0.01148  	-0.0228  	0.01692  	-0.0134  	-0.0359  	0.04801  	0.01526  	-0.0036  	0.00517  	-0.0053  	-0.0069  	-0.0242  	0.03589  	-0.0073  	0.02253  	-0.2797  	
0.14831  	0.12335  	0.23923  	0.59712  	-0.0242  	0.45441  	0.06188  	-0.3927  	0.22406  	-0.1012  	0.31300  	0.38614  	0.07773  	-0.4693  	-0.7076  	0.82900  	0.06730  	-0.0485  	-0.1639  	-0.0519  	0.30439  	-0.5348  	-0.8169  	0.36025  	-0.3572  	-0.0044  	-0.2931  	-0.4872  	-0.2134  	-0.1838  	-0.0295  	0.20283  	0.14547  	-0.3019  	0.20666  	0.08009  	0.17888  	0.06093  	-0.4179  	0.04350  	0.07261  	0.22203  	-0.1525  	0.08551  	-0.1682  	-0.0129  	-5.6167  	0.03375  	0.02600  	-0.0258  	0.00904  	0.02521  	0.00399  	0.05636  	0.01140  	-0.0234  	0.01476  	-0.0109  	-0.0344  	0.04692  	0.01490  	-0.0012  	0.00864  	-0.0047  	-0.0069  	-0.0242  	0.03589  	-0.0073  	0.02253  	-0.2797  	
0.14185  	0.10973  	0.20907  	0.58442  	-0.0226  	0.46934  	0.08394  	-0.4345  	0.23644  	-0.0781  	0.30420  	0.37550  	0.04432  	-0.4402  	-0.7503  	0.86629  	0.00907  	0.05886  	-0.2142  	0.12211  	0.24729  	-0.3922  	-0.6563  	0.35480  	-0.3167  	-0.0685  	-0.2967  	-0.4195  	-0.2615  	-0.1701  	-0.1050  	0.23437  	0.20698  	-0.1965  	0.24649  	0.09862  	0.23150  	0.06180  	-0.3422  	0.09732  	0.02630  	0.13645  	-0.0762  	0.03400  	-0.1309  	-0.0258  	0.01540  	0.02109  	0.03595  	-0.0188  	0.00524  	0.02261  	0.00264  	0.04540  	0.00781  	-0.0230  	0.01706  	-0.0042  	-0.0346  	0.04081  	0.01186  	0.00079  	0.01864  	-0.0047  	-0.0069  	-0.0242  	0.03589  	-0.0073  	0.02253  	-0.2797  	
-0.0427  	0.03121  	0.07281  	0.47054  	0.00455  	0.37327  	0.10547  	-0.6186  	0.18565  	0.00566  	0.27325  	0.33989  	-0.0331  	-0.5550  	-0.9418  	0.87555  	-0.1044  	0.29721  	-0.2821  	0.41874  	0.02828  	-0.2565  	-0.5502  	0.28390  	-0.2400  	-0.1421  	-0.4197  	-0.1390  	-0.1569  	-0.1649  	-0.1965  	0.24821  	0.26668  	-0.0639  	0.23038  	0.20996  	0.17116  	0.01572  	-0.2198  	0.22610  	0.00925  	0.03843  	0.00733  	-0.0328  	-0.0832  	-0.0465  	0.04147  	-0.0005  	0.04050  	-0.0138  	0.01194  	0.01702  	-0.0010  	0.02494  	0.00341  	-0.0298  	0.03262  	0.00343  	-0.0313  	0.03286  	0.00818  	-0.0075  	0.02967  	-0.0018  	-0.0069  	-0.0242  	0.03589  	-0.0073  	0.02253  	-0.2797  	
-0.0424  	-0.0228  	0.03077  	0.48332  	0.00413  	0.35513  	0.11528  	-0.6588  	0.17420  	0.04997  	0.25634  	0.29342  	-0.0427  	-0.6241  	-1.0002  	0.88069  	-0.1193  	0.33009  	-0.2843  	0.45634  	-0.0404  	-0.2571  	-0.5659  	0.25809  	-0.2059  	-0.1399  	-0.4326  	-0.0754  	-0.1154  	-0.1485  	-0.2054  	0.24825  	0.25061  	-0.0638  	0.21850  	0.25402  	0.13478  	0.00602  	-0.2083  	0.22226  	0.00292  	0.04727  	0.01395  	-0.0268  	-0.0770  	-0.0475  	0.04181  	-0.0035  	0.04506  	-0.0093  	0.02388  	0.01557  	-0.0009  	0.02215  	0.00599  	-0.0339  	0.03550  	0.00572  	-0.0288  	0.02974  	-0.0019  	-0.0083  	0.03615  	-0.0004  	-0.0069  	-0.0242  	0.03589  	-0.0073  	0.02253  	-0.2797  	
-0.0513  	-0.0334  	0.03439  	0.48359  	0.01975  	0.33759  	0.12324  	-0.6831  	0.16439  	0.08759  	0.24186  	0.28625  	-0.0602  	-0.6751  	-1.0476  	0.90985  	-0.1203  	0.33105  	-0.2827  	0.47516  	-0.0914  	-0.2539  	-0.6022  	0.22366  	-0.1602  	-0.1488  	-0.4236  	-0.0360  	-0.0769  	-0.1310  	-0.2111  	0.25642  	0.23588  	-0.0540  	0.19947  	0.30409  	0.10692  	-0.0003  	-0.1854  	0.23273  	0.00806  	0.04001  	0.01726  	-0.0192  	-0.0772  	-0.0465  	0.03630  	-0.0012  	0.04476  	-0.0150  	0.02463  	0.01498  	0.00124  	0.02314  	0.01022  	-0.0349  	0.03739  	0.00644  	-0.0276  	0.02826  	-0.0014  	-0.0085  	0.03962  	4.26806  	-0.0069  	-0.0242  	0.03589  	-0.0073  	0.02253  	-0.2797  	
-0.0539  	-0.0374  	0.05516  	0.45227  	0.01784  	0.35113  	0.13028  	-0.7000  	0.15978  	0.11085  	0.25209  	0.30881  	-0.0675  	-0.7126  	-1.0974  	0.95701  	-0.1276  	0.36087  	-0.2767  	0.49732  	-0.1489  	-0.2676  	-0.6329  	0.20969  	-0.1628  	-0.1587  	-0.4638  	0.01216  	-0.0358  	-0.1283  	-0.2088  	0.24694  	0.23568  	-0.0471  	0.17771  	0.33351  	0.07658  	-0.0057  	-0.1731  	0.25812  	0.02142  	0.03381  	0.02209  	-0.0203  	-0.0837  	-0.0440  	0.03200  	0.00166  	0.04672  	-0.0183  	0.02347  	0.01603  	0.00270  	0.02334  	0.01128  	-0.0348  	0.03722  	0.00525  	-0.0285  	0.03087  	0.00035  	-0.0043  	0.03937  	-0.0011  	-0.0069  	-0.0242  	0.03589  	-0.0073  	0.02253  	-0.2797  	
-0.0738  	-0.0525  	0.05612  	0.37942  	-0.0246  	0.31767  	0.13603  	-0.7291  	0.13518  	0.12056  	0.23168  	0.28087  	-0.0627  	-0.7301  	-1.1644  	0.94008  	-0.1264  	0.36686  	-0.2861  	0.49765  	-0.2006  	-0.2548  	-0.6255  	0.19415  	-0.1670  	-0.1413  	-0.4980  	0.02279  	-0.0062  	-0.1236  	-0.2007  	0.23657  	0.23846  	-0.0454  	0.14740  	0.35629  	0.05454  	-0.0146  	-0.1580  	0.27564  	0.04918  	0.03107  	0.02524  	-0.0227  	-0.0812  	-0.0458  	0.03531  	0.00543  	0.04795  	-0.0123  	0.02253  	0.01440  	0.00270  	0.02339  	0.00755  	-0.0396  	0.03753  	0.00398  	-0.0352  	0.02710  	3.08766  	-0.0051  	0.03918  	-0.0017  	-0.0069  	-0.0242  	0.03589  	-0.0073  	0.02253  	-0.2797  	
-0.3531  	-0.0974  	-0.0953  	0.34670  	-0.0395  	0.21420  	0.12831  	-0.7455  	0.13247  	0.13532  	0.20939  	0.23621  	-0.0298  	-0.7107  	-1.1455  	0.82593  	-0.1109  	0.31567  	-0.2913  	0.47949  	-0.1926  	-0.2485  	-0.6159  	0.23277  	-0.0974  	-0.1410  	-0.4545  	0.02006  	0.00612  	-0.1142  	-0.1955  	0.23705  	0.22082  	-0.0563  	0.14011  	0.35567  	0.05490  	-0.0226  	-0.1633  	0.26850  	0.03702  	0.04001  	0.01445  	-0.0202  	-0.0683  	-0.0428  	0.03834  	-0.0151  	0.03899  	-0.0187  	0.02203  	0.01803  	-0.0023  	0.02479  	0.00853  	-0.0365  	0.03470  	0.00502  	-0.0276  	0.02933  	0.00354  	-0.0139  	0.03425  	-0.0005  	-0.0069  	-0.0242  	0.03589  	-0.0073  	0.02253  	-0.2797  	
-0.4217  	-0.1221  	-0.1745  	0.27559  	-0.0805  	0.17416  	0.10551  	-0.7433  	0.12716  	0.06668  	0.23437  	0.25953  	-0.0750  	-0.6891  	-1.0757  	0.68701  	-0.0872  	0.34270  	-0.2700  	0.46095  	-0.1350  	-0.2609  	-0.5588  	0.22403  	-0.1301  	-0.1194  	-0.4315  	-0.0509  	-0.0427  	-0.1398  	-0.1814  	0.22643  	0.22207  	-0.0533  	0.12942  	0.31916  	0.07658  	-0.0144  	-0.1659  	0.21916  	0.02465  	0.02787  	0.00373  	-0.0299  	-0.0634  	-0.0491  	0.03439  	-0.0114  	0.02810  	-0.0189  	0.00667  	0.01673  	0.00313  	0.02594  	0.00718  	-0.0394  	0.03469  	0.00547  	-0.0292  	0.03104  	0.00261  	-0.0127  	0.03622  	-0.0016  	-0.0069  	-0.0242  	0.03589  	-0.0073  	0.02253  	-0.2797  	
-0.3647  	-0.1095  	-0.1211  	0.22672  	-0.1160  	0.24524  	0.10182  	-0.7243  	0.12040  	0.04549  	0.27896  	0.24146  	-0.0836  	-0.7237  	-1.1077  	0.71589  	-0.0784  	0.31049  	-0.2808  	0.45547  	-0.1262  	-0.2457  	-0.4886  	0.22001  	-0.1959  	-0.1157  	-0.4346  	-0.0552  	-0.0250  	-0.1406  	-0.1798  	0.21600  	0.22959  	-0.0543  	0.09610  	0.29356  	0.09585  	-0.0026  	-0.1788  	0.22308  	0.05338  	0.02452  	0.01946  	-0.0239  	-0.0734  	-0.0491  	0.03929  	-0.0134  	0.02969  	-0.0094  	0.01084  	0.01781  	0.00123  	0.02307  	0.00312  	-0.0325  	0.03227  	0.00368  	-0.0333  	0.02873  	0.00758  	-0.0111  	0.03235  	-0.0076  	-0.0069  	-0.0242  	0.03589  	-0.0073  	0.02253  	-0.2797  	
-0.3000  	-0.0858  	-0.1095  	0.33861  	-0.0413  	0.29749  	0.06795  	-0.6794  	0.12372  	0.01742  	0.18995  	0.33810  	-0.0451  	-0.7211  	-1.0443  	0.79705  	-0.0616  	0.31896  	-0.2620  	0.45778  	-0.1620  	-0.2130  	-0.5028  	0.24426  	-0.1709  	-0.1090  	-0.4448  	-0.0088  	-0.0375  	-0.1368  	-0.1685  	0.21572  	0.24312  	-0.0573  	0.07764  	0.27281  	0.05000  	-0.0135  	-0.1593  	0.24844  	0.04329  	0.03363  	0.02063  	-0.0223  	-0.0803  	-0.0470  	0.03965  	-0.0028  	0.03848  	-0.0110  	0.01331  	0.01791  	-0.0045  	0.02186  	0.00394  	-0.0370  	0.03659  	0.00525  	-0.0291  	0.02950  	0.00409  	-0.0022  	0.03835  	-0.0047  	-0.0069  	-0.0242  	0.03589  	-0.0073  	0.02253  	-0.2797  	
-0.1802  	-0.0473  	-0.0398  	0.42644  	0.01915  	0.30887  	0.10728  	-0.6802  	0.14198  	0.04579  	0.14662  	0.33723  	-0.0342  	-0.7020  	-1.0454  	0.84468  	-0.1079  	0.33175  	-0.2940  	0.48564  	-0.2169  	-0.2387  	-0.5749  	0.20287  	-0.1823  	-0.1239  	-0.4951  	0.04534  	0.01020  	-0.1566  	-0.1863  	0.22018  	0.26248  	-0.0488  	0.10896  	0.30313  	0.01584  	-0.0256  	-0.1185  	0.26906  	0.06179  	0.02943  	0.04163  	-0.0237  	-0.0833  	-0.0453  	0.04291  	0.01807  	0.04302  	-0.0163  	0.01887  	0.01322  	-0.0024  	0.01914  	0.00600  	-0.0375  	0.04168  	0.00483  	-0.0328  	0.03168  	0.00277  	-0.0108  	0.04209  	0.00517  	-0.0069  	-0.0242  	0.03589  	-0.0073  	0.02253  	-0.2797  	
-0.0921  	-0.0262  	0.02575  	0.48999  	0.04652  	0.32340  	0.13323  	-0.7085  	0.15828  	0.12392  	0.21861  	0.33660  	-0.0456  	-0.6841  	-1.0925  	0.91022  	-0.1232  	0.35894  	-0.2954  	0.52884  	-0.1766  	-0.2684  	-0.6447  	0.18464  	-0.1752  	-0.1444  	-0.4928  	0.03821  	-0.0049  	-0.1318  	-0.2103  	0.23934  	0.24344  	-0.0371  	0.16069  	0.32179  	0.03831  	-0.0227  	-0.1455  	0.25271  	0.02224  	0.03256  	0.01927  	-0.0260  	-0.0734  	-0.0449  	0.04027  	0.00446  	0.04842  	-0.0158  	0.02494  	0.01385  	0.00310  	0.01979  	0.01114  	-0.0346  	0.03835  	0.00661  	-0.0284  	0.02799  	0.00058  	-0.0108  	0.03848  	-0.0012  	-0.0069  	-0.0242  	0.03589  	-0.0073  	0.02253  	-0.2797  	
-0.0817  	-0.0441  	0.00457  	0.46293  	0.03070  	0.33505  	0.13491  	-0.6990  	0.15093  	0.11061  	0.23078  	0.29983  	-0.0515  	-0.6927  	-1.0873  	0.90925  	-0.1338  	0.34680  	-0.2866  	0.49900  	-0.1439  	-0.2515  	-0.6334  	0.19198  	-0.1572  	-0.1547  	-0.4638  	0.02234  	-0.0116  	-0.1194  	-0.2134  	0.24833  	0.23130  	-0.0464  	0.17629  	0.33941  	0.06932  	-0.0158  	-0.1599  	0.25372  	0.01066  	0.03709  	0.01723  	-0.0190  	-0.0718  	-0.0441  	0.03663  	-0.0019  	0.04505  	-0.0176  	0.02409  	0.01499  	0.00327  	0.02137  	0.01123  	-0.0345  	0.03872  	0.00611  	-0.0271  	0.02812  	-0.0007  	-0.0092  	0.03751  	-0.0017  	-0.0069  	-0.0242  	0.03589  	-0.0073  	0.02253  	-0.2797  	
-0.0854  	-0.0440  	0.00307  	0.41651  	0.00132  	0.33540  	0.13329  	-0.7310  	0.13390  	0.09451  	0.25051  	0.28883  	-0.0588  	-0.6880  	-1.1218  	0.89706  	-0.1298  	0.32601  	-0.2845  	0.47877  	-0.1348  	-0.2514  	-0.6106  	0.19879  	-0.1622  	-0.1531  	-0.4506  	-0.0068  	-0.0389  	-0.1240  	-0.2054  	0.24736  	0.22878  	-0.0496  	0.17149  	0.34164  	0.09068  	-0.0108  	-0.1652  	0.25134  	0.02251  	0.04159  	0.01709  	-0.0250  	-0.0724  	-0.0435  	0.03756  	-0.0005  	0.04586  	-0.0115  	0.02314  	0.01601  	0.00195  	0.02321  	0.01030  	-0.0353  	0.03720  	0.00585  	-0.0284  	0.02984  	-0.0032  	-0.0047  	0.03719  	-0.0038  	-0.0069  	-0.0242  	0.03589  	-0.0073  	0.02253  	-0.2797  	
-0.1001  	-0.0323  	-0.0033  	0.38752  	-0.0187  	0.33455  	0.13741  	-0.7318  	0.12525  	0.06206  	0.23249  	0.27537  	-0.0489  	-0.6649  	-1.0629  	0.85265  	-0.1200  	0.31322  	-0.2871  	0.46552  	-0.1217  	-0.2523  	-0.5775  	0.19402  	-0.1743  	-0.1486  	-0.4549  	-0.0070  	-0.0295  	-0.1290  	-0.2010  	0.24473  	0.23041  	-0.0528  	0.15867  	0.32535  	0.09420  	0.00040  	-0.1748  	0.25166  	0.04119  	0.04618  	0.02064  	-0.0297  	-0.0833  	-0.0436  	0.03822  	-0.0032  	0.04039  	-0.0179  	0.01677  	0.01785  	0.00283  	0.02506  	0.00930  	-0.0372  	0.03385  	0.00225  	-0.0272  	0.03134  	-0.0004  	-0.0044  	0.03887  	-0.0023  	-0.0069  	-0.0242  	0.03589  	-0.0073  	0.02253  	-0.2797  	
-0.1077  	-0.0239  	-0.0140  	0.41779  	0.00815  	0.32571  	0.12798  	-0.7083  	0.13763  	-0.0073  	0.20544  	0.25815  	-0.0671  	-0.6512  	-1.0000  	0.79257  	-0.1066  	0.28865  	-0.2832  	0.44755  	-0.0689  	-0.2354  	-0.5476  	0.22456  	-0.1879  	-0.1363  	-0.4240  	-0.0749  	-0.0932  	-0.1299  	-0.2016  	0.24501  	0.23183  	-0.0546  	0.19916  	0.29290  	0.13800  	0.01145  	-0.2002  	0.23831  	0.02237  	0.04454  	0.01154  	-0.0274  	-0.0796  	-0.0444  	0.03520  	-0.0071  	0.03678  	-0.0178  	0.01518  	0.01844  	0.00186  	0.02266  	0.01048  	-0.0371  	0.03732  	0.00744  	-0.0308  	0.02687  	-0.0012  	-0.0051  	0.03906  	-0.0031  	-0.0069  	-0.0242  	0.03589  	-0.0073  	0.02253  	-0.2797  	
-0.1433  	-0.0305  	-0.0418  	0.48335  	0.02240  	0.30541  	0.10386  	-0.6693  	0.14758  	-0.0268  	0.21839  	0.28172  	-0.0506  	-0.6150  	-0.9201  	0.77153  	-0.0978  	0.28522  	-0.2809  	0.43583  	-0.0593  	-0.2175  	-0.5424  	0.22908  	-0.1753  	-0.1283  	-0.4228  	-0.0734  	-0.0796  	-0.1259  	-0.2115  	0.22704  	0.24471  	-0.0544  	0.19916  	0.25975  	0.13309  	-0.0086  	-0.1981  	0.20372  	0.02580  	0.04624  	0.00612  	-0.0380  	-0.0667  	-0.0403  	0.04082  	-0.0081  	0.03955  	-0.0112  	0.01521  	0.01336  	0.00345  	0.02101  	0.00569  	-0.0307  	0.03709  	0.00758  	-0.0295  	0.02567  	-0.0001  	-0.0025  	0.03902  	-0.0018  	-0.0069  	-0.0242  	0.03589  	-0.0073  	0.02253  	-0.2797  	
-0.1785  	-0.0166  	-0.0247  	0.46109  	0.02007  	0.29911  	0.06569  	-0.6659  	0.17386  	0.00679  	0.20679  	0.34681  	-0.0309  	-0.5573  	-0.9458  	0.77613  	-0.0865  	0.27651  	-0.2732  	0.43683  	-0.0480  	-0.2275  	-0.5492  	0.23370  	-0.2107  	-0.1248  	-0.4467  	-0.0705  	-0.0902  	-0.1363  	-0.1959  	0.22011  	0.26027  	-0.0539  	0.18257  	0.22921  	0.12539  	-0.0108  	-0.1939  	0.20771  	0.03038  	0.03596  	0.01086  	-0.0403  	-0.0695  	-0.0406  	0.04295  	-0.0133  	0.03519  	-0.0101  	0.00644  	0.01437  	-0.0053  	0.02176  	-0.0004  	-0.0312  	0.02987  	0.00287  	-0.0321  	0.02239  	0.00415  	0.00227  	0.03116  	-0.0039  	-0.0069  	-0.0242  	0.03589  	-0.0073  	0.02253  	-0.2797  	
-0.1996  	-0.0264  	-0.0237  	0.43260  	0.01740  	0.29008  	0.08218  	-0.6767  	0.17153  	0.02772  	0.20131  	0.35402  	-0.0277  	-0.5663  	-0.9833  	0.77673  	-0.0893  	0.28721  	-0.2732  	0.44500  	-0.0687  	-0.2397  	-0.5515  	0.22384  	-0.2165  	-0.1266  	-0.4571  	-0.0546  	-0.0779  	-0.1400  	-0.1934  	0.21878  	0.26076  	-0.0538  	0.16894  	0.23480  	0.11554  	-0.0080  	-0.1877  	0.22234  	0.04018  	0.03376  	0.01914  	-0.0310  	-0.0705  	-0.0424  	0.04270  	-0.0094  	0.03651  	-0.0116  	0.00759  	0.01654  	-0.0054  	0.02362  	0.00179  	-0.0339  	0.03039  	0.00379  	-0.0334  	0.02339  	0.00628  	-0.0001  	0.03009  	-0.0034  	-0.0069  	-0.0242  	0.03589  	-0.0073  	0.02253  	-0.2797  	
-0.2200  	-0.0391  	-0.0613  	0.39158  	-0.0087  	0.26255  	0.10169  	-0.6881  	0.15734  	0.03507  	0.22194  	0.30293  	-0.0376  	-0.6242  	-1.0177  	0.78435  	-0.0912  	0.30632  	-0.2858  	0.45823  	-0.0782  	-0.2450  	-0.5565  	0.23074  	-0.1988  	-0.1296  	-0.4527  	-0.0569  	-0.0759  	-0.1413  	-0.1923  	0.21894  	0.25210  	-0.0497  	0.15068  	0.24277  	0.10743  	-0.0009  	-0.1784  	0.22979  	0.04037  	0.03207  	0.02260  	-0.0302  	-0.0733  	-0.0423  	0.04341  	-0.0067  	0.03401  	-0.0124  	0.01321  	0.01793  	-0.0003  	0.02576  	0.00248  	-0.0352  	0.03288  	0.00491  	-0.0266  	0.02855  	0.00584  	-0.0003  	0.03360  	-0.0045  	-0.0069  	-0.0242  	0.03589  	-0.0073  	0.02253  	-0.2797  	
-0.3021  	-0.0844  	-0.1014  	0.29231  	-0.0566  	0.21457  	0.10958  	-0.7080  	0.14038  	0.06916  	0.25886  	0.26538  	-0.0572  	-0.7085  	-1.1335  	0.76658  	-0.0718  	0.32314  	-0.2899  	0.47584  	-0.1159  	-0.2595  	-0.5431  	0.20918  	-0.2003  	-0.1126  	-0.4685  	-0.0291  	-0.0419  	-0.1491  	-0.1961  	0.21620  	0.23292  	-0.0570  	0.10585  	0.28054  	0.08998  	-0.0022  	-0.1624  	0.22338  	0.05213  	0.03173  	0.02446  	-0.0265  	-0.0736  	-0.0470  	0.04465  	-0.0090  	0.03951  	-0.0159  	0.00947  	0.01703  	-0.0018  	0.02695  	0.00525  	-0.0409  	0.03450  	0.00678  	-0.0294  	0.02787  	0.00365  	-0.0011  	0.03657  	-0.0006  	-0.0069  	-0.0242  	0.03589  	-0.0073  	0.02253  	-0.2797  	
-0.4059  	-0.1041  	-0.1235  	0.23516  	-0.0892  	0.18948  	0.10447  	-0.7275  	0.13943  	0.09833  	0.26625  	0.26237  	-0.0746  	-0.7460  	-1.1626  	0.76278  	-0.0725  	0.32427  	-0.2844  	0.46009  	-0.1674  	-0.2593  	-0.5394  	0.20759  	-0.1988  	-0.1091  	-0.4823  	-0.0103  	-0.0057  	-0.1427  	-0.1805  	0.21407  	0.22899  	-0.0488  	0.07023  	0.28738  	0.05276  	-0.0063  	-0.1499  	0.23225  	0.07116  	0.02704  	0.03908  	-0.0167  	-0.0764  	-0.0488  	0.04263  	-0.0086  	0.04363  	-0.0176  	0.00453  	0.01781  	-0.0010  	0.02732  	0.00752  	-0.0413  	0.02842  	0.00823  	-0.0324  	0.02659  	0.00829  	-0.0016  	0.03517  	-0.0022  	-0.0069  	-0.0242  	0.03589  	-0.0073  	0.02253  	-0.2797  	
-0.3129  	-0.0698  	-0.0557  	0.38533  	-0.0376  	0.27340  	0.09930  	-0.6827  	0.15831  	0.03140  	0.18319  	0.30125  	-0.0333  	-0.6604  	-1.0511  	0.79123  	-0.0607  	0.30693  	-0.2937  	0.44210  	-0.1510  	-0.2420  	-0.5339  	0.24480  	-0.1898  	-0.1114  	-0.4439  	0.00077  	-0.0176  	-0.1454  	-0.1787  	0.22916  	0.25164  	-0.0487  	0.10177  	0.26815  	0.05556  	-0.0188  	-0.1533  	0.24334  	0.03396  	0.02093  	0.02287  	-0.0268  	-0.0748  	-0.0495  	0.04388  	0.00305  	0.04006  	-0.0119  	0.01301  	0.01555  	0.00039  	0.02027  	0.00241  	-0.0389  	0.03121  	0.00405  	-0.0295  	0.02846  	0.00462  	-0.0045  	0.03841  	0.00053  	-0.0069  	-0.0242  	0.03589  	-0.0073  	0.02253  	-0.2797  	
-0.1735  	-0.0339  	-0.0001  	0.42754  	0.01139  	0.30604  	0.14529  	-0.6773  	0.16021  	0.03781  	0.17988  	0.28605  	-0.0368  	-0.6770  	-1.0358  	0.84296  	-0.1047  	0.32330  	-0.2876  	0.47002  	-0.1674  	-0.2568  	-0.5902  	0.21511  	-0.1766  	-0.1247  	-0.4406  	0.00972  	-0.0232  	-0.1494  	-0.1956  	0.23739  	0.25342  	-0.0464  	0.13972  	0.29917  	0.06881  	-0.0196  	-0.1570  	0.24973  	0.04216  	0.02569  	0.01705  	-0.0271  	-0.0762  	-0.0455  	0.04028  	0.00432  	0.04264  	-0.0150  	0.01923  	0.01381  	-0.0002  	0.01954  	0.00758  	-0.0358  	0.03525  	0.00450  	-0.0357  	0.02709  	-0.0003  	-0.0045  	0.03758  	0.00051  	-0.0069  	-0.0242  	0.03589  	-0.0073  	0.02253  	-0.2797  	
-0.0877  	-0.0215  	0.03545  	0.48080  	0.02962  	0.34784  	0.15347  	-0.6869  	0.16503  	0.09449  	0.18110  	0.31188  	-0.0264  	-0.6668  	-1.0521  	0.88262  	-0.1238  	0.33834  	-0.2706  	0.51309  	-0.1779  	-0.2501  	-0.6529  	0.19273  	-0.1558  	-0.1522  	-0.4551  	0.03322  	0.00494  	-0.1315  	-0.2091  	0.23756  	0.23250  	-0.0428  	0.14963  	0.32988  	0.03988  	-0.0162  	-0.1377  	0.26338  	0.02941  	0.03491  	0.01133  	-0.0211  	-0.0818  	-0.0463  	0.03653  	0.00405  	0.04459  	-0.0159  	0.02215  	0.01812  	0.00122  	0.02059  	0.01245  	-0.0328  	0.03742  	0.00531  	-0.0283  	0.02882  	0.00176  	-0.0117  	0.03468  	-0.0037  	-0.0069  	-0.0242  	0.03589  	-0.0073  	0.02253  	-0.2797  	
-0.0713  	-0.0455  	0.02658  	0.46891  	0.05988  	0.34447  	0.14662  	-0.6994  	0.16043  	0.09160  	0.19776  	0.29019  	-0.0214  	-0.6893  	-1.0768  	0.91370  	-0.1416  	0.34364  	-0.2755  	0.52453  	-0.1785  	-0.2551  	-0.6744  	0.19730  	-0.1473  	-0.1566  	-0.4409  	0.02654  	-0.0014  	-0.1217  	-0.2109  	0.24672  	0.23436  	-0.0349  	0.18149  	0.34995  	0.06008  	-0.0195  	-0.1603  	0.27184  	0.01438  	0.03171  	0.01562  	-0.0193  	-0.0794  	-0.0467  	0.03419  	-0.0008  	0.04423  	-0.0176  	0.02762  	0.01452  	0.00254  	0.02380  	0.00831  	-0.0307  	0.03824  	0.00733  	-0.0291  	0.02698  	-0.0007  	-0.0077  	0.03638  	-0.0051  	-0.0069  	-0.0242  	0.03589  	-0.0073  	0.02253  	-0.2797  	
-0.0710  	-0.0526  	0.02019  	0.46558  	0.05982  	0.37771  	0.12714  	-0.7200  	0.13850  	0.11210  	0.23984  	0.30882  	-0.0752  	-0.7357  	-1.1259  	0.96065  	-0.1233  	0.33980  	-0.2641  	0.51476  	-0.1358  	-0.2395  	-0.6804  	0.27635  	-0.1095  	-0.1578  	-0.3606  	-0.0272  	-0.1017  	-0.1158  	-0.2071  	0.27474  	0.23283  	-0.0544  	0.19398  	0.33974  	0.11118  	-0.0109  	-0.1813  	0.26558  	0.00182  	0.04418  	0.01320  	-0.0235  	-0.0680  	-0.0446  	0.03197  	-0.0004  	0.04427  	-0.0163  	0.02299  	0.01310  	0.00543  	0.02098  	0.00859  	-0.0320  	0.04046  	0.00500  	-0.0308  	0.03077  	0.00095  	-0.0209  	0.03514  	-0.0036  	-0.0069  	-0.0242  	0.03589  	-0.0073  	0.02253  	-0.2797  	
-0.0901  	-0.0156  	-0.0439  	0.53996  	0.04543  	0.41802  	0.12512  	-0.7297  	0.14324  	0.03364  	0.14126  	0.31308  	-0.0761  	-0.6541  	-1.0597  	0.88787  	-0.0670  	0.31205  	-0.2633  	0.47046  	-0.1054  	-0.2123  	-0.6343  	0.29520  	-0.0935  	-0.1484  	-0.3162  	-0.0381  	-0.0849  	-0.0883  	-0.2275  	0.26538  	0.22846  	-0.0745  	0.18517  	0.33843  	0.10818  	-0.0273  	-0.1591  	0.25242  	-0.0141  	0.05130  	0.01346  	-0.0199  	-0.0795  	-0.0403  	0.02564  	0.00788  	0.04103  	-0.0125  	0.03197  	0.01355  	0.00122  	0.01870  	0.00585  	-0.0264  	0.03638  	0.00320  	-0.0281  	0.03249  	-0.0008  	-0.0141  	0.03552  	-0.0064  	-0.0069  	-0.0242  	0.03589  	-0.0073  	0.02253  	-0.2797  	
0.02783  	-0.0145  	0.01846  	0.77236  	0.15887  	0.43018  	0.13247  	-0.6655  	0.15928  	0.00451  	0.00187  	0.36922  	0.00342  	-0.4881  	-0.8434  	0.85774  	-0.0895  	0.27267  	-0.2861  	0.43620  	-0.0920  	-0.2039  	-0.6124  	0.26944  	-0.0772  	-0.1516  	-0.3498  	-0.0702  	-0.0409  	-0.0738  	-0.2368  	0.25481  	0.23419  	-0.0503  	0.21436  	0.26543  	0.08761  	-0.0223  	-0.1345  	0.26216  	-0.0400  	0.04789  	0.02547  	-0.0208  	-0.0755  	-0.0467  	0.02947  	0.01542  	0.05804  	-0.0154  	0.03270  	0.01419  	-0.0010  	0.01946  	0.00540  	-0.0246  	0.03092  	0.00311  	-0.0261  	0.03039  	-0.0063  	-0.0141  	0.03691  	-0.0050  	-0.0069  	-0.0242  	0.03589  	-0.0073  	0.02253  	-0.2797  	
0.08176  	0.01842  	0.05777  	0.75686  	0.17651  	0.50368  	0.12485  	-0.6072  	0.20121  	-0.0075  	0.05272  	0.37355  	0.03795  	-0.4292  	-0.8281  	0.91266  	-0.0991  	0.27586  	-0.2639  	0.42891  	-0.0662  	-0.1936  	-0.6093  	0.27532  	-0.0792  	-0.1643  	-0.3578  	-0.0815  	-0.0461  	-0.0793  	-0.2299  	0.23804  	0.25089  	-0.0476  	0.19327  	0.23877  	0.09195  	-0.0153  	-0.1496  	0.24798  	-0.0335  	0.02755  	0.02883  	-0.0197  	-0.0806  	-0.0508  	0.02829  	0.01732  	0.06050  	-0.0180  	0.02435  	0.01345  	-0.0041  	0.02813  	0.00729  	-0.0208  	0.03179  	0.00418  	-0.0276  	0.03337  	-0.0008  	-0.0101  	0.03703  	-0.0026  	-0.0069  	-0.0242  	0.03589  	-0.0073  	0.02253  	-0.2797  	
-0.0248  	0.02538  	0.00103  	0.74388  	0.16223  	0.41021  	0.14988  	-0.5932  	0.19278  	-0.0045  	0.12432  	0.40738  	0.08432  	-0.3765  	-0.8816  	0.84131  	-0.1351  	0.30583  	-0.2893  	0.51088  	-0.0676  	-0.1903  	-0.6563  	0.28033  	-0.1164  	-0.1440  	-0.4432  	-0.0265  	-0.0407  	-0.1096  	-0.2088  	0.21178  	0.27867  	-0.0524  	0.19306  	0.23481  	0.07713  	-0.0437  	-0.1402  	0.24678  	-0.0141  	0.03923  	0.02377  	-0.0260  	-0.0832  	-0.0465  	0.03440  	0.01129  	0.04241  	-0.0220  	0.01704  	0.01259  	-0.0045  	0.02465  	0.00285  	-0.0291  	0.03697  	0.00176  	-0.0268  	0.03799  	0.00450  	-0.0071  	0.02497  	-0.0038  	-0.0069  	-0.0242  	0.03589  	-0.0073  	0.02253  	-0.2797  	
-0.3774  	-0.0937  	-0.2054  	0.47724  	0.11997  	0.13196  	0.10764  	-0.6991  	0.14288  	0.04294  	0.29923  	0.37619  	-0.0045  	-0.5168  	-0.9577  	0.72097  	-0.1250  	0.33649  	-0.2783  	0.56363  	-0.0625  	-0.2501  	-0.6454  	0.32267  	-0.2246  	-0.1249  	-0.5246  	-0.0101  	-0.0950  	-0.1804  	-0.1814  	0.22395  	0.29743  	-0.0489  	0.21669  	0.25143  	0.05489  	-0.0526  	-0.1614  	0.27296  	-0.0106  	0.05053  	-0.0401  	-0.0499  	-0.0719  	-0.0436  	0.04595  	-0.0076  	0.04312  	-0.0106  	0.01744  	0.01650  	-0.0061  	0.02370  	0.00418  	-0.0327  	0.03498  	0.00732  	-0.0220  	0.03318  	0.00592  	-0.0026  	0.01228  	-0.0105  	-0.0069  	-0.0242  	0.03589  	-0.0073  	0.02253  	-0.2797  	
-0.5167  	-0.1477  	-0.2539  	0.34259  	0.05605  	0.04001  	0.13182  	-0.6951  	0.14861  	0.11491  	0.40583  	0.37979  	-0.0369  	-0.6409  	-1.0676  	0.70979  	-0.1246  	0.33094  	-0.3126  	0.57088  	-0.0771  	-0.2601  	-0.5868  	0.23430  	-0.2500  	-0.1164  	-0.4961  	-0.0188  	-0.0782  	-0.1651  	-0.1775  	0.17888  	0.28737  	-0.0445  	0.18623  	0.24806  	0.05765  	-0.0296  	-0.1738  	0.21931  	-0.0178  	0.04799  	-0.0235  	-0.0550  	-0.0648  	-0.0454  	0.04180  	-0.0125  	0.03483  	-0.0145  	0.01395  	0.01470  	-0.0083  	0.02054  	0.00140  	-0.0348  	0.03342  	0.00609  	-0.0345  	0.02132  	0.00519  	-0.0050  	0.03129  	-0.0027  	-0.0069  	-0.0242  	0.03589  	-0.0073  	0.02253  	-0.2797  	
-0.5346  	-0.1352  	-0.2403  	0.18048  	-0.0658  	-0.0046  	0.07890  	-0.6953  	0.14104  	0.16754  	0.41594  	0.30288  	-0.0721  	-0.6775  	-1.1966  	0.70674  	-0.0955  	0.31885  	-0.2762  	0.52484  	-0.0542  	-0.2690  	-0.5544  	0.21086  	-0.2454  	-0.1031  	-0.4738  	-0.0518  	-0.0911  	-0.1660  	-0.1589  	0.20157  	0.27367  	-0.0515  	0.15968  	0.24470  	0.08029  	-0.0296  	-0.1502  	0.21998  	-0.0026  	0.03466  	-0.0111  	-0.0359  	-0.0659  	-0.0420  	0.03811  	-0.0150  	0.03433  	-0.0089  	0.01494  	0.01183  	-0.0015  	0.02112  	0.00069  	-0.0328  	0.02713  	0.00807  	-0.0298  	0.03390  	0.00524  	-0.0011  	0.03494  	-0.0010  	-0.0069  	-0.0242  	0.03589  	-0.0073  	0.02253  	-0.2797  	
-0.4674  	-0.1361  	-0.1484  	0.16297  	-0.1121  	0.06480  	0.11945  	-0.6858  	0.13609  	0.17682  	0.36375  	0.25835  	-0.0980  	-0.7274  	-1.2290  	0.70928  	-0.0617  	0.32107  	-0.2710  	0.50976  	-0.1135  	-0.2704  	-0.5351  	0.22670  	-0.1803  	-0.1117  	-0.4786  	-0.0666  	-0.0524  	-0.1768  	-0.1657  	0.20771  	0.25331  	-0.0589  	0.09888  	0.27239  	0.07551  	-0.0265  	-0.1359  	0.22617  	0.02961  	0.03153  	0.01103  	-0.0206  	-0.0650  	-0.0469  	0.03957  	-0.0038  	0.04078  	-0.0093  	0.00670  	0.01270  	-0.0027  	0.02210  	0.00909  	-0.0380  	0.02899  	0.00817  	-0.0340  	0.03283  	0.00278  	0.00165  	0.03472  	-0.0010  	-0.0069  	-0.0242  	0.03589  	-0.0073  	0.02253  	-0.2797  	
-0.4434  	-0.0936  	-0.0969  	0.14746  	-0.1090  	0.16020  	0.14289  	-0.7037  	0.16146  	0.18036  	0.22519  	0.22743  	-0.0531  	-0.7119  	-1.1052  	0.71526  	-0.0568  	0.32104  	-0.2720  	0.46411  	-0.1625  	-0.2238  	-0.5230  	0.19384  	-0.1711  	-0.1068  	-0.4404  	-0.0307  	-0.0129  	-0.1529  	-0.1499  	0.20474  	0.25249  	-0.0488  	0.04708  	0.26338  	0.04124  	-0.0374  	-0.1313  	0.25331  	0.07127  	0.01214  	0.03203  	-0.0090  	-0.0706  	-0.0510  	0.04076  	0.00487  	0.04249  	-0.0165  	0.00717  	0.01560  	-0.0018  	0.02684  	0.00503  	-0.0420  	0.02747  	-0.0007  	-0.0321  	0.03838  	0.00698  	0.00189  	0.03479  	-0.0032  	-0.0069  	-0.0242  	0.03589  	-0.0073  	0.02253  	-0.2797  	
-0.3275  	-0.0585  	-0.1158  	0.33046  	-0.0421  	0.27536  	0.09191  	-0.6641  	0.15991  	0.05453  	0.14211  	0.30886  	-0.0367  	-0.7143  	-1.0691  	0.79022  	-0.0780  	0.37277  	-0.2431  	0.47689  	-0.2038  	-0.2166  	-0.5215  	0.17912  	-0.1856  	-0.1217  	-0.5204  	0.05281  	0.02201  	-0.1448  	-0.1690  	0.20101  	0.25134  	-0.0564  	0.00466  	0.25340  	-0.0060  	-0.0413  	-0.1047  	0.25990  	0.06790  	0.00892  	0.04286  	-0.0150  	-0.0854  	-0.0471  	0.03701  	0.02057  	0.04670  	-0.0199  	0.01306  	0.01637  	-0.0084  	0.01887  	0.00463  	-0.0383  	0.03813  	-0.0014  	-0.0258  	0.02905  	0.00590  	-0.0028  	0.03477  	-0.0042  	-0.0069  	-0.0242  	0.03589  	-0.0073  	0.02253  	-0.2797  	
-0.2570  	-0.0735  	-0.1203  	0.53044  	0.07001  	0.34123  	0.08460  	-0.6773  	0.14489  	0.01717  	0.06965  	0.40067  	-0.0326  	-0.6787  	-0.9968  	0.80221  	-0.0791  	0.37654  	-0.2467  	0.49339  	-0.2290  	-0.2234  	-0.6070  	0.21244  	-0.1583  	-0.1229  	-0.4576  	0.07686  	0.06868  	-0.1082  	-0.1884  	0.22118  	0.25339  	-0.0500  	0.04579  	0.28539  	-0.0080  	-0.0380  	-0.1123  	0.28636  	0.05295  	0.01757  	0.04029  	-0.0150  	-0.0720  	-0.0470  	0.04016  	-0.0017  	0.04497  	-0.0231  	0.01947  	0.01276  	-0.0035  	0.02019  	0.00913  	-0.0344  	0.03988  	0.00510  	-0.0290  	0.03218  	0.00527  	-0.0017  	0.03451  	-0.0045  	-0.0069  	-0.0242  	0.03589  	-0.0073  	0.02253  	-0.2797  	
-0.2753  	-0.0408  	-0.1232  	0.59589  	0.11661  	0.31784  	0.07077  	-0.6676  	0.15217  	-0.0202  	0.06828  	0.40322  	-0.0179  	-0.6498  	-0.9365  	0.79735  	-0.0782  	0.35686  	-0.2734  	0.47479  	-0.1974  	-0.2220  	-0.5920  	0.20105  	-0.1888  	-0.1199  	-0.4565  	0.06492  	0.10698  	-0.0852  	-0.1990  	0.21427  	0.26319  	-0.0340  	0.06963  	0.28196  	-0.0189  	-0.0460  	-0.1133  	0.25882  	0.03416  	0.02887  	0.02780  	-0.0255  	-0.0675  	-0.0412  	0.04063  	-0.0049  	0.04115  	-0.0196  	0.01488  	0.01209  	0.00368  	0.02424  	0.00930  	-0.0357  	0.04048  	0.00751  	-0.0263  	0.03031  	0.00335  	-0.0039  	0.02827  	-0.0014  	-0.0069  	-0.0242  	0.03589  	-0.0073  	0.02253  	-0.2797  	
-0.2575  	-0.0552  	-0.1079  	0.58279  	0.09747  	0.26916  	0.09167  	-0.7116  	0.13870  	0.02310  	0.06733  	0.41602  	-0.0015  	-0.6309  	-0.9573  	0.78830  	-0.0731  	0.36329  	-0.2827  	0.46137  	-0.2555  	-0.2094  	-0.5613  	0.19570  	-0.1946  	-0.1130  	-0.5410  	0.11083  	0.11096  	-0.1023  	-0.1906  	0.20211  	0.25782  	-0.0280  	0.07281  	0.29827  	-0.0535  	-0.0405  	-0.1332  	0.27029  	0.06656  	0.01104  	0.03170  	-0.0237  	-0.0764  	-0.0451  	0.04041  	0.01035  	0.03426  	-0.0127  	0.01337  	0.01478  	0.00134  	0.02176  	0.00992  	-0.0360  	0.03806  	0.00131  	-0.0277  	0.02796  	0.00678  	-0.0006  	0.03008  	-0.0026  	-0.0069  	-0.0242  	0.03589  	-0.0073  	0.02253  	-0.2797  	
-0.2744  	-0.0519  	-0.0974  	0.58329  	0.12847  	0.23123  	0.10218  	-0.6960  	0.14055  	0.06251  	0.09855  	0.41517  	0.01409  	-0.5986  	-0.9661  	0.79737  	-0.1022  	0.38648  	-0.2917  	0.50965  	-0.2608  	-0.2399  	-0.5941  	0.18467  	-0.2119  	-0.1207  	-0.5603  	0.15382  	0.10669  	-0.1160  	-0.1974  	0.20425  	0.27375  	-0.0407  	0.10808  	0.28799  	-0.0654  	-0.0506  	-0.1195  	0.27183  	0.05488  	0.01770  	0.02780  	-0.0274  	-0.0769  	-0.0458  	0.04052  	0.01315  	0.03278  	-0.0142  	0.01167  	0.01571  	-0.0021  	0.01759  	0.00642  	-0.0374  	0.03967  	0.00233  	-0.0317  	0.02197  	0.00963  	0.00584  	0.03105  	-0.0054  	-0.0069  	-0.0242  	0.03589  	-0.0073  	0.02253  	-0.2797  	
-0.3195  	-0.0869  	-0.1727  	0.54045  	0.13038  	0.18667  	0.13722  	-0.7044  	0.14180  	0.07567  	0.18869  	0.35771  	0.02405  	-0.5248  	-1.0169  	0.72708  	-0.1445  	0.36691  	-0.3193  	0.55234  	-0.2284  	-0.2451  	-0.6488  	0.21789  	-0.1640  	-0.1264  	-0.5277  	0.09494  	0.06709  	-0.1154  	-0.1832  	0.18129  	0.25747  	-0.0337  	0.13996  	0.29037  	-0.0274  	-0.0611  	-0.1154  	0.26910  	-0.0056  	0.03664  	0.01659  	-0.0327  	-0.0764  	-0.0424  	0.03917  	0.00199  	0.03698  	-0.0131  	0.01738  	0.01047  	-0.0051  	0.01677  	0.00722  	-0.0348  	0.03377  	0.00568  	-0.0324  	0.02586  	0.00336  	-0.0040  	0.03465  	-0.0028  	-0.0069  	-0.0242  	0.03589  	-0.0073  	0.02253  	-0.2797  	
-0.3673  	-0.1135  	-0.1952  	0.53061  	0.12738  	0.13068  	0.12365  	-0.6696  	0.15280  	0.03223  	0.28818  	0.37291  	0.00265  	-0.5718  	-0.9832  	0.77327  	-0.1234  	0.35123  	-0.2941  	0.60637  	-0.0930  	-0.2754  	-0.6363  	0.26761  	-0.2357  	-0.1266  	-0.5310  	0.03505  	-0.0350  	-0.1514  	-0.1864  	0.20018  	0.27728  	-0.0355  	0.18864  	0.25630  	0.02837  	-0.0406  	-0.1633  	0.23424  	-0.0105  	0.04740  	-0.0211  	-0.0491  	-0.0768  	-0.0461  	0.04613  	-0.0025  	0.05274  	-0.0222  	0.01085  	0.01383  	-0.0059  	0.02120  	0.00349  	-0.0371  	0.04056  	0.00865  	-0.0296  	0.02375  	0.00408  	-0.0075  	0.02426  	-0.0096  	-0.0069  	-0.0242  	0.03589  	-0.0073  	0.02253  	-0.2797  	
-0.4264  	-0.1225  	-0.2246  	0.52877  	0.13623  	0.07920  	0.14389  	-0.6886  	0.17016  	0.08316  	0.31313  	0.40197  	0.00143  	-0.5899  	-0.9980  	0.76476  	-0.1254  	0.35963  	-0.3146  	0.60345  	-0.1372  	-0.2528  	-0.6425  	0.22049  	-0.2555  	-0.0989  	-0.5741  	0.08235  	-0.0192  	-0.1537  	-0.1805  	0.18055  	0.30213  	-0.0306  	0.15167  	0.25893  	-0.0025  	-0.0528  	-0.1439  	0.23873  	-0.0121  	0.05094  	-0.0073  	-0.0520  	-0.0781  	-0.0488  	0.04487  	-0.0035  	0.05356  	-0.0206  	0.01428  	0.01420  	-0.0033  	0.02695  	0.00399  	-0.0322  	0.03441  	0.00150  	-0.0289  	0.02975  	0.00636  	-0.0018  	0.02804  	-0.0050  	-0.0069  	-0.0242  	0.03589  	-0.0073  	0.02253  	-0.2797  	
-0.3738  	-0.1071  	-0.2421  	0.59453  	0.16830  	0.12197  	0.15051  	-0.6539  	0.16612  	0.08138  	0.29429  	0.46698  	0.00599  	-0.5558  	-0.9514  	0.75979  	-0.1380  	0.36409  	-0.2976  	0.62449  	-0.1301  	-0.2557  	-0.6840  	0.22891  	-0.2230  	-0.1003  	-0.5774  	0.12448  	0.00950  	-0.1603  	-0.1954  	0.17576  	0.30660  	-0.0293  	0.15849  	0.25596  	-0.0133  	-0.0561  	-0.1362  	0.23601  	-0.0307  	0.05346  	-0.0072  	-0.0549  	-0.0700  	-0.0470  	0.05060  	0.00069  	0.05061  	-0.0190  	0.01898  	0.01073  	-0.0064  	0.02420  	0.00428  	-0.0367  	0.03994  	0.00428  	-0.0311  	0.03194  	0.00348  	-0.0062  	0.02996  	-0.0075  	-0.0069  	-0.0242  	0.03589  	-0.0073  	0.02253  	-0.2797  	
-0.3299  	-0.0885  	-0.1962  	0.60560  	0.15486  	0.20272  	0.13527  	-0.6531  	0.16096  	0.09334  	0.24762  	0.48253  	-0.0118  	-0.5163  	-0.9097  	0.76726  	-0.1166  	0.36872  	-0.2914  	0.57558  	-0.1363  	-0.2633  	-0.6432  	0.21892  	-0.2286  	-0.1124  	-0.5675  	0.12227  	0.02530  	-0.1500  	-0.1909  	0.18175  	0.29682  	-0.0354  	0.14950  	0.23942  	-0.0145  	-0.0611  	-0.1347  	0.23889  	-0.0204  	0.04786  	0.02082  	-0.0467  	-0.0706  	-0.0464  	0.04422  	0.00063  	0.04488  	-0.0184  	0.01724  	0.01086  	-0.0093  	0.02257  	0.00577  	-0.0354  	0.03649  	0.00354  	-0.0328  	0.03289  	0.00282  	-0.0013  	0.02834  	-0.0073  	-0.0069  	-0.0242  	0.03589  	-0.0073  	0.02253  	-0.2797  	
-0.0829  	6.54697  	-0.0143  	0.60769  	0.11551  	0.35183  	0.12775  	-0.5736  	0.19725  	0.04600  	0.14084  	0.43730  	0.01845  	-0.4772  	-0.9045  	0.86696  	-0.1137  	0.36090  	-0.2622  	0.51622  	-0.0560  	-0.2057  	-0.5881  	0.21050  	-0.1869  	-0.1284  	-0.4948  	0.00202  	-0.0102  	-0.1158  	-0.1852  	0.19764  	0.27162  	-0.0376  	0.11769  	0.20242  	0.04623  	-0.0263  	-0.1536  	0.24391  	0.03058  	0.02062  	0.02134  	-0.0190  	-0.0871  	-0.0398  	0.03281  	0.00280  	0.03494  	-0.0128  	0.00439  	0.01119  	-0.0024  	0.02601  	-0.0006  	-0.0328  	0.03956  	0.00633  	-0.0316  	0.02787  	0.00249  	-0.0008  	0.02780  	-0.0129  	-0.0069  	-0.0242  	0.03589  	-0.0073  	0.02253  	-0.2797  	
-0.2469  	-0.0639  	-0.1514  	0.55023  	0.14436  	0.25819  	0.15119  	-0.6566  	0.16390  	0.08618  	0.24398  	0.41886  	-0.0090  	-0.5236  	-0.9887  	0.78357  	-0.1296  	0.34021  	-0.2754  	0.53539  	-0.0926  	-0.2270  	-0.6097  	0.23696  	-0.1843  	-0.1342  	-0.5057  	0.01668  	-0.0369  	-0.1331  	-0.1869  	0.19235  	0.26975  	-0.0510  	0.14838  	0.24149  	0.04937  	-0.0450  	-0.1451  	0.24578  	-0.0060  	0.02020  	0.01741  	-0.0228  	-0.0553  	-0.0410  	0.03186  	-0.0018  	0.03632  	-0.0101  	0.01062  	0.01577  	-0.0067  	0.01965  	0.00738  	-0.0354  	0.03199  	0.00591  	-0.0332  	0.02929  	-0.0003  	-0.0087  	0.02907  	-0.0101  	-0.0069  	-0.0242  	0.03589  	-0.0073  	0.02253  	-0.2797  	
-0.4054  	-0.1311  	-0.2085  	0.43785  	0.09901  	0.15531  	0.12226  	-0.6908  	0.14156  	0.04514  	0.32006  	0.37497  	-0.0193  	-0.6354  	-0.9751  	0.74294  	-0.1187  	0.33974  	-0.2968  	0.56156  	-0.0599  	-0.2756  	-0.6273  	0.26265  	-0.2173  	-0.1387  	-0.4873  	-0.0105  	-0.0936  	-0.1643  	-0.1982  	0.20776  	0.28619  	-0.0424  	0.20392  	0.26587  	0.06831  	-0.0435  	-0.1788  	0.22586  	-0.0069  	0.03960  	-0.0375  	-0.0544  	-0.0677  	-0.0376  	0.03992  	-0.0152  	0.04542  	-0.0185  	0.01753  	0.01127  	-0.0072  	0.02188  	0.00238  	-0.0286  	0.03363  	0.00969  	-0.0240  	0.02467  	0.00412  	-0.0092  	0.02161  	-0.0080  	-0.0069  	-0.0242  	0.03589  	-0.0073  	0.02253  	-0.2797  	
-0.4934  	-0.1377  	-0.2474  	0.29360  	0.00542  	0.04769  	0.10983  	-0.6970  	0.14697  	0.13889  	0.40258  	0.34455  	-0.0502  	-0.6836  	-1.1079  	0.72090  	-0.1151  	0.33017  	-0.2925  	0.56187  	-0.0619  	-0.2530  	-0.5904  	0.20723  	-0.2534  	-0.1109  	-0.5004  	-0.0022  	-0.0880  	-0.1688  	-0.1744  	0.19525  	0.27485  	-0.0449  	0.16281  	0.24589  	0.06082  	-0.0340  	-0.1575  	0.21842  	-0.0104  	0.03775  	-0.0114  	-0.0445  	-0.0695  	-0.0448  	0.04284  	-0.0152  	0.04004  	-0.0140  	0.01464  	0.01173  	-0.0058  	0.02536  	0.00038  	-0.0345  	0.03036  	0.00343  	-0.0312  	0.02887  	0.00491  	-0.0065  	0.03256  	-0.0008  	-0.0069  	-0.0242  	0.03589  	-0.0073  	0.02253  	-0.2797  	
-0.4175  	-0.1298  	-0.1485  	0.24311  	-0.0348  	0.06573  	0.09950  	-0.6675  	0.15809  	0.13491  	0.36620  	0.30611  	-0.0757  	-0.6672  	-1.1704  	0.70725  	-0.0774  	0.32681  	-0.2910  	0.52016  	-0.0827  	-0.3015  	-0.5729  	0.26799  	-0.1837  	-0.1194  	-0.4665  	-0.0518  	-0.1158  	-0.1681  	-0.1780  	0.20881  	0.27234  	-0.0635  	0.14109  	0.24810  	0.07657  	-0.0337  	-0.1410  	0.22905  	-0.0126  	0.04018  	-0.0081  	-0.0358  	-0.0652  	-0.0428  	0.04021  	-0.0106  	0.03703  	-0.0070  	0.01082  	0.01423  	-0.0060  	0.02428  	0.00169  	-0.0366  	0.03128  	0.00523  	-0.0336  	0.03148  	0.00289  	-0.0024  	0.03524  	-0.0032  	-0.0069  	-0.0242  	0.03589  	-0.0073  	0.02253  	-0.2797  	
0.05563  	0.04422  	0.15134  	0.66309  	0.09812  	0.43932  	0.09730  	-0.5353  	0.18423  	-0.0113  	0.11865  	0.40213  	0.16007  	-0.3382  	-0.6129  	0.72146  	-0.0188  	0.09708  	-0.2429  	0.20934  	0.02938  	-0.4091  	-0.7529  	0.28243  	-0.3843  	-0.0434  	-0.4268  	-0.2291  	-0.0596  	-0.1321  	-0.0848  	0.19771  	0.23625  	-0.1934  	0.13673  	0.13003  	0.02520  	-0.0259  	-0.2837  	0.17227  	0.07413  	0.12528  	-0.0414  	0.04618  	-0.1025  	-0.0302  	0.02139  	0.02969  	0.04427  	-0.0054  	0.00596  	0.01236  	-0.0074  	0.03807  	0.00195  	-0.0269  	0.02034  	-0.0110  	-0.0263  	0.04722  	0.00498  	0.00344  	0.01429  	-0.0206  	-0.0069  	-0.0242  	0.03589  	-0.0073  	0.02253  	-0.2797  	
0.23766  	0.12266  	0.28728  	0.53752  	0.01035  	0.45245  	0.12211  	-0.4289  	0.20234  	-0.0668  	0.03141  	0.35351  	0.15414  	-0.4140  	-0.5824  	0.74088  	0.03201  	0.01062  	-0.1762  	-0.0125  	0.13744  	-0.5081  	-0.8449  	0.27762  	-0.3391  	0.01310  	-0.4448  	-0.2877  	-0.0412  	-0.1673  	-0.0120  	0.18408  	0.16449  	-0.2886  	0.07481  	0.12847  	0.03740  	-0.0028  	-0.3384  	0.10077  	0.10491  	0.21407  	-0.1389  	0.08795  	-0.1907  	-0.0093  	-0.0125  	0.05501  	0.03007  	-0.0382  	0.01989  	0.02423  	0.00257  	0.04476  	0.00312  	-0.0223  	0.01828  	-0.0210  	-0.0301  	0.04478  	0.01487  	0.00304  	0.00680  	-0.0112  	-0.0069  	-0.0242  	0.03589  	-0.0073  	0.02253  	-0.2797  	
0.13906  	0.08490  	0.28132  	0.65842  	0.02854  	0.46119  	0.08809  	-0.4070  	0.20136  	-0.0219  	0.17983  	0.35497  	0.11981  	-0.4593  	-0.6475  	0.79835  	0.08595  	-0.0233  	-0.1609  	-0.0353  	0.26501  	-0.5648  	-0.8730  	0.29410  	-0.2883  	0.01959  	-0.3688  	-0.3841  	-0.0596  	-0.1653  	-0.0172  	0.17534  	0.11852  	-0.3182  	0.14632  	0.10215  	0.11030  	0.02902  	-0.3941  	0.06602  	0.09230  	0.25407  	-0.1593  	0.09701  	-0.1820  	-0.0115  	-0.0095  	0.04781  	0.04079  	-0.0313  	0.02237  	0.02166  	0.00217  	0.05205  	0.01520  	-0.0192  	0.01334  	-0.0168  	-0.0291  	0.05537  	0.01086  	-0.0075  	0.00483  	-0.0093  	-0.0069  	-0.0242  	0.03589  	-0.0073  	0.02253  	-0.2797  	
0.14578  	0.06064  	0.18023  	0.81647  	0.11842  	0.47860  	0.10066  	-0.4821  	0.15729  	-0.0893  	0.07882  	0.30469  	0.04200  	-0.5011  	-0.5680  	0.78183  	0.09723  	-0.0497  	-0.1846  	-0.0444  	0.19625  	-0.4917  	-0.8453  	0.30717  	-0.2591  	-0.0070  	-0.2842  	-0.4180  	-0.0688  	-0.1314  	-0.0742  	0.18371  	0.10899  	-0.2796  	0.15961  	0.12587  	0.08652  	0.02163  	-0.3482  	0.12536  	0.06396  	0.23141  	-0.1462  	0.10826  	-0.1544  	-0.0164  	-0.0093  	0.05701  	0.03976  	-0.0305  	0.02186  	0.01928  	0.00091  	0.04970  	0.01425  	-0.0156  	0.02466  	-0.0152  	-0.0322  	0.04838  	0.01677  	-0.0171  	0.01205  	-0.0019  	-0.0069  	-0.0242  	0.03589  	-0.0073  	0.02253  	-0.2797  	
0.18483  	0.06637  	0.18365  	0.72390  	0.08490  	0.52010  	0.13151  	-0.4696  	0.20188  	-0.0882  	0.15266  	0.31714  	0.05775  	-0.4509  	-0.7116  	0.84050  	-0.0116  	0.07865  	-0.2029  	0.16913  	0.17227  	-0.3359  	-0.7062  	0.33039  	-0.2030  	-0.0829  	-0.2763  	-0.3248  	-0.1016  	-0.1288  	-0.1590  	0.22850  	0.18425  	-0.1866  	0.22121  	0.15598  	0.14060  	0.02914  	-0.3055  	0.15099  	0.02419  	0.14716  	-0.0751  	0.05115  	-0.1208  	-0.0313  	0.00745  	0.03571  	0.04659  	-0.0273  	0.02293  	0.01675  	-3.1616  	0.03480  	0.01325  	-0.0218  	0.02365  	-0.0015  	-0.0306  	0.04096  	0.00540  	-0.0130  	0.01871  	-0.0076  	-0.0069  	-0.0242  	0.03589  	-0.0073  	0.02253  	-0.2797  	
0.26800  	0.05368  	0.22233  	0.66378  	0.06205  	0.46909  	0.15725  	-0.5201  	0.25352  	0.00544  	0.18609  	0.35414  	0.05810  	-0.3945  	-0.8487  	0.97779  	-0.1171  	0.25568  	-0.2617  	0.40719  	0.11398  	-0.1885  	-0.5542  	0.28238  	-0.1574  	-0.1693  	-0.3489  	-0.2647  	-0.1951  	-0.1097  	-0.2295  	0.25697  	0.27977  	-0.0486  	0.26850  	0.18613  	0.19496  	0.02626  	-0.1825  	0.21692  	-0.0088  	0.04198  	0.04623  	-0.0241  	-0.0859  	-0.0469  	0.02205  	0.03544  	0.05755  	-0.0215  	0.01824  	0.01129  	0.00298  	0.02655  	0.00295  	-0.0212  	0.02538  	0.00420  	-0.0310  	0.03039  	-0.0019  	-0.0082  	0.03316  	-0.0142  	-0.0069  	-0.0242  	0.03589  	-0.0073  	0.02253  	-0.2797  	
0.11664  	0.01048  	0.13462  	0.73565  	0.14668  	0.47007  	0.15011  	-0.6119  	0.18883  	0.03653  	0.10750  	0.34533  	0.02333  	-0.4279  	-0.7997  	0.92997  	-0.0785  	0.25755  	-0.2762  	0.42790  	0.03246  	-0.1800  	-0.5678  	0.28932  	-0.1481  	-0.1555  	-0.3554  	-0.1847  	-0.1689  	-0.1020  	-0.2272  	0.24277  	0.27261  	-0.0565  	0.21800  	0.18950  	0.17177  	0.01007  	-0.1956  	0.23067  	0.00694  	0.04390  	0.03392  	-0.0207  	-0.0784  	-0.0433  	0.03687  	0.01308  	0.06285  	-0.0176  	0.00444  	0.01373  	-0.0030  	0.03093  	0.00583  	-0.0321  	0.02087  	0.00058  	-0.0305  	0.03233  	0.00305  	-0.0124  	0.03535  	-0.0132  	-0.0069  	-0.0242  	0.03589  	-0.0073  	0.02253  	-0.2797  	
-0.1304  	-0.0375  	-0.0085  	0.53127  	0.07296  	0.31546  	0.14686  	-0.6627  	0.16305  	0.03354  	0.18068  	0.31503  	-0.0134  	-0.5867  	-0.9177  	0.80698  	-0.0982  	0.31676  	-0.2823  	0.46234  	-0.0315  	-0.2266  	-0.5573  	0.28518  	-0.1715  	-0.1350  	-0.4025  	-0.0885  	-0.1076  	-0.1378  	-0.1953  	0.23996  	0.25657  	-0.0547  	0.18315  	0.24796  	0.10521  	-0.0134  	-0.1798  	0.25171  	0.00555  	0.03036  	0.01586  	-0.0146  	-0.0790  	-0.0464  	0.03682  	-0.0036  	0.04684  	-0.0129  	0.01536  	0.01491  	0.00040  	0.02707  	0.00514  	-0.0352  	0.03048  	0.00343  	-0.0319  	0.02453  	0.00032  	-0.0040  	0.03517  	-0.0059  	-0.0069  	-0.0242  	0.03589  	-0.0073  	0.02253  	-0.2797  	
-0.2579  	-0.0470  	-0.0455  	0.40346  	-0.0297  	0.32397  	0.11552  	-0.6939  	0.12929  	-0.0103  	0.16509  	0.23815  	-0.0552  	-0.6951  	-1.0016  	0.75881  	-0.0670  	0.33679  	-0.2842  	0.44987  	-0.0817  	-0.2030  	-0.5198  	0.23407  	-0.1699  	-0.1286  	-0.4153  	-0.0603  	-0.0458  	-0.1368  	-0.2014  	0.22807  	0.22417  	-0.0612  	0.12004  	0.26656  	0.09959  	-0.0038  	-0.1659  	0.24904  	0.03235  	0.03488  	0.01891  	-0.0209  	-0.0734  	-0.0455  	0.03891  	-0.0128  	0.03853  	-0.0176  	0.01240  	0.01702  	-0.0023  	0.02741  	0.00715  	-0.0297  	0.03334  	0.00202  	-0.0246  	0.03142  	0.00113  	-0.0070  	0.03231  	-0.0024  	-0.0069  	-0.0242  	0.03589  	-0.0073  	0.02253  	-0.2797  	
-0.2231  	-0.0633  	-0.0444  	0.47828  	0.00339  	0.32404  	0.10964  	-0.6755  	0.15012  	-0.0081  	0.15769  	0.28176  	-0.0219  	-0.6664  	-0.9374  	0.79151  	-0.0803  	0.31459  	-0.2927  	0.46200  	-0.1303  	-0.2282  	-0.5661  	0.23545  	-0.1655  	-0.1230  	-0.4071  	-0.0177  	-0.0367  	-0.1314  	-0.1991  	0.23852  	0.24999  	-0.0493  	0.13581  	0.27778  	0.07888  	-0.0006  	-0.1772  	0.24562  	0.01537  	0.03233  	0.02184  	-0.0231  	-0.0845  	-0.0495  	0.04030  	-0.0017  	0.03978  	-0.0221  	0.01022  	0.01713  	0.00046  	0.02635  	0.00818  	-0.0361  	0.03227  	0.00237  	-0.0299  	0.03002  	0.00210  	-0.0087  	0.03333  	-0.0003  	-0.0069  	-0.0242  	0.03589  	-0.0073  	0.02253  	-0.2797  	
-0.1101  	-0.0236  	0.00876  	0.48455  	0.04412  	0.32880  	0.16426  	-0.6911  	0.16164  	0.07142  	0.19211  	0.30723  	-0.0255  	-0.6379  	-1.0109  	0.84959  	-0.1270  	0.33946  	-0.2875  	0.50228  	-0.1651  	-0.2596  	-0.6276  	0.20186  	-0.1883  	-0.1371  	-0.4488  	0.03308  	-0.0111  	-0.1239  	-0.1962  	0.24271  	0.24723  	-0.0401  	0.16123  	0.31055  	0.05460  	-0.0167  	-0.1555  	0.24792  	0.02191  	0.03199  	0.01415  	-0.0228  	-0.0792  	-0.0521  	0.03524  	-0.0043  	0.04760  	-0.0202  	0.02136  	0.01582  	0.00272  	0.02430  	0.01362  	-0.0349  	0.03510  	0.00446  	-0.0294  	0.02987  	-0.0027  	-0.0037  	0.03519  	-0.0024  	-0.0069  	-0.0242  	0.03589  	-0.0073  	0.02253  	-0.2797  	
-0.0624  	-0.0301  	0.04677  	0.44518  	-0.0094  	0.35480  	0.15628  	-0.6860  	0.17539  	0.07474  	0.22066  	0.28474  	-0.0250  	-0.6591  	-1.0673  	0.88353  	-0.1276  	0.35232  	-0.2803  	0.52662  	-0.1656  	-0.2579  	-0.6474  	0.18313  	-0.1733  	-0.1461  	-0.4699  	0.02815  	-0.0036  	-0.1305  	-0.1942  	0.23123  	0.24817  	-0.0417  	0.15284  	0.33799  	0.05251  	-0.0100  	-0.1542  	0.26381  	0.02626  	0.03040  	0.01773  	-0.0208  	-0.0840  	-0.0462  	0.04076  	0.00428  	0.04680  	-0.0152  	0.02380  	0.01869  	0.00286  	0.02274  	0.01480  	-0.0349  	0.03434  	0.00573  	-0.0302  	0.02814  	-0.0001  	-0.0070  	0.03814  	-0.0055  	-0.0069  	-0.0242  	0.03589  	-0.0073  	0.02253  	-0.2797  	
-0.0834  	-0.0375  	0.02242  	0.40394  	-0.0208  	0.33749  	0.15902  	-0.7059  	0.15567  	0.07873  	0.20917  	0.24706  	-0.0219  	-0.6740  	-1.0933  	0.88578  	-0.1338  	0.35197  	-0.2834  	0.50525  	-0.1756  	-0.2501  	-0.6217  	0.17112  	-0.1626  	-0.1361  	-0.4654  	0.03239  	-0.0004  	-0.1269  	-0.1948  	0.23284  	0.24304  	-0.0417  	0.13988  	0.34163  	0.04591  	-0.0119  	-0.1560  	0.26592  	0.03226  	0.03344  	0.01918  	-0.0214  	-0.0839  	-0.0452  	0.04125  	0.00216  	0.04229  	-0.0130  	0.02392  	0.01687  	0.00197  	0.02353  	0.01143  	-0.0380  	0.03445  	0.00445  	-0.0284  	0.02678  	0.00056  	-0.0028  	0.03654  	-0.0051  	-0.0069  	-0.0242  	0.03589  	-0.0073  	0.02253  	-0.2797  	
-0.1620  	-0.0463  	-0.0152  	0.37076  	-0.0398  	0.29889  	0.14412  	-0.7223  	0.12951  	0.02087  	0.16868  	0.22757  	-0.0338  	-0.6742  	-1.0326  	0.80175  	-0.1096  	0.32160  	-0.2896  	0.47807  	-0.1477  	-0.2341  	-0.5751  	0.19958  	-0.1679  	-0.1315  	-0.4304  	-0.0057  	-0.0176  	-0.1287  	-0.1888  	0.24039  	0.23485  	-0.0472  	0.14927  	0.31932  	0.07667  	-0.0028  	-0.1752  	0.25644  	0.04793  	0.04213  	0.01896  	-0.0166  	-0.0823  	-0.0470  	0.04399  	-0.0068  	0.04165  	-0.0184  	0.01791  	0.01810  	0.00167  	0.02806  	0.01125  	-0.0362  	0.03267  	0.00338  	-0.0262  	0.03009  	0.00139  	-0.0025  	0.03485  	-0.0041  	-0.0069  	-0.0242  	0.03589  	-0.0073  	0.02253  	-0.2797  	
-0.1815  	-0.0479  	-0.0391  	0.41666  	-0.0087  	0.28558  	0.12463  	-0.7085  	0.13520  	-0.0107  	0.17397  	0.23953  	-0.0547  	-0.6735  	-0.9752  	0.78646  	-0.0986  	0.29334  	-0.2785  	0.44944  	-0.1059  	-0.2316  	-0.5441  	0.21224  	-0.1698  	-0.1292  	-0.4081  	-0.0465  	-0.0580  	-0.1280  	-0.2097  	0.24423  	0.23122  	-0.0504  	0.17708  	0.30125  	0.11863  	0.00298  	-0.1932  	0.23568  	0.03782  	0.04502  	0.00729  	-0.0297  	-0.0760  	-0.0447  	0.03930  	-0.0049  	0.03956  	-0.0127  	0.01474  	0.01560  	0.00287  	0.02665  	0.01169  	-0.0346  	0.03984  	0.00858  	-0.0276  	0.02713  	0.00197  	-0.0080  	0.03938  	-0.0003  	-0.0069  	-0.0242  	0.03589  	-0.0073  	0.02253  	-0.2797  	
-0.0986  	-0.0113  	-0.0168  	0.49181  	-0.0003  	0.32269  	0.11322  	-0.6465  	0.15550  	-0.0443  	0.23662  	0.28238  	-0.0540  	-0.5763  	-0.8250  	0.74425  	-0.0932  	0.25703  	-0.2985  	0.41270  	0.01347  	-0.2016  	-0.5247  	0.28282  	-0.1892  	-0.1340  	-0.3925  	-0.1652  	-0.1443  	-0.1402  	-0.1940  	0.24826  	0.26664  	-0.0622  	0.22489  	0.20287  	0.18256  	0.01196  	-0.2175  	0.20481  	0.01505  	0.04276  	-0.0025  	-0.0329  	-0.0756  	-0.0386  	0.04350  	-0.0161  	0.03542  	-0.0087  	0.00915  	0.01646  	-0.0007  	0.02645  	0.00708  	-0.0361  	0.03332  	0.00500  	-0.0321  	0.02535  	0.00612  	-0.0004  	0.03737  	-0.0033  	-0.0069  	-0.0242  	0.03589  	-0.0073  	0.02253  	-0.2797  	
0.00494  	0.04241  	0.06414  	0.56232  	0.00253  	0.38907  	0.10583  	-0.5583  	0.19877  	-0.0417  	0.23960  	0.30565  	-0.0131  	-0.4644  	-0.7808  	0.81897  	-0.0691  	0.23704  	-0.2834  	0.35742  	0.12466  	-0.2247  	-0.5178  	0.29596  	-0.2482  	-0.1436  	-0.3332  	-0.2639  	-0.2444  	-0.1582  	-0.2114  	0.26081  	0.26773  	-0.0601  	0.27563  	0.14639  	0.24653  	0.04629  	-0.2502  	0.19358  	-0.0082  	0.03063  	0.00834  	-0.0282  	-0.0759  	-0.0388  	0.04135  	-0.0130  	0.03774  	-0.0101  	0.00287  	0.01837  	0.00038  	0.02925  	0.00450  	-0.0288  	0.01945  	0.00282  	-0.0313  	0.02722  	0.00755  	0.00393  	0.02707  	-0.0102  	-0.0069  	-0.0242  	0.03589  	-0.0073  	0.02253  	-0.2797  	
-0.1756  	0.01387  	0.02775  	0.34043  	-0.0670  	0.27004  	0.08649  	-0.6147  	0.21459  	0.07935  	0.31059  	0.36548  	0.01715  	-0.5242  	-1.0728  	0.85453  	-0.0873  	0.30793  	-0.2806  	0.48143  	-0.0449  	-0.2657  	-0.5494  	0.22810  	-0.2975  	-0.0949  	-0.4999  	-0.0581  	-0.1565  	-0.1935  	-0.1447  	0.20555  	0.31661  	-0.0623  	0.13554  	0.19654  	0.12571  	-0.0085  	-0.1658  	0.22524  	0.06980  	0.02303  	0.03819  	-0.0254  	-0.0838  	-0.0459  	0.04153  	0.00386  	0.04007  	-0.0008  	0.00323  	0.01510  	-0.0020  	0.02471  	0.00571  	-0.0275  	0.02285  	-0.0030  	-0.0306  	0.02806  	0.00719  	0.01567  	0.02449  	0.00303  	-0.0069  	-0.0242  	0.03589  	-0.0073  	0.02253  	-0.2797  	
-0.4404  	-0.1285  	-0.1930  	0.17143  	-0.0962  	0.08860  	0.11153  	-0.7444  	0.14547  	0.13470  	0.35586  	0.29875  	-0.0667  	-0.7092  	-1.2840  	0.75836  	-0.0848  	0.34040  	-0.2777  	0.49715  	-0.1699  	-0.2655  	-0.5796  	0.17585  	-0.2672  	-0.0882  	-0.5640  	0.03230  	-0.0357  	-0.1873  	-0.1597  	0.21023  	0.26054  	-0.0615  	0.07458  	0.29639  	0.03233  	-0.0284  	-0.1511  	0.20283  	0.06603  	0.02107  	0.03160  	-0.0215  	-0.0721  	-0.0522  	0.03781  	0.00329  	0.04671  	-0.0143  	0.00566  	0.01241  	0.00082  	0.02069  	0.01015  	-0.0377  	0.03289  	0.00649  	-0.0346  	0.02888  	0.00726  	0.00214  	0.03984  	-0.0005  	-0.0069  	-0.0242  	0.03589  	-0.0073  	0.02253  	-0.2797  	
-0.5310  	-0.1363  	-0.2150  	0.11610  	-0.0965  	0.01602  	0.09564  	-0.7677  	0.13840  	0.13209  	0.39135  	0.26028  	-0.0797  	-0.7754  	-1.2480  	0.74800  	-0.0772  	0.34107  	-0.2776  	0.49588  	-0.1301  	-0.2622  	-0.5863  	0.20400  	-0.2246  	-0.1011  	-0.5447  	-0.0073  	-0.0221  	-0.1796  	-0.1632  	0.20097  	0.25407  	-0.0515  	0.08318  	0.30184  	0.03581  	-0.0232  	-0.1543  	0.21890  	0.06016  	0.01877  	0.02488  	-0.0382  	-0.0729  	-0.0461  	0.03688  	0.00185  	0.03454  	-0.0153  	0.01177  	0.01859  	-0.0029  	0.02271  	0.00832  	-0.0382  	0.03472  	0.00842  	-0.0291  	0.03370  	0.00516  	-0.0001  	0.03239  	-0.0026  	-0.0069  	-0.0242  	0.03589  	-0.0073  	0.02253  	-0.2797  	
-0.4847  	-0.1044  	-0.1532  	0.13261  	-0.0995  	0.09532  	0.13071  	-0.7484  	0.12799  	0.13849  	0.35378  	0.23304  	-0.0757  	-0.7231  	-1.2308  	0.72658  	-0.0753  	0.31548  	-0.2813  	0.46988  	-0.1289  	-0.2426  	-0.5453  	0.22803  	-0.1966  	-0.0988  	-0.4734  	-0.0534  	-0.0289  	-0.1698  	-0.1824  	0.20356  	0.24926  	-0.0491  	0.08051  	0.29678  	0.07175  	-0.0145  	-0.1654  	0.21319  	0.06382  	0.02919  	0.01838  	-0.0295  	-0.0704  	-0.0446  	0.04205  	0.00110  	0.03563  	-0.0168  	0.00656  	0.01644  	0.00108  	0.02493  	0.00480  	-0.0398  	0.03072  	0.00575  	-0.0277  	0.03135  	0.00652  	-0.0019  	0.03072  	-0.0029  	-0.0069  	-0.0242  	0.03589  	-0.0073  	0.02253  	-0.2797  	
-0.4342  	-0.0898  	-0.0932  	0.19837  	-0.1066  	0.15186  	0.10753  	-0.7274  	0.13953  	0.09268  	0.28772  	0.24001  	-0.0856  	-0.7347  	-1.1870  	0.76842  	-0.0741  	0.30750  	-0.2651  	0.43826  	-0.1176  	-0.2465  	-0.5171  	0.25165  	-0.1973  	-0.0974  	-0.4193  	-0.0706  	-0.0418  	-0.1535  	-0.1723  	0.21722  	0.24012  	-0.0602  	0.08067  	0.28217  	0.07695  	-0.0196  	-0.1653  	0.23784  	0.06758  	0.02712  	0.01876  	-0.0158  	-0.0708  	-0.0470  	0.03751  	-0.0090  	0.03444  	-0.0160  	0.00586  	0.01247  	-0.0005  	0.02466  	0.00454  	-0.0382  	0.02847  	0.00251  	-0.0280  	0.02826  	0.00792  	0.00130  	0.03622  	0.00068  	-0.0069  	-0.0242  	0.03589  	-0.0073  	0.02253  	-0.2797  	
-0.2876  	-0.0789  	-0.0547  	0.38942  	-0.0151  	0.27887  	0.12353  	-0.7123  	0.14701  	0.06048  	0.15659  	0.31044  	-0.0511  	-0.7336  	-1.0939  	0.82850  	-0.0743  	0.33105  	-0.2797  	0.45797  	-0.2016  	-0.2464  	-0.5828  	0.23338  	-0.1790  	-0.1127  	-0.4407  	0.02945  	-0.0168  	-0.1419  	-0.1810  	0.23459  	0.24402  	-0.0461  	0.09668  	0.30521  	0.02942  	-0.0360  	-0.1522  	0.25637  	0.04433  	0.01792  	0.02787  	-0.0129  	-0.0769  	-0.0454  	0.03314  	-0.0050  	0.04196  	-0.0163  	0.01675  	0.01597  	0.00052  	0.02303  	0.00905  	-0.0385  	0.03546  	0.00560  	-0.0311  	0.02771  	0.00403  	0.00137  	0.03726  	-0.0021  	-0.0069  	-0.0242  	0.03589  	-0.0073  	0.02253  	-0.2797  	
-0.1661  	-0.0518  	0.02826  	0.50487  	0.07324  	0.27049  	0.14040  	-0.7222  	0.14277  	0.12800  	0.16975  	0.34144  	-0.0427  	-0.7302  	-1.0948  	0.93452  	-0.1198  	0.35879  	-0.2831  	0.51740  	-0.2329  	-0.2450  	-0.6519  	0.21255  	-0.1581  	-0.1198  	-0.4867  	0.05687  	-0.0022  	-0.1401  	-0.1926  	0.22960  	0.23721  	-0.0437  	0.12182  	0.33568  	0.00719  	-0.0269  	-0.1337  	0.27251  	0.04755  	0.03393  	0.02840  	-0.0235  	-0.0841  	-0.0460  	0.04080  	0.01193  	0.04449  	-0.0135  	0.02566  	0.01735  	0.00168  	0.02188  	0.01070  	-0.0387  	0.03773  	0.00234  	-0.0320  	0.03010  	0.00023  	-0.0095  	0.03544  	-0.0013  	-0.0069  	-0.0242  	0.03589  	-0.0073  	0.02253  	-0.2797  	
-0.1392  	-0.0733  	0.00624  	0.47587  	0.07591  	0.29313  	0.15853  	-0.7150  	0.16873  	0.13884  	0.18888  	0.32308  	-0.0395  	-0.7460  	-1.1047  	0.95691  	-0.1519  	0.38349  	-0.2884  	0.51810  	-0.2424  	-0.2404  	-0.6720  	0.17722  	-0.1212  	-0.1343  	-0.4851  	0.09098  	0.06898  	-0.1115  	-0.2078  	0.23275  	0.22665  	-0.0342  	0.10884  	0.36019  	0.00214  	-0.0291  	-0.1384  	0.28654  	0.02921  	0.02841  	0.02859  	-0.0056  	-0.0844  	-0.0443  	0.03412  	0.00864  	0.04559  	-0.0220  	0.03218  	0.01220  	0.00034  	0.02332  	0.01312  	-0.0328  	0.03392  	0.00098  	-0.0242  	0.03345  	0.00105  	-0.0095  	0.03512  	0.00012  	-0.0069  	-0.0242  	0.03589  	-0.0073  	0.02253  	-0.2797  	
-0.2142  	-0.0510  	-0.0572  	0.41572  	0.01790  	0.27277  	0.14770  	-0.7400  	0.12220  	0.07631  	0.11003  	0.25499  	-0.0499  	-0.7182  	-1.0998  	0.86470  	-0.1242  	0.35634  	-0.2851  	0.49361  	-0.2338  	-0.2151  	-0.6421  	0.20593  	-0.1097  	-0.1407  	-0.4544  	0.04507  	0.04781  	-0.0986  	-0.2033  	0.23560  	0.21319  	-0.0433  	0.10705  	0.37746  	0.01492  	-0.0259  	-0.1354  	0.28706  	0.04027  	0.02114  	0.02341  	-0.0155  	-0.0832  	-0.0487  	0.03190  	-0.0040  	0.03977  	-0.0160  	0.02187  	0.01553  	-0.0015  	0.02308  	0.00958  	-0.0354  	0.03615  	0.00491  	-0.0268  	0.02865  	-0.0002  	-0.0037  	0.03242  	-0.0018  	-0.0069  	-0.0242  	0.03589  	-0.0073  	0.02253  	-0.2797  	
-0.3820  	-0.1137  	-0.1622  	0.34672  	-0.0337  	0.18253  	0.10277  	-0.7309  	0.10434  	0.06816  	0.19508  	0.25707  	-0.0433  	-0.6873  	-1.0792  	0.74990  	-0.0969  	0.36951  	-0.2733  	0.49448  	-0.1484  	-0.2557  	-0.5996  	0.23223  	-0.0900  	-0.1369  	-0.4233  	-0.0180  	-0.0138  	-0.1168  	-0.2010  	0.23679  	0.21747  	-0.0517  	0.14047  	0.33230  	0.06037  	-0.0183  	-0.1626  	0.24019  	0.01348  	0.02677  	-0.0105  	-0.0253  	-0.0639  	-0.0431  	0.03235  	-0.0127  	0.02758  	-0.0236  	0.01256  	0.01436  	0.00194  	0.02116  	0.00421  	-0.0397  	0.03548  	0.00845  	-0.0254  	0.03392  	0.00117  	-0.0150  	0.03503  	-0.0042  	-0.0069  	-0.0242  	0.03589  	-0.0073  	0.02253  	-0.2797  	
-0.4716  	-0.1406  	-0.1754  	0.23461  	-0.0611  	0.11024  	0.09208  	-0.7205  	0.13168  	0.08089  	0.33185  	0.25134  	-0.0695  	-0.7091  	-1.1020  	0.72725  	-0.0899  	0.32257  	-0.2868  	0.50147  	-0.0936  	-0.2872  	-0.5742  	0.24685  	-0.1795  	-0.1218  	-0.4568  	-0.0231  	-0.0441  	-0.1618  	-0.1904  	0.21738  	0.24289  	-0.0471  	0.14490  	0.29795  	0.08872  	-0.0072  	-0.1745  	0.20800  	0.02008  	0.02888  	-0.0040  	-0.0375  	-0.0729  	-0.0451  	0.03857  	-0.0215  	0.03165  	-0.0185  	0.00636  	0.01701  	-0.0013  	0.02309  	0.00372  	-0.0404  	0.03446  	0.00805  	-0.0303  	0.02820  	0.00456  	-0.0023  	0.03612  	0.00202  	-0.0069  	-0.0242  	0.03589  	-0.0073  	0.02253  	-0.2797  	
-0.4879  	-0.1106  	-0.1538  	0.17733  	-0.0745  	0.12481  	0.12859  	-0.7427  	0.12765  	0.13513  	0.34825  	0.24492  	-0.0777  	-0.7458  	-1.1866  	0.76732  	-0.0962  	0.33210  	-0.2818  	0.48886  	-0.1293  	-0.2527  	-0.5622  	0.22885  	-0.2081  	-0.1112  	-0.4915  	-0.0082  	-0.0335  	-0.1675  	-0.1789  	0.21364  	0.23834  	-0.0453  	0.09895  	0.30173  	0.05388  	-0.0114  	-0.1673  	0.21806  	0.05007  	0.02678  	0.01512  	-0.0272  	-0.0713  	-0.0445  	0.03709  	-0.0150  	0.03224  	-0.0149  	0.00804  	0.01847  	0.00055  	0.02369  	0.00511  	-0.0402  	0.03212  	0.00856  	-0.0301  	0.02841  	0.00675  	-0.0026  	0.03308  	-0.0015  	-0.0069  	-0.0242  	0.03589  	-0.0073  	0.02253  	-0.2797  	
-0.4600  	-0.0978  	-0.1188  	0.20862  	-0.0632  	0.15658  	0.12749  	-0.7337  	0.13253  	0.12143  	0.25599  	0.25705  	-0.0597  	-0.7050  	-1.1936  	0.76607  	-0.0887  	0.31679  	-0.2811  	0.44711  	-0.1855  	-0.2428  	-0.5340  	0.21890  	-0.1996  	-0.1032  	-0.4705  	-0.0317  	-0.0004  	-0.1483  	-0.1691  	0.21167  	0.24074  	-0.0504  	0.07497  	0.28848  	0.03056  	-0.0253  	-0.1354  	0.24110  	0.06466  	0.03145  	0.03214  	-0.0163  	-0.0741  	-0.0479  	0.03629  	-0.0007  	0.04083  	-0.0153  	0.00693  	0.01466  	-0.0041  	0.02100  	0.00480  	-0.0367  	0.02719  	0.00276  	-0.0286  	0.02567  	0.00911  	-0.0001  	0.03444  	-0.0010  	-0.0069  	-0.0242  	0.03589  	-0.0073  	0.02253  	-0.2797  	
-0.3834  	-0.0725  	-0.0935  	0.25906  	-0.0876  	0.20564  	0.11990  	-0.7272  	0.15594  	0.08911  	0.14478  	0.28263  	-0.0191  	-0.7414  	-1.1349  	0.78047  	-0.0514  	0.34559  	-0.2886  	0.47608  	-0.2126  	-0.2319  	-0.5248  	0.14901  	-0.2208  	-0.0796  	-0.5166  	0.06430  	0.05013  	-0.1589  	-0.1568  	0.21477  	0.24118  	-0.0372  	-0.0041  	0.27309  	-0.0046  	-0.0220  	-0.1108  	0.24162  	0.09873  	0.01360  	0.05455  	-0.0147  	-0.0812  	-0.0485  	0.03652  	0.01824  	0.04032  	-0.0128  	0.00823  	0.01684  	3.51086  	0.01855  	0.00674  	-0.0389  	0.02690  	0.00111  	-0.0277  	0.02504  	0.01158  	0.00323  	0.03704  	0.00108  	-0.0069  	-0.0242  	0.03589  	-0.0073  	0.02253  	-0.2797  	
-0.3980  	-0.0643  	-0.1128  	0.23198  	-0.1004  	0.17647  	0.08482  	-0.7074  	0.13509  	0.08569  	0.13373  	0.29983  	-0.0158  	-0.7306  	-1.1616  	0.78588  	-0.0634  	0.38256  	-0.2710  	0.48026  	-0.2139  	-0.2504  	-0.4955  	0.12353  	-0.2407  	-0.0766  	-0.5403  	0.11220  	0.06238  	-0.1614  	-0.1432  	0.21034  	0.24867  	-0.0441  	0.00560  	0.27484  	-0.0398  	-0.0429  	-0.1100  	0.26445  	0.09500  	0.00428  	0.05298  	0.00153  	-0.0844  	-0.0482  	0.03820  	0.02061  	0.03171  	-0.0127  	0.01042  	0.01490  	-0.0032  	0.01605  	0.00601  	-0.0345  	0.03032  	0.00036  	-0.0309  	0.02570  	0.01250  	0.00428  	0.02751  	-0.0043  	-0.0069  	-0.0242  	0.03589  	-0.0073  	0.02253  	-0.2797  	
-0.4410  	-0.1168  	-0.1492  	0.25409  	-0.0709  	0.08763  	0.09589  	-0.7454  	0.11664  	0.13535  	0.24209  	0.29176  	-0.0249  	-0.7323  	-1.1941  	0.73698  	-0.1019  	0.34633  	-0.2898  	0.50614  	-0.2061  	-0.2682  	-0.5594  	0.15796  	-0.1742  	-0.1069  	-0.5052  	0.04675  	0.01866  	-0.1458  	-0.1622  	0.19815  	0.25535  	-0.0528  	0.07358  	0.31728  	0.00378  	-0.0467  	-0.1227  	0.24862  	0.04981  	0.03106  	0.02969  	-0.0163  	-0.0709  	-0.0475  	0.04122  	0.00561  	0.03483  	-0.0111  	0.01481  	0.01608  	-0.0054  	0.01895  	0.00775  	-0.0365  	0.03052  	0.00237  	-0.0312  	0.02880  	0.00572  	-0.0038  	0.03270  	-0.0005  	-0.0069  	-0.0242  	0.03589  	-0.0073  	0.02253  	-0.2797  	
-0.4293  	-0.0987  	-0.1594  	0.28024  	-0.0880  	0.12164  	0.07516  	-0.7040  	0.11921  	0.09784  	0.31491  	0.31885  	-0.0498  	-0.7053  	-1.1512  	0.72592  	-0.0838  	0.30834  	-0.2885  	0.49217  	-0.1233  	-0.2382  	-0.5642  	0.20829  	-0.1832  	-0.1073  	-0.4495  	-0.0470  	-0.0201  	-0.1565  	-0.1698  	0.20892  	0.22432  	-0.0534  	0.09100  	0.30631  	0.04063  	-0.0084  	-0.1325  	0.22080  	0.04293  	0.02665  	0.01451  	-0.0429  	-0.0688  	-0.0446  	0.04648  	-0.0083  	0.03036  	-0.0061  	0.01057  	0.01517  	0.00095  	0.02409  	0.00753  	-0.0398  	0.03303  	0.00440  	-0.0275  	0.03355  	0.00264  	0.00184  	0.02864  	0.00102  	-0.0069  	-0.0242  	0.03589  	-0.0073  	0.02253  	-0.2797  	
-0.3842  	-0.0893  	-0.1312  	0.23762  	-0.0816  	0.20276  	0.09869  	-0.7047  	0.14032  	0.08501  	0.27139  	0.27820  	-0.0744  	-0.7320  	-1.1788  	0.74664  	-0.0838  	0.33760  	-0.2594  	0.46857  	-0.1679  	-0.2478  	-0.5246  	0.21069  	-0.1804  	-0.1158  	-0.4739  	-0.0024  	0.01055  	-0.1428  	-0.1812  	0.21467  	0.22360  	-0.0540  	0.04963  	0.29320  	0.05125  	-0.0189  	-0.1436  	0.24033  	0.06326  	0.02474  	0.03662  	-0.0191  	-0.0747  	-0.0453  	0.04155  	0.00279  	0.04298  	-0.0193  	0.00203  	0.01503  	-0.0003  	0.02663  	0.00727  	-0.0386  	0.03239  	0.00193  	-0.0285  	0.02781  	0.00655  	-0.0058  	0.02989  	-0.0032  	-0.0069  	-0.0242  	0.03589  	-0.0073  	0.02253  	-0.2797  	
-0.3350  	-0.0733  	-0.0765  	0.34567  	-0.0490  	0.26900  	0.07821  	-0.6863  	0.13706  	0.02405  	0.18794  	0.30817  	-0.0414  	-0.7122  	-1.0388  	0.79016  	-0.0527  	0.32060  	-0.2751  	0.45933  	-0.1326  	-0.2147  	-0.5193  	0.22206  	-0.1793  	-0.1117  	-0.4613  	0.00166  	-0.0224  	-0.1408  	-0.1683  	0.22049  	0.24262  	-0.0537  	0.06409  	0.26599  	0.05853  	-0.0148  	-0.1495  	0.24074  	0.04418  	0.02579  	0.02503  	-0.0264  	-0.0798  	-0.0477  	0.04197  	-0.0021  	0.03815  	-0.0118  	0.00882  	0.01655  	-0.0037  	0.02588  	0.00566  	-0.0382  	0.03124  	0.00358  	-0.0295  	0.03102  	0.00372  	-0.0027  	0.03789  	-0.0020  	-0.0069  	-0.0242  	0.03589  	-0.0073  	0.02253  	-0.2797  	
-0.1925  	-0.0394  	-0.0506  	0.45258  	0.02784  	0.32724  	0.10622  	-0.6694  	0.15175  	0.01513  	0.14868  	0.32302  	-0.0263  	-0.6534  	-0.9632  	0.81386  	-0.0952  	0.33370  	-0.2869  	0.48140  	-0.1654  	-0.2413  	-0.5873  	0.21485  	-0.1794  	-0.1226  	-0.4578  	0.03085  	0.00777  	-0.1381  	-0.1938  	0.22788  	0.25516  	-0.0420  	0.12329  	0.29821  	0.04451  	-0.0141  	-0.1496  	0.25437  	0.03316  	0.02557  	0.03133  	-0.0247  	-0.0844  	-0.0441  	0.03995  	0.00715  	0.03687  	-0.0204  	0.01472  	0.01277  	-0.0010  	0.02185  	0.00621  	-0.0376  	0.03640  	0.00386  	-0.0299  	0.02797  	-0.0005  	-0.0109  	0.03396  	-0.0001  	-0.0069  	-0.0242  	0.03589  	-0.0073  	0.02253  	-0.2797  	
-0.0806  	-0.0154  	0.01793  	0.48181  	0.04878  	0.34406  	0.15406  	-0.6898  	0.16292  	0.07101  	0.18376  	0.32079  	-0.0322  	-0.6394  	-1.0255  	0.87335  	-0.1241  	0.33764  	-0.2863  	0.50634  	-0.1660  	-0.2552  	-0.6231  	0.20383  	-0.1871  	-0.1391  	-0.4678  	0.03797  	-0.0145  	-0.1308  	-0.2078  	0.24222  	0.24924  	-0.0439  	0.16029  	0.31314  	0.05351  	-0.0204  	-0.1478  	0.25055  	0.02782  	0.02878  	0.01895  	-0.0176  	-0.0762  	-0.0509  	0.03623  	0.00124  	0.05010  	-0.0157  	0.02335  	0.01472  	0.00288  	0.02350  	0.01201  	-0.0355  	0.03701  	0.00521  	-0.0295  	0.02990  	-0.0017  	-0.0059  	0.03561  	-0.0022  	-0.0069  	-0.0242  	0.03589  	-0.0073  	0.02253  	-0.2797  	
-0.0527  	-0.0396  	0.03569  	0.47235  	0.01290  	0.34458  	0.15939  	-0.6802  	0.17009  	0.08795  	0.20946  	0.30288  	-0.0320  	-0.6788  	-1.0831  	0.90916  	-0.1373  	0.37116  	-0.2882  	0.53215  	-0.1808  	-0.2601  	-0.6619  	0.19075  	-0.1606  	-0.1463  	-0.4741  	0.05316  	0.00044  	-0.1276  	-0.2007  	0.23199  	0.24620  	-0.0410  	0.15282  	0.33902  	0.03759  	-0.0183  	-0.1471  	0.27085  	0.01901  	0.03330  	0.01716  	-0.0171  	-0.0834  	-0.0467  	0.03807  	0.00674  	0.04730  	-0.0155  	0.02693  	0.01631  	0.00444  	0.02239  	0.01290  	-0.0365  	0.03624  	0.00711  	-0.0291  	0.02844  	-0.0020  	-0.0068  	0.03704  	-0.0039  	-0.0069  	-0.0242  	0.03589  	-0.0073  	0.02253  	-0.2797  	
-0.0967  	-0.0468  	0.01813  	0.41726  	-0.0147  	0.33840  	0.14713  	-0.7079  	0.14807  	0.08769  	0.19545  	0.26694  	-0.0246  	-0.6860  	-1.1179  	0.88344  	-0.1250  	0.35572  	-0.2788  	0.50367  	-0.1812  	-0.2547  	-0.6362  	0.20498  	-0.1553  	-0.1420  	-0.4654  	0.02726  	-0.0069  	-0.1245  	-0.2033  	0.23369  	0.23566  	-0.0476  	0.14198  	0.34307  	0.04785  	-0.0184  	-0.1557  	0.26441  	0.02965  	0.03404  	0.01635  	-0.0233  	-0.0842  	-0.0455  	0.03673  	0.00280  	0.04509  	-0.0151  	0.02363  	0.01606  	0.00206  	0.02247  	0.00775  	-0.0384  	0.03612  	0.00688  	-0.0275  	0.02697  	-0.0019  	-0.0082  	0.03696  	-0.0041  	-0.0069  	-0.0242  	0.03589  	-0.0073  	0.02253  	-0.2797  	
-0.2330  	-0.0692  	-0.0495  	0.36863  	-0.0440  	0.30646  	0.13544  	-0.7297  	0.12868  	0.04624  	0.17433  	0.23652  	-0.0610  	-0.7024  	-1.0828  	0.82152  	-0.0950  	0.30844  	-0.2827  	0.48042  	-0.1587  	-0.2551  	-0.5979  	0.23056  	-0.1434  	-0.1339  	-0.4208  	-0.0099  	-0.0233  	-0.1237  	-0.2039  	0.24397  	0.22424  	-0.0546  	0.15099  	0.34002  	0.07327  	-0.0084  	-0.1784  	0.25474  	0.04266  	0.03129  	0.01829  	-0.0226  	-0.0762  	-0.0497  	0.04009  	-0.0126  	0.04042  	-0.0133  	0.01878  	0.01547  	-0.0001  	0.02608  	0.00935  	-0.0354  	0.03759  	0.00844  	-0.0252  	0.02842  	-0.0021  	-0.0084  	0.03084  	-0.0005  	-0.0069  	-0.0242  	0.03589  	-0.0073  	0.02253  	-0.2797  	
-0.2754  	-0.0652  	-0.0457  	0.34669  	-0.0587  	0.28933  	0.10565  	-0.7344  	0.13043  	0.02418  	0.16764  	0.22470  	-0.0558  	-0.7432  	-1.0681  	0.81337  	-0.0640  	0.30976  	-0.2715  	0.46725  	-0.1385  	-0.2519  	-0.5573  	0.22984  	-0.1464  	-0.1297  	-0.4196  	-0.0391  	-0.0590  	-0.1392  	-0.2106  	0.24400  	0.21686  	-0.0615  	0.13112  	0.30953  	0.09608  	0.00356  	-0.1813  	0.22928  	0.04889  	0.02993  	0.01005  	-0.0266  	-0.0777  	-0.0471  	0.04145  	-0.0084  	0.04006  	-0.0187  	0.01826  	0.01563  	0.00131  	0.03139  	0.00767  	-0.0379  	0.03737  	0.00472  	-0.0244  	0.02750  	-0.0003  	-0.0134  	0.03821  	-0.0026  	-0.0069  	-0.0242  	0.03589  	-0.0073  	0.02253  	-0.2797  	
-0.2912  	-0.0668  	-0.0608  	0.38692  	-0.0124  	0.24470  	0.10900  	-0.7214  	0.14076  	0.03264  	0.15412  	0.26680  	-0.0287  	-0.6883  	-1.0386  	0.78549  	-0.0651  	0.33173  	-0.2695  	0.45894  	-0.1759  	-0.2208  	-0.5495  	0.21599  	-0.1601  	-0.1224  	-0.4496  	0.00723  	-0.0013  	-0.1199  	-0.1950  	0.22939  	0.22488  	-0.0541  	0.09150  	0.31113  	0.04584  	-0.0170  	-0.1563  	0.24581  	0.04039  	0.02609  	0.01365  	-0.0268  	-0.0824  	-0.0497  	0.03550  	-0.0029  	0.04148  	-0.0175  	0.01628  	0.01522  	-0.0010  	0.02570  	0.00823  	-0.0355  	0.03128  	0.00357  	-0.0244  	0.02666  	0.00116  	-0.0062  	0.03419  	-0.0028  	-0.0069  	-0.0242  	0.03589  	-0.0073  	0.02253  	-0.2797  	
-0.3061  	-0.0872  	-0.1412  	0.55305  	0.12625  	0.21755  	0.12627  	-0.7065  	0.14711  	0.05133  	0.18090  	0.36383  	0.00443  	-0.5550  	-0.9817  	0.74531  	-0.1178  	0.35131  	-0.3184  	0.51281  	-0.2207  	-0.2212  	-0.6291  	0.23227  	-0.1694  	-0.1225  	-0.4949  	0.08043  	0.05519  	-0.1143  	-0.1885  	0.20183  	0.25634  	-0.0382  	0.11866  	0.29208  	-0.0119  	-0.0447  	-0.1227  	0.26166  	0.01095  	0.03258  	0.00959  	-0.0407  	-0.0757  	-0.0443  	0.04195  	0.00312  	0.03852  	-0.0177  	0.01465  	0.01447  	-0.0028  	0.02323  	0.00793  	-0.0376  	0.03442  	0.00277  	-0.0280  	0.02731  	0.00421  	-0.0033  	0.03210  	-0.0029  	-0.0069  	-0.0242  	0.03589  	-0.0073  	0.02253  	-0.2797  	
-0.3158  	-0.1015  	-0.2044  	0.59329  	0.19922  	0.18173  	0.12181  	-0.6828  	0.14950  	0.02457  	0.22257  	0.42305  	-0.0095  	-0.5445  	-0.9620  	0.75065  	-0.1107  	0.33448  	-0.2991  	0.53927  	-0.1477  	-0.2564  	-0.6702  	0.25407  	-0.1902  	-0.1256  	-0.4987  	0.08476  	0.03307  	-0.1318  	-0.2022  	0.20683  	0.27019  	-0.0373  	0.17488  	0.26809  	-0.0051  	-0.0573  	-0.1479  	0.25313  	-0.0281  	0.04317  	-0.0161  	-0.0509  	-0.0672  	-0.0441  	0.04428  	-0.0016  	0.04577  	-0.0206  	0.01921  	0.01207  	-0.0092  	0.01747  	0.00702  	-0.0352  	0.03669  	0.00451  	-0.0319  	0.02611  	0.00359  	-0.0044  	0.03315  	-0.0066  	-0.0069  	-0.0242  	0.03589  	-0.0073  	0.02253  	-0.2797  	
-0.1661  	-0.0427  	-0.1152  	0.73800  	0.23154  	0.29740  	0.08954  	-0.5837  	0.18242  	-0.0026  	0.09606  	0.49549  	0.05052  	-0.3927  	-0.7194  	0.83759  	-0.1121  	0.29973  	-0.2892  	0.53174  	-0.0861  	-0.2645  	-0.6589  	0.28261  	-0.2044  	-0.1265  	-0.4438  	0.01792  	-0.0396  	-0.1173  	-0.2064  	0.21899  	0.27211  	-0.0424  	0.21796  	0.21462  	0.04481  	-0.0549  	-0.1596  	0.29792  	-0.0583  	0.05225  	-0.0037  	-0.0259  	-0.0643  	-0.0452  	0.04753  	-0.0008  	0.04596  	-0.0126  	0.01343  	0.00799  	-0.0093  	0.02399  	0.00563  	-0.0310  	0.03108  	-0.0019  	-0.0260  	0.03515  	-0.0010  	-2.2318  	0.03013  	-0.0053  	-0.0069  	-0.0242  	0.03589  	-0.0073  	0.02253  	-0.2797  	
0.15103  	0.08963  	0.19709  	0.65042  	0.08552  	0.47085  	0.12118  	-0.5560  	0.22658  	-0.0065  	0.06070  	0.38041  	0.05611  	-0.3332  	-0.6929  	0.85627  	-0.0744  	0.27334  	-0.2775  	0.41818  	0.04737  	-0.1919  	-0.5575  	0.32933  	-0.2119  	-0.1449  	-0.3682  	-0.1955  	-0.1709  	-0.1253  	-0.2054  	0.25730  	0.28279  	-0.0607  	0.24646  	0.16733  	0.17078  	0.00405  	-0.1847  	0.24916  	-0.0265  	0.03876  	0.01469  	-0.0224  	-0.0783  	-0.0454  	0.03396  	0.01902  	0.06181  	-0.0127  	0.01129  	0.01181  	-0.0016  	0.02646  	0.00166  	-0.0219  	0.02347  	-0.0037  	-0.0335  	0.03604  	0.00140  	0.00257  	0.02395  	-0.0112  	-0.0069  	-0.0242  	0.03589  	-0.0073  	0.02253  	-0.2797  	
0.20208  	0.08595  	0.25792  	0.56524  	0.01857  	0.47925  	0.15446  	-0.5238  	0.23979  	0.00126  	0.22669  	0.36186  	0.00792  	-0.4011  	-0.8956  	0.95652  	-0.1110  	0.24580  	-0.2576  	0.42133  	0.11928  	-0.2161  	-0.5402  	0.28246  	-0.1829  	-0.1631  	-0.3654  	-0.2388  	-0.2005  	-0.1299  	-0.2222  	0.26824  	0.28156  	-0.0558  	0.23429  	0.15771  	0.23798  	0.02632  	-0.1785  	0.19481  	-0.0175  	0.03811  	0.04573  	-0.0141  	-0.0742  	-0.0421  	0.02696  	0.02396  	0.06486  	-0.0166  	0.00364  	0.01470  	0.00149  	0.02764  	0.00382  	-0.0208  	0.02067  	0.00144  	-0.0309  	0.03117  	-0.0004  	-0.0024  	0.03284  	-0.0117  	-0.0069  	-0.0242  	0.03589  	-0.0073  	0.02253  	-0.2797  	
0.11292  	0.04262  	0.19210  	0.67186  	0.09687  	0.49329  	0.13382  	-0.5722  	0.20957  	0.00784  	0.12469  	0.31441  	0.00925  	-0.4379  	-0.8886  	0.97243  	-0.0864  	0.23679  	-0.2686  	0.45758  	0.05888  	-0.2058  	-0.5978  	0.33492  	-0.0842  	-0.1775  	-0.3036  	-0.1650  	-0.1271  	-0.0909  	-0.2459  	0.25349  	0.25359  	-0.0652  	0.23370  	0.20113  	0.20119  	0.00365  	-0.1880  	0.23396  	-0.0373  	0.02695  	0.02804  	-0.0104  	-0.0853  	-0.0471  	0.02624  	0.01934  	0.06856  	-0.0155  	0.01767  	0.00938  	-0.0002  	0.02645  	0.00545  	-0.0236  	0.02429  	0.00212  	-0.0215  	0.03964  	-0.0014  	-0.0034  	0.03939  	-0.0089  	-0.0069  	-0.0242  	0.03589  	-0.0073  	0.02253  	-0.2797  	
-0.0111  	0.01122  	-0.0228  	0.82215  	0.19281  	0.48061  	0.12840  	-0.6592  	0.15904  	0.03332  	-0.0066  	0.38832  	0.03757  	-0.4533  	-0.8628  	0.84261  	-0.0983  	0.28900  	-0.2742  	0.47454  	-0.1508  	-0.2012  	-0.6379  	0.25337  	-0.0997  	-0.1513  	-0.3597  	0.00315  	-0.0063  	-0.0548  	-0.2365  	0.24200  	0.25238  	-0.0493  	0.16832  	0.25375  	0.05174  	-0.0301  	-0.1176  	0.27605  	-0.0384  	0.03927  	0.01480  	-0.0119  	-0.0716  	-0.0435  	0.02487  	0.01937  	0.05380  	-0.0120  	0.01541  	0.01426  	-0.0043  	0.03222  	0.00588  	-0.0359  	0.03076  	0.00421  	-0.0232  	0.02986  	-0.0057  	-0.0096  	0.03345  	-0.0086  	-0.0069  	-0.0242  	0.03589  	-0.0073  	0.02253  	-0.2797  	
-0.0398  	0.01122  	-0.0187  	0.74810  	0.17756  	0.44828  	0.14203  	-0.6346  	0.17553  	-0.0356  	0.00808  	0.38502  	0.04037  	-0.4802  	-0.8162  	0.82697  	-0.0786  	0.28086  	-0.2713  	0.46140  	-0.0996  	-0.2222  	-0.5892  	0.24774  	-0.1162  	-0.1416  	-0.3808  	-0.0213  	-0.0173  	-0.0866  	-0.2254  	0.22004  	0.27419  	-0.0442  	0.18339  	0.23306  	0.07189  	-0.0223  	-0.1441  	0.26609  	-0.0428  	0.03890  	0.01381  	-0.0102  	-0.0756  	-0.0448  	0.03174  	0.01134  	0.05197  	-0.0132  	0.01613  	0.01229  	-0.0050  	0.02711  	0.00620  	-0.0258  	0.03466  	0.00060  	-0.0254  	0.03058  	0.00371  	-0.0043  	0.02529  	-0.0069  	-0.0069  	-0.0242  	0.03589  	-0.0073  	0.02253  	-0.2797  	
-0.0946  	-0.0036  	-0.0412  	0.77589  	0.20088  	0.45338  	0.11491  	-0.6261  	0.15267  	-0.0321  	0.06451  	0.37257  	0.01627  	-0.5157  	-0.7884  	0.85028  	-0.1040  	0.29424  	-0.2950  	0.50443  	-0.1443  	-0.2275  	-0.6368  	0.27603  	-0.1195  	-0.1594  	-0.3964  	0.00252  	-6.2205  	-0.0875  	-0.2409  	0.22046  	0.25654  	-0.0460  	0.19829  	0.26073  	0.05057  	-0.0338  	-0.1480  	0.25432  	-0.0490  	0.03885  	5.67998  	-0.0318  	-0.0740  	-0.0391  	0.02583  	0.01007  	0.05559  	-0.0151  	0.02458  	0.01146  	-0.0036  	0.02069  	0.01185  	-0.0252  	0.03719  	0.00392  	-0.0263  	0.03523  	0.00125  	-0.0113  	0.02726  	-0.0029  	-0.0069  	-0.0242  	0.03589  	-0.0073  	0.02253  	-0.2797  	
0.01307  	0.01791  	-0.0132  	0.91206  	0.24826  	0.46928  	0.10587  	-0.6022  	0.15272  	-0.0338  	-0.0505  	0.36751  	0.04304  	-0.3960  	-0.6215  	0.80017  	-0.0988  	0.25684  	-0.2914  	0.47215  	-0.0844  	-0.1721  	-0.6287  	0.28422  	-0.1012  	-0.1501  	-0.3535  	-0.0152  	-0.0179  	-0.0502  	-0.2290  	0.22754  	0.25947  	-0.0298  	0.20499  	0.22128  	0.06091  	-0.0393  	-0.1402  	0.26111  	-0.0711  	0.05182  	0.00067  	-0.0252  	-0.0757  	-0.0455  	0.03083  	0.00671  	0.04657  	-0.0153  	0.01226  	0.00986  	-0.0032  	0.02151  	-0.0005  	-0.0312  	0.03721  	0.00448  	-0.0325  	0.02684  	0.00020  	-0.0064  	0.03905  	-0.0077  	-0.0069  	-0.0242  	0.03589  	-0.0073  	0.02253  	-0.2797  	
0.01265  	0.02932  	-0.0836  	1.03208  	0.30724  	0.48492  	0.12545  	-0.6147  	0.17277  	-0.0588  	-0.1388  	0.36071  	0.10728  	-0.2889  	-0.5170  	0.75865  	-0.0901  	0.27830  	-0.2954  	0.45988  	-0.1535  	-0.1768  	-0.6681  	0.22996  	-0.0341  	-0.1585  	-0.3787  	0.03323  	0.08503  	-0.0284  	-0.2471  	0.21636  	0.24950  	-0.0375  	0.22132  	0.23581  	-0.0045  	-0.0691  	-0.0999  	0.28314  	-0.0705  	0.05228  	-0.0047  	-0.0315  	-0.0710  	-0.0433  	0.03171  	-0.0064  	0.05673  	-0.0252  	0.01789  	0.01309  	-0.0028  	0.02138  	0.00644  	-0.0263  	0.02679  	0.00162  	-0.0228  	0.03169  	0.00083  	-0.0014  	0.03115  	-0.0076  	-0.0069  	-0.0242  	0.03589  	-0.0073  	0.02253  	-0.2797  	
0.05293  	0.05840  	-0.0288  	1.00550  	0.27620  	0.48530  	0.10858  	-0.6068  	0.19907  	-0.0535  	-0.1502  	0.38088  	0.10371  	-0.3272  	-0.5732  	0.78974  	-0.0852  	0.30749  	-0.2968  	0.47355  	-0.1272  	-0.1581  	-0.6301  	0.24094  	-0.0711  	-0.1480  	-0.4205  	0.01184  	0.07418  	-0.0436  	-0.2388  	0.20386  	0.26752  	-0.0319  	0.19327  	0.22519  	-0.0027  	-0.0598  	-0.0960  	0.26930  	-0.0419  	0.04398  	0.00485  	-0.0300  	-0.0802  	-0.0423  	0.03114  	0.01950  	0.05672  	-0.0177  	0.01437  	0.01378  	-0.0011  	0.02352  	0.00431  	-0.0268  	0.02507  	-0.0042  	-0.0231  	0.03751  	-6.6188  	-0.0011  	0.03319  	-0.0057  	-0.0069  	-0.0242  	0.03589  	-0.0073  	0.02253  	-0.2797  	
-0.0820  	-0.0094  	-0.0356  	0.70227  	0.15725  	0.40854  	0.16371  	-0.6419  	0.16671  	0.00022  	0.00831  	0.35976  	0.05036  	-0.5083  	-0.8492  	0.85502  	-0.0926  	0.34216  	-0.2936  	0.47126  	-0.1174  	-0.2013  	-0.5932  	0.24964  	-0.1845  	-0.1350  	-0.4456  	0.00978  	-0.0015  	-0.1117  	-0.2221  	0.21254  	0.27354  	-0.0255  	0.15257  	0.24349  	0.03424  	-0.0309  	-0.1513  	0.27108  	-0.0033  	0.03662  	0.02429  	-0.0378  	-0.0788  	-0.0423  	0.02944  	0.01783  	0.05099  	-0.0143  	0.01558  	0.01202  	-0.0039  	0.02035  	0.00468  	-0.0281  	0.03640  	0.00462  	-0.0262  	0.03166  	0.00425  	-0.0069  	0.03703  	-0.0023  	-0.0069  	-0.0242  	0.03589  	-0.0073  	0.02253  	-0.2797  	
-0.2628  	-0.0755  	0.00061  	0.33489  	-0.0286  	0.28443  	0.13980  	-0.7149  	0.13408  	0.04539  	0.21620  	0.26560  	-0.0649  	-0.7407  	-1.0828  	0.80654  	-0.0971  	0.35091  	-0.2655  	0.45843  	-0.1039  	-0.2393  	-0.5421  	0.22912  	-0.1623  	-0.1348  	-0.4141  	-0.0577  	-0.0318  	-0.1383  	-0.1988  	0.22866  	0.23633  	-0.0593  	0.11959  	0.28662  	0.07723  	-0.0214  	-0.1724  	0.26059  	0.04427  	0.02197  	0.02309  	-0.0169  	-0.0763  	-0.0450  	0.03778  	-0.0112  	0.03779  	-0.0251  	0.01801  	0.01082  	0.00282  	0.02279  	0.00220  	-0.0326  	0.03780  	0.00484  	-0.0211  	0.03849  	0.00380  	-0.0084  	0.02679  	-0.0044  	-0.0069  	-0.0242  	0.03589  	-0.0073  	0.02253  	-0.2797  	
-0.3276  	-0.0824  	-0.0659  	0.35004  	-0.0476  	0.29089  	0.11797  	-0.7287  	0.13038  	0.03829  	0.22550  	0.23671  	-0.0855  	-0.7915  	-1.1088  	0.81767  	-0.0666  	0.33601  	-0.2677  	0.45594  	-0.1424  	-0.2359  	-0.5416  	0.20030  	-0.1486  	-0.1198  	-0.4324  	-0.0146  	0.00117  	-0.1285  	-0.2050  	0.22929  	0.21384  	-0.0551  	0.07291  	0.31409  	0.06725  	-0.0145  	-0.1479  	0.24277  	0.06737  	0.02280  	0.02812  	-0.0192  	-0.0725  	-0.0443  	0.03751  	-0.0027  	0.03488  	-0.0162  	0.01237  	0.01717  	0.00157  	0.02587  	0.00616  	-0.0357  	0.03175  	0.00243  	-0.0261  	0.03129  	0.00349  	-0.0077  	0.03139  	-0.0005  	-0.0069  	-0.0242  	0.03589  	-0.0073  	0.02253  	-0.2797  	
-0.3828  	-0.0697  	-0.0922  	0.35854  	-0.0190  	0.23427  	0.10497  	-0.7381  	0.13142  	0.06108  	0.17134  	0.27996  	-0.0593  	-0.7246  	-1.0764  	0.77288  	-0.0701  	0.33697  	-0.2829  	0.45477  	-0.1890  	-0.2379  	-0.5504  	0.17283  	-0.1767  	-0.1172  	-0.4659  	0.00934  	0.02583  	-0.1135  	-0.1864  	0.20798  	0.22364  	-0.0427  	0.05716  	0.30312  	0.05245  	-0.0115  	-0.1392  	0.23864  	0.06288  	0.02553  	0.03020  	-0.0146  	-0.0759  	-0.0467  	0.04203  	-0.0082  	0.03698  	-0.0187  	0.00821  	0.01851  	0.00196  	0.02834  	0.00519  	-0.0388  	0.02968  	0.00334  	-0.0270  	0.02891  	0.00611  	-0.0015  	0.03219  	-0.0043  	-0.0069  	-0.0242  	0.03589  	-0.0073  	0.02253  	-0.2797  	
-0.3737  	-0.0705  	-0.1006  	0.35937  	-0.0461  	0.24214  	0.09705  	-0.7093  	0.14014  	0.05492  	0.14810  	0.30165  	-0.0366  	-0.7403  	-1.0725  	0.78939  	-0.0635  	0.35463  	-0.2759  	0.47254  	-0.2060  	-0.2377  	-0.5294  	0.15263  	-0.1979  	-0.1001  	-0.5237  	0.02981  	0.04479  	-0.1242  	-0.1736  	0.20327  	0.23042  	-0.0370  	0.01544  	0.28748  	0.02465  	-0.0068  	-0.1310  	0.24114  	0.08163  	0.01100  	0.03881  	-0.0039  	-0.0860  	-0.0471  	0.04087  	0.00288  	0.03574  	-0.0162  	0.00858  	0.01875  	0.00096  	0.02667  	0.00769  	-0.0385  	0.02916  	0.00134  	-0.0291  	0.02762  	0.00822  	0.00019  	0.03308  	-0.0048  	-0.0069  	-0.0242  	0.03589  	-0.0073  	0.02253  	-0.2797  	
-0.3664  	-0.0576  	-0.1135  	0.28438  	-0.0486  	0.17701  	0.08747  	-0.6817  	0.12862  	0.07723  	0.16774  	0.31856  	-0.0082  	-0.6744  	-1.1307  	0.75681  	-0.1003  	0.39271  	-0.2733  	0.51529  	-0.2102  	-0.2617  	-0.5319  	0.16060  	-0.2219  	-0.1074  	-0.5137  	0.10749  	0.06148  	-0.1436  	-0.1609  	0.20609  	0.26121  	-0.0548  	0.05736  	0.28838  	-0.0222  	-0.0515  	-0.1185  	0.27255  	0.05662  	0.00795  	0.02435  	-0.0038  	-0.0788  	-0.0500  	0.03592  	0.01136  	0.03498  	-0.0122  	0.01470  	0.01509  	-0.0034  	0.01525  	0.00502  	-0.0382  	0.03342  	0.00414  	-0.0330  	0.02960  	0.00811  	0.00408  	0.02884  	-0.0050  	-0.0069  	-0.0242  	0.03589  	-0.0073  	0.02253  	-0.2797  	
-0.4579  	-0.1182  	-0.1525  	0.17792  	-0.1143  	0.06487  	0.12229  	-0.7269  	0.11744  	0.13512  	0.31654  	0.25561  	-0.0322  	-0.6961  	-1.1859  	0.69783  	-0.1138  	0.33577  	-0.3055  	0.53586  	-0.1730  	-0.2572  	-0.5426  	0.17251  	-0.1610  	-0.1068  	-0.5053  	0.01507  	-0.0047  	-0.1573  	-0.1529  	0.19814  	0.25299  	-0.0536  	0.09293  	0.29766  	0.03319  	-0.0369  	-0.1414  	0.22694  	0.05484  	0.02765  	0.03063  	-0.0092  	-0.0666  	-0.0481  	0.03827  	0.00476  	0.03838  	-0.0126  	0.00626  	0.01761  	-0.0040  	0.02311  	0.00625  	-0.0375  	0.03275  	0.00283  	-0.0334  	0.02580  	0.00473  	0.00085  	0.03220  	-0.0025  	-0.0069  	-0.0242  	0.03589  	-0.0073  	0.02253  	-0.2797  	
-0.4813  	-0.1192  	-0.1862  	0.22518  	-0.0490  	0.08184  	0.10213  	-0.6830  	0.13412  	0.08842  	0.37316  	0.28575  	-0.0703  	-0.6956  	-1.1525  	0.72478  	-0.0817  	0.31646  	-0.2913  	0.50683  	-0.1035  	-0.2591  	-0.5770  	0.25975  	-0.1919  	-0.1218  	-0.4417  	-0.0312  	-0.0444  	-0.1568  	-0.1937  	0.21293  	0.23405  	-0.0497  	0.15299  	0.28284  	0.07700  	-0.0123  	-0.1649  	0.22506  	0.03525  	0.02893  	-0.0051  	-0.0417  	-0.0651  	-0.0454  	0.04485  	-0.0188  	0.02961  	-0.0094  	0.00473  	0.01657  	0.00319  	0.02770  	0.00642  	-0.0398  	0.03170  	0.00592  	-0.0317  	0.03272  	0.00351  	0.00045  	0.02798  	-0.0025  	-0.0069  	-0.0242  	0.03589  	-0.0073  	0.02253  	-0.2797  	
-0.4612  	-0.1200  	-0.1651  	0.21018  	-0.0936  	0.08141  	0.11657  	-0.7107  	0.13481  	0.10941  	0.35941  	0.25767  	-0.0630  	-0.6965  	-1.0995  	0.71523  	-0.0756  	0.30577  	-0.2946  	0.48384  	-0.1040  	-0.2503  	-0.5688  	0.26652  	-0.1966  	-0.1062  	-0.4626  	-0.0679  	-0.0757  	-0.1628  	-0.1740  	0.21196  	0.24545  	-0.0464  	0.11831  	0.26592  	0.08151  	-0.0022  	-0.1686  	0.22315  	0.04615  	0.02802  	0.01108  	-0.0373  	-0.0698  	-0.0504  	0.04494  	-0.0102  	0.03292  	-0.0127  	0.00234  	0.01556  	-0.0004  	0.02797  	0.00539  	-0.0401  	0.02938  	0.00387  	-0.0342  	0.03137  	0.00533  	0.00070  	0.03172  	2.84478  	-0.0069  	-0.0242  	0.03589  	-0.0073  	0.02253  	-0.2797  	
-0.2658  	-0.0351  	-0.0574  	0.33912  	-0.0446  	0.28014  	0.10936  	-0.6707  	0.15961  	0.04809  	0.19407  	0.29775  	-0.0103  	-0.6009  	-1.0020  	0.71735  	-0.0576  	0.28354  	-0.2960  	0.45819  	-0.0871  	-0.2037  	-0.5252  	0.26035  	-0.2172  	-0.1005  	-0.4174  	-0.0823  	-0.0707  	-0.1526  	-0.1684  	0.21275  	0.26208  	-0.0571  	0.12454  	0.23482  	0.07995  	-0.0290  	-0.1479  	0.23760  	0.02143  	0.03041  	0.02718  	-0.0265  	-0.0783  	-0.0417  	0.04608  	0.00013  	0.03592  	-0.0093  	0.00985  	0.01583  	-0.0053  	0.02129  	0.00252  	-0.0367  	0.02405  	0.00136  	-0.0282  	0.02988  	0.00625  	-0.0013  	0.03182  	-0.0028  	-0.0069  	-0.0242  	0.03589  	-0.0073  	0.02253  	-0.2797  	
0.06414  	0.03799  	0.12442  	0.56924  	0.02195  	0.44147  	0.12099  	-0.5311  	0.21349  	-0.0083  	0.14334  	0.33046  	0.05019  	-0.4283  	-0.7980  	0.83558  	-0.0807  	0.27339  	-0.2772  	0.43835  	0.03248  	-0.2045  	-0.5256  	0.25078  	-0.2424  	-0.1306  	-0.4525  	-0.1849  	-0.1453  	-0.1522  	-0.1809  	0.23617  	0.28116  	-0.0625  	0.18462  	0.19313  	0.15803  	0.01351  	-0.1797  	0.22277  	0.02285  	0.02039  	0.04124  	-0.0199  	-0.0829  	-0.0443  	0.03999  	0.00887  	0.04533  	-0.0042  	0.00689  	0.01352  	-0.0020  	0.02543  	0.00411  	-0.0302  	0.02789  	0.00543  	-0.0352  	0.02907  	0.00107  	0.00930  	0.03269  	-0.0064  	-0.0069  	-0.0242  	0.03589  	-0.0073  	0.02253  	-0.2797  	
0.21391  	0.05659  	0.19726  	0.65438  	0.02859  	0.55001  	0.14346  	-0.5123  	0.20860  	-0.0003  	0.11030  	0.28167  	0.05220  	-0.3666  	-0.8011  	0.88699  	-0.0931  	0.21282  	-0.2776  	0.36215  	0.07961  	-0.1742  	-0.5459  	0.28640  	-0.1253  	-0.1610  	-0.2986  	-0.2798  	-0.1882  	-0.1054  	-0.1891  	0.26180  	0.25706  	-0.0658  	0.25753  	0.19423  	0.21586  	0.01797  	-0.2016  	0.21235  	-0.0249  	0.03187  	0.03928  	-0.0137  	-0.0761  	-0.0436  	0.02977  	0.02231  	0.06412  	-0.0174  	0.01090  	0.01417  	0.00113  	0.02513  	0.00940  	-0.0221  	0.02005  	0.00095  	-0.0350  	0.03793  	0.00199  	0.00238  	0.03746  	-0.0042  	-0.0069  	-0.0242  	0.03589  	-0.0073  	0.02253  	-0.2797  	
0.22297  	0.08861  	0.21928  	0.56110  	0.05628  	0.47725  	0.19181  	-0.5453  	0.19543  	0.08629  	0.05801  	0.18452  	0.08493  	-0.3192  	-0.7549  	0.79372  	-0.1158  	0.21775  	-0.2743  	0.33334  	0.02694  	-0.1177  	-0.5396  	0.30463  	-0.0066  	-0.1752  	-0.2693  	-0.2886  	-0.1261  	-0.0786  	-0.1827  	0.23381  	0.23270  	-0.0615  	0.23187  	0.22291  	0.15624  	-0.0031  	-0.1502  	0.25146  	-0.0185  	0.03099  	0.02808  	-0.0058  	-0.0862  	-0.0412  	0.01221  	0.04234  	0.07408  	-0.0197  	0.02488  	0.01691  	0.00068  	0.02040  	0.00567  	-0.0170  	0.01828  	8.24968  	-0.0325  	0.03912  	-0.0004  	0.00011  	0.03279  	-0.0094  	-0.0069  	-0.0242  	0.03589  	-0.0073  	0.02253  	-0.2797  	
0.07504  	0.05572  	0.06471  	0.69538  	0.14976  	0.36805  	0.17930  	-0.6002  	0.15349  	0.13650  	-0.0292  	0.13307  	0.09083  	-0.2389  	-0.6168  	0.69324  	-0.0932  	0.18787  	-0.2739  	0.36272  	-0.0235  	-0.1082  	-0.5968  	0.33363  	0.05028  	-0.1860  	-0.1974  	-0.2589  	-0.0587  	-0.0374  	-0.2425  	0.23867  	0.21147  	-0.0629  	0.27569  	0.23605  	0.13518  	-0.0346  	-0.1515  	0.30122  	-0.0733  	0.07001  	-0.0049  	-0.0191  	-0.0714  	-0.0460  	0.02744  	0.02667  	0.06364  	-0.0236  	0.02489  	0.01859  	-0.0043  	0.02681  	0.00701  	-0.0220  	0.02311  	0.00057  	-0.0242  	0.04086  	-0.0011  	-0.0050  	0.02029  	-0.0149  	-0.0069  	-0.0242  	0.03589  	-0.0073  	0.02253  	-0.2797  	
0.01840  	0.01139  	-0.0577  	1.08861  	0.36102  	0.45921  	0.16184  	-0.6345  	0.16072  	0.00613  	-0.0662  	0.37345  	0.08729  	-0.2799  	-0.5079  	0.73335  	-0.0664  	0.20925  	-0.3065  	0.40947  	-0.1093  	-0.1420  	-0.6226  	0.29909  	-0.0077  	-0.1641  	-0.2721  	-0.0768  	0.00515  	-0.0313  	-0.2528  	0.24466  	0.23702  	-0.0531  	0.26604  	0.22175  	0.05486  	-0.0543  	-0.1308  	0.27799  	-0.0966  	0.07593  	-0.0100  	-0.0267  	-0.0654  	-0.0502  	0.02013  	0.00064  	0.05317  	-0.0211  	0.01368  	0.01395  	-0.0047  	0.02415  	0.00391  	-0.0238  	0.04296  	-0.0033  	-0.0242  	0.03124  	0.00016  	-0.0005  	0.02767  	-0.0053  	-0.0069  	-0.0242  	0.03589  	-0.0073  	0.02253  	-0.2797  	
0.04441  	0.05423  	-0.0808  	1.01874  	0.33159  	0.49001  	0.12401  	-0.5896  	0.17261  	-0.0670  	-0.2213  	0.36615  	0.12053  	-0.3062  	-0.5503  	0.75871  	-0.1132  	0.26643  	-0.3391  	0.46390  	-0.1661  	-0.1370  	-0.6555  	0.23910  	-0.0381  	-0.1598  	-0.4031  	0.06541  	0.16251  	0.00440  	-0.2776  	0.20064  	0.23883  	-0.0348  	0.19942  	0.25523  	-0.0506  	-0.0749  	-0.0904  	0.27506  	-0.0674  	0.06340  	0.00106  	-0.0215  	-0.0778  	-0.0465  	0.03421  	0.00960  	0.06729  	-0.0238  	0.01794  	0.00493  	0.00130  	0.01545  	0.00070  	-0.0284  	0.03317  	0.00314  	-0.0287  	0.02682  	-0.0010  	-0.0054  	0.03037  	-0.0014  	-0.0069  	-0.0242  	0.03589  	-0.0073  	0.02253  	-0.2797  	
0.03916  	0.04073  	0.07626  	0.85294  	0.17906  	0.47051  	0.10633  	-0.4997  	0.17471  	-0.0152  	-0.1108  	0.31051  	0.08697  	-0.4745  	-0.6368  	0.81463  	-0.0306  	0.13879  	-0.2400  	0.25406  	-0.0311  	-0.3337  	-0.8077  	0.24895  	-0.1442  	-0.0799  	-0.3668  	-0.1453  	0.11231  	-0.0789  	-0.1732  	0.19981  	0.17910  	-0.1711  	0.13227  	0.21385  	-0.0506  	-0.0400  	-0.2127  	0.22750  	0.00613  	0.14790  	-0.0673  	0.04722  	-0.1286  	-0.0294  	0.01012  	0.02973  	0.04449  	-0.0433  	0.02501  	0.01657  	0.00209  	0.03668  	0.00970  	-0.0270  	0.02830  	-0.0070  	-0.0273  	0.04030  	0.00551  	-0.0084  	0.01787  	-0.0094  	-0.0069  	-0.0242  	0.03589  	-0.0073  	0.02253  	-0.2797  	
0.07032  	0.03194  	0.13759  	0.73159  	0.18259  	0.40535  	0.10053  	-0.4947  	0.15160  	0.01337  	0.03247  	0.34581  	0.06236  	-0.5928  	-0.8012  	0.83182  	0.03094  	0.06389  	-0.1726  	0.09796  	-0.0278  	-0.4946  	-0.9764  	0.25575  	-0.2033  	-0.0141  	-0.3877  	-0.2053  	0.13131  	-0.1071  	-0.0711  	0.16209  	0.09364  	-0.2790  	0.09784  	0.22344  	-0.0662  	-0.0568  	-0.3070  	0.17023  	0.06503  	0.22404  	-0.1347  	0.11106  	-0.1686  	-0.0098  	-0.0002  	0.03974  	0.03901  	-0.0410  	0.03694  	0.01829  	-0.0009  	0.04378  	0.02009  	-0.0322  	0.02978  	-0.0144  	-0.0336  	0.04299  	-0.0008  	-0.0094  	0.00880  	-0.0135  	-0.0069  	-0.0242  	0.03589  	-0.0073  	0.02253  	-0.2797  	
0.02112  	0.00973  	0.14132  	0.63221  	0.13099  	0.35411  	0.10223  	-0.5582  	0.15173  	0.05209  	0.14379  	0.36090  	0.02434  	-0.7329  	-0.9446  	0.81965  	0.02383  	0.06250  	-0.1526  	0.06881  	-0.0302  	-0.5348  	-1.0269  	0.28944  	-0.1986  	0.00643  	-0.3309  	-0.2294  	0.10443  	-0.1271  	-0.0347  	0.18306  	0.06057  	-0.3127  	0.06429  	0.28185  	-0.0538  	-0.0157  	-0.3314  	0.14359  	0.12139  	0.26318  	-0.1585  	0.11929  	-0.1741  	-0.0154  	-0.0054  	0.04024  	0.03623  	-0.0415  	0.03188  	0.02015  	0.00109  	0.05217  	0.02593  	-0.0351  	0.03499  	-0.0146  	-0.0231  	0.04521  	0.00525  	-0.0111  	0.01187  	-0.0079  	-0.0069  	-0.0242  	0.03589  	-0.0073  	0.02253  	-0.2797  	
-0.0210  	-0.0379  	0.08634  	0.55205  	0.11509  	0.32936  	0.12490  	-0.6159  	0.13642  	0.06175  	0.16219  	0.30281  	0.03451  	-0.7269  	-0.9732  	0.81825  	-0.0094  	0.10007  	-0.1707  	0.11253  	-0.0498  	-0.5455  	-1.0191  	0.25535  	-0.1959  	-0.0163  	-0.3550  	-0.1556  	0.08266  	-0.1302  	-0.0399  	0.20295  	0.09409  	-0.2878  	0.08295  	0.30904  	-0.0309  	-0.0194  	-0.3312  	0.15305  	0.11402  	0.24107  	-0.1460  	0.11001  	-0.1659  	-0.0138  	4.06939  	0.03831  	0.02980  	-0.0377  	0.03120  	0.02380  	0.00312  	0.05048  	0.02247  	-0.0322  	0.03295  	-0.0136  	-0.0269  	0.04392  	0.00455  	-0.0130  	0.01482  	-0.0070  	-0.0069  	-0.0242  	0.03589  	-0.0073  	0.02253  	-0.2797  	
-0.0717  	-0.0326  	0.05241  	0.53446  	0.05584  	0.36234  	0.11200  	-0.6506  	0.12858  	0.04418  	0.16660  	0.27128  	-0.0362  	-0.7260  	-1.0078  	0.86284  	-0.0571  	0.18309  	-0.2081  	0.27769  	-0.0317  	-0.4018  	-0.7992  	0.26014  	-0.1717  	-0.0755  	-0.3839  	-0.1044  	0.03101  	-0.1279  	-0.1302  	0.23273  	0.14044  	-0.1864  	0.12464  	0.31468  	0.02974  	-0.0086  	-0.2501  	0.20106  	0.08011  	0.14695  	-0.0703  	0.05266  	-0.1267  	-0.0309  	0.01563  	0.01453  	0.03360  	-0.0328  	0.03010  	0.01673  	0.00659  	0.03617  	0.01937  	-0.0340  	0.03661  	-0.0053  	-0.0274  	0.04043  	0.00425  	-0.0145  	0.02122  	-0.0018  	-0.0069  	-0.0242  	0.03589  	-0.0073  	0.02253  	-0.2797  	
-0.0868  	-0.0462  	0.01644  	0.53227  	0.05430  	0.37633  	0.14539  	-0.6728  	0.14521  	0.07265  	0.17079  	0.27769  	-0.0471  	-0.6450  	-1.0428  	0.89493  	-0.1455  	0.29489  	-0.2615  	0.48250  	-0.1086  	-0.1973  	-0.6181  	0.26706  	-0.0814  	-0.1647  	-0.3428  	-0.0317  	-0.0524  	-0.0927  	-0.2206  	0.27370  	0.21337  	-0.0529  	0.18271  	0.33737  	0.11951  	0.00030  	-0.1767  	0.24576  	0.00246  	0.03639  	0.02041  	-0.0142  	-0.0774  	-0.0439  	0.03427  	0.00225  	0.05015  	-0.0273  	0.02392  	0.01344  	0.00533  	0.02246  	0.01053  	-0.0340  	0.03979  	0.00680  	-0.0247  	0.03219  	-0.0033  	-0.0092  	0.03749  	-0.0061  	-0.0069  	-0.0242  	0.03589  	-0.0073  	0.02253  	-0.2797  	
-0.1106  	-0.0479  	-0.0148  	0.49357  	0.02572  	0.36283  	0.13502  	-0.6940  	0.14398  	0.03031  	0.12180  	0.25331  	-0.0277  	-0.6235  	-0.9852  	0.82635  	-0.1205  	0.30449  	-0.2629  	0.45336  	-0.0942  	-0.2136  	-0.5694  	0.24706  	-0.1046  	-0.1472  	-0.3770  	-0.0309  	-0.0301  	-0.0925  	-0.2049  	0.25069  	0.20527  	-0.0540  	0.16532  	0.34151  	0.10610  	-0.0048  	-0.1699  	0.23808  	0.02148  	0.03388  	0.01172  	-0.0128  	-0.0783  	-0.0444  	0.03712  	-0.0076  	0.04659  	-0.0235  	0.02296  	0.01676  	0.00914  	0.02410  	0.01048  	-0.0375  	0.03531  	0.00946  	-0.0262  	0.02582  	-0.0023  	-0.0103  	0.03938  	-0.0060  	-0.0069  	-0.0242  	0.03589  	-0.0073  	0.02253  	-0.2797  	
-0.1131  	-0.0140  	0.00454  	0.53312  	0.03461  	0.37231  	0.11705  	-0.6653  	0.13646  	-0.0247  	0.16253  	0.23605  	-0.0664  	-0.6207  	-0.9204  	0.77361  	-0.1000  	0.27074  	-0.2646  	0.42777  	-0.0247  	-0.2210  	-0.5269  	0.27500  	-0.1453  	-0.1417  	-0.3561  	-0.1302  	-0.1127  	-0.1064  	-0.2195  	0.26377  	0.21904  	-0.0575  	0.20674  	0.28726  	0.17629  	0.01384  	-0.2081  	0.21687  	-0.0011  	0.03715  	0.00793  	-0.0181  	-0.0760  	-0.0440  	0.03205  	-0.0113  	0.03982  	-0.0203  	0.01431  	0.01286  	0.00563  	0.02556  	0.00860  	-0.0369  	0.03868  	0.00737  	-0.0274  	0.02826  	-0.0023  	-0.0121  	0.03895  	-0.0041  	-0.0069  	-0.0242  	0.03589  	-0.0073  	0.02253  	-0.2797  	
-0.0652  	0.01487  	0.02046  	0.52943  	0.01545  	0.37136  	0.11710  	-0.6441  	0.16563  	-0.0430  	0.20290  	0.26904  	-0.0410  	-0.5408  	-0.8233  	0.75807  	-0.1011  	0.25615  	-0.2771  	0.41589  	0.02730  	-0.2025  	-0.5365  	0.30555  	-0.1526  	-0.1458  	-0.3628  	-0.1638  	-0.1597  	-0.1284  	-0.2025  	0.25680  	0.25111  	-0.0555  	0.24368  	0.23037  	0.20936  	0.01220  	-0.2129  	0.22302  	-0.0045  	0.04183  	-0.0022  	-0.0266  	-0.0834  	-0.0448  	0.03599  	-0.0095  	0.03874  	-0.0121  	0.00772  	0.01658  	0.00193  	0.03201  	0.00848  	-0.0327  	0.03365  	0.00484  	-0.0267  	0.03339  	0.00272  	-0.0016  	0.03323  	-0.0026  	-0.0069  	-0.0242  	0.03589  	-0.0073  	0.02253  	-0.2797  	
0.10819  	0.08772  	0.13517  	0.58710  	-0.0184  	0.46325  	0.10334  	-0.5059  	0.24458  	-0.0678  	0.24994  	0.32491  	0.01074  	-0.4171  	-0.7642  	0.87560  	-0.0705  	0.20458  	-0.2700  	0.34241  	0.18689  	-0.2046  	-0.4815  	0.33522  	-0.2486  	-0.1533  	-0.3017  	-0.3288  	-0.3088  	-0.1586  	-0.2004  	0.27200  	0.27802  	-0.0692  	0.30148  	0.12385  	0.28955  	0.05077  	-0.2587  	0.18011  	-0.0315  	0.02768  	0.00795  	-0.0286  	-0.0802  	-0.0428  	0.03651  	-0.0041  	0.04364  	-0.0080  	0.00064  	0.01567  	-0.0016  	0.02775  	0.00429  	-0.0235  	0.02352  	0.00384  	-0.0336  	0.03135  	0.00905  	0.00417  	0.02792  	-0.0070  	-0.0069  	-0.0242  	0.03589  	-0.0073  	0.02253  	-0.2797  	
0.14051  	0.10259  	0.17589  	0.56619  	-0.0409  	0.49520  	0.11017  	-0.4790  	0.25333  	-0.0732  	0.28047  	0.35355  	0.00505  	-0.3966  	-0.7778  	0.91293  	-0.0659  	0.19223  	-0.2659  	0.33241  	0.20731  	-0.1980  	-0.4475  	0.35938  	-0.2520  	-0.1515  	-0.2861  	-0.3573  	-0.3299  	-0.1538  	-0.1987  	0.27440  	0.28125  	-0.0641  	0.30380  	0.11705  	0.30645  	0.06296  	-0.2506  	0.16566  	-0.0365  	0.03089  	0.01721  	-0.0301  	-0.0832  	-0.0427  	0.03511  	0.00622  	0.04863  	-0.0085  	-0.0007  	0.01794  	0.00094  	0.03140  	0.00197  	-0.0213  	0.01912  	0.00538  	-0.0359  	0.03320  	0.00812  	0.00333  	0.03166  	-0.0058  	-0.0069  	-0.0242  	0.03589  	-0.0073  	0.02253  	-0.2797  	
0.13932  	0.09724  	0.17709  	0.56552  	-0.0303  	0.49116  	0.11117  	-0.4824  	0.25303  	-0.0565  	0.29278  	0.36116  	0.00425  	-0.3990  	-0.7991  	0.91521  	-0.0657  	0.19290  	-0.2722  	0.33400  	0.19078  	-0.2090  	-0.4516  	0.35313  	-0.2618  	-0.1502  	-0.2931  	-0.3452  	-0.3278  	-0.1541  	-0.1994  	0.27423  	0.28261  	-0.0645  	0.29929  	0.12135  	0.30283  	0.06377  	-0.2490  	0.16484  	-0.0345  	0.03053  	0.01804  	-0.0294  	-0.0833  	-0.0424  	0.03456  	0.00585  	0.04840  	-0.0091  	0.00028  	0.01875  	0.00170  	0.03200  	0.00279  	-0.0219  	0.01912  	0.00490  	-0.0349  	0.03383  	0.00814  	0.00330  	0.03167  	-0.0051  	-0.0069  	-0.0242  	0.03589  	-0.0073  	0.02253  	-0.2797  	
