0.13932  	0.09724  	0.17709  	0.56552  	-0.0303  	0.49116  	0.11117  	-0.4824  	0.25303  	-0.0565  	0.29278  	0.36116  	0.00425  	-0.3990  	-0.7991  	0.91521  	-0.0657  	0.19290  	-0.2722  	0.33400  	0.19078  	-0.2090  	-0.4516  	0.35313  	-0.2618  	-0.1502  	-0.2931  	-0.3452  	-0.3278  	-0.1541  	-0.1994  	0.27423  	0.28261  	-0.0645  	0.29929  	0.12135  	0.30283  	0.06377  	-0.2490  	0.16484  	-0.0345  	0.03053  	0.01804  	-0.0294  	-0.0833  	-0.0424  	0.03456  	0.00585  	0.04840  	-0.0091  	0.00028  	0.01875  	0.00170  	0.03200  	0.00279  	-0.0219  	0.01912  	0.00490  	-0.0349  	0.03383  	0.00814  	0.00330  	0.03167  	-0.0051  	-0.0069  	-0.0242  	0.03589  	-0.0073  	0.02253  	-0.2797  	
0.13932  	0.09724  	0.17709  	0.56552  	-0.0303  	0.49116  	0.11117  	-0.4824  	0.25303  	-0.0565  	0.29278  	0.36116  	0.00425  	-0.3990  	-0.7991  	0.91521  	-0.0657  	0.19290  	-0.2722  	0.33400  	0.19078  	-0.2090  	-0.4516  	0.35313  	-0.2618  	-0.1502  	-0.2931  	-0.3452  	-0.3278  	-0.1541  	-0.1994  	0.27423  	0.28261  	-0.0645  	0.29929  	0.12135  	0.30283  	0.06377  	-0.2490  	0.16484  	-0.0345  	0.03053  	0.01804  	-0.0294  	-0.0833  	-0.0424  	0.03456  	0.00585  	0.04840  	-0.0091  	0.00028  	0.01875  	0.00170  	0.03200  	0.00279  	-0.0219  	0.01912  	0.00490  	-0.0349  	0.03383  	0.00814  	0.00330  	0.03167  	-0.0051  	-0.0069  	-0.0242  	0.03589  	-0.0073  	0.02253  	-0.2797  	
0.13932  	0.09724  	0.17709  	0.56552  	-0.0303  	0.49116  	0.11117  	-0.4824  	0.25303  	-0.0565  	0.29278  	0.36116  	0.00425  	-0.3990  	-0.7991  	0.91521  	-0.0657  	0.19290  	-0.2722  	0.33400  	0.19078  	-0.2090  	-0.4516  	0.35313  	-0.2618  	-0.1502  	-0.2931  	-0.3452  	-0.3278  	-0.1541  	-0.1994  	0.27423  	0.28261  	-0.0645  	0.29929  	0.12135  	0.30283  	0.06377  	-0.2490  	0.16484  	-0.0345  	0.03053  	0.01804  	-0.0294  	-0.0833  	-0.0424  	0.03456  	0.00585  	0.04840  	-0.0091  	0.00028  	0.01875  	0.00170  	0.03200  	0.00279  	-0.0219  	0.01912  	0.00490  	-0.0349  	0.03383  	0.00814  	0.00330  	0.03167  	-0.0051  	-0.0069  	-0.0242  	0.03589  	-0.0073  	0.02253  	-0.2797  	
0.01482  	0.07317  	0.10771  	0.50797  	-0.0130  	0.41608  	0.11183  	-0.5595  	0.23070  	0.01574  	0.25183  	0.37615  	0.02990  	-0.4751  	-0.9744  	0.88753  	-0.0909  	0.26735  	-0.2837  	0.42884  	0.04473  	-0.2457  	-0.5434  	0.28175  	-0.2441  	-0.1255  	-0.4063  	-0.1548  	-0.1824  	-0.1672  	-0.1785  	0.24140  	0.30977  	-0.0601  	0.21076  	0.18512  	0.17396  	0.01627  	-0.1883  	0.20500  	0.02460  	0.02392  	0.03439  	-0.0357  	-0.0820  	-0.0441  	0.04036  	0.01183  	0.04750  	-0.0033  	0.00981  	0.01457  	-0.0002  	0.02327  	0.00695  	-0.0300  	0.02675  	0.00321  	-0.0294  	0.02883  	0.00758  	-0.0037  	0.03533  	-0.0007  	-0.0069  	-0.0242  	0.03589  	-0.0073  	0.02253  	-0.2797  	
-0.2331  	-0.0198  	-0.0127  	0.33613  	-0.0823  	0.27446  	0.11587  	-0.6852  	0.14456  	0.11553  	0.20787  	0.30904  	-0.0031  	-0.5903  	-1.0944  	0.77335  	-0.0742  	0.31929  	-0.2933  	0.45056  	-0.1633  	-0.2171  	-0.5380  	0.21690  	-0.2031  	-0.1014  	-0.4591  	-0.0069  	-0.0462  	-0.1580  	-0.1578  	0.21676  	0.27276  	-0.0707  	0.09794  	0.26482  	0.05927  	-0.0198  	-0.1590  	0.23235  	0.04347  	0.02169  	0.04321  	-0.0178  	-0.0798  	-0.0430  	0.04758  	0.01413  	0.03822  	-0.0205  	0.01720  	0.01240  	-0.0077  	0.02188  	0.00408  	-0.0397  	0.03387  	-0.0002  	-0.0337  	0.02706  	0.00726  	-0.0021  	0.03865  	0.00379  	-0.0069  	-0.0242  	0.03589  	-0.0073  	0.02253  	-0.2797  	
-0.3264  	-0.0581  	-0.0424  	0.28805  	-0.0728  	0.22472  	0.11970  	-0.7077  	0.15641  	0.09022  	0.18212  	0.28485  	-0.0190  	-0.6732  	-1.0985  	0.76653  	-0.0640  	0.3192  	-0.2960  	0.44809  	-0.1964  	-0.2051  	-0.5179  	0.22836  	-0.2100  	-0.0919  	-0.4951  	0.00530  	-0.0014  	-0.1532  	-0.1731  	0.22729  	0.25396  	-0.0576  	0.03873  	0.26638  	0.04505  	-0.0107  	-0.1503  	0.24484  	0.07793  	0.01818  	0.04274  	-0.0187  	-0.0813  	-0.0488  	0.04179  	0.00180  	0.04594  	-0.0223  	0.00366  	0.01201  	-0.0034  	0.02735  	0.00771  	-0.0408  	0.02703  	0.00348  	-0.0259  	0.03161  	0.00333  	0.00283  	0.02883  	0.00216  	-0.0069  	-0.0242  	0.03589  	-0.0073  	0.02253  	-0.2797  	
-0.3273  	-0.0845  	-0.1058  	0.27907  	-0.0917  	0.19965  	0.08829  	-0.7002  	0.13162  	0.04413  	0.20259  	0.28275  	-0.0208  	-0.7369  	-1.1656  	0.78166  	-0.0782  	0.36933  	-0.2766  	0.48987  	-0.1835  	-0.2717  	-0.5257  	0.16087  	-0.2328  	-0.0960  	-0.5173  	0.06116  	0.02847  	-0.1464  	-0.1691  	0.21161  	0.25192  	-0.0514  	0.06402  	0.28766  	0.03096  	-0.0254  	-0.1445  	0.24445  	0.09574  	0.00827  	0.03529  	-0.0012  	-0.0781  	-0.0455  	0.03892  	0.00589  	0.03285  	-0.0141  	0.01224  	0.01473  	0.00122  	0.02002  	0.00708  	-0.0339  	0.03401  	0.00717  	-0.0347  	0.02916  	0.00752  	0.00314  	0.02473  	-0.0055  	-0.0069  	-0.0242  	0.03589  	-0.0073  	0.02253  	-0.2797  	
-0.4076  	-0.1137  	-0.1210  	0.23315  	-0.0876  	0.16041  	0.12068  	-0.7279  	0.11518  	0.08845  	0.27846  	0.24441  	-0.0574  	-0.7560  	-1.2033  	0.73428  	-0.0890  	0.33820  	-0.2764  	0.51251  	-0.1784  	-0.2615  	-0.5512  	0.18923  	-0.1529  	-0.1154  	-0.4834  	0.02492  	-0.0042  	-0.1521  	-0.1818  	0.21871  	0.23724  	-0.0542  	0.07095  	0.30775  	0.06651  	-0.0168  	-0.1423  	0.21671  	0.06075  	0.02365  	0.01487  	-0.0196  	-0.0692  	-0.0448  	0.03808  	-0.0040  	0.03442  	-0.0155  	0.01293  	0.01628  	-0.0007  	0.02133  	0.00806  	-0.0416  	0.03416  	0.00557  	-0.0288  	0.03075  	0.00502  	-0.0016  	0.03246  	0.00167  	-0.0069  	-0.0242  	0.03589  	-0.0073  	0.02253  	-0.2797  	
-0.4496  	-0.1087  	-0.1481  	0.21497  	-0.0821  	0.16685  	0.11986  	-0.7415  	0.11146  	0.11005  	0.29383  	0.24797  	-0.0800  	-0.7625  	-1.2080  	0.73577  	-0.0961  	0.33784  	-0.2757  	0.48828  	-0.1775  	-0.2492  	-0.5425  	0.19189  	-0.1581  	-0.1102  	-0.4834  	0.00791  	0.00936  	-0.1506  	-0.1700  	0.21418  	0.22659  	-0.0511  	0.06167  	0.32177  	0.06406  	-0.0102  	-0.1431  	0.22433  	0.06297  	0.01890  	0.01303  	-0.0156  	-0.0693  	-0.0461  	0.03760  	-0.0108  	0.03106  	-0.0166  	0.00750  	0.01760  	0.00299  	0.02195  	0.00696  	-0.0403  	0.03126  	0.00561  	-0.0273  	0.02941  	0.00730  	-0.0025  	0.03464  	-0.0010  	-0.0069  	-0.0242  	0.03589  	-0.0073  	0.02253  	-0.2797  	
-0.4319  	-0.0871  	-0.1216  	0.20997  	-0.0870  	0.18263  	0.11039  	-0.7160  	0.13222  	0.09540  	0.27474  	0.24611  	-0.0757  	-0.7428  	-1.1657  	0.75456  	-0.0871  	0.31630  	-0.2620  	0.46002  	-0.1616  	-0.2504  	-0.5238  	0.21689  	-0.1754  	-0.1115  	-0.4714  	-0.0350  	-0.0098  	-0.1446  	-0.1733  	0.21600  	0.22945  	-0.0531  	0.06624  	0.29112  	0.07319  	-0.0131  	-0.1561  	0.23511  	0.06396  	0.02400  	0.03305  	-0.0129  	-0.0758  	-0.0453  	0.04130  	-0.0073  	0.03924  	-0.0139  	0.00418  	0.01529  	-0.0015  	0.02540  	0.00681  	-0.0378  	0.02849  	0.00422  	-0.0297  	0.02604  	0.00580  	-0.0027  	0.03233  	-0.0034  	-0.0069  	-0.0242  	0.03589  	-0.0073  	0.02253  	-0.2797  	
-0.2525  	-0.0493  	-0.0926  	0.39621  	0.01477  	0.26167  	0.09709  	-0.6608  	0.15661  	0.03721  	0.18354  	0.35514  	-0.0207  	-0.6518  	-0.9884  	0.78556  	-0.0713  	0.30210  	-0.2679  	0.47050  	-0.0904  	-0.2412  	-0.5355  	0.25732  	-0.2413  	-0.0993  	-0.4317  	-0.0595  	-0.0704  	-0.1582  	-0.1839  	0.21910  	0.26870  	-0.0565  	0.12851  	0.23177  	0.07403  	-0.0254  	-0.1622  	0.25450  	0.02847  	0.03484  	0.01892  	-0.0179  	-0.0754  	-0.0424  	0.04306  	0.00105  	0.03116  	-0.0070  	0.00663  	0.01561  	-0.0057  	0.02745  	0.00348  	-0.0356  	0.03292  	-0.0021  	-0.0289  	0.02788  	0.00426  	0.00021  	0.02407  	-0.0026  	-0.0069  	-0.0242  	0.03589  	-0.0073  	0.02253  	-0.2797  	
0.03267  	0.07194  	0.11572  	0.61132  	0.02842  	0.48381  	0.10670  	-0.5495  	0.18716  	0.00851  	0.06207  	0.33819  	0.05568  	-0.4346  	-0.7236  	0.82103  	-0.0751  	0.24959  	-0.2573  	0.38125  	0.06880  	-0.1980  	-0.5012  	0.28423  	-0.2110  	-0.1526  	-0.3477  	-0.2066  	-0.1624  	-0.1266  	-0.1926  	0.25180  	0.25738  	-0.0514  	0.24042  	0.18083  	0.17682  	-0.0030  	-0.1856  	0.22463  	-0.0226  	0.02866  	0.02536  	-0.0180  	-0.0818  	-0.0414  	0.03284  	0.00375  	0.04845  	-0.0117  	0.01676  	0.01319  	-0.0002  	0.02185  	0.00384  	-0.0178  	0.02754  	-0.0006  	-0.0289  	0.03163  	0.00944  	0.00050  	0.03182  	-0.0042  	-0.0069  	-0.0242  	0.03589  	-0.0073  	0.02253  	-0.2797  	
0.18504  	0.04951  	0.17418  	0.68830  	0.10286  	0.47814  	0.15923  	-0.5331  	0.22006  	-0.0085  	0.19174  	0.32826  	0.02677  	-0.4779  	-0.8460  	0.89304  	-0.0963  	0.21720  	-0.2669  	0.40132  	0.11108  	-0.1798  	-0.5644  	0.38334  	-0.1644  	-0.1690  	-0.3152  	-0.2418  	-0.2379  	-0.1285  	-0.2208  	0.26399  	0.25057  	-0.0610  	0.28138  	0.20282  	0.23336  	0.02145  	-0.2197  	0.22404  	-0.0359  	0.04388  	0.01911  	-0.0181  	-0.0824  	-0.0391  	0.02427  	0.01224  	0.05820  	-0.0164  	0.01414  	0.01391  	0.00223  	0.02439  	0.00325  	-0.0196  	0.03114  	0.00562  	-0.0339  	0.03164  	0.00190  	-0.0036  	0.03794  	-0.0100  	-0.0069  	-0.0242  	0.03589  	-0.0073  	0.02253  	-0.2797  	
0.08441  	-0.0237  	0.13889  	0.63310  	0.08792  	0.45883  	0.10543  	-0.6811  	0.13758  	0.06302  	0.22148  	0.29281  	-0.0446  	-0.6046  	-0.9254  	0.93051  	-0.1120  	0.20713  	-0.2559  	0.40202  	0.02524  	-0.1762  	-0.6299  	0.34809  	-0.1947  	-0.1684  	-0.2909  	-0.2636  	-0.2594  	-0.1028  	-0.2341  	0.30253  	0.22992  	-0.0803  	0.30287  	0.26146  	0.23354  	0.00915  	-0.2598  	0.23962  	-0.0428  	0.05539  	-0.0039  	-0.0201  	-0.0676  	-0.0479  	0.03201  	-0.0046  	0.06377  	-0.0169  	0.01542  	0.00741  	-0.0048  	0.02613  	-0.0015  	-0.0340  	0.03373  	-0.0011  	-0.0295  	0.03735  	-0.0040  	-0.0126  	0.03296  	-0.0092  	-0.0069  	-0.0242  	0.03589  	-0.0073  	0.02253  	-0.2797  	
0.23126  	0.06547  	0.15195  	0.72407  	0.11120  	0.44518  	0.15700  	-0.6002  	0.16879  	0.07267  	0.06151  	0.23964  	0.05499  	-0.4026  	-0.6875  	0.76985  	-0.0943  	0.23267  	-0.2738  	0.38376  	-0.0077  	-0.1779  	-0.5795  	0.32720  	-0.1138  	-0.1509  	-0.2827  	-0.2670  	-0.0992  	-0.0856  	-0.2279  	0.27035  	0.22967  	-0.0671  	0.27637  	0.24747  	0.13577  	-0.0227  	-0.1679  	0.28113  	-0.0611  	0.04852  	0.01393  	-0.0158  	-0.0827  	-0.0438  	0.02110  	0.02095  	0.05544  	-0.0119  	0.02978  	0.01033  	-0.0007  	0.01680  	0.00757  	-0.0273  	0.03401  	0.00353  	-0.0350  	0.03502  	-0.0013  	-0.0115  	0.02852  	-0.0100  	-0.0069  	-0.0242  	0.03589  	-0.0073  	0.02253  	-0.2797  	
0.22824  	0.06603  	0.16707  	0.65713  	0.14677  	0.47233  	0.18581  	-0.5965  	0.19299  	0.13106  	-0.1502  	0.14738  	0.17933  	-0.2458  	-0.6220  	0.68095  	-0.1127  	0.22514  	-0.2726  	0.32716  	-0.0824  	-0.0839  	-0.5527  	0.24110  	-0.0509  	-0.1734  	-0.2834  	-0.2423  	-0.0122  	-0.0355  	-0.1920  	0.22539  	0.23976  	-0.0361  	0.19501  	0.23703  	0.08269  	-0.0165  	-0.1466  	0.28599  	-0.0414  	0.05408  	0.03732  	-0.0083  	-0.0852  	-0.0453  	0.02240  	0.03862  	0.07242  	-0.0175  	0.01333  	0.01469  	-0.0011  	0.02367  	0.00688  	-0.0248  	0.02678  	0.00721  	-0.0364  	0.03453  	0.00191  	-0.0011  	0.03096  	-0.0112  	-0.0069  	-0.0242  	0.03589  	-0.0073  	0.02253  	-0.2797  	
-0.1131  	-0.0128  	-0.0867  	0.72087  	0.15773  	0.29093  	0.14062  	-0.5938  	0.14272  	0.04466  	0.13423  	0.26196  	0.09276  	-0.2831  	-0.6814  	0.71476  	-0.1154  	0.23306  	-0.3109  	0.39388  	-0.0120  	-0.1820  	-0.6407  	0.39678  	-0.1290  	-0.1396  	-0.3222  	-0.2492  	-0.1348  	-0.0886  	-0.2040  	0.23489  	0.28388  	-0.0675  	0.31692  	0.20145  	0.10711  	-0.0544  	-0.1803  	0.30387  	-0.0736  	0.08972  	-0.0263  	-0.0683  	-0.0823  	-0.0314  	0.03934  	-0.0037  	0.03740  	-0.0128  	0.01004  	0.01457  	-0.0104  	0.01838  	-0.0095  	-0.0231  	0.01299  	-0.0067  	-0.0231  	0.03212  	0.00856  	0.00130  	0.01101  	-0.0169  	-0.0069  	-0.0242  	0.03589  	-0.0073  	0.02253  	-0.2797  	
-0.3933  	-0.0872  	-0.1465  	0.32683  	0.03923  	0.15834  	0.12428  	-0.7090  	0.13036  	0.10965  	0.31616  	0.34444  	-0.0518  	-0.6543  	-1.0772  	0.70793  	-0.1211  	0.31482  	-0.2878  	0.49509  	-0.1124  	-0.2514  	-0.5960  	0.26100  	-0.2316  	-0.1177  	-0.4388  	-0.0412  	-0.0744  	-0.1529  	-0.1888  	0.22398  	0.27111  	-0.0429  	0.16452  	0.27464  	0.05997  	-0.0190  	-0.1730  	0.24869  	-0.0015  	0.04214  	-0.0077  	-0.0364  	-0.0720  	-0.0419  	0.04385  	-0.0172  	0.04013  	-0.0142  	0.00834  	0.01607  	-0.0041  	0.02826  	0.00684  	-0.0384  	0.03092  	0.00429  	-0.0268  	0.03136  	0.00390  	-0.0079  	0.03128  	-0.0085  	-0.0069  	-0.0242  	0.03589  	-0.0073  	0.02253  	-0.2797  	
-0.4320  	-0.1030  	-0.1374  	0.20216  	-0.0857  	0.20600  	0.12562  	-0.7268  	0.12084  	0.12430  	0.30436  	0.25036  	-0.0702  	-0.7677  	-1.1812  	0.71415  	-0.0843  	0.35697  	-0.2698  	0.49750  	-0.1753  	-0.2535  	-0.5457  	0.19954  	-0.1767  	-0.1213  	-0.5040  	0.01398  	-0.0024  	-0.1496  	-0.1798  	0.21381  	0.23425  	-0.0501  	0.06534  	0.30453  	0.05971  	-0.0203  	-0.1398  	0.23072  	0.05417  	0.02080  	0.01869  	-0.0260  	-0.0646  	-0.0458  	0.03865  	-0.0092  	0.03696  	-0.0108  	0.00679  	0.01639  	-0.0027  	0.02605  	0.00668  	-0.0400  	0.03409  	0.00660  	-0.0269  	0.02935  	0.00316  	-0.0075  	0.03423  	-0.0071  	-0.0069  	-0.0242  	0.03589  	-0.0073  	0.02253  	-0.2797  	
-0.3516  	-0.0934  	-0.1188  	0.31575  	-0.0631  	0.21914  	0.10994  	-0.7343  	0.13919  	0.09777  	0.24735  	0.28228  	-0.0836  	-0.7886  	-1.1630  	0.79328  	-0.0864  	0.34742  	-0.2617  	0.46831  	-0.1639  	-0.2479  	-0.5361  	0.18886  	-0.1743  	-0.1137  	-0.4730  	-0.0001  	-0.0111  	-0.1365  	-0.1869  	0.21949  	0.22385  	-0.0522  	0.04523  	0.29975  	0.04822  	-0.0186  	-0.1400  	0.24199  	0.05414  	0.03097  	0.02275  	-0.0186  	-0.0740  	-0.0472  	0.03903  	0.00025  	0.04370  	-0.0162  	0.01046  	0.01489  	0.00045  	0.02841  	0.00729  	-0.0383  	0.03290  	0.00445  	-0.0258  	0.02930  	0.00470  	-0.0058  	0.03280  	0.00112  	-0.0069  	-0.0242  	0.03589  	-0.0073  	0.02253  	-0.2797  	
-0.4055  	-0.1052  	-0.1564  	0.26376  	-0.0661  	0.17484  	0.10011  	-0.7495  	0.13357  	0.10847  	0.25154  	0.27677  	-0.0808  	-0.8164  	-1.1720  	0.78349  	-0.0833  	0.33905  	-0.2616  	0.44615  	-0.1837  	-0.2496  	-0.5320  	0.17834  	-0.1880  	-0.1070  	-0.4851  	-0.0020  	0.00143  	-0.1367  	-0.1749  	0.21420  	0.22688  	-0.0487  	0.03841  	0.30138  	0.04162  	-0.0159  	-0.1410  	0.23619  	0.07315  	0.02297  	0.03521  	-0.0161  	-0.0754  	-0.0449  	0.03890  	-0.0027  	0.03526  	-0.0164  	0.00453  	0.01699  	0.00118  	0.02644  	0.00483  	-0.0408  	0.02912  	0.00562  	-0.0291  	0.02769  	0.00758  	-0.0063  	0.03457  	0.00051  	-0.0069  	-0.0242  	0.03589  	-0.0073  	0.02253  	-0.2797  	
-0.3819  	-0.0929  	-0.1368  	0.32168  	-0.0456  	0.21441  	0.09566  	-0.7197  	0.12709  	0.07900  	0.20338  	0.29831  	-0.0548  	-0.7549  	-1.0841  	0.78853  	-0.0717  	0.32284  	-0.2612  	0.44087  	-0.1868  	-0.2297  	-0.5228  	0.19037  	-0.1902  	-0.1089  	-0.4711  	-0.0086  	0.00598  	-0.1281  	-0.1721  	0.22124  	0.23037  	-0.0537  	0.05348  	0.28790  	0.03646  	-0.0177  	-0.1460  	0.24636  	0.06728  	0.02501  	0.03158  	-0.0135  	-0.0781  	-0.0488  	0.04302  	0.00289  	0.04063  	-0.0179  	0.00823  	0.01772  	-0.0011  	0.02609  	0.00685  	-0.0404  	0.03167  	0.00221  	-0.0299  	0.02676  	0.00682  	-0.0035  	0.03151  	-0.0027  	-0.0069  	-0.0242  	0.03589  	-0.0073  	0.02253  	-0.2797  	
-0.2336  	-0.0537  	-0.0720  	0.39728  	-0.0349  	0.29598  	0.12429  	-0.7032  	0.15433  	0.03660  	0.12802  	0.31819  	-0.0088  	-0.6704  	-1.0203  	0.76089  	-0.0631  	0.31932  	-0.2990  	0.46961  	-0.1904  	-0.2020  	-0.5532  	0.19188  	-0.2096  	-0.0921  	-0.4903  	0.01348  	-0.0016  	-0.1492  	-0.1688  	0.20519  	0.25811  	-0.0477  	0.06251  	0.27477  	0.02970  	-0.0183  	-0.1399  	0.25438  	0.05765  	0.02045  	0.04275  	-0.0223  	-0.0860  	-0.0471  	0.03836  	0.00966  	0.04388  	-0.0137  	0.01238  	0.01489  	-0.0017  	0.01995  	0.00577  	-0.0393  	0.03311  	0.00577  	-0.0315  	0.02636  	0.00189  	-0.0024  	0.03740  	-0.0020  	-0.0069  	-0.0242  	0.03589  	-0.0073  	0.02253  	-0.2797  	
-0.1929  	-0.0119  	-0.0572  	0.45952  	0.03660  	0.28766  	0.12353  	-0.7008  	0.15842  	0.07561  	0.14920  	0.32694  	-0.0161  	-0.6287  	-1.0230  	0.81571  	-0.0982  	0.35211  	-0.2778  	0.49589  	-0.1966  	-0.2220  	-0.5911  	0.19132  	-0.1962  	-0.1235  	-0.5259  	0.03835  	0.04302  	-0.1470  	-0.1891  	0.21694  	0.25821  	-0.0412  	0.08411  	0.28665  	-0.0013  	-0.0243  	-0.1372  	0.26946  	0.06718  	0.01145  	0.03550  	-0.0185  	-0.0879  	-0.0436  	0.03821  	0.00969  	0.04162  	-0.0133  	0.01301  	0.01264  	-0.0024  	0.02470  	0.00873  	-0.0393  	0.03029  	0.00172  	-0.0271  	0.02931  	0.00202  	-0.0051  	0.03129  	-0.0027  	-0.0069  	-0.0242  	0.03589  	-0.0073  	0.02253  	-0.2797  	
-0.1966  	-0.0351  	-0.0240  	0.43135  	0.00443  	0.29936  	0.11786  	-0.7003  	0.15905  	0.06463  	0.22019  	0.29424  	-0.0426  	-0.6754  	-1.0627  	0.85221  	-0.0946  	0.34127  	-0.2827  	0.51086  	-0.1627  	-0.2514  	-0.6136  	0.21997  	-0.1720  	-0.1261  	-0.4738  	0.01609  	-0.0244  	-0.1359  	-0.1869  	0.23694  	0.24422  	-0.0530  	0.11417  	0.29555  	0.06395  	-0.0184  	-0.1660  	0.24419  	0.03698  	0.01928  	0.02411  	-0.0208  	-0.0763  	-0.0425  	0.04365  	0.00385  	0.04586  	-0.0193  	0.01830  	0.01346  	0.00362  	0.02393  	0.00721  	-0.0363  	0.03286  	0.00406  	-0.0242  	0.03018  	0.00073  	-0.0104  	0.04045  	-0.0016  	-0.0069  	-0.0242  	0.03589  	-0.0073  	0.02253  	-0.2797  	
-0.2923  	-0.0890  	-0.0739  	0.40271  	-0.0225  	0.21791  	0.12277  	-0.7389  	0.13813  	0.07643  	0.19031  	0.28989  	-0.0461  	-0.7230  	-1.1030  	0.81224  	-0.0946  	0.35272  	-0.2740  	0.50608  	-0.2105  	-0.2420  	-0.6003  	0.22723  	-0.1388  	-0.1299  	-0.4626  	0.03692  	0.00639  	-0.1286  	-0.1997  	0.23813  	0.22543  	-0.0509  	0.08201  	0.31477  	0.03699  	-0.0282  	-0.1513  	0.26186  	0.04475  	0.02031  	0.02286  	-0.0141  	-0.0720  	-0.0484  	0.03870  	-0.0018  	0.04952  	-0.0157  	0.01724  	0.01644  	0.00035  	0.02297  	0.00698  	-0.0376  	0.03097  	0.00612  	-0.0262  	0.03002  	0.00636  	-0.0075  	0.03501  	-0.0069  	-0.0069  	-0.0242  	0.03589  	-0.0073  	0.02253  	-0.2797  	
-0.3255  	-0.0780  	-0.1138  	0.44433  	0.04204  	0.17915  	0.10447  	-0.6887  	0.11029  	0.05443  	0.19799  	0.31550  	-0.0174  	-0.7050  	-1.0088  	0.70889  	-0.0275  	0.20674  	-0.2426  	0.26314  	-0.1393  	-0.4129  	-0.8037  	0.22024  	-0.2081  	-0.0417  	-0.4563  	-0.0356  	0.10234  	-0.1351  	-0.1028  	0.17968  	0.15129  	-0.1753  	0.04583  	0.29217  	-0.0494  	-0.0377  	-0.2305  	0.18289  	0.09505  	0.14027  	-0.0809  	0.03704  	-0.1189  	-0.0321  	0.02253  	0.01381  	0.02969  	-0.0286  	0.01878  	0.01846  	0.00147  	0.03645  	0.01418  	-0.0417  	0.03640  	-0.0028  	-0.0259  	0.03254  	0.00618  	-0.0120  	0.01958  	-0.0034  	-0.0069  	-0.0242  	0.03589  	-0.0073  	0.02253  	-0.2797  	
-0.3746  	-0.0570  	-0.1346  	0.44154  	0.08506  	0.12366  	0.05709  	-0.6197  	0.10037  	0.05318  	0.27074  	0.34892  	0.01727  	-0.7028  	-0.9406  	0.64684  	0.03459  	0.07175  	-0.1819  	0.09409  	-0.0122  	-0.5814  	-0.9671  	0.23395  	-0.2606  	0.02657  	-0.4378  	-0.1515  	0.09603  	-0.1469  	-0.0258  	0.14041  	0.10268  	-0.2869  	0.04644  	0.23296  	-0.0654  	-0.0359  	-0.3405  	0.12109  	0.10737  	0.22712  	-0.1802  	0.08868  	-0.1462  	-0.0158  	0.00487  	0.00738  	0.01360  	-0.0286  	0.02341  	0.01963  	-0.0028  	0.04707  	0.01447  	-0.0379  	0.03269  	-0.0112  	-0.0264  	0.04369  	0.01273  	-0.0077  	0.01459  	-0.0020  	-0.0069  	-0.0242  	0.03589  	-0.0073  	0.02253  	-0.2797  	
-0.3603  	-0.0531  	-0.0679  	0.39468  	-0.0005  	0.19193  	0.04240  	-0.5838  	0.10803  	0.01620  	0.27152  	0.31843  	0.05158  	-0.7333  	-0.9290  	0.64647  	0.06126  	0.03351  	-0.1709  	0.03016  	-0.0006  	-0.6029  	-0.9364  	0.25044  	-0.3085  	0.05142  	-0.4556  	-0.2049  	0.11546  	-0.1638  	0.00770  	0.12705  	0.09619  	-0.3210  	0.01838  	0.21304  	-0.0724  	-0.0241  	-0.3515  	0.10494  	0.15170  	0.24109  	-0.1722  	0.10488  	-0.1647  	-0.0153  	0.00566  	0.01568  	0.01636  	-0.0302  	0.01648  	0.02198  	-0.0020  	0.04799  	0.01630  	-0.0377  	0.02574  	-0.0170  	-0.0280  	0.04239  	0.01630  	-0.0092  	0.00793  	-0.0031  	-0.0069  	-0.0242  	0.03589  	-0.0073  	0.02253  	-0.2797  	
-0.1775  	-0.0080  	0.03761  	0.52301  	0.01952  	0.28931  	0.05793  	-0.5790  	0.13846  	-0.0233  	0.17111  	0.36200  	0.06522  	-0.6605  	-0.8109  	0.65454  	0.06220  	0.04171  	-0.1854  	0.07164  	0.03771  	-0.5448  	-0.8862  	0.26172  	-0.3290  	0.03583  	-0.4625  	-0.2006  	0.05470  	-0.1715  	-0.0130  	0.14941  	0.12810  	-0.2857  	0.04920  	0.17568  	-0.0432  	-0.0227  	-0.3367  	0.13151  	0.13903  	0.21841  	-0.1454  	0.09052  	-0.1666  	-0.0178  	0.00296  	0.02434  	0.01719  	-0.0312  	0.02117  	0.02325  	-0.0027  	0.04450  	0.01244  	-0.0378  	0.02719  	-0.0151  	-0.0267  	0.04071  	0.01136  	-0.0038  	0.00737  	0.00048  	-0.0069  	-0.0242  	0.03589  	-0.0073  	0.02253  	-0.2797  	
0.09743  	0.07619  	0.15790  	0.62262  	0.02750  	0.42475  	0.10838  	-0.4972  	0.18491  	-0.0170  	0.12894  	0.31481  	0.09049  	-0.4368  	-0.7702  	0.78926  	-0.0274  	0.11683  	-0.2435  	0.20340  	0.08058  	-0.3788  	-0.7690  	0.24870  	-0.2241  	-0.0572  	-0.3658  	-0.2854  	-0.0571  	-0.1502  	-0.1032  	0.21231  	0.20250  	-0.1936  	0.16448  	0.19880  	0.07104  	0.01166  	-0.2541  	0.16799  	0.06176  	0.14317  	-0.0624  	0.04341  	-0.1374  	-0.0300  	0.01569  	0.03208  	0.03821  	-0.0183  	0.01486  	0.01924  	0.00291  	0.04488  	0.01380  	-0.0255  	0.02277  	-0.0075  	-0.0317  	0.03877  	0.01232  	0.00451  	0.02397  	-0.0055  	-0.0069  	-0.0242  	0.03589  	-0.0073  	0.02253  	-0.2797  	
0.30608  	0.11843  	0.26440  	0.56774  	0.01121  	0.52521  	0.20974  	-0.5112  	0.23199  	0.04803  	0.02006  	0.16733  	0.09986  	-0.3182  	-0.7616  	0.76096  	-0.0883  	0.24700  	-0.2529  	0.31139  	0.01633  	-0.0904  	-0.4776  	0.30540  	-0.0136  	-0.1868  	-0.3293  	-0.2528  	-0.0621  	-0.0759  	-0.1875  	0.22000  	0.23904  	-0.0793  	0.16200  	0.20123  	0.14719  	-0.0110  	-0.1502  	0.26027  	-0.0146  	0.04297  	0.05708  	-0.0083  	-0.0986  	-0.0428  	0.00943  	0.04357  	0.07971  	-0.0233  	0.02154  	0.01685  	0.00365  	0.02405  	0.00159  	-0.0078  	0.01975  	-0.0005  	-0.0324  	0.04206  	-0.0023  	0.00990  	0.02477  	-0.0153  	-0.0069  	-0.0242  	0.03589  	-0.0073  	0.02253  	-0.2797  	
-0.1192  	0.05106  	-0.0023  	0.60307  	0.08936  	0.31487  	0.16822  	-0.6065  	0.14163  	0.07967  	0.01092  	0.20630  	0.09473  	-0.2612  	-0.6866  	0.68308  	-0.0962  	0.21271  	-0.3330  	0.40353  	0.01198  	-0.1495  	-0.5706  	0.41650  	-0.0653  	-0.1664  	-0.1778  	-0.2393  	-0.1476  	-0.0503  	-0.1997  	0.22075  	0.23834  	-0.0732  	0.28933  	0.21327  	0.13684  	-0.0515  	-0.1986  	0.30124  	-0.0826  	0.07877  	-0.0412  	-0.0348  	-0.0713  	-0.0425  	0.02515  	-0.0105  	0.04039  	-0.0121  	0.01771  	0.00982  	-0.0060  	0.02456  	-0.0100  	-0.0228  	0.02210  	-0.0026  	-0.0283  	0.03118  	0.00249  	0.00748  	0.01829  	-0.0151  	-0.0069  	-0.0242  	0.03589  	-0.0073  	0.02253  	-0.2797  	
-0.3083  	-0.0521  	-0.1157  	0.53930  	0.07449  	0.26241  	0.10686  	-0.6701  	0.15775  	0.00525  	0.28120  	0.35228  	-0.0096  	-0.5369  	-0.8838  	0.76782  	-0.1405  	0.30296  	-0.2904  	0.49427  	0.00259  	-0.2290  	-0.5929  	0.29956  	-0.2855  	-0.1273  	-0.4633  	-0.0590  	-0.1439  	-0.1540  	-0.1946  	0.21612  	0.28920  	-0.0374  	0.22552  	0.19899  	0.10867  	-0.0281  	-0.1932  	0.22266  	-0.0024  	0.05301  	-0.0129  	-0.0386  	-0.0775  	-0.0364  	0.04927  	-0.0155  	0.03329  	0.00049  	0.01134  	0.00835  	-0.0046  	0.02695  	0.00104  	-0.0301  	0.02998  	0.00394  	-0.0312  	0.02376  	0.00787  	-0.0035  	0.01448  	-0.0210  	-0.0069  	-0.0242  	0.03589  	-0.0073  	0.02253  	-0.2797  	
-0.2380  	-0.0527  	-0.0841  	0.47104  	0.05444  	0.31601  	0.11912  	-0.6980  	0.14504  	0.03438  	0.13483  	0.33429  	-0.0365  	-0.6409  	-1.0188  	0.76459  	-0.1083  	0.36645  	-0.2868  	0.49664  	-0.1597  	-0.2347  	-0.5879  	0.22542  	-0.1980  	-0.1252  	-0.4829  	0.03374  	0.00850  	-0.1120  	-0.1741  	0.20619  	0.24866  	-0.0402  	0.09809  	0.26903  	0.03438  	-0.0312  	-0.1341  	0.26341  	0.03104  	0.02268  	0.01595  	-0.0218  	-0.0703  	-0.0449  	0.03896  	-0.0143  	0.03921  	-0.0150  	0.02079  	0.01580  	-0.0023  	0.02255  	0.00522  	-0.0326  	0.03795  	0.00872  	-0.0279  	0.03310  	0.00157  	-0.0050  	0.03166  	-0.0049  	-0.0069  	-0.0242  	0.03589  	-0.0073  	0.02253  	-0.2797  	
-0.2418  	-0.0692  	-0.1018  	0.41454  	-0.0204  	0.34447  	0.08209  	-0.7005  	0.13853  	-0.0002  	0.09942  	0.29083  	-0.0323  	-0.7222  	-0.9830  	0.74239  	-0.0436  	0.34576  	-0.2815  	0.46409  	-0.1489  	-0.2384  	-0.5335  	0.22025  	-0.1541  	-0.1301  	-0.4386  	-0.0083  	-0.0244  	-0.1182  	-0.1889  	0.21915  	0.23457  	-0.0519  	0.08357  	0.25876  	0.06234  	-0.0079  	-0.1453  	0.26181  	0.04070  	0.03021  	0.02882  	-0.0105  	-0.0733  	-0.0463  	0.04108  	-0.0119  	0.04071  	-0.0093  	0.01166  	0.01630  	-0.0021  	0.02665  	0.00769  	-0.0344  	0.03484  	0.00554  	-0.0291  	0.03128  	0.00225  	-0.0034  	0.03526  	-0.0003  	-0.0069  	-0.0242  	0.03589  	-0.0073  	0.02253  	-0.2797  	
-0.1833  	-0.0584  	-0.0453  	0.44206  	0.01181  	0.36738  	0.09230  	-0.6884  	0.12911  	-0.0042  	0.14895  	0.31117  	-0.0638  	-0.6851  	-0.9750  	0.82702  	-0.0832  	0.31209  	-0.2856  	0.47413  	-0.1239  	-0.2400  	-0.5572  	0.24325  	-0.1429  	-0.1307  	-0.3873  	-0.0619  	-0.0514  	-0.1328  	-0.2083  	0.23838  	0.24365  	-0.0526  	0.15299  	0.29678  	0.08891  	0.00463  	-0.1709  	0.24490  	0.01005  	0.03827  	0.02336  	-0.0153  	-0.0824  	-0.0414  	0.04433  	0.00411  	0.03709  	-0.0144  	0.01413  	0.01671  	0.00231  	0.02518  	0.00716  	-0.0343  	0.03629  	0.00727  	-0.0325  	0.02740  	0.00115  	-0.0129  	0.03550  	-0.0014  	-0.0069  	-0.0242  	0.03589  	-0.0073  	0.02253  	-0.2797  	
-0.0891  	-0.0423  	0.01438  	0.46650  	0.03504  	0.32808  	0.15566  	-0.7138  	0.16000  	0.08648  	0.18922  	0.28920  	-0.0402  	-0.7157  	-1.0459  	0.88514  	-0.1200  	0.33353  	-0.2768  	0.49793  	-0.1916  	-0.2553  	-0.6058  	0.21115  	-0.1584  	-0.1437  	-0.4528  	0.04299  	-0.0210  	-0.1235  	-0.2084  	0.24389  	0.22583  	-0.0431  	0.14899  	0.32176  	0.06405  	-0.0088  	-0.1510  	0.25351  	0.03245  	0.02715  	0.01822  	-0.0134  	-0.0805  	-0.0454  	0.03652  	0.00205  	0.04543  	-0.0130  	0.02079  	0.01918  	0.00100  	0.02338  	0.01021  	-0.0342  	0.03591  	0.00487  	-0.0311  	0.02731  	0.00034  	-0.0129  	0.03202  	-0.0034  	-0.0069  	-0.0242  	0.03589  	-0.0073  	0.02253  	-0.2797  	
-0.0773  	-0.0394  	0.06807  	0.40140  	-0.0225  	0.31135  	0.16295  	-0.7228  	0.16001  	0.08814  	0.20183  	0.27036  	-0.0307  	-0.7052  	-1.1213  	0.91684  	-0.1307  	0.37117  	-0.2952  	0.53350  	-0.2102  	-0.2640  	-0.6372  	0.16114  	-0.1893  	-0.1432  	-0.4921  	0.04725  	-0.0086  	-0.1341  	-0.1934  	0.23275  	0.24447  	-0.0356  	0.13080  	0.34285  	0.04464  	-0.0173  	-0.1424  	0.27088  	0.03446  	0.02295  	0.01915  	-0.0255  	-0.0858  	-0.0455  	0.03682  	0.00659  	0.05030  	-0.0112  	0.02588  	0.01552  	0.00255  	0.02387  	0.00946  	-0.0323  	0.03417  	0.00662  	-0.0343  	0.02796  	0.00031  	-0.0014  	0.03569  	-0.0046  	-0.0069  	-0.0242  	0.03589  	-0.0073  	0.02253  	-0.2797  	
-0.1038  	-0.0383  	0.04774  	0.33917  	-0.0533  	0.29759  	0.15454  	-0.7185  	0.13641  	0.10296  	0.19446  	0.20670  	-0.0379  	-0.7174  	-1.1593  	0.87622  	-0.1279  	0.35474  	-0.2964  	0.49056  	-0.2117  	-0.2679  	-0.6108  	0.18408  	-0.1589  	-0.1279  	-0.4843  	0.04358  	-0.0008  	-0.1241  	-0.1964  	0.23626  	0.24582  	-0.0450  	0.12034  	0.34749  	0.04808  	-0.0237  	-0.1520  	0.26253  	0.03254  	0.02572  	0.01931  	-0.0200  	-0.0808  	-0.0487  	0.03493  	0.00103  	0.04945  	-0.0162  	0.02229  	0.01252  	0.00149  	0.02222  	0.00965  	-0.0396  	0.03596  	0.00519  	-0.0299  	0.02561  	-0.0004  	-0.0088  	0.03874  	-0.0016  	-0.0069  	-0.0242  	0.03589  	-0.0073  	0.02253  	-0.2797  	
-0.3638  	-0.1036  	-0.0814  	0.39770  	-0.0166  	0.18698  	0.11346  	-0.7340  	0.13665  	0.12034  	0.24541  	0.25908  	-0.0190  	-0.6669  	-1.0986  	0.80542  	-0.1044  	0.30850  	-0.2855  	0.49621  	-0.1554  	-0.2582  	-0.6175  	0.24653  	-0.1291  	-0.1351  	-0.4473  	-0.0096  	-0.0280  	-0.1229  	-0.1973  	0.24635  	0.23717  	-0.0433  	0.14139  	0.33415  	0.06670  	-0.0195  	-0.1726  	0.25266  	0.02431  	0.03574  	0.00901  	-0.0288  	-0.0666  	-0.0511  	0.03455  	-0.0133  	0.04097  	-0.0178  	0.01533  	0.01419  	-0.0006  	0.02524  	0.00743  	-0.0378  	0.03465  	0.00682  	-0.0276  	0.02832  	0.00766  	-0.0064  	0.03979  	0.00173  	-0.0069  	-0.0242  	0.03589  	-0.0073  	0.02253  	-0.2797  	
-0.4155  	-0.1251  	-0.1733  	0.45694  	0.05585  	0.17889  	0.09156  	-0.6864  	0.13355  	0.06508  	0.28437  	0.34400  	-0.0381  	-0.5835  	-1.0329  	0.70651  	-0.1060  	0.28975  	-0.2939  	0.50471  	-0.1150  	-0.2569  	-0.6001  	0.26679  	-0.1739  	-0.1215  	-0.4522  	-0.0244  	-0.0304  	-0.1391  	-0.2095  	0.21321  	0.24745  	-0.0492  	0.17147  	0.29269  	0.05647  	-0.0317  	-0.1511  	0.22805  	-0.0155  	0.04106  	-0.0079  	-0.0423  	-0.0652  	-0.0429  	0.03869  	-0.0102  	0.03799  	-0.0184  	0.01351  	0.01420  	-0.0029  	0.02349  	0.00489  	-0.0353  	0.03727  	0.00675  	-0.0244  	0.02852  	0.00486  	-0.0091  	0.03146  	-0.0012  	-0.0069  	-0.0242  	0.03589  	-0.0073  	0.02253  	-0.2797  	
-0.3558  	-0.0708  	-0.1563  	0.51998  	0.09254  	0.19341  	0.08019  	-0.6784  	0.14861  	0.03316  	0.24619  	0.42563  	-0.0087  	-0.5579  	-0.9401  	0.71274  	-0.1039  	0.31416  	-0.2864  	0.48585  	-0.0782  	-0.2654  	-0.6154  	0.22896  	-0.2257  	-0.1320  	-0.4848  	0.00606  	-0.0264  	-0.1270  	-0.1863  	0.21033  	0.26063  	-0.0489  	0.16613  	0.25835  	0.04277  	-0.0390  	-0.1537  	0.23083  	-0.0053  	0.03238  	-0.0037  	-0.0425  	-0.0637  	-0.0425  	0.03546  	-0.0083  	0.03923  	-0.0123  	0.01724  	0.01143  	-0.0027  	0.01522  	0.00392  	-0.0348  	0.03725  	0.00946  	-0.0262  	0.02544  	0.00457  	0.00152  	0.03147  	-0.0006  	-0.0069  	-0.0242  	0.03589  	-0.0073  	0.02253  	-0.2797  	
-0.2114  	-0.0246  	-0.0545  	0.47075  	0.03228  	0.29030  	0.09806  	-0.637  	0.17870  	0.01146  	0.16273  	0.38645  	0.00928  	-0.5496  	-0.9079  	0.74559  	-0.1009  	0.30869  	-0.2796  	0.48544  	-0.0811  	-0.2272  	-0.5615  	0.24118  	-0.2317  	-0.1209  	-0.4801  	-0.0268  	-0.0589  	-0.1426  	-0.1882  	0.20778  	0.27339  	-0.0481  	0.14014  	0.22373  	0.05940  	-0.0239  	-0.1425  	0.24128  	0.01351  	0.03394  	0.01864  	-0.0287  	-0.0748  	-0.0416  	0.03911  	0.00222  	0.04657  	-0.0122  	0.00974  	0.01518  	-0.0043  	0.02168  	0.00192  	-0.0333  	0.03196  	2.77618  	-0.0251  	0.02624  	0.00364  	-0.0068  	0.02904  	-0.0013  	-0.0069  	-0.0242  	0.03589  	-0.0073  	0.02253  	-0.2797  	
-0.0452  	0.02344  	0.05857  	0.56738  	0.01801  	0.38428  	0.10589  	-0.6019  	0.17643  	0.01541  	0.09766  	0.34562  	0.01381  	-0.5208  	-0.8332  	0.78396  	-0.0739  	0.28840  	-0.2791  	0.43756  	-0.0215  	-0.2257  	-0.5289  	0.21332  	-0.2350  	-0.1328  	-0.4525  	-0.1023  	-0.0999  	-0.1373  	-0.1885  	0.22600  	0.26924  	-0.0474  	0.15064  	0.19550  	0.12544  	-0.0001  	-0.1669  	0.23000  	0.02722  	0.02052  	0.04141  	-0.0138  	-0.0775  	-0.0421  	0.03630  	0.01525  	0.04891  	-0.0159  	0.00853  	0.01494  	-0.0012  	0.02376  	0.00377  	-0.0283  	0.02823  	0.00289  	-0.0297  	0.02595  	0.00178  	0.00146  	0.02757  	-0.0024  	-0.0069  	-0.0242  	0.03589  	-0.0073  	0.02253  	-0.2797  	
0.04154  	0.05628  	0.14078  	0.59721  	0.03318  	0.42505  	0.10310  	-0.5576  	0.19741  	0.01664  	0.15550  	0.35221  	0.01473  	-0.4817  	-0.8160  	0.84779  	-0.0872  	0.28794  	-0.2832  	0.44696  	0.04812  	-0.2044  	-0.5427  	0.21393  	-0.2266  	-0.1455  	-0.4644  	-0.1700  	-0.1183  	-0.1487  	-0.1945  	0.23591  	0.27290  	-0.0497  	0.17659  	0.19415  	0.16486  	0.02047  	-0.1779  	0.21481  	0.02249  	0.01292  	0.04152  	-0.0219  	-0.0764  	-0.0438  	0.04005  	0.00871  	0.05135  	-0.0145  	0.00585  	0.00940  	0.00251  	0.02241  	0.00579  	-0.0249  	0.02805  	0.00605  	-0.0346  	0.03227  	0.00332  	0.00108  	0.03164  	-0.0033  	-0.0069  	-0.0242  	0.03589  	-0.0073  	0.02253  	-0.2797  	
0.12616  	0.07530  	0.17960  	0.58768  	-0.0027  	0.50361  	0.11535  	-0.5104  	0.21514  	-0.0285  	0.24240  	0.33308  	-0.0104  	-0.4448  	-0.7900  	0.89105  	-0.0855  	0.21063  	-0.2788  	0.38239  	0.15158  	-0.1958  	-0.4870  	0.30740  	-0.2186  	-0.1552  	-0.3290  	-0.3028  	-0.2459  	-0.1621  	-0.1995  	0.26671  	0.28068  	-0.0662  	0.25211  	0.16641  	0.26514  	0.05133  	-0.2235  	0.18046  	-0.0101  	0.02259  	0.02670  	-0.0185  	-0.0776  	-0.0427  	0.04064  	0.01085  	0.05184  	-0.0147  	-0.0005  	0.01383  	0.00283  	0.03034  	0.00397  	-0.0238  	0.02713  	0.00196  	-0.0349  	0.03413  	0.00498  	-2.4387  	0.03438  	-0.0062  	-0.0069  	-0.0242  	0.03589  	-0.0073  	0.02253  	-0.2797  	
0.12579  	0.08605  	0.17739  	0.57060  	-0.0351  	0.50874  	0.11641  	-0.4832  	0.23588  	-0.0434  	0.28050  	0.30175  	0.00059  	-0.4290  	-0.7888  	0.90002  	-0.0748  	0.19436  	-0.2677  	0.35564  	0.19283  	-0.2042  	-0.4833  	0.34521  	-0.2296  	-0.1602  	-0.2917  	-0.3597  	-0.3069  	-0.1631  	-0.2045  	0.28247  	0.28069  	-0.0657  	0.28697  	0.14549  	0.29569  	0.06333  	-0.2390  	0.17756  	-0.0327  	0.02941  	0.01791  	-0.0251  	-0.0788  	-0.0425  	0.03508  	0.00457  	0.04881  	-0.0058  	0.00297  	0.01635  	0.00457  	0.03287  	0.00416  	-0.0208  	0.02281  	0.00409  	-0.0338  	0.03641  	0.00801  	5.09619  	0.03200  	-0.0063  	-0.0069  	-0.0242  	0.03589  	-0.0073  	0.02253  	-0.2797  	
0.03697  	0.07914  	0.10647  	0.51144  	0.00528  	0.40471  	0.12300  	-0.5948  	0.21448  	0.01409  	0.26127  	0.33213  	0.02230  	-0.4850  	-0.9813  	0.89610  	-0.1136  	0.28510  	-0.2834  	0.44821  	0.06205  	-0.2662  	-0.5882  	0.26633  	-0.2152  	-0.1393  	-0.4015  	-0.1556  	-0.1858  	-0.1563  	-0.1938  	0.23894  	0.29581  	-0.0466  	0.25427  	0.21721  	0.17059  	0.01312  	-0.1995  	0.22823  	0.00490  	0.04362  	0.01204  	-0.0384  	-0.0788  	-0.0424  	0.04134  	-0.0015  	0.04078  	-0.0045  	0.01395  	0.01660  	0.00199  	0.02747  	0.00346  	-0.0247  	0.02532  	0.00699  	-0.0321  	0.02752  	0.00634  	-0.0036  	0.03274  	-0.0069  	-0.0069  	-0.0242  	0.03589  	-0.0073  	0.02253  	-0.2797  	
-0.0010  	-0.0041  	0.05614  	0.57922  	0.08697  	0.41117  	0.14167  	-0.6426  	0.16904  	0.09515  	0.21205  	0.33344  	-0.0048  	-0.6245  	-1.0328  	0.93937  	-0.1418  	0.31497  	-0.2603  	0.50387  	-0.0899  	-0.2131  	-0.6507  	0.27610  	-0.1517  	-0.1541  	-0.3988  	-0.0374  	-0.0884  	-0.1329  	-0.2251  	0.24249  	0.26635  	-0.0534  	0.19638  	0.29675  	0.10881  	-0.0079  	-0.1777  	0.24346  	-0.0058  	0.04216  	0.01357  	-0.0221  	-0.0699  	-0.0491  	0.03385  	0.00586  	0.04954  	-0.0206  	0.02435  	0.01324  	-0.0002  	0.01936  	0.00666  	-0.0351  	0.03908  	0.00490  	-0.0287  	0.02857  	-0.0008  	-0.0081  	0.03994  	0.00032  	-0.0069  	-0.0242  	0.03589  	-0.0073  	0.02253  	-0.2797  	
0.01374  	-0.0273  	0.03309  	0.65388  	0.08676  	0.41124  	0.13643  	-0.6756  	0.15196  	0.09543  	0.19312  	0.33690  	-0.0305  	-0.6107  	-0.9970  	0.95062  	-0.1117  	0.30150  	-0.2803  	0.52602  	-0.0605  	-0.2007  	-0.7093  	0.32277  	-0.0769  	-0.1690  	-0.3476  	-0.0558  	-0.1272  	-0.1029  	-0.2466  	0.26645  	0.25165  	-0.0722  	0.22449  	0.30282  	0.11922  	-0.0237  	-0.1838  	0.26165  	-0.0309  	0.04886  	0.01303  	-0.0154  	-0.0660  	-0.0499  	0.02644  	0.00878  	0.06026  	-0.0219  	0.02945  	0.01009  	-0.0060  	0.02206  	0.00295  	-0.0269  	0.03919  	-0.0026  	-0.0321  	0.03527  	-0.0018  	-0.0158  	0.03649  	-0.0104  	-0.0069  	-0.0242  	0.03589  	-0.0073  	0.02253  	-0.2797  	
0.04375  	-0.0084  	0.01417  	0.84658  	0.22154  	0.35257  	0.14577  	-0.6859  	0.16318  	0.09779  	-0.0132  	0.32127  	0.01286  	-0.4635  	-0.8041  	0.82063  	-0.1099  	0.25012  	-0.2644  	0.46192  	-0.1342  	-0.1825  	-0.7254  	0.32292  	-0.0674  	-0.1464  	-0.3386  	-0.0760  	-0.0063  	-0.0701  	-0.2601  	0.26099  	0.23541  	-0.0433  	0.26657  	0.28370  	0.06781  	-0.0523  	-0.1389  	0.29466  	-0.0423  	0.07516  	0.00086  	-0.0037  	-0.0692  	-0.0431  	0.02138  	0.01384  	0.05416  	-0.0111  	0.03119  	0.01192  	0.00079  	0.02110  	0.00028  	-0.0273  	0.03469  	0.00590  	-0.0223  	0.02924  	-0.0015  	-0.0137  	0.01973  	-0.0085  	-0.0069  	-0.0242  	0.03589  	-0.0073  	0.02253  	-0.2797  	
0.18455  	0.08336  	-0.0627  	1.12236  	0.37267  	0.47842  	0.17111  	-0.5550  	0.19661  	0.01351  	-0.2492  	0.28720  	0.18136  	-0.1934  	-0.4831  	0.70117  	-0.1273  	0.24651  	-0.2910  	0.36879  	-0.1688  	-0.0978  	-0.6536  	0.24955  	-0.0419  	-0.1724  	-0.3119  	-0.0565  	0.11095  	0.00206  	-0.2694  	0.20367  	0.24907  	-0.0356  	0.25482  	0.23762  	-0.0176  	-0.0658  	-0.0904  	0.30731  	-0.1137  	0.07495  	-0.0146  	-0.0179  	-0.0743  	-0.0468  	0.02573  	0.01550  	0.06621  	-0.0330  	0.01939  	0.00892  	0.00134  	0.02264  	0.00974  	-0.0226  	0.02675  	0.00166  	-0.0236  	0.03330  	0.00182  	0.00282  	0.02650  	-0.0085  	-0.0069  	-0.0242  	0.03589  	-0.0073  	0.02253  	-0.2797  	
0.06954  	0.03806  	-0.1262  	1.14843  	0.41065  	0.36776  	0.13527  	-0.5698  	0.20179  	0.01080  	-0.1154  	0.33453  	0.16979  	-0.0801  	-0.4551  	0.70583  	-0.1418  	0.21148  	-0.3439  	0.44764  	-0.1255  	-0.1255  	-0.7310  	0.35816  	0.02596  	-0.1719  	-0.3469  	-0.0550  	0.04701  	-0.0042  	-0.2333  	0.19170  	0.24689  	-0.0448  	0.29204  	0.21170  	-0.0152  	-0.0895  	-0.1254  	0.31881  	-0.1551  	0.08958  	-0.0541  	-0.0536  	-0.0814  	-0.0480  	0.03462  	0.00205  	0.05188  	-0.0176  	0.02258  	0.00939  	-0.0079  	0.02179  	0.00099  	-0.0312  	0.03270  	0.00522  	-0.0269  	0.02921  	0.00222  	0.00132  	0.02025  	-0.0071  	-0.0069  	-0.0242  	0.03589  	-0.0073  	0.02253  	-0.2797  	
-0.1602  	-0.0409  	-0.2018  	0.90744  	0.35650  	0.16854  	0.15234  	-0.6464  	0.15067  	0.04097  	0.06609  	0.47289  	0.10845  	-0.3193  	-0.6770  	0.75710  	-0.1608  	0.27277  	-0.3411  	0.56052  	-0.1722  	-0.2048  	-0.7388  	0.32887  	-0.1273  	-0.1452  	-0.4305  	0.02684  	-0.0203  	-0.0793  	-0.2335  	0.20793  	0.29207  	-0.0374  	0.27463  	0.23791  	-0.0143  	-0.0750  	-0.1475  	0.31993  	-0.0966  	0.07507  	-0.0727  	-0.0483  	-0.0725  	-0.0440  	0.03303  	-0.0003  	0.04626  	-0.0162  	0.01426  	0.01809  	-0.0031  	0.02526  	0.00500  	-0.0354  	0.03966  	-0.0013  	-0.0255  	0.03351  	0.00823  	-0.0027  	0.03152  	-0.0050  	-0.0069  	-0.0242  	0.03589  	-0.0073  	0.02253  	-0.2797  	
-0.1796  	-0.0001  	-0.0836  	0.69027  	0.22386  	0.30826  	0.12038  	-0.5908  	0.14425  	-0.0106  	0.11687  	0.46283  	0.04993  	-0.5244  	-0.7365  	0.75545  	-0.0497  	0.20908  	-0.2385  	0.29698  	-0.0521  	-0.3741  	-0.8550  	0.32445  	-0.2518  	-0.0507  	-0.4538  	-0.0686  	0.03242  	-0.1280  	-0.1332  	0.20312  	0.21069  	-0.1726  	0.14094  	0.19663  	-0.0251  	-0.0269  	-0.2671  	0.20088  	0.02621  	0.14413  	-0.1085  	0.03941  	-0.1225  	-0.0242  	0.01934  	0.02748  	0.03819  	-0.0375  	0.01931  	0.01122  	-0.0086  	0.03715  	0.00550  	-0.0310  	0.02552  	-0.0050  	-0.0271  	0.03483  	0.00672  	-0.0185  	0.00593  	-0.0173  	-0.0069  	-0.0242  	0.03589  	-0.0073  	0.02253  	-0.2797  	
-0.0902  	-0.0173  	0.03826  	0.57233  	0.09975  	0.35541  	0.05896  	-0.5793  	0.13313  	-0.0357  	0.10967  	0.34109  	0.05663  	-0.7181  	-0.8191  	0.78627  	0.03307  	0.09021  	-0.1460  	0.09146  	-0.0089  	-0.5325  	-0.9601  	0.26109  	-0.2624  	0.00740  	-0.4158  	-0.1961  	0.03980  	-0.1361  	-0.0618  	0.18416  	0.12595  	-0.2951  	0.06479  	0.23817  	-0.0393  	-0.0142  	-0.3447  	0.10760  	0.10555  	0.22684  	-0.1465  	0.09481  	-0.1731  	-0.0203  	0.00121  	0.03197  	0.03130  	-0.0449  	0.02583  	0.01961  	0.00432  	0.05077  	0.01956  	-0.0304  	0.03297  	-0.0134  	-0.0238  	0.04571  	0.01087  	-0.0173  	0.00995  	-0.0030  	-0.0069  	-0.0242  	0.03589  	-0.0073  	0.02253  	-0.2797  	
-0.0109  	-0.0116  	0.09410  	0.57016  	0.11814  	0.35016  	0.08316  	-0.5917  	0.12656  	0.02181  	0.20333  	0.35347  	0.04031  	-0.7340  	-0.9067  	0.81395  	0.01819  	0.06707  	-0.1666  	0.09382  	0.00941  	-0.5969  	-1.0053  	0.26921  	-0.2618  	0.01749  	-0.4119  	-0.1755  	0.06118  	-0.1488  	-0.0115  	0.17438  	0.10304  	-0.3101  	0.09153  	0.24024  	-0.0347  	-0.0205  	-0.3580  	0.11095  	0.12196  	0.24220  	-0.1668  	0.11499  	-0.1669  	-0.0150  	0.00021  	0.02814  	0.02740  	-0.0377  	0.03579  	0.01935  	0.00375  	0.04875  	0.01877  	-0.0365  	0.03562  	-0.0150  	-0.0304  	0.04390  	0.00822  	-0.0164  	0.00885  	-0.0027  	-0.0069  	-0.0242  	0.03589  	-0.0073  	0.02253  	-0.2797  	
-0.0484  	-0.0013  	0.11994  	0.50158  	0.05539  	0.31575  	0.09549  	-0.6063  	0.13917  	0.08124  	0.24200  	0.33415  	0.03407  	-0.7611  	-1.0007  	0.84143  	-0.0067  	0.11199  	-0.1566  	0.14696  	-0.0632  	-0.5761  	-1.0411  	0.20227  	-0.2339  	-0.0115  	-0.4636  	-0.0960  	0.11572  	-0.1474  	-0.0370  	0.16721  	0.09352  	-0.2803  	0.06386  	0.29627  	-0.0692  	-0.0227  	-0.3253  	0.14488  	0.12785  	0.22353  	-0.1472  	0.09458  	-0.1672  	-0.0151  	-0.0009  	0.03271  	0.02306  	-0.0383  	0.03230  	0.02207  	0.00250  	0.04313  	0.02386  	-0.0338  	0.03300  	-0.0130  	-0.0266  	0.04364  	0.00870  	-0.0139  	0.01160  	-0.0016  	-0.0069  	-0.0242  	0.03589  	-0.0073  	0.02253  	-0.2797  	
-0.1048  	-0.0283  	0.06103  	0.39364  	-0.0420  	0.31274  	0.11321  	-0.6528  	0.12378  	0.07725  	0.19378  	0.25239  	0.00820  	-0.7370  	-1.0561  	0.83478  	-0.0498  	0.21684  	-0.2204  	0.28769  	-0.1251  	-0.4320  	-0.8280  	0.18973  	-0.2014  	-0.0530  	-0.4777  	-0.0430  	0.08172  	-0.1309  	-0.1026  	0.19692  	0.15677  	-0.1749  	0.07062  	0.32038  	-0.0277  	-0.0207  	-0.2341  	0.20205  	0.10809  	0.13179  	-0.0639  	0.04366  	-0.1331  	-0.0296  	0.01672  	0.01698  	0.02949  	-0.0248  	0.02570  	0.01808  	-0.0003  	0.03432  	0.01625  	-0.0401  	0.03140  	-0.0040  	-0.0329  	0.03504  	0.00372  	-0.0101  	0.02505  	9.24043  	-0.0069  	-0.0242  	0.03589  	-0.0073  	0.02253  	-0.2797  	
-0.3422  	-0.0933  	-0.0955  	0.39545  	-0.0347  	0.22810  	0.12762  	-0.7275  	0.12542  	0.07470  	0.18130  	0.25694  	-0.0318  	-0.6775  	-1.0571  	0.78939  	-0.0996  	0.32641  	-0.2846  	0.45843  	-0.1836  	-0.2448  	-0.6138  	0.22986  	-0.1059  	-0.1431  	-0.4037  	0.01523  	0.01632  	-0.1169  	-0.2006  	0.24201  	0.22503  	-0.0510  	0.12909  	0.34216  	0.04922  	-0.0185  	-0.1647  	0.26837  	0.02881  	0.03599  	0.01730  	-0.0194  	-0.0713  	-0.0512  	0.04020  	-0.0105  	0.03859  	-0.0194  	0.01851  	0.01632  	0.00175  	0.02817  	0.00847  	-0.0383  	0.03582  	0.00438  	-0.0266  	0.02974  	0.00579  	-0.0092  	0.03846  	-0.0013  	-0.0069  	-0.0242  	0.03589  	-0.0073  	0.02253  	-0.2797  	
-0.3108  	-0.0977  	-0.1264  	0.29343  	-0.0911  	0.26032  	0.10569  	-0.7085  	0.13160  	0.01030  	0.23251  	0.24619  	-0.0767  	-0.6906  	-1.0392  	0.71610  	-0.0743  	0.30380  	-0.2861  	0.44415  	-0.1119  	-0.2295  	-0.5161  	0.23739  	-0.1586  	-0.1191  	-0.4025  	-0.0627  	-0.0398  	-0.1379  	-0.1991  	0.23602  	0.21810  	-0.0495  	0.13036  	0.30389  	0.08842  	-0.0005  	-0.1777  	0.22167  	0.03941  	0.02828  	0.01119  	-0.0241  	-0.0706  	-0.0463  	0.03858  	-0.0130  	0.03535  	-0.0149  	0.00795  	0.01852  	0.00177  	0.02530  	0.00651  	-0.0374  	0.03004  	0.00709  	-0.0263  	0.02799  	0.00256  	-0.0127  	0.03519  	-0.0037  	-0.0069  	-0.0242  	0.03589  	-0.0073  	0.02253  	-0.2797  	
-0.1939  	-0.0565  	-0.0439  	0.42421  	-0.0206  	0.30318  	0.10388  	-0.6822  	0.14127  	0.02256  	0.18208  	0.31393  	-0.0500  	-0.7104  	-1.0000  	0.82150  	-0.0945  	0.31083  	-0.2850  	0.45563  	-0.1534  	-0.2224  	-0.5615  	0.23613  	-0.1907  	-0.1239  	-0.4304  	-0.0176  	-0.0354  	-0.1432  	-0.1972  	0.24114  	0.23632  	-0.0456  	0.13247  	0.30043  	0.06779  	-0.0063  	-0.1718  	0.25467  	0.03641  	0.03665  	0.02206  	-0.0245  	-0.0847  	-0.0460  	0.04614  	-0.0001  	0.04313  	-0.0164  	0.01592  	0.01344  	-0.0021  	0.02407  	0.00876  	-0.0373  	0.03645  	0.00252  	-0.0305  	0.03004  	-0.0001  	-0.0099  	0.03383  	0.00265  	-0.0069  	-0.0242  	0.03589  	-0.0073  	0.02253  	-0.2797  	
-0.1160  	-0.0519  	0.00256  	0.49764  	0.05218  	0.31489  	0.15337  	-0.7186  	0.15472  	0.12219  	0.14701  	0.32901  	-0.0125  	-0.7111  	-1.0717  	0.88115  	-0.1237  	0.34821  	-0.2969  	0.49708  	-0.2389  	-0.2417  	-0.6381  	0.18943  	-0.1697  	-0.1357  	-0.4738  	0.06324  	0.00949  	-0.1224  	-0.1978  	0.24110  	0.23660  	-0.0407  	0.12741  	0.31832  	0.00288  	-0.0282  	-0.1280  	0.27314  	0.04633  	0.03551  	0.02545  	-0.0245  	-0.0813  	-0.0470  	0.04122  	0.00668  	0.04671  	-0.0140  	0.02424  	0.01950  	0.00143  	0.01940  	0.00946  	-0.0375  	0.03852  	0.00512  	-0.0314  	0.02841  	-0.0011  	-0.0118  	0.03333  	-0.0034  	-0.0069  	-0.0242  	0.03589  	-0.0073  	0.02253  	-0.2797  	
-0.0698  	-0.0492  	0.01702  	0.50057  	0.07494  	0.32731  	0.15353  	-0.7176  	0.16193  	0.11735  	0.18157  	0.32123  	-0.0403  	-0.6925  	-1.0754  	0.92786  	-0.1290  	0.36671  	-0.3018  	0.52537  	-0.2036  	-0.2643  	-0.6693  	0.18520  	-0.1448  	-0.1512  	-0.4655  	0.07075  	0.02355  	-0.1162  	-0.2139  	0.24088  	0.22896  	-0.0341  	0.15762  	0.34340  	0.02591  	-0.0317  	-0.1495  	0.27101  	0.01611  	0.02985  	0.01905  	-0.0137  	-0.0788  	-0.0454  	0.03440  	0.00693  	0.04853  	-0.0170  	0.02656  	0.01301  	0.00120  	0.02158  	0.01004  	-0.0299  	0.03885  	0.00528  	-0.0299  	0.02980  	0.00027  	-0.0088  	0.03824  	-0.0009  	-0.0069  	-0.0242  	0.03589  	-0.0073  	0.02253  	-0.2797  	
-0.0564  	-0.0417  	0.03202  	0.48747  	0.05891  	0.36107  	0.16444  	-0.7331  	0.15624  	0.08791  	0.14258  	0.25555  	-0.0609  	-0.6994  	-1.0503  	0.92734  	-0.1145  	0.36117  	-0.2912  	0.50614  	-0.1731  	-0.2388  	-0.6517  	0.21975  	-0.1351  	-0.1487  	-0.4290  	0.03514  	0.01013  	-0.1217  	-0.2154  	0.26854  	0.22529  	-0.0462  	0.14234  	0.34477  	0.04517  	-0.0326  	-0.1522  	0.28358  	0.02532  	0.03015  	0.01434  	-0.0141  	-0.0753  	-0.0499  	0.03032  	0.00413  	0.04756  	-0.0150  	0.02424  	0.01099  	0.00324  	0.02073  	0.01311  	-0.0339  	0.04101  	0.00291  	-0.0309  	0.02832  	0.00319  	-0.0133  	0.03410  	0.00014  	-0.0069  	-0.0242  	0.03589  	-0.0073  	0.02253  	-0.2797  	
-0.0453  	-0.0253  	-0.0141  	0.57654  	0.09299  	0.40033  	0.14782  	-0.7294  	0.15119  	0.05233  	0.13394  	0.30967  	-0.0416  	-0.6347  	-1.0374  	0.88808  	-0.0942  	0.34830  	-0.2904  	0.49295  	-0.1492  	-0.2257  	-0.6559  	0.25337  	-0.1072  	-0.1463  	-0.3832  	0.00609  	-0.0332  	-0.0936  	-0.2153  	0.25146  	0.23437  	-0.0632  	0.17207  	0.32096  	0.06118  	-0.0339  	-0.1597  	0.26074  	0.00801  	0.04562  	0.02111  	-0.0233  	-0.0742  	-0.0441  	0.03168  	0.01073  	0.05211  	-0.0178  	0.03490  	0.01247  	0.00111  	0.01797  	0.01303  	-0.0296  	0.04098  	0.00341  	-0.0313  	0.02708  	3.30962  	-0.0156  	0.03965  	-0.0045  	-0.0069  	-0.0242  	0.03589  	-0.0073  	0.02253  	-0.2797  	
-0.0962  	-0.0423  	-0.1684  	0.76588  	0.23118  	0.36027  	0.12809  	-0.6487  	0.15629  	0.00318  	0.08784  	0.39181  	0.04050  	-0.4317  	-0.8665  	0.81277  	-0.1071  	0.30666  	-0.3043  	0.50552  	-0.1370  	-0.2068  	-0.7003  	0.25930  	-0.0612  	-0.1371  	-0.4069  	0.06663  	0.03992  	-0.0663  	-0.2476  	0.22596  	0.24697  	-0.0462  	0.20061  	0.30210  	0.01436  	-0.0579  	-0.1312  	0.26338  	-0.0461  	0.04972  	0.00258  	-0.0391  	-0.0675  	-0.0427  	0.03200  	-0.0057  	0.05641  	-0.0162  	0.01473  	0.00934  	-0.0030  	0.02341  	0.00719  	-0.0344  	0.04045  	0.00566  	-0.0269  	0.02215  	-0.0031  	-0.0115  	0.03408  	0.00052  	-0.0069  	-0.0242  	0.03589  	-0.0073  	0.02253  	-0.2797  	
-0.1239  	-0.0332  	-0.1516  	0.82287  	0.28086  	0.35106  	0.13215  	-0.6221  	0.17703  	0.00047  	0.06164  	0.45065  	0.06933  	-0.3488  	-0.7640  	0.79241  	-0.1196  	0.29730  	-0.2975  	0.50358  	-0.1335  	-0.2043  	-0.7013  	0.23736  	-0.0899  	-0.1396  	-0.4210  	0.06084  	0.03291  	-0.0528  	-0.2207  	0.21034  	0.27306  	-0.0383  	0.21424  	0.25377  	0.00417  	-0.0605  	-0.1245  	0.26667  	-0.0623  	0.05733  	-0.0094  	-0.0387  	-0.0610  	-0.0479  	0.04067  	-0.0038  	0.05108  	-0.0164  	0.01619  	0.01121  	-0.0056  	0.02411  	0.00316  	-0.0382  	0.04065  	0.00861  	-0.0278  	0.02683  	0.00379  	-0.0099  	0.03062  	-0.0052  	-0.0069  	-0.0242  	0.03589  	-0.0073  	0.02253  	-0.2797  	
-0.1354  	-0.0293  	-0.1380  	0.84366  	0.27912  	0.35934  	0.11612  	-0.5946  	0.18589  	0.00949  	0.00181  	0.48414  	0.07556  	-0.3446  	-0.7205  	0.80637  	-0.1196  	0.32187  	-0.2850  	0.51008  	-0.1419  	-0.2090  	-0.6932  	0.21670  	-0.1033  	-0.1416  	-0.4374  	0.07748  	0.05734  	-0.0557  	-0.2238  	0.18946  	0.27778  	-0.0282  	0.18571  	0.23441  	-0.0079  	-0.0614  	-0.1095  	0.27522  	-0.0798  	0.05422  	-0.0033  	-0.0328  	-0.0626  	-0.0504  	0.04253  	0.00272  	0.05171  	-0.0183  	0.01738  	0.01283  	-0.0049  	0.02233  	0.00085  	-0.0305  	0.04158  	0.00527  	-0.0288  	0.02593  	0.00294  	-0.0095  	0.02669  	-0.0083  	-0.0069  	-0.0242  	0.03589  	-0.0073  	0.02253  	-0.2797  	
-0.0806  	0.00574  	-0.0741  	0.80780  	0.19660  	0.46436  	0.09634  	-0.5725  	0.18869  	-0.0510  	-0.0532  	0.41779  	0.07244  	-0.4098  	-0.6867  	0.82540  	-0.0831  	0.29092  	-0.2729  	0.47747  	-0.1297  	-0.1939  	-0.6005  	0.26066  	-0.1450  	-0.1230  	-0.4064  	0.02890  	0.02028  	-0.0629  	-0.2335  	0.20344  	0.28043  	-0.0411  	0.16670  	0.20193  	0.04156  	-0.0480  	-0.1231  	0.25709  	-0.0622  	0.05736  	0.01274  	-0.0209  	-0.0641  	-0.0529  	0.04049  	0.00996  	0.04980  	-0.0096  	0.00962  	0.01352  	-0.0032  	0.02825  	0.00629  	-0.0283  	0.03661  	0.00144  	-0.0213  	0.02947  	-0.0016  	-0.0044  	0.02443  	-0.0043  	-0.0069  	-0.0242  	0.03589  	-0.0073  	0.02253  	-0.2797  	
0.03040  	0.05515  	0.07635  	0.70390  	0.11996  	0.50090  	0.10214  	-0.5630  	0.19031  	-0.0405  	-0.0087  	0.34434  	0.03863  	-0.4244  	-0.6312  	0.78183  	-0.0725  	0.22929  	-0.2929  	0.41342  	0.02960  	-0.1827  	-0.4969  	0.32127  	-0.2108  	-0.1432  	-0.3533  	-0.1892  	-0.1336  	-0.1159  	-0.2143  	0.23188  	0.26817  	-0.0535  	0.21221  	0.16130  	0.15418  	-0.0044  	-0.1785  	0.23518  	-0.0137  	0.04311  	0.01541  	-0.0097  	-0.0789  	-0.0447  	0.03484  	0.00945  	0.04855  	-0.0183  	0.00077  	0.01136  	-0.0018  	0.02436  	0.00410  	-0.0240  	0.03388  	0.00405  	-0.0291  	0.02752  	0.00693  	0.00608  	0.03267  	-0.0062  	-0.0069  	-0.0242  	0.03589  	-0.0073  	0.02253  	-0.2797  	
0.12738  	0.10470  	0.20704  	0.63492  	0.04086  	0.54602  	0.11105  	-0.5075  	0.20366  	-0.0220  	0.10703  	0.28553  	0.02647  	-0.3942  	-0.7050  	0.85055  	-0.0864  	0.21388  	-0.2565  	0.36147  	0.11763  	-0.1736  	-0.4842  	0.30622  	-0.1834  	-0.1479  	-0.3129  	-0.3032  	-0.2274  	-0.1363  	-0.1976  	0.26098  	0.27270  	-0.0509  	0.25222  	0.15997  	0.23246  	0.02691  	-0.2058  	0.19477  	-0.0320  	0.03271  	0.02026  	-0.0108  	-0.0763  	-0.0430  	0.03139  	0.01562  	0.05036  	-0.0086  	0.00211  	0.01566  	0.00403  	0.02839  	0.00519  	-0.0209  	0.02741  	0.00455  	-0.0354  	0.03466  	0.00604  	0.00156  	0.03185  	-0.0082  	-0.0069  	-0.0242  	0.03589  	-0.0073  	0.02253  	-0.2797  	
0.17126  	0.08821  	0.22085  	0.61104  	-0.0160  	0.56913  	0.11669  	-0.4703  	0.22408  	-0.0434  	0.21678  	0.33593  	0.01508  	-0.3773  	-0.7800  	0.91762  	-0.0723  	0.18349  	-0.2573  	0.33740  	0.20805  	-0.1665  	-0.4557  	0.33977  	-0.2087  	-0.1585  	-0.2858  	-0.3470  	-0.2879  	-0.1466  	-0.2054  	0.27352  	0.26476  	-0.0584  	0.27158  	0.14229  	0.28735  	0.04371  	-0.2351  	0.17361  	-0.0303  	0.03126  	0.01771  	-0.0224  	-0.0807  	-0.0411  	0.03255  	0.01884  	0.05727  	-0.0092  	0.00174  	0.01531  	0.00373  	0.03164  	0.00156  	-0.0191  	0.01902  	0.00401  	-0.0352  	0.03632  	0.00744  	0.00160  	0.03652  	-0.0072  	-0.0069  	-0.0242  	0.03589  	-0.0073  	0.02253  	-0.2797  	
0.16445  	0.08197  	0.22803  	0.60244  	-0.0161  	0.55708  	0.12825  	-0.4915  	0.22853  	-0.0313  	0.22714  	0.30965  	0.03203  	-0.3590  	-0.7804  	0.90406  	-0.0707  	0.18488  	-0.2644  	0.34450  	0.19888  	-0.1913  	-0.4781  	0.35826  	-0.1992  	-0.1634  	-0.2774  	-0.3549  	-0.2835  	-0.1446  	-0.2054  	0.27586  	0.26162  	-0.0609  	0.28555  	0.15079  	0.28496  	0.04188  	-0.2377  	0.17703  	-0.0411  	0.03522  	0.01218  	-0.0328  	-0.0775  	-0.0426  	0.03320  	0.01854  	0.05780  	-0.0078  	0.00644  	0.01674  	0.00289  	0.03076  	0.00352  	-0.0188  	0.02048  	0.00602  	-0.0353  	0.03590  	0.00807  	-0.0003  	0.03900  	-0.0069  	-0.0069  	-0.0242  	0.03589  	-0.0073  	0.02253  	-0.2797  	
0.14721  	0.08287  	0.21644  	0.58459  	-0.0338  	0.53824  	0.12226  	-0.4785  	0.24222  	-0.0376  	0.25429  	0.32596  	0.03367  	-0.3644  	-0.7941  	0.91685  	-0.0744  	0.19340  	-0.2603  	0.33989  	0.20308  	-0.1968  	-0.4744  	0.35517  	-0.2196  	-0.1596  	-0.2884  	-0.3595  	-0.2977  	-0.1524  	-0.2041  	0.27346  	0.27342  	-0.0603  	0.28408  	0.14226  	0.29043  	0.05279  	-0.2367  	0.17221  	-0.0350  	0.03579  	0.01702  	-0.0318  	-0.0783  	-0.0441  	0.03378  	0.01477  	0.05259  	-0.0073  	0.00390  	0.01668  	0.00395  	0.03224  	0.00280  	-0.0203  	0.01973  	0.00562  	-0.0363  	0.03647  	0.00917  	0.00048  	0.03657  	-0.0051  	-0.0069  	-0.0242  	0.03589  	-0.0073  	0.02253  	-0.2797  	
0.14070  	0.09957  	0.19180  	0.56883  	-0.0394  	0.51046  	0.11540  	-0.4717  	0.25613  	-0.0565  	0.28929  	0.35151  	0.01327  	-0.3837  	-0.8022  	0.92173  	-0.0723  	0.19243  	-0.2659  	0.33404  	0.20698  	-0.2023  	-0.4618  	0.35570  	-0.2558  	-0.1532  	-0.2912  	-0.3577  	-0.3267  	-0.1570  	-0.2016  	0.27643  	0.28399  	-0.0624  	0.29615  	0.12784  	0.30624  	0.06275  	-0.2447  	0.16771  	-0.0301  	0.03063  	0.01957  	-0.0291  	-0.0806  	-0.0430  	0.03466  	0.00758  	0.04959  	-0.0070  	0.00126  	0.01670  	0.00377  	0.03287  	0.00238  	-0.0214  	0.01740  	0.00575  	-0.0347  	0.03681  	0.00861  	0.00237  	0.03312  	-0.0050  	-0.0069  	-0.0242  	0.03589  	-0.0073  	0.02253  	-0.2797  	
0.14005  	0.09868  	0.17824  	0.56515  	-0.0322  	0.49126  	0.11070  	-0.4814  	0.25433  	-0.0574  	0.29348  	0.36259  	0.00512  	-0.3967  	-0.7997  	0.91663  	-0.0674  	0.19248  	-0.2715  	0.33239  	0.19330  	-0.2067  	-0.4523  	0.35244  	-0.2627  	-0.1501  	-0.2941  	-0.3474  	-0.3291  	-0.1546  	-0.1984  	0.27431  	0.28379  	-0.0640  	0.29889  	0.12101  	0.30442  	0.06365  	-0.2491  	0.16503  	-0.0328  	0.03034  	0.01834  	-0.0294  	-0.0831  	-0.0425  	0.03479  	0.00579  	0.04850  	-0.0087  	-0.0001  	0.01848  	0.00196  	0.03239  	0.00261  	-0.0218  	0.01858  	0.00508  	-0.0348  	0.03435  	0.00818  	0.00355  	0.03177  	-0.0052  	-0.0069  	-0.0242  	0.03589  	-0.0073  	0.02253  	-0.2797  	
0.13932  	0.09727  	0.17711  	0.56549  	-0.0304  	0.49117  	0.11115  	-0.4824  	0.25307  	-0.0565  	0.29278  	0.36118  	0.00427  	-0.3990  	-0.7991  	0.91524  	-0.0657  	0.19289  	-0.2722  	0.33396  	0.19083  	-0.2090  	-0.4516  	0.35312  	-0.2619  	-0.1502  	-0.2931  	-0.3453  	-0.3279  	-0.1541  	-0.1993  	0.27424  	0.28264  	-0.0645  	0.29928  	0.12134  	0.30287  	0.06377  	-0.2490  	0.16484  	-0.0345  	0.03052  	0.01805  	-0.0294  	-0.0833  	-0.0424  	0.03457  	0.00585  	0.04841  	-0.0091  	0.00027  	0.01874  	0.00170  	0.03201  	0.00279  	-0.0219  	0.01910  	0.00491  	-0.0349  	0.03385  	0.00814  	0.00331  	0.03167  	-0.0051  	-0.0069  	-0.0242  	0.03589  	-0.0073  	0.02253  	-0.2797  	
0.04740  	0.07567  	0.12618  	0.53405  	0.01401  	0.41614  	0.10291  	-0.5720  	0.20584  	-0.0057  	0.29462  	0.35811  	-0.0070  	-0.4878  	-0.9480  	0.90941  	-0.1030  	0.26702  	-0.2839  	0.41897  	0.09835  	-0.2662  	-0.5460  	0.29456  	-0.2348  	-0.1468  	-0.3760  	-0.1897  	-0.2287  	-0.1611  	-0.2028  	0.25041  	0.28576  	-0.0549  	0.27749  	0.19468  	0.21476  	0.02582  	-0.2148  	0.20119  	-0.0148  	0.04839  	0.00471  	-0.0422  	-0.0822  	-0.0416  	0.03790  	0.00544  	0.03824  	-0.0079  	0.01201  	0.01866  	0.00240  	0.02696  	0.00372  	-0.0228  	0.02660  	0.00659  	-0.0313  	0.02978  	0.00820  	-0.0054  	0.03444  	-0.0043  	-0.0069  	-0.0242  	0.03589  	-0.0073  	0.02253  	-0.2797  	
-0.0383  	-0.0005  	0.05006  	0.54096  	0.07041  	0.38148  	0.12382  	-0.6544  	0.17348  	0.10723  	0.24632  	0.33134  	-0.0260  	-0.6322  	-1.0534  	0.95079  	-0.1365  	0.32827  	-0.2724  	0.49498  	-0.1010  	-0.2349  	-0.6358  	0.25738  	-0.1917  	-0.1434  	-0.4417  	-0.0352  	-0.1027  	-0.1420  	-0.2149  	0.24647  	0.27169  	-0.0598  	0.20250  	0.28481  	0.10663  	-0.0101  	-0.1804  	0.23246  	-0.0012  	0.04307  	0.01849  	-0.0220  	-0.0740  	-0.0471  	0.03728  	0.00303  	0.04855  	-0.0165  	0.02671  	0.01314  	0.00095  	0.01943  	0.00861  	-0.0362  	0.03793  	0.00491  	-0.0297  	0.02972  	0.00037  	-0.0063  	0.03767  	0.00096  	-0.0069  	-0.0242  	0.03589  	-0.0073  	0.02253  	-0.2797  	
-0.0576  	-0.0615  	0.00730  	0.53638  	0.04033  	0.37778  	0.13013  	-0.6836  	0.14776  	0.10697  	0.21811  	0.31183  	-0.0209  	-0.6878  	-1.0961  	0.95611  	-0.1367  	0.32384  	-0.2508  	0.51079  	-0.1160  	-0.2355  	-0.6892  	0.28827  	-0.0824  	-0.1532  	-0.3563  	0.00766  	-0.0783  	-0.1161  	-0.2152  	0.26797  	0.23414  	-0.0633  	0.18283  	0.33308  	0.09659  	-0.0081  	-0.1798  	0.23610  	-0.0049  	0.04302  	0.01486  	-0.0153  	-0.0673  	-0.0529  	0.03062  	0.01509  	0.05553  	-0.0196  	0.02723  	0.01344  	0.00021  	0.02141  	0.00950  	-0.0299  	0.04103  	0.00133  	-0.0278  	0.03285  	0.00316  	-0.0184  	0.03949  	-0.0033  	-0.0069  	-0.0242  	0.03589  	-0.0073  	0.02253  	-0.2797  	
0.01491  	-0.0260  	-0.0080  	0.82921  	0.20207  	0.34368  	0.14691  	-0.6853  	0.15657  	0.07529  	-0.0152  	0.32016  	-0.0164  	-0.4973  	-0.8342  	0.84874  	-0.0920  	0.25901  	-0.2723  	0.46815  	-0.1379  	-0.1912  	-0.7049  	0.32363  	-0.0549  	-0.1484  	-0.3532  	-0.0702  	0.01185  	-0.0677  	-0.2583  	0.25463  	0.21908  	-0.0513  	0.24259  	0.29246  	0.05984  	-0.0490  	-0.1345  	0.29852  	-0.0380  	0.07598  	0.01523  	-0.0018  	-0.0689  	-0.0406  	0.01923  	0.00954  	0.05228  	-0.0186  	0.02647  	0.01163  	0.00036  	0.02081  	0.00063  	-0.0282  	0.03668  	0.00683  	-0.0217  	0.02915  	-0.0055  	-0.0134  	0.01877  	-0.0085  	-0.0069  	-0.0242  	0.03589  	-0.0073  	0.02253  	-0.2797  	
0.12434  	0.05875  	-0.0220  	1.05027  	0.34666  	0.45170  	0.16159  	-0.5747  	0.19225  	0.02206  	-0.1056  	0.34038  	0.12774  	-0.3163  	-0.6076  	0.75964  	-0.1210  	0.23899  	-0.2717  	0.46355  	-0.1332  	-0.1484  	-0.6873  	0.27146  	-0.0261  	-0.1709  	-0.3418  	-0.0446  	0.04989  	-0.0268  	-0.2906  	0.22550  	0.25428  	-0.0388  	0.24437  	0.25111  	0.01719  	-0.0563  	-0.1043  	0.30498  	-0.0847  	0.07250  	0.00067  	-0.0186  	-0.0670  	-0.0433  	0.02890  	0.02228  	0.06466  	-0.0266  	0.01828  	0.00673  	-0.0012  	0.02108  	0.01482  	-0.0211  	0.03368  	-0.0021  	-0.0260  	0.03799  	-0.0010  	-0.0100  	0.02361  	-0.0080  	-0.0069  	-0.0242  	0.03589  	-0.0073  	0.02253  	-0.2797  	
0.05532  	0.04204  	-0.0791  	1.11734  	0.38103  	0.39881  	0.13322  	-0.5655  	0.21050  	0.00750  	-0.0543  	0.36141  	0.14588  	-0.1700  	-0.5358  	0.74702  	-0.1168  	0.22991  	-0.3251  	0.49317  	-0.0953  	-0.1620  	-0.7144  	0.34465  	-0.0090  	-0.1648  	-0.3729  	-0.0384  	0.00040  	-0.0391  	-0.2374  	0.21761  	0.26164  	-0.0409  	0.27993  	0.20949  	0.01093  	-0.0704  	-0.1275  	0.30616  	-0.1294  	0.07396  	-0.0398  	-0.0449  	-0.0816  	-0.0469  	0.03560  	0.00505  	0.04924  	-0.0133  	0.02081  	0.01011  	-0.0081  	0.02463  	0.00341  	-0.0304  	0.03417  	0.00123  	-0.0298  	0.03317  	0.00213  	-0.0010  	0.02318  	-0.0058  	-0.0069  	-0.0242  	0.03589  	-0.0073  	0.02253  	-0.2797  	
-0.1343  	-0.0415  	-0.2114  	0.90833  	0.36995  	0.19084  	0.16383  	-0.6326  	0.14804  	0.05257  	0.08081  	0.44843  	0.10648  	-0.2857  	-0.6756  	0.76332  	-0.1566  	0.26918  	-0.3361  	0.54592  	-0.1389  	-0.1976  	-0.7553  	0.33766  	-0.1143  	-0.1491  	-0.4052  	0.00439  	-0.0234  	-0.0764  	-0.2339  	0.22071  	0.29143  	-0.0411  	0.29628  	0.24047  	0.01678  	-0.0759  	-0.1554  	0.31593  	-0.1011  	0.07780  	-0.0718  	-0.0501  	-0.0696  	-0.0407  	0.03733  	0.00059  	0.04443  	-0.0127  	0.01725  	0.02078  	-0.0027  	0.02290  	0.00515  	-0.0332  	0.03332  	-0.0011  	-0.0232  	0.03458  	0.00940  	-0.0034  	0.02153  	-0.0086  	-0.0069  	-0.0242  	0.03589  	-0.0073  	0.02253  	-0.2797  	
-0.2387  	-0.0194  	-0.1948  	0.68208  	0.23806  	0.27160  	0.14385  	-0.6600  	0.15542  	0.04746  	0.11298  	0.49741  	0.03232  	-0.4769  	-0.7945  	0.79885  	-0.1398  	0.36062  	-0.3055  	0.53984  	-0.1425  	-0.2069  	-0.6689  	0.29730  	-0.1878  	-0.1293  	-0.4801  	0.04800  	-0.0109  	-0.1044  	-0.2222  	0.23020  	0.28371  	-0.0294  	0.19785  	0.22693  	-0.0015  	-0.0278  	-0.1585  	0.27774  	-0.0403  	0.03904  	-0.0242  	-0.0259  	-0.0819  	-0.0443  	0.03560  	0.00706  	0.04332  	-0.0296  	0.01669  	0.00766  	-0.0064  	0.02332  	0.00081  	-0.0302  	0.02934  	0.00395  	-0.0339  	0.02418  	0.00382  	-0.0127  	0.02295  	-0.0117  	-0.0069  	-0.0242  	0.03589  	-0.0073  	0.02253  	-0.2797  	
-0.1055  	-0.0558  	-0.0236  	0.53546  	0.05113  	0.38519  	0.10712  	-0.6798  	0.16495  	0.00998  	0.10354  	0.32103  	-0.0210  	-0.6560  	-0.9356  	0.86942  	-0.0995  	0.36754  	-0.2541  	0.48527  	-0.1224  	-0.2287  	-0.5827  	0.26239  	-0.1791  	-0.1333  	-0.4275  	-0.0264  	-0.0663  	-0.1167  	-0.2171  	0.24734  	0.26048  	-0.0494  	0.15061  	0.27511  	0.06055  	-0.0077  	-0.1722  	0.24926  	0.01966  	0.03145  	0.01419  	-0.0209  	-0.0886  	-0.0478  	0.03585  	0.00294  	0.04605  	-0.0255  	0.02125  	0.01406  	0.00158  	0.02322  	0.00821  	-0.0310  	0.03922  	0.00756  	-0.0236  	0.03241  	0.00447  	-0.0141  	0.02983  	-0.0032  	-0.0069  	-0.0242  	0.03589  	-0.0073  	0.02253  	-0.2797  	
-0.0238  	-0.0336  	0.03317  	0.55209  	0.11150  	0.37156  	0.14952  	-0.7048  	0.16149  	0.07681  	0.13572  	0.34624  	-0.0259  	-0.6237  	-0.9818  	0.91219  	-0.1300  	0.35298  	-0.2854  	0.52745  	-0.1637  	-0.2259  	-0.6238  	0.25510  	-0.1594  	-0.1363  	-0.4424  	-0.0055  	-0.0310  	-0.1156  	-0.1900  	0.24565  	0.25820  	-0.0404  	0.16847  	0.28864  	0.06603  	-0.0303  	-0.1592  	0.26117  	0.01695  	0.03271  	0.02577  	-0.0183  	-0.0741  	-0.0488  	0.03935  	0.00335  	0.05417  	-0.0171  	0.02396  	0.01099  	0.00036  	0.02177  	0.00691  	-0.0348  	0.04049  	0.00375  	-0.0303  	0.03179  	-1.4670  	-0.0064  	0.03587  	-0.0030  	-0.0069  	-0.0242  	0.03589  	-0.0073  	0.02253  	-0.2797  	
-0.0412  	-0.0242  	0.07049  	0.46652  	0.03995  	0.33202  	0.15757  	-0.7023  	0.16433  	0.12927  	0.19212  	0.30910  	-0.0373  	-0.6962  	-1.0960  	0.93045  	-0.1424  	0.36317  	-0.2749  	0.53786  	-0.1998  	-0.2431  	-0.6847  	0.17816  	-0.1371  	-0.1478  	-0.4658  	0.05022  	0.01485  	-0.1187  	-0.2030  	0.23253  	0.23237  	-0.0396  	0.14007  	0.34635  	0.03759  	-0.0279  	-0.1405  	0.27268  	0.02716  	0.03410  	0.02603  	-0.0142  	-0.0801  	-0.0466  	0.03298  	0.01284  	0.04718  	-0.0168  	0.02286  	0.01344  	0.00085  	0.02011  	0.01555  	-0.0324  	0.03716  	0.00247  	-0.0294  	0.02946  	0.00143  	-0.0074  	0.03628  	-0.0007  	-0.0069  	-0.0242  	0.03589  	-0.0073  	0.02253  	-0.2797  	
-0.1076  	-0.0384  	0.04307  	0.36486  	-0.0626  	0.29458  	0.14513  	-0.7143  	0.13132  	0.11689  	0.18471  	0.23731  	-0.0377  	-0.7050  	-1.1176  	0.89417  	-0.1268  	0.36731  	-0.2846  	0.49849  	-0.2196  	-0.2454  	-0.6375  	0.15905  	-0.1519  	-0.1279  	-0.4963  	0.03359  	0.03935  	-0.1083  	-0.1921  	0.23378  	0.23582  	-0.0448  	0.10955  	0.35492  	0.02625  	-0.0237  	-0.1328  	0.27108  	0.05501  	0.02264  	0.03142  	-0.0202  	-0.0842  	-0.0482  	0.03469  	0.00474  	0.04391  	-0.0157  	0.02066  	0.01347  	-0.0015  	0.02060  	0.01379  	-0.0393  	0.03383  	0.00208  	-0.0351  	0.02688  	0.00037  	-0.0083  	0.03947  	-0.0010  	-0.0069  	-0.0242  	0.03589  	-0.0073  	0.02253  	-0.2797  	
-0.3688  	-0.0903  	-0.0940  	0.34412  	-0.0436  	0.19837  	0.13045  	-0.7467  	0.12712  	0.10621  	0.20515  	0.24032  	-0.0289  	-0.7026  	-1.0877  	0.78818  	-0.0965  	0.31850  	-0.2920  	0.48018  	-0.1873  	-0.2535  	-0.6046  	0.23980  	-0.1050  	-0.1359  	-0.4159  	0.00271  	-0.0058  	-0.1237  	-0.1960  	0.23979  	0.22224  	-0.0470  	0.14390  	0.34348  	0.04814  	-0.0171  	-0.1675  	0.26396  	0.03271  	0.04145  	0.01769  	-0.0235  	-0.0668  	-0.0511  	0.03362  	-0.0200  	0.04051  	-0.0188  	0.01984  	0.01528  	-0.0018  	0.02528  	0.00954  	-0.0364  	0.03395  	0.00790  	-0.0257  	0.02671  	0.00502  	-0.0058  	0.04088  	-0.0010  	-0.0069  	-0.0242  	0.03589  	-0.0073  	0.02253  	-0.2797  	
-0.4112  	-0.1307  	-0.1472  	0.26541  	-0.0867  	0.14992  	0.09987  	-0.7285  	0.13670  	0.07207  	0.29398  	0.27011  	-0.0754  	-0.6796  	-1.0648  	0.69343  	-0.0875  	0.31063  	-0.2882  	0.46186  	-0.0953  	-0.2744  	-0.5390  	0.23845  	-0.1658  	-0.1186  	-0.4283  	-0.0690  	-0.0563  	-0.1590  	-0.1850  	0.22891  	0.23507  	-0.0582  	0.12887  	0.28731  	0.10051  	-0.0024  	-0.1744  	0.21652  	0.02962  	0.02873  	0.00753  	-0.0280  	-0.0703  	-0.0485  	0.03954  	-0.0146  	0.02944  	-0.0155  	0.00605  	0.01662  	0.00043  	0.02609  	0.00586  	-0.0391  	0.03824  	0.00621  	-0.0301  	0.03060  	0.00353  	-0.0060  	0.03647  	0.00038  	-0.0069  	-0.0242  	0.03589  	-0.0073  	0.02253  	-0.2797  	
-0.3669  	-0.0855  	-0.1121  	0.25732  	-0.0745  	0.21096  	0.10041  	-0.6912  	0.13561  	0.03284  	0.25181  	0.25040  	-0.0656  	-0.7006  	-1.0480  	0.74552  	-0.0691  	0.31887  	-0.2784  	0.44650  	-0.1189  	-0.2420  	-0.4792  	0.23397  	-0.2064  	-0.1064  	-0.4542  	-0.0552  	-0.0297  	-0.1468  	-0.1905  	0.21582  	0.23186  	-0.0556  	0.09865  	0.27137  	0.07654  	-0.0078  	-0.1700  	0.22702  	0.05509  	0.02006  	0.03108  	-0.0230  	-0.0784  	-0.0478  	0.04075  	-0.0082  	0.03873  	-0.0173  	0.00487  	0.01644  	-0.0002  	0.02445  	0.00497  	-0.0362  	0.02794  	0.00358  	-0.0289  	0.02478  	0.00455  	-0.0035  	0.03345  	-0.0047  	-0.0069  	-0.0242  	0.03589  	-0.0073  	0.02253  	-0.2797  	
-0.2892  	-0.0622  	-0.0481  	0.36089  	-0.0249  	0.30408  	0.09471  	-0.6803  	0.14646  	0.02172  	0.18974  	0.31719  	-0.0265  	-0.6946  	-1.0317  	0.80975  	-0.0675  	0.30463  	-0.2903  	0.45210  	-0.1733  	-0.2280  	-0.5371  	0.23658  	-0.1899  	-0.1045  	-0.4517  	0.00860  	-0.0187  	-0.1540  	-0.1720  	0.22996  	0.25964  	-0.0444  	0.07787  	0.27046  	0.04077  	-0.0188  	-0.1418  	0.24918  	0.04336  	0.02553  	0.03477  	-0.0265  	-0.0791  	-0.0487  	0.04239  	-0.0010  	0.04050  	-0.0146  	0.01331  	0.01625  	-0.0017  	0.02147  	0.00490  	-0.0420  	0.03303  	0.00401  	-0.0307  	0.02926  	0.00760  	-0.0039  	0.04064  	0.00047  	-0.0069  	-0.0242  	0.03589  	-0.0073  	0.02253  	-0.2797  	
-0.1486  	-0.0278  	0.00611  	0.44105  	0.03391  	0.31109  	0.13666  	-0.6702  	0.15684  	0.07562  	0.14108  	0.31807  	-0.0132  	-0.6934  	-1.0217  	0.84705  	-0.1166  	0.34113  	-0.2907  	0.48248  	-0.2146  	-0.2400  	-0.5894  	0.17950  	-0.1889  	-0.1210  	-0.4861  	0.05169  	0.00310  	-0.1489  	-0.1803  	0.22562  	0.25894  	-0.0427  	0.11404  	0.29387  	0.01872  	-0.0179  	-0.1229  	0.26986  	0.05687  	0.03489  	0.03398  	-0.0239  	-0.0832  	-0.0491  	0.04495  	0.00927  	0.04418  	-0.0200  	0.01999  	0.01726  	-0.0007  	0.01780  	0.00966  	-0.0389  	0.03806  	0.00423  	-0.0318  	0.02984  	0.00270  	-0.0040  	0.04136  	0.00276  	-0.0069  	-0.0242  	0.03589  	-0.0073  	0.02253  	-0.2797  	
-0.0923  	-0.0313  	0.02878  	0.48864  	0.03283  	0.32388  	0.13794  	-0.6994  	0.17119  	0.10622  	0.19662  	0.33041  	-0.0352  	-0.6834  	-1.0683  	0.89149  	-0.1199  	0.35265  	-0.2985  	0.50953  	-0.1741  	-0.2616  	-0.6290  	0.17581  	-0.1692  	-0.1483  	-0.4911  	0.04705  	-0.0040  	-0.1303  	-0.2140  	0.24181  	0.24060  	-0.0394  	0.15327  	0.31574  	0.03268  	-0.0210  	-0.1381  	0.26263  	0.02671  	0.03564  	0.01881  	-0.0262  	-0.0812  	-0.0444  	0.03893  	0.00265  	0.04502  	-0.0153  	0.02526  	0.01514  	0.00129  	0.02085  	0.01012  	-0.0339  	0.03824  	0.00556  	-0.0274  	0.02766  	0.00080  	-0.0079  	0.03496  	-0.0018  	-0.0069  	-0.0242  	0.03589  	-0.0073  	0.02253  	-0.2797  	
-0.0788  	-0.0335  	0.02018  	0.43222  	0.02181  	0.34493  	0.14644  	-0.7130  	0.15261  	0.09427  	0.20276  	0.27586  	-0.0520  	-0.6818  	-1.0548  	0.88508  	-0.1382  	0.32903  	-0.2905  	0.47430  	-0.1370  	-0.2431  	-0.6186  	0.18390  	-0.1506  	-0.1592  	-0.4512  	0.01252  	-0.0047  	-0.1148  	-0.2059  	0.24566  	0.22416  	-0.0460  	0.16966  	0.33769  	0.07555  	-0.0121  	-0.1626  	0.25525  	0.01593  	0.04372  	0.02308  	-0.0196  	-0.0773  	-0.0431  	0.03542  	-0.0004  	0.04268  	-0.0170  	0.02340  	0.01868  	0.00166  	0.02153  	0.00950  	-0.0357  	0.04021  	0.00824  	-0.0285  	0.02605  	-0.0018  	-0.0090  	0.03739  	-0.0042  	-0.0069  	-0.0242  	0.03589  	-0.0073  	0.02253  	-0.2797  	
-0.0819  	-0.0421  	0.00961  	0.42343  	0.02310  	0.34295  	0.14587  	-0.7201  	0.13522  	0.09448  	0.23094  	0.26933  	-0.0471  	-0.6751  	-1.0818  	0.88340  	-0.1444  	0.31804  	-0.2952  	0.48390  	-0.1182  	-0.2443  	-0.6110  	0.20537  	-0.1531  	-0.1560  	-0.4538  	-0.0026  	-0.0367  	-0.1229  	-0.2126  	0.25127  	0.22622  	-0.0501  	0.18879  	0.33957  	0.09470  	-0.0095  	-0.1755  	0.25365  	0.01576  	0.04703  	0.01699  	-0.0257  	-0.0753  	-0.0443  	0.03435  	-0.0038  	0.04195  	-0.0162  	0.02504  	0.01536  	0.00212  	0.02073  	0.00837  	-0.0361  	0.04285  	0.00829  	-0.0264  	0.02750  	-0.0030  	-0.0073  	0.03633  	-0.0024  	-0.0069  	-0.0242  	0.03589  	-0.0073  	0.02253  	-0.2797  	
-0.0838  	-0.0415  	0.02921  	0.42703  	0.01536  	0.33488  	0.13585  	-0.7267  	0.14344  	0.10888  	0.23886  	0.29025  	-0.0667  	-0.7338  	-1.1228  	0.92693  	-0.1249  	0.35136  	-0.2892  	0.51198  	-0.1569  	-0.2610  	-0.6286  	0.21690  	-0.1726  	-0.1433  	-0.4864  	0.02970  	-0.0440  	-0.1434  	-0.2116  	0.24978  	0.23879  	-0.0493  	0.18256  	0.32917  	0.06949  	-0.0144  	-0.1754  	0.27103  	0.04101  	0.03649  	0.01254  	-0.0215  	-0.0823  	-0.0467  	0.03344  	-0.0035  	0.04441  	-0.0152  	0.02839  	0.01339  	0.00333  	0.02263  	0.00982  	-0.0357  	0.04135  	0.00488  	-0.0290  	0.03112  	0.00055  	-0.0025  	0.03373  	-0.0003  	-0.0069  	-0.0242  	0.03589  	-0.0073  	0.02253  	-0.2797  	
-0.1322  	-0.0620  	-0.0008  	0.39088  	-0.0320  	0.30194  	0.12146  	-0.7166  	0.14052  	0.10836  	0.21354  	0.25490  	-0.0459  	-0.7322  	-1.1162  	0.86461  	-0.1141  	0.34906  	-0.2798  	0.48648  	-0.1568  	-0.2473  	-0.6107  	0.21637  	-0.1382  	-0.1342  	-0.4785  	0.03297  	-0.0137  	-0.1226  	-0.2099  	0.24298  	0.22493  	-0.0533  	0.15257  	0.32682  	0.06359  	-0.0269  	-0.1660  	0.26476  	0.03919  	0.03811  	0.02081  	-0.0191  	-0.0822  	-0.0470  	0.03745  	-0.0030  	0.04169  	-0.0235  	0.02028  	0.01397  	-0.0004  	0.02157  	0.00894  	-0.0356  	0.03830  	0.00325  	-0.0295  	0.03014  	0.00087  	-0.0079  	0.03477  	0.00092  	-0.0069  	-0.0242  	0.03589  	-0.0073  	0.02253  	-0.2797  	
-0.2692  	-0.0988  	-0.0880  	0.41491  	-0.0112  	0.27560  	0.10302  	-0.7374  	0.11573  	0.05663  	0.21055  	0.27250  	-0.0695  	-0.7188  	-1.0719  	0.83919  	-0.0779  	0.30369  	-0.2699  	0.43880  	-0.1442  	-0.2462  	-0.5936  	0.27066  	-0.1064  	-0.1476  	-0.3655  	-0.0205  	-0.0421  	-0.1060  	-0.2136  	0.25744  	0.20998  	-0.0673  	0.15396  	0.33988  	0.08948  	-0.0202  	-0.1877  	0.25540  	0.00967  	0.03480  	0.00945  	-0.0176  	-0.0714  	-0.0493  	0.04048  	-0.0145  	0.04175  	-0.0129  	0.02326  	0.01741  	-0.0005  	0.02500  	0.00977  	-0.0348  	0.03422  	0.00707  	-0.0289  	0.02626  	0.00209  	-0.0127  	0.03783  	-0.0015  	-0.0069  	-0.0242  	0.03589  	-0.0073  	0.02253  	-0.2797  	
-0.2543  	-0.0737  	-0.0737  	0.41811  	-0.0082  	0.31392  	0.07328  	-0.6938  	0.14582  	-0.0147  	0.13558  	0.26675  	-0.0502  	-0.7082  	-0.9893  	0.78009  	-0.0514  	0.28734  	-0.2803  	0.43882  	-0.1020  	-0.2264  	-0.5139  	0.22919  	-0.1680  	-0.1188  	-0.4015  	-0.0366  	-0.0501  	-0.1307  	-0.1974  	0.24081  	0.22479  	-0.0524  	0.13076  	0.27813  	0.09638  	-0.0048  	-0.1780  	0.21433  	0.02990  	0.03088  	0.01296  	-0.0246  	-0.0728  	-0.0461  	0.03852  	-0.0071  	0.03951  	-0.0111  	0.01649  	0.01586  	0.00021  	0.02170  	0.00440  	-0.0344  	0.03384  	0.00742  	-0.0251  	0.02665  	0.00282  	-0.0108  	0.03559  	-0.0023  	-0.0069  	-0.0242  	0.03589  	-0.0073  	0.02253  	-0.2797  	
-0.1565  	-0.0263  	-0.0337  	0.54174  	0.04462  	0.35574  	0.08293  	-0.6424  	0.16178  	-0.0163  	0.14478  	0.32851  	-0.0461  	-0.6107  	-0.8943  	0.78601  	-0.0753  	0.29750  	-0.2852  	0.44241  	-0.0594  	-0.2216  	-0.5481  	0.24518  	-0.2042  	-0.1175  	-0.4096  	-0.0698  	-0.0818  	-0.1166  	-0.2105  	0.23310  	0.25966  	-0.0573  	0.17179  	0.23761  	0.10851  	-0.0111  	-0.1834  	0.21500  	0.01475  	0.03454  	0.02397  	-0.0281  	-0.0750  	-0.0495  	0.04138  	-0.0130  	0.04396  	-0.0174  	0.01529  	0.01228  	-0.0002  	0.01956  	0.00346  	-0.0331  	0.03485  	0.00594  	-0.0276  	0.02927  	-0.0025  	-0.0026  	0.03324  	-0.0031  	-0.0069  	-0.0242  	0.03589  	-0.0073  	0.02253  	-0.2797  	
-0.1463  	-0.0212  	-0.0246  	0.57647  	0.04579  	0.37545  	0.07596  	-0.6345  	0.17623  	-0.0211  	0.14299  	0.33996  	-0.0337  	-0.5977  	-0.8595  	0.78752  	-0.0712  	0.29176  	-0.2853  	0.44617  	-0.0359  	-0.2320  	-0.5346  	0.24874  	-0.2219  	-0.1196  	-0.4317  	-0.0681  	-0.0831  	-0.1304  	-0.2059  	0.23518  	0.26340  	-0.0524  	0.16697  	0.21763  	0.10916  	-0.0085  	-0.1857  	0.22047  	0.02659  	0.02746  	0.01718  	-0.0228  	-0.0770  	-0.0505  	0.04099  	-0.0111  	0.04221  	-0.0144  	0.01152  	0.01231  	-0.0017  	0.02108  	0.00494  	-0.0335  	0.03526  	0.00722  	-0.0293  	0.02847  	0.00151  	-0.0040  	0.03305  	-0.0014  	-0.0069  	-0.0242  	0.03589  	-0.0073  	0.02253  	-0.2797  	
-0.0695  	0.00851  	0.03046  	0.51569  	0.02786  	0.40691  	0.10488  	-0.6217  	0.18327  	0.00780  	0.16159  	0.31741  	-0.0065  	-0.5835  	-0.9625  	0.86611  	-0.0983  	0.32240  	-0.2580  	0.47250  	-0.0490  	-0.2446  	-0.5971  	0.22220  	-0.1717  	-0.1478  	-0.4364  	-0.0669  	-0.0610  	-0.1437  	-0.2090  	0.22998  	0.27662  	-0.0458  	0.17133  	0.25126  	0.10826  	-0.0011  	-0.1652  	0.23705  	0.04379  	0.01989  	0.02634  	-0.0209  	-0.0761  	-0.0418  	0.03470  	0.00064  	0.04155  	-0.0063  	0.01420  	0.01397  	0.00117  	0.02515  	0.00880  	-0.0306  	0.03105  	0.00425  	-0.0298  	0.03141  	0.00203  	-0.0066  	0.03333  	-0.0050  	-0.0069  	-0.0242  	0.03589  	-0.0073  	0.02253  	-0.2797  	
-0.0519  	-0.0340  	-0.0001  	0.49783  	0.05186  	0.37118  	0.13551  	-0.6917  	0.17447  	0.05127  	0.16541  	0.31950  	-0.0127  	-0.6588  	-1.0687  	0.89310  	-0.1164  	0.33296  	-0.2658  	0.51262  	-0.1460  	-0.2248  	-0.6380  	0.23046  	-0.1397  	-0.1477  	-0.4451  	0.01616  	-0.0224  	-0.1123  	-0.2080  	0.23260  	0.23849  	-0.0482  	0.15953  	0.31299  	0.08010  	-0.0225  	-0.1576  	0.24027  	0.00343  	0.04052  	0.02766  	-0.0278  	-0.0683  	-0.0462  	0.03363  	0.00362  	0.05026  	-0.0131  	0.02500  	0.01364  	0.00241  	0.01961  	0.00816  	-0.0312  	0.04026  	0.00782  	-0.0270  	0.02900  	-0.0018  	-0.0151  	0.03490  	-0.0014  	-0.0069  	-0.0242  	0.03589  	-0.0073  	0.02253  	-0.2797  	
-0.0174  	-0.0025  	-0.0534  	0.79140  	0.21275  	0.44036  	0.13661  	-0.6475  	0.16747  	-0.0058  	0.04992  	0.38400  	0.00875  	-0.4900  	-0.8717  	0.87104  	-0.0982  	0.28271  	-0.2964  	0.50566  	-0.1043  	-0.2102  	-0.6672  	0.27346  	-0.0665  	-0.1413  	-0.3642  	0.01459  	-0.0131  	-0.0696  	-0.2387  	0.23798  	0.24691  	-0.0514  	0.18044  	0.28415  	0.04887  	-0.0424  	-0.1234  	0.26967  	-0.0445  	0.06367  	0.00502  	-0.0332  	-0.0732  	-0.0367  	0.02247  	0.01127  	0.05352  	-0.0125  	0.02361  	0.01497  	0.00280  	0.02545  	0.00536  	-0.0275  	0.03691  	0.00387  	-0.0212  	0.03065  	-0.0054  	-0.0131  	0.02880  	-0.0033  	-0.0069  	-0.0242  	0.03589  	-0.0073  	0.02253  	-0.2797  	
0.00616  	0.02527  	-0.0793  	0.94383  	0.27880  	0.45515  	0.13494  	-0.6218  	0.16206  	-0.0452  	-0.0708  	0.39149  	0.06117  	-0.3250  	-0.6665  	0.80112  	-0.1042  	0.26527  	-0.2824  	0.44447  	-0.1326  	-0.1765  	-0.6552  	0.24195  	-0.0197  	-0.1572  	-0.3437  	0.03487  	0.07005  	-0.0196  	-0.2547  	0.23147  	0.23384  	-0.0528  	0.21428  	0.23927  	0.00782  	-0.0413  	-0.1283  	0.27519  	-0.0536  	0.05137  	0.00588  	-0.0262  	-0.0755  	-0.0489  	0.02755  	0.00353  	0.05750  	-0.0240  	0.02107  	0.01350  	0.00018  	0.01937  	0.00533  	-0.0248  	0.03239  	0.00164  	-0.0177  	0.03191  	-0.0075  	-0.0022  	0.02579  	-0.0067  	-0.0069  	-0.0242  	0.03589  	-0.0073  	0.02253  	-0.2797  	
-0.0126  	0.02994  	-0.0550  	0.91006  	0.27624  	0.45150  	0.11678  	-0.6139  	0.17175  	-0.0293  	-0.1282  	0.42451  	0.07459  	-0.3261  	-0.6522  	0.80261  	-0.0953  	0.30167  	-0.2874  	0.46964  	-0.1288  	-0.1818  	-0.6280  	0.23054  	-0.0785  	-0.1483  	-0.3834  	0.02268  	0.07334  	-0.0393  	-0.2377  	0.22252  	0.26253  	-0.0315  	0.18795  	0.21773  	0.00439  	-0.0389  	-0.1160  	0.27002  	-0.0412  	0.03845  	0.00372  	-0.0178  	-0.0774  	-0.0471  	0.02959  	0.00741  	0.05451  	-0.0201  	0.01651  	0.00732  	-0.0002  	0.01754  	-0.0007  	-0.0246  	0.03588  	0.00435  	-0.0247  	0.02992  	-0.0013  	-0.0012  	0.02830  	-0.0108  	-0.0069  	-0.0242  	0.03589  	-0.0073  	0.02253  	-0.2797  	
-0.0471  	0.00681  	-0.0384  	0.78932  	0.20227  	0.48981  	0.14966  	-0.6259  	0.18572  	-0.0141  	-0.0740  	0.38484  	0.05934  	-0.4589  	-0.7578  	0.83481  	-0.0973  	0.31766  	-0.2828  	0.48942  	-0.1412  	-0.1744  	-0.6032  	0.23074  	-0.1445  	-0.1415  	-0.4463  	0.05367  	0.04584  	-0.0745  	-0.2294  	0.21095  	0.26470  	-0.0290  	0.13499  	0.23961  	0.01528  	-0.0391  	-0.1187  	0.28011  	-0.0102  	0.03199  	0.00780  	-0.0214  	-0.0785  	-0.0434  	0.03101  	0.01848  	0.05339  	-0.0113  	0.01786  	0.00987  	-0.0037  	0.02127  	0.00569  	-0.0345  	0.03918  	0.00907  	-0.0282  	0.02465  	0.00135  	-0.0094  	0.03497  	-0.0048  	-0.0069  	-0.0242  	0.03589  	-0.0073  	0.02253  	-0.2797  	
-0.0922  	-0.0083  	-0.0412  	0.63644  	0.13399  	0.40739  	0.13602  	-0.6471  	0.14211  	-0.0190  	0.00601  	0.34849  	0.02551  	-0.5675  	-0.8261  	0.80996  	-0.0924  	0.33312  	-0.2634  	0.46957  	-0.1040  	-0.2072  	-0.5875  	0.26179  	-0.1552  	-0.1411  	-0.4216  	-0.0152  	-0.0241  	-0.1063  	-0.2235  	0.24290  	0.27017  	-0.0497  	0.12605  	0.23167  	0.06074  	-0.0243  	-0.1760  	0.24014  	-0.0012  	0.03029  	0.02399  	-0.0187  	-0.0767  	-0.0419  	0.03725  	0.00736  	0.05768  	-0.0133  	0.02089  	0.01310  	-0.0003  	0.01389  	0.00504  	-0.0305  	0.03570  	0.00344  	-0.0270  	0.03076  	-0.0011  	-0.0046  	0.03070  	-0.0091  	-0.0069  	-0.0242  	0.03589  	-0.0073  	0.02253  	-0.2797  	
-0.1880  	-0.0343  	-0.0666  	0.48905  	0.05125  	0.33075  	0.10490  	-0.7048  	0.12880  	0.02613  	0.15633  	0.32369  	-0.0468  	-0.6986  	-1.0108  	0.83056  	-0.1188  	0.32847  	-0.2672  	0.48433  	-0.1112  	-0.2508  	-0.5692  	0.24930  	-0.1682  	-0.1320  	-0.4040  	-0.0588  	-0.0650  	-0.1247  	-0.2143  	0.23435  	0.24278  	-0.0551  	0.14959  	0.27711  	0.07058  	-0.0090  	-0.1606  	0.24386  	0.02127  	0.03072  	0.01445  	-0.0068  	-0.0812  	-0.0439  	0.03529  	-0.0011  	0.03630  	-0.0155  	0.02124  	0.01526  	0.00717  	0.01977  	0.00128  	-0.0319  	0.03972  	0.01108  	-0.0251  	0.02894  	0.00149  	-0.0071  	0.03820  	-0.0051  	-0.0069  	-0.0242  	0.03589  	-0.0073  	0.02253  	-0.2797  	
-0.2118  	-0.0625  	-0.0712  	0.46797  	0.00914  	0.28950  	0.12429  	-0.7331  	0.13363  	0.04503  	0.20002  	0.28547  	-0.0695  	-0.7257  	-1.0312  	0.83831  	-0.0922  	0.31213  	-0.2740  	0.47187  	-0.1454  	-0.2472  	-0.5772  	0.23509  	-0.1298  	-0.1267  	-0.4121  	-0.0205  	-0.0453  	-0.1077  	-0.2124  	0.24192  	0.22535  	-0.0621  	0.13559  	0.30680  	0.09172  	-0.0097  	-0.1698  	0.23691  	0.02797  	0.02829  	0.01717  	-0.0190  	-0.0785  	-0.0399  	0.03267  	-0.0012  	0.03846  	-0.0174  	0.01881  	0.01631  	0.00535  	0.02562  	0.00517  	-0.0330  	0.03272  	0.00825  	-0.0252  	0.02907  	-0.0017  	-0.0072  	0.03910  	-0.0047  	-0.0069  	-0.0242  	0.03589  	-0.0073  	0.02253  	-0.2797  	
-0.2388  	-0.0483  	-0.0395  	0.46244  	0.01051  	0.25289  	0.09709  	-0.6929  	0.13146  	0.03267  	0.17080  	0.27390  	-0.0246  	-0.7897  	-1.0009  	0.79424  	-0.0029  	0.18483  	-0.2073  	0.26224  	-0.1286  	-0.4289  	-0.7935  	0.22843  	-0.1852  	-0.0455  	-0.4271  	-0.0696  	0.04083  	-0.1221  	-0.1187  	0.20869  	0.14630  	-0.1937  	0.06516  	0.30020  	0.00107  	-0.0072  	-0.2597  	0.17551  	0.11182  	0.12600  	-0.0721  	0.04876  	-0.1287  	-0.0257  	0.01629  	0.01796  	0.03216  	-0.0360  	0.02209  	0.01921  	0.00292  	0.04266  	0.01358  	-0.0406  	0.03323  	0.00075  	-0.0254  	0.03629  	0.00178  	-0.0161  	0.02645  	-0.0030  	-0.0069  	-0.0242  	0.03589  	-0.0073  	0.02253  	-0.2797  	
-0.2673  	-0.0604  	-0.0104  	0.46656  	0.01101  	0.18491  	0.08229  	-0.6527  	0.11314  	0.02882  	0.18330  	0.30570  	0.01294  	-0.8306  	-1.0215  	0.73463  	0.04427  	0.10632  	-0.1611  	0.12249  	-0.1216  	-0.5649  	-0.9663  	0.23022  	-0.2287  	0.02301  	-0.4620  	-0.0989  	0.10577  	-0.1498  	-0.0403  	0.16704  	0.09061  	-0.2926  	-0.0095  	0.28061  	-0.0894  	-0.0186  	-0.3249  	0.13522  	0.15479  	0.21193  	-0.1492  	0.10537  	-0.1667  	-0.0185  	-0.0023  	0.03211  	0.03029  	-0.0421  	0.02864  	0.02277  	0.00327  	0.05015  	0.01467  	-0.0403  	0.03245  	-0.0098  	-0.0264  	0.04165  	0.01041  	-0.0148  	0.01447  	-0.0047  	-0.0069  	-0.0242  	0.03589  	-0.0073  	0.02253  	-0.2797  	
-0.3557  	-0.0777  	-0.0814  	0.46636  	0.04738  	0.13345  	0.08547  	-0.6337  	0.09169  	0.05077  	0.21193  	0.32146  	0.03284  	-0.7524  	-0.9670  	0.66131  	0.04936  	0.08212  	-0.1841  	0.05879  	-0.1075  	-0.5872  	-1.0170  	0.22959  	-0.2798  	0.03959  	-0.4838  	-0.1191  	0.17804  	-0.1475  	-0.0081  	0.13533  	0.08148  	-0.3067  	-0.0304  	0.26018  	-0.1540  	-0.0392  	-0.3172  	0.13050  	0.16201  	0.23766  	-0.1757  	0.09974  	-0.1719  	-0.0132  	0.00387  	0.03830  	0.02205  	-0.0378  	0.02239  	0.02156  	0.00119  	0.04789  	0.01484  	-0.0460  	0.02838  	-0.0132  	-0.0287  	0.04250  	0.00959  	-0.0170  	0.00740  	-0.0038  	-0.0069  	-0.0242  	0.03589  	-0.0073  	0.02253  	-0.2797  	
-0.4114  	-0.0788  	-0.1620  	0.45093  	0.07849  	0.09409  	0.06273  	-0.5995  	0.11344  	0.03457  	0.30999  	0.34175  	0.02705  	-0.6903  	-0.9709  	0.64816  	0.02048  	0.07093  	-0.2034  	0.15227  	-0.0209  	-0.5745  	-0.9689  	0.26515  	-0.3074  	0.03485  	-0.4727  	-0.1073  	0.10170  	-0.1675  	-0.0305  	0.13469  	0.10752  	-0.2803  	0.04736  	0.23122  	-0.0909  	-0.0356  	-0.3209  	0.12915  	0.10481  	0.22848  	-0.1812  	0.07212  	-0.1563  	-0.0179  	0.01475  	0.01461  	0.02141  	-0.0310  	0.02332  	0.02041  	-0.0024  	0.05278  	0.01362  	-0.0417  	0.03037  	-0.0114  	-0.0282  	0.04519  	0.00641  	-0.0081  	0.00600  	-0.0020  	-0.0069  	-0.0242  	0.03589  	-0.0073  	0.02253  	-0.2797  	
-0.4083  	-0.0935  	-0.1814  	0.40701  	0.05791  	0.08166  	0.08412  	-0.6292  	0.13723  	0.07242  	0.32297  	0.36940  	0.01003  	-0.6710  	-1.0100  	0.69822  	-0.0321  	0.18912  	-0.2360  	0.32182  	-0.0512  	-0.4250  	-0.8174  	0.23555  	-0.2753  	-0.0284  	-0.4842  	-0.0675  	0.03240  	-0.1546  	-0.0932  	0.16716  	0.18642  	-0.1757  	0.08866  	0.23817  	-0.0281  	-0.0268  	-0.2481  	0.17308  	0.06149  	0.14183  	-0.1059  	0.02404  	-0.1154  	-0.0334  	0.02405  	0.00590  	0.02561  	-0.0211  	0.01731  	0.01889  	-0.0027  	0.04053  	0.01230  	-0.0372  	0.03148  	-0.0057  	-0.0309  	0.03972  	0.00912  	-0.0069  	0.02012  	-0.0019  	-0.0069  	-0.0242  	0.03589  	-0.0073  	0.02253  	-0.2797  	
-0.3495  	-0.0763  	-0.1166  	0.30127  	-0.0358  	0.20648  	0.10170  	-0.6899  	0.14353  	0.08793  	0.23462  	0.31558  	-0.0147  	-0.6415  	-1.0955  	0.73163  	-0.0892  	0.31586  	-0.2812  	0.46793  	-0.1277  	-0.2219  	-0.5297  	0.20838  	-0.1930  	-0.1228  	-0.4844  	-0.0222  	-0.0203  	-0.1382  	-0.1712  	0.19933  	0.24408  	-0.0505  	0.09240  	0.26655  	0.03363  	-0.0311  	-0.1342  	0.24649  	0.03688  	0.01867  	0.02710  	-0.0268  	-0.0701  	-0.0454  	0.04015  	0.00204  	0.04219  	-0.0126  	0.00541  	0.01384  	-0.0025  	0.02137  	0.00314  	-0.0399  	0.03153  	0.00374  	-0.0294  	0.02588  	0.00612  	-0.0055  	0.03320  	-0.0043  	-0.0069  	-0.0242  	0.03589  	-0.0073  	0.02253  	-0.2797  	
-0.2236  	-0.0390  	-0.0414  	0.45670  	-0.0030  	0.33029  	0.10542  	-0.6452  	0.17867  	0.03868  	0.13679  	0.33510  	-0.0195  	-0.6115  	-0.9626  	0.77593  	-0.0808  	0.30713  	-0.2782  	0.47430  	-0.1095  	-0.2260  	-0.5507  	0.22129  	-0.2057  	-0.1152  	-0.4599  	-0.0126  	-0.0386  	-0.1382  	-0.1827  	0.22047  	0.25896  	-0.0478  	0.11239  	0.24155  	0.06359  	-0.0175  	-0.1523  	0.24096  	0.02633  	0.01863  	0.03650  	-0.0214  	-0.0805  	-0.0476  	0.03828  	0.00077  	0.04217  	-0.0124  	0.01271  	0.01636  	-0.0041  	0.02165  	0.00311  	-0.0371  	0.03459  	-0.0011  	-0.0280  	0.02669  	0.00245  	0.00188  	0.03628  	-0.0014  	-0.0069  	-0.0242  	0.03589  	-0.0073  	0.02253  	-0.2797  	
-0.1145  	-0.0100  	-0.0082  	0.47718  	0.04846  	0.34561  	0.11773  	-0.6822  	0.16271  	0.07120  	0.15038  	0.34886  	-0.0131  	-0.6290  	-1.0368  	0.86341  	-0.1002  	0.34599  	-0.2746  	0.50022  	-0.1625  	-0.2540  	-0.6140  	0.18972  	-0.1918  	-0.1341  	-0.5032  	0.02911  	-0.0032  	-0.1396  	-0.1929  	0.22159  	0.25460  	-0.0356  	0.12206  	0.29222  	0.03496  	-0.0220  	-0.1382  	0.25818  	0.05959  	0.01844  	0.03888  	-0.0163  	-0.0823  	-0.0456  	0.03250  	0.00841  	0.04575  	-0.0131  	0.01356  	0.01331  	-0.0030  	0.02186  	0.00809  	-0.0329  	0.03241  	0.00062  	-0.0258  	0.02867  	0.00095  	-3.5533  	0.03231  	-0.0068  	-0.0069  	-0.0242  	0.03589  	-0.0073  	0.02253  	-0.2797  	
-0.0938  	-0.0318  	0.02155  	0.47202  	-0.0041  	0.37306  	0.09883  	-0.6694  	0.16487  	0.05041  	0.20139  	0.30245  	-0.0328  	-0.6714  	-1.0123  	0.87756  	-0.1173  	0.33736  	-0.2657  	0.49282  	-0.0779  	-0.2449  	-0.5821  	0.21773  	-0.1664  	-0.1442  	-0.4481  	-0.0121  	-0.0733  	-0.1391  	-0.2075  	0.23442  	0.24702  	-0.0543  	0.19236  	0.28320  	0.09275  	-0.0003  	-0.1737  	0.23302  	0.01991  	0.03200  	0.02260  	-0.0178  	-0.0823  	-0.0427  	0.03595  	0.00098  	0.04047  	-0.0165  	0.02853  	0.01652  	0.00428  	0.01880  	0.00830  	-0.0297  	0.03644  	0.00661  	-0.0271  	0.03035  	0.00337  	-0.0142  	0.03583  	-0.0007  	-0.0069  	-0.0242  	0.03589  	-0.0073  	0.02253  	-0.2797  	
-0.1997  	-0.0824  	-0.0565  	0.40098  	-0.0279  	0.30925  	0.11524  	-0.7318  	0.11669  	0.00587  	0.23991  	0.22967  	-0.0899  	-0.7353  	-1.0047  	0.81234  	-0.0985  	0.28213  	-0.2947  	0.43664  	-0.0791  	-0.2317  	-0.5508  	0.26963  	-0.1395  	-0.1436  	-0.3782  	-0.0928  	-0.0865  	-0.1312  	-0.1978  	0.26499  	0.22045  	-0.0598  	0.19071  	0.30781  	0.13893  	-0.0003  	-0.2009  	0.23116  	0.01452  	0.03286  	0.00416  	-0.0200  	-0.0731  	-0.0411  	0.04232  	-0.0178  	0.03733  	-0.0066  	0.02203  	0.01903  	0.00063  	0.02260  	0.00887  	-0.0312  	0.03589  	0.00904  	-0.0300  	0.02959  	-0.0015  	-0.0133  	0.03662  	-0.0020  	-0.0069  	-0.0242  	0.03589  	-0.0073  	0.02253  	-0.2797  	
-0.1450  	-0.0722  	-0.0325  	0.39639  	-0.0201  	0.33606  	0.12380  	-0.7164  	0.13816  	0.04840  	0.23582  	0.24501  	-0.0697  	-0.7567  	-1.0583  	0.88694  	-0.0873  	0.28664  	-0.2665  	0.45664  	-0.1118  	-0.2515  	-0.5786  	0.28124  	-0.1616  	-0.1469  	-0.3916  	-0.0446  	-0.1013  	-0.1358  	-0.2030  	0.27375  	0.21810  	-0.0551  	0.18470  	0.30516  	0.12965  	-0.0057  	-0.1935  	0.24175  	0.01248  	0.03866  	-0.0021  	-0.0236  	-0.0724  	-0.0467  	0.03392  	-0.0138  	0.04199  	-0.0097  	0.01489  	0.01652  	0.00040  	0.02340  	0.01233  	-0.0276  	0.03465  	0.00375  	-0.0318  	0.03355  	-0.0015  	-0.0078  	0.02888  	-0.0025  	-0.0069  	-0.0242  	0.03589  	-0.0073  	0.02253  	-0.2797  	
0.09148  	0.00911  	0.07259  	0.57892  	0.14494  	0.41709  	0.12576  	-0.6671  	0.12592  	0.09305  	0.15521  	0.25527  	0.02180  	-0.5036  	-0.8212  	0.87816  	-0.1192  	0.22053  	-0.2735  	0.40902  	0.03187  	-0.1614  	-0.6362  	0.33647  	-0.2894  	-0.1338  	-0.3343  	-0.2373  	-0.2828  	-0.1488  	-0.2300  	0.29627  	0.24411  	-0.0913  	0.30948  	0.25891  	0.22464  	-0.0205  	-0.2284  	0.27479  	-0.0136  	0.04787  	-0.0022  	-0.0132  	-0.0739  	-0.0451  	0.03645  	-0.0031  	0.05622  	-0.0121  	0.00740  	0.00782  	-0.0088  	0.01705  	0.00115  	-0.0384  	0.02610  	-0.0017  	-0.0383  	0.03605  	-3.7644  	-0.0038  	0.02113  	-0.0091  	-0.0069  	-0.0242  	0.03589  	-0.0073  	0.02253  	-0.2797  	
0.20983  	0.06762  	0.13395  	0.72403  	0.15318  	0.47264  	0.16325  	-0.6223  	0.16104  	0.09829  	0.01594  	0.23449  	0.07477  	-0.3709  	-0.6064  	0.73861  	-0.1162  	0.22574  	-0.2892  	0.38330  	-0.0442  	-0.1745  	-0.6045  	0.35583  	-0.1495  	-0.1446  	-0.3136  	-0.2534  	-0.1133  	-0.1089  	-0.2219  	0.27075  	0.24658  	-0.0623  	0.30335  	0.24802  	0.13735  	-0.0130  	-0.1639  	0.28597  	-0.0601  	0.05023  	0.00676  	-0.0181  	-0.0761  	-0.0508  	0.01990  	0.02515  	0.05368  	-0.0113  	0.03344  	0.00927  	0.00053  	0.01045  	0.01358  	-0.0198  	0.03179  	0.00383  	-0.0366  	0.04151  	0.00490  	-0.0049  	0.03553  	0.00183  	-0.0069  	-0.0242  	0.03589  	-0.0073  	0.02253  	-0.2797  	
0.18482  	0.10006  	0.17203  	0.68533  	0.13180  	0.52568  	0.18613  	-0.5819  	0.18869  	0.11043  	-0.1041  	0.15382  	0.16601  	-0.2781  	-0.6548  	0.74599  	-0.1036  	0.22149  	-0.2669  	0.27903  	-0.1257  	-0.0935  	-0.5423  	0.24683  	-0.0563  	-0.1513  	-0.2867  	-0.2474  	-0.0395  	-0.0398  	-0.1913  	0.22160  	0.23516  	-0.0429  	0.16546  	0.22535  	0.08409  	-0.0268  	-0.1134  	0.25514  	-0.0133  	0.04631  	0.04150  	-0.0007  	-0.0945  	-0.0496  	0.01588  	0.04620  	0.07502  	-0.0166  	0.01259  	0.01768  	0.00259  	0.02918  	0.01011  	-0.0221  	0.02340  	0.00090  	-0.0342  	0.03200  	0.00643  	0.00347  	0.03591  	-0.0124  	-0.0069  	-0.0242  	0.03589  	-0.0073  	0.02253  	-0.2797  	
0.11167  	0.06622  	0.04174  	0.71393  	0.17003  	0.42397  	0.15372  	-0.5820  	0.17568  	0.10773  	-0.1287  	0.15371  	0.12476  	-0.2426  	-0.5846  	0.65390  	-0.0672  	0.18605  	-0.2785  	0.30147  	-0.0743  	-0.1129  	-0.5711  	0.28823  	0.01240  	-0.1816  	-0.1993  	-0.2375  	-0.0164  	-0.0350  	-0.2358  	0.23701  	0.20400  	-0.0507  	0.22623  	0.23413  	0.08883  	-0.0477  	-0.1049  	0.29834  	-0.0836  	0.06256  	-0.0060  	-0.0121  	-0.0654  	-0.0484  	0.01913  	0.02610  	0.06741  	-0.0149  	0.02174  	0.01160  	-0.0017  	0.02516  	0.00836  	-0.0203  	0.02669  	0.00571  	-0.0275  	0.04137  	0.00725  	0.00121  	0.03644  	-0.0084  	-0.0069  	-0.0242  	0.03589  	-0.0073  	0.02253  	-0.2797  	
0.06014  	0.00578  	0.01486  	0.98120  	0.24326  	0.45569  	0.14479  	-0.6355  	0.15470  	-0.0143  	-0.1240  	0.33854  	0.08958  	-0.3173  	-0.5442  	0.71861  	-0.0730  	0.21287  	-0.3079  	0.37148  	-0.0850  	-0.1153  	-0.5786  	0.27559  	-0.0194  	-0.1519  	-0.2830  	-0.1308  	-0.0138  	-0.0299  	-0.2559  	0.22224  	0.24178  	-0.0408  	0.23872  	0.22858  	0.06626  	-0.0420  	-0.1393  	0.25454  	-0.0906  	0.08071  	0.00396  	-0.0274  	-0.0738  	-0.0474  	0.02880  	0.02080  	0.07148  	-0.0227  	0.00836  	0.01126  	-0.0045  	0.02583  	0.00667  	-0.0264  	0.03381  	0.00256  	-0.0282  	0.03117  	-0.0009  	-0.0051  	0.03750  	-0.0054  	-0.0069  	-0.0242  	0.03589  	-0.0073  	0.02253  	-0.2797  	
0.08231  	0.03848  	0.02591  	0.90954  	0.21665  	0.53613  	0.12725  	-0.5626  	0.17729  	-0.0184  	-0.1041  	0.33510  	0.08742  	-0.3890  	-0.6614  	0.83466  	-0.1034  	0.25103  	-0.3094  	0.43400  	-0.0873  	-0.1249  	-0.6098  	0.25315  	-0.1135  	-0.1554  	-0.3568  	-0.0694  	-0.0025  	-0.0497  	-0.2606  	0.22611  	0.26051  	-0.0375  	0.22245  	0.23180  	0.04732  	-0.0383  	-0.1302  	0.26180  	-0.0472  	0.05324  	0.02332  	-0.0346  	-0.0670  	-0.0453  	0.02618  	0.01194  	0.06362  	-0.0202  	0.01784  	0.01284  	1.10268  	0.02047  	0.00249  	-0.0269  	0.03031  	0.00367  	-0.0271  	0.02962  	-0.0025  	-0.0044  	0.03122  	-0.0074  	-0.0069  	-0.0242  	0.03589  	-0.0073  	0.02253  	-0.2797  	
0.14860  	-0.0090  	0.10277  	0.74284  	0.15103  	0.47072  	0.15574  	-0.5949  	0.18260  	0.03668  	0.10738  	0.33078  	0.04064  	-0.5040  	-0.9149  	0.96921  	-0.1209  	0.29869  	-0.2828  	0.46968  	-0.0698  	-0.1795  	-0.6577  	0.28200  	-0.1204  	-0.1647  	-0.4295  	-0.1003  	-0.0673  	-0.0972  	-0.2391  	0.24647  	0.24932  	-0.0547  	0.24080  	0.24185  	0.10338  	-0.0193  	-0.1560  	0.27889  	-0.0131  	0.02705  	0.02823  	-0.0352  	-0.0807  	-0.0386  	0.02549  	0.01215  	0.05929  	-0.0204  	0.02583  	0.00977  	-0.0017  	0.01633  	0.00538  	-0.0286  	0.03355  	0.00242  	-0.0373  	0.02790  	-0.0083  	-0.0100  	0.04139  	-0.0085  	-0.0069  	-0.0242  	0.03589  	-0.0073  	0.02253  	-0.2797  	
-0.1362  	-0.0418  	0.01535  	0.41389  	0.00574  	0.33884  	0.14374  	-0.6794  	0.14426  	0.07811  	0.19091  	0.28706  	-0.0519  	-0.6406  	-1.1044  	0.88935  	-0.1286  	0.35157  	-0.2768  	0.52028  	-0.0942  	-0.2248  	-0.6023  	0.26922  	-0.0951  	-0.1513  	-0.3596  	-0.0827  	-0.0612  	-0.1184  	-0.1959  	0.23376  	0.23420  	-0.0557  	0.16703  	0.30720  	0.10964  	-0.0071  	-0.1683  	0.26150  	0.01884  	0.02922  	0.02318  	-0.0161  	-0.0771  	-0.0450  	0.03675  	0.00144  	0.03676  	-0.0144  	0.02085  	0.01956  	-0.0023  	0.02299  	0.00870  	-0.0364  	0.04218  	0.00728  	-0.0280  	0.03050  	0.00019  	-0.0167  	0.03615  	-0.0038  	-0.0069  	-0.0242  	0.03589  	-0.0073  	0.02253  	-0.2797  	
-0.2900  	-0.0806  	-0.0946  	0.41821  	-0.0159  	0.25796  	0.13904  	-0.7381  	0.11614  	0.04499  	0.17582  	0.26224  	-0.0501  	-0.6960  	-1.0573  	0.77177  	-0.0973  	0.34929  	-0.2896  	0.46012  	-0.1566  	-0.2402  	-0.5872  	0.24616  	-0.0945  	-0.1405  	-0.3933  	-0.0131  	0.01592  	-0.1191  	-0.2049  	0.23961  	0.23392  	-0.0511  	0.11924  	0.31650  	0.06229  	-0.0106  	-0.1688  	0.26489  	0.03524  	0.02562  	0.02101  	-0.0203  	-0.0664  	-0.0444  	0.03967  	-0.0089  	0.03259  	-0.0209  	0.01457  	0.01355  	0.00187  	0.02368  	0.00516  	-0.0357  	0.03539  	0.00529  	-0.0264  	0.03528  	0.00264  	-0.0128  	0.03171  	-0.0032  	-0.0069  	-0.0242  	0.03589  	-0.0073  	0.02253  	-0.2797  	
-0.3425  	-0.1164  	-0.1310  	0.32646  	-0.0446  	0.20985  	0.11797  	-0.7349  	0.11262  	0.06007  	0.25244  	0.26646  	-0.0681  	-0.7174  	-1.0962  	0.74609  	-0.0883  	0.33694  	-0.2887  	0.48128  	-0.1326  	-0.2449  	-0.5412  	0.22543  	-0.1691  	-0.1246  	-0.4382  	-0.0168  	0.00143  	-0.1420  	-0.2005  	0.22885  	0.22306  	-0.0521  	0.10925  	0.30104  	0.07452  	-0.0017  	-0.1645  	0.22939  	0.05750  	0.02351  	0.00653  	-0.0247  	-0.0683  	-0.0463  	0.04229  	-0.0112  	0.02951  	-0.0198  	0.00582  	0.01724  	0.00385  	0.02034  	0.00600  	-0.0411  	0.03557  	0.00606  	-0.0280  	0.02796  	0.00714  	-0.0085  	0.03258  	-0.0031  	-0.0069  	-0.0242  	0.03589  	-0.0073  	0.02253  	-0.2797  	
-0.3732  	-0.1015  	-0.1187  	0.33246  	-0.0257  	0.21415  	0.09659  	-0.7248  	0.12711  	0.04297  	0.20104  	0.26252  	-0.0599  	-0.7448  	-1.0668  	0.76766  	-0.0648  	0.33715  	-0.2801  	0.46699  	-0.1658  	-0.2496  	-0.5234  	0.19567  	-0.1941  	-0.1118  	-0.4703  	-0.0035  	0.00735  	-0.1326  	-0.1837  	0.22176  	0.22834  	-0.0492  	0.07073  	0.29007  	0.05313  	-0.0051  	-0.1544  	0.23316  	0.06539  	0.01436  	0.03104  	-0.0166  	-0.0740  	-0.0455  	0.04149  	-0.0114  	0.03459  	-0.0184  	0.00516  	0.01676  	0.00222  	0.02251  	0.00721  	-0.0425  	0.03146  	0.00623  	-0.0291  	0.02821  	0.00580  	-0.0064  	0.03361  	-0.0004  	-0.0069  	-0.0242  	0.03589  	-0.0073  	0.02253  	-0.2797  	
-0.3432  	-0.0749  	-0.0729  	0.32217  	-0.0448  	0.25767  	0.09398  	-0.6890  	0.14153  	0.04013  	0.20123  	0.29672  	-0.0443  	-0.7069  	-1.0484  	0.80973  	-0.0598  	0.31373  	-0.2786  	0.46073  	-0.1512  	-0.2235  	-0.5115  	0.21704  	-0.1880  	-0.1060  	-0.4685  	0.01425  	-0.0286  	-0.1493  	-0.1697  	0.21642  	0.24489  	-0.0506  	0.07295  	0.26847  	0.05295  	-0.0225  	-0.1443  	0.23018  	0.04975  	0.02391  	0.02904  	-0.0247  	-0.0791  	-0.0467  	0.03856  	0.00135  	0.03992  	-0.0133  	0.00808  	0.01824  	-0.0031  	0.02288  	0.00560  	-0.0391  	0.03105  	0.00324  	-0.0272  	0.02863  	0.00407  	0.00131  	0.03634  	-0.0008  	-0.0069  	-0.0242  	0.03589  	-0.0073  	0.02253  	-0.2797  	
-0.1733  	-0.0313  	-0.0211  	0.42505  	0.01030  	0.32362  	0.11795  	-0.6653  	0.15388  	0.04424  	0.15005  	0.33132  	-0.0140  	-0.6669  	-1.0203  	0.83478  	-0.1072  	0.32549  	-0.2983  	0.47332  	-0.1907  	-0.2352  	-0.5836  	0.19924  	-0.1969  	-0.1233  	-0.4862  	0.02852  	0.00317  	-0.1471  	-0.1797  	0.22595  	0.25912  	-0.0432  	0.11302  	0.29392  	0.02501  	-0.0228  	-0.1265  	0.26639  	0.05694  	0.02959  	0.03187  	-0.0295  	-0.0842  	-0.0438  	0.04370  	0.00901  	0.04011  	-0.0159  	0.01581  	0.01449  	-0.0027  	0.01807  	0.00513  	-0.0375  	0.03919  	0.00273  	-0.0322  	0.02575  	0.00054  	-0.0053  	0.04027  	0.00016  	-0.0069  	-0.0242  	0.03589  	-0.0073  	0.02253  	-0.2797  	
-0.0946  	-0.0292  	0.01815  	0.48294  	0.02750  	0.32335  	0.14277  	-0.7035  	0.17352  	0.09921  	0.16904  	0.33908  	-0.0162  	-0.6429  	-1.0393  	0.85525  	-0.1231  	0.34212  	-0.2977  	0.49214  	-0.1753  	-0.2565  	-0.6186  	0.17871  	-0.1988  	-0.1429  	-0.4700  	0.04282  	-0.0097  	-0.1255  	-0.2056  	0.24372  	0.24636  	-0.0374  	0.15685  	0.30591  	0.03795  	-0.0204  	-0.1466  	0.26083  	0.02785  	0.03856  	0.01977  	-0.0247  	-0.0819  	-0.0492  	0.03943  	0.00439  	0.04755  	-0.0191  	0.02279  	0.01595  	0.00181  	0.02314  	0.00930  	-0.0351  	0.03756  	0.00558  	-0.0299  	0.02763  	-0.0017  	-0.0042  	0.03557  	-0.0016  	-0.0069  	-0.0242  	0.03589  	-0.0073  	0.02253  	-0.2797  	
-0.0662  	-0.0304  	0.01747  	0.48594  	0.03726  	0.33940  	0.14858  	-0.6942  	0.16273  	0.09887  	0.20587  	0.31037  	-0.0429  	-0.6554  	-1.0754  	0.89303  	-0.1312  	0.35192  	-0.2984  	0.50785  	-0.1499  	-0.2562  	-0.6459  	0.18178  	-0.1649  	-0.1505  	-0.4671  	0.03500  	0.00238  	-0.1195  	-0.2098  	0.23883  	0.23772  	-0.0424  	0.16526  	0.33615  	0.05518  	-0.0209  	-0.1519  	0.25557  	0.00987  	0.03767  	0.01590  	-0.0185  	-0.0728  	-0.0451  	0.03728  	0.00295  	0.04710  	-0.0170  	0.02400  	0.01527  	0.00370  	0.02116  	0.01103  	-0.0351  	0.03912  	0.00830  	-0.0284  	0.02659  	-0.0025  	-0.0082  	0.03688  	-0.0027  	-0.0069  	-0.0242  	0.03589  	-0.0073  	0.02253  	-0.2797  	
-0.0668  	-0.0335  	0.01750  	0.43395  	0.00825  	0.34852  	0.14847  	-0.7093  	0.15038  	0.08153  	0.21458  	0.27856  	-0.0420  	-0.6539  	-1.0709  	0.87693  	-0.1364  	0.32811  	-0.2963  	0.48279  	-0.1246  	-0.2441  	-0.6122  	0.19106  	-0.1539  	-0.1499  	-0.4623  	0.00759  	-0.0143  	-0.1205  	-0.2061  	0.24275  	0.23067  	-0.0474  	0.17029  	0.33575  	0.07618  	-0.0098  	-0.1653  	0.25671  	0.02045  	0.04578  	0.02129  	-0.0227  	-0.0771  	-0.0431  	0.03723  	0.00313  	0.04300  	-0.0152  	0.02420  	0.01786  	0.00095  	0.02055  	0.00978  	-0.0375  	0.04038  	0.00908  	-0.0274  	0.02655  	-0.0025  	-0.0077  	0.03627  	-0.0034  	-0.0069  	-0.0242  	0.03589  	-0.0073  	0.02253  	-0.2797  	
-0.0962  	-0.0276  	-0.0004  	0.39569  	-0.0134  	0.33999  	0.15194  	-0.7177  	0.13300  	0.05462  	0.21744  	0.25527  	-0.0404  	-0.6519  	-1.0420  	0.83505  	-0.1239  	0.31424  	-0.2940  	0.46910  	-0.1107  	-0.2475  	-0.5745  	0.19659  	-0.1766  	-0.1436  	-0.4598  	-0.0051  	-0.0174  	-0.1330  	-0.2037  	0.24062  	0.23312  	-0.0539  	0.15979  	0.32861  	0.09029  	-0.0016  	-0.1740  	0.25585  	0.03300  	0.04849  	0.01790  	-0.0291  	-0.0833  	-0.0443  	0.03854  	-0.0014  	0.04051  	-0.0178  	0.01877  	0.01693  	0.00342  	0.02361  	0.00968  	-0.0379  	0.03698  	0.00444  	-0.0256  	0.02917  	0.00016  	-0.0074  	0.03882  	-0.0010  	-0.0069  	-0.0242  	0.03589  	-0.0073  	0.02253  	-0.2797  	
-0.0988  	-0.0249  	-0.0095  	0.42003  	-0.0108  	0.32505  	0.12866  	-0.6878  	0.14359  	-0.0163  	0.24302  	0.24700  	-0.0625  	-0.6407  	-0.9563  	0.77576  	-0.1114  	0.27441  	-0.2816  	0.44290  	-0.0307  	-0.2309  	-0.5377  	0.24186  	-0.1983  	-0.1321  	-0.4322  	-0.1106  	-0.1105  	-0.1432  	-0.1976  	0.25615  	0.25432  	-0.0561  	0.21530  	0.26360  	0.15381  	0.02072  	-0.2156  	0.22402  	0.02857  	0.04608  	0.00771  	-0.0340  	-0.0812  	-0.0458  	0.03677  	-0.0050  	0.03818  	-0.0162  	0.00863  	0.01663  	0.00404  	0.02616  	0.01058  	-0.0396  	0.03677  	0.00529  	-0.0314  	0.02990  	0.00455  	-0.0035  	0.03986  	-0.0021  	-0.0069  	-0.0242  	0.03589  	-0.0073  	0.02253  	-0.2797  	
-0.0375  	0.02041  	0.03314  	0.49217  	-0.0055  	0.34218  	0.11690  	-0.6372  	0.16342  	-0.0294  	0.26763  	0.29042  	-0.0474  	-0.5295  	-0.8467  	0.79674  	-0.0966  	0.25627  	-0.2775  	0.39901  	0.04483  	-0.2176  	-0.5254  	0.30948  	-0.1989  	-0.1486  	-0.3873  	-0.1949  	-0.1713  	-0.1511  	-0.1936  	0.25553  	0.26474  	-0.0580  	0.24705  	0.20524  	0.19778  	0.03043  	-0.2310  	0.21963  	0.01207  	0.03564  	-0.0052  	-0.0327  	-0.0890  	-0.0393  	0.03787  	-0.0090  	0.03332  	-0.0100  	0.00517  	0.01970  	0.00159  	0.03065  	0.00661  	-0.0381  	0.02715  	0.00242  	-0.0297  	0.03050  	0.00615  	0.00013  	0.03250  	-0.0071  	-0.0069  	-0.0242  	0.03589  	-0.0073  	0.02253  	-0.2797  	
0.12719  	0.09334  	0.13655  	0.59836  	0.01352  	0.47226  	0.12054  	-0.5064  	0.24007  	-0.0543  	0.22479  	0.33073  	0.02463  	-0.3993  	-0.7807  	0.89481  	-0.0696  	0.21619  	-0.2617  	0.34650  	0.13497  	-0.1998  	-0.4933  	0.34820  	-0.2172  	-0.1574  	-0.2861  	-0.3088  	-0.2756  	-0.1474  	-0.2090  	0.26504  	0.27702  	-0.0715  	0.30234  	0.14179  	0.26014  	0.03715  	-0.2423  	0.19000  	-0.0449  	0.03408  	0.01029  	-0.0323  	-0.0824  	-0.0428  	0.03602  	0.00616  	0.05177  	-0.0039  	0.00594  	0.01575  	-0.0027  	0.02773  	0.00450  	-0.0235  	0.02283  	0.00285  	-0.0345  	0.03055  	0.00443  	0.00310  	0.03352  	-0.0096  	-0.0069  	-0.0242  	0.03589  	-0.0073  	0.02253  	-0.2797  	
0.03481  	0.06178  	0.10226  	0.56962  	0.05451  	0.41767  	0.12587  	-0.5855  	0.20973  	0.00719  	0.23297  	0.35124  	0.01450  	-0.4854  	-0.9194  	0.88253  	-0.1007  	0.29150  	-0.2929  	0.43680  	0.02753  	-0.2577  	-0.5634  	0.25910  	-0.2304  	-0.1367  	-0.4301  	-0.1202  	-0.1498  	-0.1558  	-0.2216  	0.24610  	0.28817  	-0.0568  	0.23537  	0.21283  	0.14913  	0.00737  	-0.1804  	0.22921  	-0.0037  	0.04432  	0.00749  	-0.0402  	-0.0799  	-0.0434  	0.03837  	0.00978  	0.04717  	-0.0111  	0.01763  	0.01825  	-0.0009  	0.02462  	0.00455  	-0.0264  	0.02938  	0.00732  	-0.0290  	0.02888  	0.00622  	-0.0096  	0.03636  	-0.0059  	-0.0069  	-0.0242  	0.03589  	-0.0073  	0.02253  	-0.2797  	
-0.0836  	-0.0028  	0.03610  	0.50339  	0.03611  	0.35743  	0.15747  	-0.6484  	0.20388  	0.05857  	0.21420  	0.31016  	-0.0063  	-0.5563  	-0.9649  	0.88641  	-0.0992  	0.35738  	-0.2960  	0.46154  	-0.1157  	-0.2583  	-0.6027  	0.20464  	-0.2095  	-0.1256  	-0.5056  	0.00092  	-0.0537  	-0.1431  	-0.1998  	0.23111  	0.28954  	-0.0532  	0.15866  	0.25051  	0.07134  	-0.0165  	-0.1548  	0.24991  	0.03692  	0.03303  	0.02997  	-0.0290  	-0.0860  	-0.0474  	0.04325  	0.01038  	0.04550  	-0.0212  	0.01824  	0.01617  	-0.0051  	0.02177  	0.00860  	-0.0339  	0.03180  	0.00408  	-0.0330  	0.02479  	0.00403  	-0.0088  	0.03912  	0.00025  	-0.0069  	-0.0242  	0.03589  	-0.0073  	0.02253  	-0.2797  	
-0.2193  	-0.0630  	-0.0536  	0.41990  	-0.0107  	0.31700  	0.10311  	-0.6914  	0.13681  	-0.0094  	0.23725  	0.25521  	-0.0730  	-0.6687  	-0.9784  	0.79258  	-0.0781  	0.30679  	-0.2906  	0.41807  	-0.0589  	-0.2341  	-0.5648  	0.27525  	-0.1753  	-0.1411  	-0.3752  	-0.1147  	-0.0878  	-0.1371  	-0.1969  	0.24889  	0.23455  	-0.0667  	0.20765  	0.26800  	0.13826  	-0.0002  	-0.2078  	0.21831  	0.02658  	0.04044  	0.01208  	-0.0240  	-0.0715  	-0.0452  	0.04507  	-0.0138  	0.03846  	-0.0151  	0.01695  	0.01766  	0.00349  	0.01909  	0.00741  	-0.0378  	0.03575  	0.00953  	-0.0323  	0.02861  	-0.0008  	-0.0130  	0.03892  	-0.0014  	-0.0069  	-0.0242  	0.03589  	-0.0073  	0.02253  	-0.2797  	
-0.1815  	-0.0665  	-0.0437  	0.39879  	-0.0359  	0.33384  	0.12393  	-0.7044  	0.15326  	0.00197  	0.23649  	0.25108  	-0.0846  	-0.7275  	-1.0022  	0.83808  	-0.0756  	0.28019  	-0.2859  	0.43936  	-0.1051  	-0.2336  	-0.5554  	0.26504  	-0.1590  	-0.1336  	-0.3978  	-0.0466  	-0.0729  	-0.1410  	-0.2005  	0.25018  	0.23500  	-0.0554  	0.16996  	0.29619  	0.11518  	-0.0150  	-0.1918  	0.22715  	0.02608  	0.03363  	0.00589  	-0.0252  	-0.0722  	-0.0416  	0.03941  	-0.0107  	0.03912  	-0.0044  	0.01410  	0.01751  	-0.0011  	0.02075  	0.00767  	-0.0276  	0.03066  	0.00611  	-0.0328  	0.02859  	0.00235  	-0.0110  	0.03397  	-0.0002  	-0.0069  	-0.0242  	0.03589  	-0.0073  	0.02253  	-0.2797  	
-0.0877  	-0.0492  	0.02463  	0.44979  	0.02512  	0.39562  	0.07748  	-0.6905  	0.14477  	0.05702  	0.22911  	0.30332  	-0.0691  	-0.7068  	-1.0090  	0.92919  	-0.0800  	0.26931  	-0.2423  	0.47061  	-0.0542  	-0.2432  	-0.6077  	0.33103  	-0.2075  	-0.1499  	-0.3716  	-0.1126  	-0.1538  	-0.1564  	-0.2099  	0.28220  	0.23699  	-0.0621  	0.23829  	0.29900  	0.15555  	-0.0044  	-0.2141  	0.27602  	0.00562  	0.04289  	-0.0083  	-0.0222  	-0.0702  	-0.0305  	0.03190  	-0.0025  	0.04234  	-0.0047  	0.01419  	0.01379  	-0.0003  	0.01915  	0.00490  	-0.0288  	0.03557  	0.00328  	-0.0330  	0.03761  	-0.0005  	-0.0147  	0.02554  	-0.0029  	-0.0069  	-0.0242  	0.03589  	-0.0073  	0.02253  	-0.2797  	
0.14755  	0.04297  	0.12077  	0.65388  	0.21700  	0.35773  	0.16926  	-0.6775  	0.11702  	0.14041  	0.07212  	0.21468  	0.06302  	-0.4042  	-0.7180  	0.78581  	-0.1474  	0.23563  	-0.2934  	0.38194  	-0.0223  	-0.1903  	-0.6032  	0.34064  	-0.2617  	-0.1616  	-0.3238  	-0.2268  	-0.2036  	-0.0970  	-0.1951  	0.29670  	0.25693  	-0.0814  	0.28941  	0.26490  	0.19960  	-0.0445  	-0.1959  	0.31710  	-0.0439  	0.05791  	-0.0109  	0.00281  	-0.0736  	-0.0450  	0.03099  	0.00296  	0.06495  	-0.0112  	0.01143  	0.01282  	-0.0065  	0.01581  	0.00878  	-0.0310  	0.03186  	-0.0006  	-0.0369  	0.03475  	0.00480  	-0.0059  	0.02436  	-0.0152  	-0.0069  	-0.0242  	0.03589  	-0.0073  	0.02253  	-0.2797  	
0.27244  	0.09350  	0.16938  	0.72885  	0.11521  	0.47775  	0.18615  	-0.6248  	0.16921  	0.12530  	0.00342  	0.25149  	0.10440  	-0.3221  	-0.5746  	0.69547  	-0.1166  	0.26014  	-0.2672  	0.37822  	-0.0831  	-0.1273  	-0.5504  	0.25734  	-0.1136  	-0.1614  	-0.3414  	-0.2647  	-0.0581  	-0.0973  	-0.2029  	0.22525  	0.24463  	-0.0467  	0.24413  	0.24026  	0.09157  	-0.0087  	-0.1262  	0.26842  	-0.0296  	0.04132  	0.01879  	-0.0058  	-0.0872  	-0.0545  	0.02515  	0.04446  	0.06897  	-0.0200  	0.02207  	0.01295  	0.00495  	0.02420  	0.01207  	-0.0220  	0.02777  	0.00409  	-0.0445  	0.03208  	0.00087  	0.00127  	0.03108  	-0.0136  	-0.0069  	-0.0242  	0.03589  	-0.0073  	0.02253  	-0.2797  	
0.13576  	0.09236  	0.11957  	0.61640  	0.09848  	0.47629  	0.17682  	-0.5714  	0.18059  	0.10115  	-0.0448  	0.17203  	0.11557  	-0.2971  	-0.6408  	0.71410  	-0.1067  	0.20237  	-0.2714  	0.30428  	-0.0497  	-0.1072  	-0.5502  	0.27390  	-0.0322  	-0.1587  	-0.2487  	-0.2517  	-0.0545  	-0.0630  	-0.2048  	0.23139  	0.21852  	-0.0533  	0.21736  	0.23479  	0.09830  	-0.0327  	-0.1264  	0.27310  	-0.0380  	0.05089  	0.01959  	-0.0067  	-0.0857  	-0.0466  	0.01461  	0.03576  	0.07006  	-0.0178  	0.02636  	0.01172  	-0.0041  	0.02164  	0.00796  	-0.0248  	0.02578  	0.00333  	-0.0307  	0.03653  	0.00616  	-0.0002  	0.03676  	-0.0073  	-0.0069  	-0.0242  	0.03589  	-0.0073  	0.02253  	-0.2797  	
0.09428  	0.05634  	-0.0171  	0.86164  	0.20490  	0.44288  	0.14018  	-0.6054  	0.16626  	0.03871  	-0.1619  	0.21185  	0.08474  	-0.3063  	-0.5790  	0.70148  	-0.0626  	0.17170  	-0.2984  	0.32798  	-0.0547  	-0.1118  	-0.5625  	0.32091  	0.03260  	-0.1606  	-0.1991  	-0.1898  	-0.0249  	-0.0308  	-0.2562  	0.23173  	0.21535  	-0.0458  	0.24616  	0.21828  	0.07644  	-0.0505  	-0.1271  	0.27895  	-0.1197  	0.07913  	-0.0068  	-0.0304  	-0.0726  	-0.0467  	0.02351  	0.02759  	0.06846  	-0.0186  	0.02373  	0.00943  	-0.0076  	0.02527  	0.00591  	-0.0146  	0.03004  	0.00218  	-0.0208  	0.03006  	0.00102  	-0.0062  	0.02838  	-0.0112  	-0.0069  	-0.0242  	0.03589  	-0.0073  	0.02253  	-0.2797  	
0.10022  	0.00487  	-0.0188  	0.93098  	0.20200  	0.50983  	0.10647  	-0.6006  	0.17372  	-0.0336  	-0.0771  	0.31375  	0.09858  	-0.3571  	-0.6200  	0.76497  	-0.0839  	0.21311  	-0.3108  	0.37219  	-0.0688  	-0.1580  	-0.5651  	0.27476  	-0.0955  	-0.1491  	-0.3202  	-0.1430  	-0.0483  	-0.0308  	-0.2413  	0.23592  	0.25138  	-0.0431  	0.26279  	0.20956  	0.07414  	-0.0431  	-0.1377  	0.24980  	-0.0701  	0.06134  	0.01547  	-0.0263  	-0.0651  	-0.0386  	0.02567  	0.01382  	0.05918  	-0.0118  	0.01745  	0.01533  	0.00153  	0.01899  	0.00526  	-0.0180  	0.02438  	-0.0002  	-0.0315  	0.03430  	0.00243  	-0.0034  	0.02950  	-0.0065  	-0.0069  	-0.0242  	0.03589  	-0.0073  	0.02253  	-0.2797  	
0.20685  	0.05235  	0.10636  	0.73569  	0.14434  	0.53140  	0.15177  	-0.5440  	0.22642  	0.00248  	0.09138  	0.33947  	0.07273  	-0.4614  	-0.8374  	0.93486  	-0.0987  	0.27349  	-0.2819  	0.43155  	0.01633  	-0.1983  	-0.6085  	0.28787  	-0.1848  	-0.1670  	-0.3985  	-0.1276  	-0.1313  	-0.1175  	-0.2386  	0.24368  	0.27412  	-0.0561  	0.26435  	0.21747  	0.12645  	-0.0003  	-0.1811  	0.25051  	-0.0092  	0.03261  	0.01697  	-0.0301  	-0.0853  	-0.0427  	0.02745  	0.01580  	0.05860  	-0.0115  	0.02672  	0.01254  	0.00429  	0.02102  	0.00479  	-0.0228  	0.03377  	0.00145  	-0.0380  	0.02971  	0.00083  	0.00258  	0.04341  	-0.0073  	-0.0069  	-0.0242  	0.03589  	-0.0073  	0.02253  	-0.2797  	
0.01224  	0.00025  	0.09008  	0.53945  	0.06116  	0.39406  	0.14661  	-0.6321  	0.15679  	0.09333  	0.15723  	0.30528  	-0.0039  	-0.5787  	-1.0314  	0.90730  	-0.1269  	0.33885  	-0.2708  	0.52230  	-0.0727  	-0.2259  	-0.6336  	0.28436  	-0.1029  	-0.1650  	-0.4001  	-0.0631  	-0.0677  	-0.1200  	-0.2145  	0.23261  	0.25185  	-0.0510  	0.18983  	0.29578  	0.10919  	-0.0137  	-0.1705  	0.26339  	-0.0011  	0.01590  	0.02214  	-0.0125  	-0.0735  	-0.0484  	0.03755  	0.01582  	0.04692  	-0.0232  	0.02171  	0.01149  	-0.0036  	0.01723  	0.00375  	-0.0320  	0.03449  	0.00547  	-0.0327  	0.03260  	-0.0024  	-0.0204  	0.03984  	-0.0064  	-0.0069  	-0.0242  	0.03589  	-0.0073  	0.02253  	-0.2797  	
-0.2430  	-0.0533  	-0.0729  	0.47280  	0.02769  	0.28934  	0.13550  	-0.7197  	0.12710  	0.04427  	0.16068  	0.27838  	-0.0612  	-0.6533  	-1.0339  	0.80954  	-0.1115  	0.33083  	-0.2744  	0.46685  	-0.1328  	-0.2319  	-0.5885  	0.26420  	-0.0905  	-0.1435  	-0.3584  	-0.0412  	-0.0288  	-0.1148  	-0.2164  	0.24760  	0.23141  	-0.0596  	0.15095  	0.31945  	0.07643  	-0.0043  	-0.1668  	0.26857  	0.01699  	0.03059  	0.02321  	-0.0179  	-0.0750  	-0.0527  	0.03972  	-0.0030  	0.03926  	-0.0258  	0.02216  	0.01453  	0.00389  	0.02198  	0.00846  	-0.0352  	0.04026  	0.00881  	-0.0292  	0.03239  	0.00446  	-0.0097  	0.03750  	0.00054  	-0.0069  	-0.0242  	0.03589  	-0.0073  	0.02253  	-0.2797  	
-0.3072  	-0.0885  	-0.1387  	0.38602  	-0.0018  	0.23648  	0.12203  	-0.7224  	0.12118  	0.03669  	0.22645  	0.28852  	-0.0654  	-0.6820  	-1.0537  	0.74367  	-0.0895  	0.33219  	-0.3006  	0.47353  	-0.1223  	-0.2278  	-0.5594  	0.23940  	-0.1576  	-0.1295  	-0.4197  	-0.0043  	0.01354  	-0.1379  	-0.2074  	0.23011  	0.22235  	-0.0462  	0.12765  	0.30351  	0.06573  	-0.0099  	-0.1600  	0.23760  	0.04167  	0.03056  	0.00784  	-0.0274  	-0.0700  	-0.0468  	0.04227  	-0.0114  	0.03521  	-0.0211  	0.01247  	0.01675  	0.00261  	0.02284  	0.00688  	-0.0393  	0.03811  	0.00565  	-0.0247  	0.02709  	0.00444  	-0.0077  	0.03103  	-0.0032  	-0.0069  	-0.0242  	0.03589  	-0.0073  	0.02253  	-0.2797  	
-0.3571  	-0.0764  	-0.0975  	0.32007  	-0.0352  	0.21772  	0.09342  	-0.6887  	0.13764  	0.04257  	0.21182  	0.28196  	-0.0543  	-0.7071  	-1.0440  	0.77262  	-0.0654  	0.32910  	-0.2833  	0.45244  	-0.1450  	-0.2390  	-0.5153  	0.21104  	-0.2093  	-0.1065  	-0.4691  	-0.0168  	-0.0133  	-0.1382  	-0.1853  	0.21690  	0.23492  	-0.0517  	0.08834  	0.27478  	0.05394  	-0.0108  	-0.1481  	0.23335  	0.05617  	0.02092  	0.03394  	-0.0230  	-0.0762  	-0.0471  	0.04284  	-0.0079  	0.04178  	-0.0167  	0.00675  	0.01658  	0.00112  	0.02416  	0.00703  	-0.0415  	0.02925  	0.00555  	-0.0292  	0.02552  	0.00364  	-0.0023  	0.03274  	-0.0015  	-0.0069  	-0.0242  	0.03589  	-0.0073  	0.02253  	-0.2797  	
-0.2839  	-0.0584  	-0.0355  	0.39137  	-0.0200  	0.28374  	0.09459  	-0.6821  	0.15828  	0.02451  	0.18210  	0.30158  	-0.0226  	-0.6670  	-1.0259  	0.80042  	-0.0638  	0.29843  	-0.2903  	0.45098  	-0.1348  	-0.2439  	-0.5298  	0.22889  	-0.1989  	-0.1116  	-0.4511  	-0.0068  	-0.0353  	-0.1495  	-0.1818  	0.22930  	0.26127  	-0.0497  	0.10225  	0.26384  	0.06633  	-0.0176  	-0.1576  	0.24113  	0.03231  	0.02033  	0.02433  	-0.0261  	-0.0746  	-0.0476  	0.04330  	0.00181  	0.03786  	-0.0137  	0.01000  	0.01619  	-0.0023  	0.02085  	0.00254  	-0.0386  	0.03196  	0.00311  	-0.0296  	0.02807  	0.00489  	-0.0041  	0.03979  	0.00012  	-0.0069  	-0.0242  	0.03589  	-0.0073  	0.02253  	-0.2797  	
-0.1556  	-0.0240  	0.01487  	0.43515  	0.00997  	0.32563  	0.13560  	-0.6500  	0.17038  	0.06015  	0.18080  	0.28757  	-0.0137  	-0.6563  	-1.0152  	0.82900  	-0.1181  	0.32515  	-0.2920  	0.47477  	-0.1571  	-0.2404  	-0.5869  	0.19521  	-0.1938  	-0.1253  	-0.4663  	0.00418  	-0.0265  	-0.1467  	-0.1776  	0.23123  	0.25779  	-0.0430  	0.13049  	0.28242  	0.06427  	-0.0090  	-0.1498  	0.25021  	0.04604  	0.02973  	0.02691  	-0.0249  	-0.0794  	-0.0483  	0.04324  	0.00376  	0.04179  	-0.0185  	0.01501  	0.01664  	-0.0015  	0.01935  	0.00677  	-0.0357  	0.03535  	0.00302  	-0.0320  	0.02733  	0.00198  	-0.0032  	0.03943  	-0.0015  	-0.0069  	-0.0242  	0.03589  	-0.0073  	0.02253  	-0.2797  	
-0.0596  	-0.0059  	0.07395  	0.49897  	0.01627  	0.32195  	0.11481  	-0.6357  	0.16038  	0.06527  	0.21596  	0.31911  	0.00967  	-0.6824  	-1.0025  	0.82256  	-0.0459  	0.20681  	-0.2392  	0.28778  	-0.0724  	-0.4549  	-0.8354  	0.18335  	-0.2282  	-0.0664  	-0.4731  	-0.0464  	0.05013  	-0.1390  	-0.1097  	0.19979  	0.16437  	-0.1732  	0.11649  	0.29595  	-0.0131  	-0.0179  	-0.2430  	0.18360  	0.07194  	0.14595  	-0.0762  	0.03800  	-0.1257  	-0.0286  	0.01652  	0.01617  	0.03243  	-0.0273  	0.02901  	0.01960  	0.00361  	0.03530  	0.01685  	-0.0342  	0.03532  	-0.0021  	-0.0255  	0.03356  	0.00236  	-0.0090  	0.02544  	-0.0021  	-0.0069  	-0.0242  	0.03589  	-0.0073  	0.02253  	-0.2797  	
-0.0652  	-0.0083  	0.08272  	0.47548  	0.02947  	0.30909  	0.09803  	-0.6157  	0.12671  	0.06121  	0.24399  	0.30769  	0.02958  	-0.7347  	-0.9886  	0.79040  	-0.0058  	0.09191  	-0.1872  	0.10979  	-0.0295  	-0.5785  	-0.9999  	0.18611  	-0.2493  	-0.0056  	-0.4638  	-0.1158  	0.10789  	-0.1440  	-0.0348  	0.16879  	0.09577  	-0.2838  	0.07575  	0.29626  	-0.0580  	-0.0152  	-0.3275  	0.12954  	0.12247  	0.23370  	-0.1509  	0.09280  	-0.1620  	-0.0150  	0.00260  	0.03060  	0.02042  	-0.0340  	0.03435  	0.02431  	0.00363  	0.04487  	0.01915  	-0.0384  	0.03694  	-0.0075  	-0.0269  	0.03918  	0.00359  	-0.0133  	0.01405  	-0.0040  	-0.0069  	-0.0242  	0.03589  	-0.0073  	0.02253  	-0.2797  	
-0.0661  	-0.0079  	0.08308  	0.45784  	0.01544  	0.29986  	0.08956  	-0.6142  	0.10922  	0.03787  	0.26369  	0.30562  	0.03037  	-0.7349  	-0.9692  	0.76630  	0.01354  	0.03961  	-0.1781  	0.04953  	0.01534  	-0.6137  	-1.0055  	0.20706  	-0.2708  	0.00854  	-0.4579  	-0.1653  	0.08969  	-0.1547  	-0.0177  	0.16836  	0.07785  	-0.3166  	0.07954  	0.28543  	-0.0419  	-0.0079  	-0.3633  	0.11419  	0.13982  	0.26057  	-0.1713  	0.09947  	-0.1726  	-0.0109  	-0.0018  	0.03192  	0.01749  	-0.0347  	0.03337  	0.02514  	0.00347  	0.04791  	0.01891  	-0.0387  	0.03695  	-0.0099  	-0.0252  	0.04209  	0.00410  	-0.0136  	0.01166  	-0.0027  	-0.0069  	-0.0242  	0.03589  	-0.0073  	0.02253  	-0.2797  	
-0.0712  	0.00014  	0.06430  	0.44191  	0.00339  	0.30445  	0.09550  	-0.6317  	0.09525  	0.00998  	0.26851  	0.29281  	0.01662  	-0.7221  	-0.9472  	0.72839  	0.01599  	0.06254  	-0.1868  	0.08551  	0.02732  	-0.5780  	-0.9336  	0.22659  	-0.2882  	7.78026  	-0.4599  	-0.1786  	0.07027  	-0.1690  	-0.0351  	0.17454  	0.09392  	-0.2939  	0.09225  	0.27358  	-0.0120  	0.00096  	-0.3550  	0.12749  	0.13628  	0.24088  	-0.1554  	0.08304  	-0.1637  	-0.0164  	0.00375  	0.02471  	0.02224  	-0.0354  	0.02829  	0.02391  	0.00856  	0.04546  	0.01972  	-0.0384  	0.03437  	-0.0105  	-0.0261  	0.04293  	0.00728  	-0.0143  	0.01558  	-0.0002  	-0.0069  	-0.0242  	0.03589  	-0.0073  	0.02253  	-0.2797  	
-0.0411  	0.01311  	0.03824  	0.47112  	0.00726  	0.33839  	0.11252  	-0.6249  	0.11334  	-0.0136  	0.29120  	0.27781  	-0.0223  	-0.6489  	-0.8903  	0.74656  	-0.0421  	0.14533  	-0.2188  	0.22376  	0.06098  	-0.4103  	-0.7528  	0.27141  	-0.2500  	-0.0639  	-0.4263  	-0.1966  	-0.0556  	-0.1648  	-0.1108  	0.22367  	0.17213  	-0.1890  	0.17654  	0.24071  	0.09364  	0.01253  	-0.3009  	0.15902  	0.08122  	0.15080  	-0.0890  	0.02692  	-0.1279  	-0.0275  	0.01788  	0.01212  	0.03057  	-0.0244  	0.01439  	0.02204  	0.00384  	0.03922  	0.01567  	-0.0387  	0.03270  	-0.0028  	-0.0280  	0.03667  	0.00843  	-0.0067  	0.02647  	-0.0019  	-0.0069  	-0.0242  	0.03589  	-0.0073  	0.02253  	-0.2797  	
0.05532  	0.05748  	0.09106  	0.52555  	-0.0180  	0.39481  	0.11566  	-0.5757  	0.19494  	-0.0349  	0.30171  	0.29854  	-0.0257  	-0.4836  	-0.8425  	0.84791  	-0.0848  	0.23845  	-0.2761  	0.35561  	0.11521  	-0.2261  	-0.5191  	0.32753  	-0.2250  	-0.1542  	-0.3362  	-0.2824  	-0.2511  	-0.1631  	-0.2078  	0.27411  	0.26274  	-0.0616  	0.29236  	0.17368  	0.25284  	0.04827  	-0.2507  	0.20481  	-0.0070  	0.03443  	0.00932  	-0.0341  	-0.0852  	-0.0395  	0.03713  	-0.0040  	0.03925  	-0.0055  	0.00019  	0.01986  	0.00159  	0.03174  	0.00771  	-0.0321  	0.02129  	0.00218  	-0.0323  	0.03080  	0.00826  	-6.8461  	0.02851  	-0.0076  	-0.0069  	-0.0242  	0.03589  	-0.0073  	0.02253  	-0.2797  	
0.11774  	0.09953  	0.15702  	0.55680  	-0.0455  	0.46855  	0.10842  	-0.4964  	0.24839  	-0.0619  	0.30270  	0.34174  	-0.0017  	-0.4122  	-0.8066  	0.90471  	-0.0660  	0.19501  	-0.2708  	0.32362  	0.19452  	-0.2139  	-0.4673  	0.35699  	-0.2578  	-0.1546  	-0.2880  	-0.3521  	-0.3328  	-0.1606  	-0.1943  	0.27704  	0.28098  	-0.0694  	0.30732  	0.12145  	0.30541  	0.06068  	-0.2612  	0.16517  	-0.0258  	0.02717  	0.01638  	-0.0327  	-0.0849  	-0.0418  	0.03438  	0.00102  	0.04492  	-0.0073  	-0.0013  	0.01827  	-9.6657  	0.03131  	0.00298  	-0.0238  	0.01988  	0.00407  	-0.0343  	0.03276  	0.00821  	0.00309  	0.03154  	-0.0074  	-0.0069  	-0.0242  	0.03589  	-0.0073  	0.02253  	-0.2797  	
0.14026  	0.09722  	0.17731  	0.56649  	-0.0300  	0.49269  	0.11133  	-0.4815  	0.25344  	-0.0567  	0.29175  	0.36156  	0.00492  	-0.3984  	-0.7983  	0.91575  	-0.0654  	0.19256  	-0.2720  	0.33388  	0.19074  	-0.2085  	-0.4510  	0.35344  	-0.2619  	-0.1501  	-0.2929  	-0.3454  	-0.3277  	-0.1538  	-0.1993  	0.27425  	0.28262  	-0.0644  	0.29884  	0.12128  	0.30247  	0.06379  	-0.2486  	0.16505  	-0.0349  	0.03051  	0.01825  	-0.0292  	-0.0832  	-0.0423  	0.03456  	0.00582  	0.04851  	-0.0092  	0.00023  	0.01871  	0.00169  	0.03195  	0.00283  	-0.0220  	0.01905  	0.00498  	-0.0350  	0.03382  	0.00813  	0.00341  	0.03181  	-0.0052  	-0.0069  	-0.0242  	0.03589  	-0.0073  	0.02253  	-0.2797  	
0.13976  	0.09715  	0.17684  	0.56622  	-0.0302  	0.49197  	0.11140  	-0.4822  	0.25313  	-0.0569  	0.29185  	0.36110  	0.00467  	-0.3985  	-0.7979  	0.91510  	-0.0655  	0.19266  	-0.2721  	0.33381  	0.19087  	-0.2086  	-0.4513  	0.35371  	-0.2617  	-0.1502  	-0.2927  	-0.3457  	-0.3278  	-0.1539  	-0.1993  	0.27418  	0.28245  	-0.0645  	0.29933  	0.12120  	0.30257  	0.06372  	-0.2490  	0.16507  	-0.0349  	0.03059  	0.01805  	-0.0294  	-0.0833  	-0.0423  	0.03451  	0.00581  	0.04844  	-0.0092  	0.00025  	0.01873  	0.00168  	0.03197  	0.00278  	-0.0219  	0.01910  	0.00496  	-0.0350  	0.03380  	0.00811  	0.00338  	0.03179  	-0.0051  	-0.0069  	-0.0242  	0.03589  	-0.0073  	0.02253  	-0.2797  	
0.14009  	0.09718  	0.17687  	0.56650  	-0.0300  	0.49238  	0.11150  	-0.4820  	0.25322  	-0.0569  	0.29153  	0.36113  	0.00498  	-0.3984  	-0.7978  	0.91534  	-0.0655  	0.19265  	-0.2720  	0.33398  	0.19092  	-0.2084  	-0.4512  	0.35390  	-0.2616  	-0.1502  	-0.2926  	-0.3457  	-0.3278  	-0.1538  	-0.1993  	0.27411  	0.28257  	-0.0644  	0.29929  	0.12123  	0.30243  	0.06363  	-0.2488  	0.16516  	-0.0351  	0.03067  	0.01801  	-0.0293  	-0.0833  	-0.0423  	0.03452  	0.00579  	0.04845  	-0.0092  	0.00026  	0.01870  	0.00170  	0.03195  	0.00279  	-0.0219  	0.01908  	0.00500  	-0.0351  	0.03378  	0.00808  	0.00340  	0.03185  	-0.0051  	-0.0069  	-0.0242  	0.03589  	-0.0073  	0.02253  	-0.2797  	
