0.13932  	0.09724  	0.17709  	0.56552  	-0.0303  	0.49116  	0.11117  	-0.4824  	0.25303  	-0.0565  	0.29278  	0.36116  	0.00425  	-0.3990  	-0.7991  	0.91521  	-0.0657  	0.19290  	-0.2722  	0.33400  	0.19078  	-0.2090  	-0.4516  	0.35313  	-0.2618  	-0.1502  	-0.2931  	-0.3452  	-0.3278  	-0.1541  	-0.1994  	0.27423  	0.28261  	-0.0645  	0.29929  	0.12135  	0.30283  	0.06377  	-0.2490  	0.16484  	-0.0345  	0.03053  	0.01804  	-0.0294  	-0.0833  	-0.0424  	0.03456  	0.00585  	0.04840  	-0.0091  	0.00028  	0.01875  	0.00170  	0.03200  	0.00279  	-0.0219  	0.01912  	0.00490  	-0.0349  	0.03383  	0.00814  	0.00330  	0.03167  	-0.0051  	-0.0069  	-0.0242  	0.03589  	-0.0073  	0.02253  	-0.2797  	
0.14541  	0.09060  	0.16798  	0.60347  	0.00158  	0.48718  	0.12066  	-0.4958  	0.24902  	-0.0386  	0.26544  	0.38044  	0.00741  	-0.3855  	-0.8008  	0.92115  	-0.0687  	0.20824  	-0.2686  	0.35754  	0.15355  	-0.2098  	-0.4789  	0.33588  	-0.2404  	-0.1483  	-0.3246  	-0.2986  	-0.2760  	-0.1473  	-0.2018  	0.26748  	0.28595  	-0.0616  	0.27852  	0.13903  	0.26001  	0.04825  	-0.2306  	0.17298  	-0.0281  	0.02877  	0.02465  	-0.0289  	-0.0828  	-0.0410  	0.03355  	0.01007  	0.04966  	-0.0096  	0.00183  	0.01845  	-0.0002  	0.02963  	0.00220  	-0.0234  	0.01977  	0.00491  	-0.0349  	0.03059  	0.00767  	0.00070  	0.03137  	-0.0079  	-0.0069  	-0.0242  	0.03589  	-0.0073  	0.02253  	-0.2797  	
0.02212  	0.03970  	0.00190  	0.77269  	0.18766  	0.37767  	0.12979  	-0.5918  	0.20590  	0.00581  	0.06120  	0.40569  	0.09217  	-0.3405  	-0.7587  	0.85376  	-0.1217  	0.27687  	-0.3039  	0.50603  	-0.0602  	-0.2375  	-0.6919  	0.25097  	-0.1295  	-0.1592  	-0.4081  	-0.0411  	-0.0291  	-0.0784  	-0.2258  	0.22248  	0.28165  	-0.0419  	0.22373  	0.21035  	0.08806  	-0.0345  	-0.1492  	0.24724  	-0.0231  	0.05460  	-0.0006  	-0.0294  	-0.0663  	-0.0418  	0.03227  	0.00969  	0.05160  	-0.0211  	0.01819  	0.01431  	-0.0060  	0.02553  	0.00466  	-0.0264  	0.02751  	0.00528  	-0.0284  	0.02677  	0.00581  	0.00102  	0.02425  	-0.0102  	-0.0069  	-0.0242  	0.03589  	-0.0073  	0.02253  	-0.2797  	
-0.0248  	0.03723  	-0.1295  	0.92538  	0.38718  	0.33482  	0.16367  	-0.5742  	0.18489  	-0.0066  	-0.0077  	0.41485  	0.11706  	-0.2050  	-0.6594  	0.81374  	-0.1542  	0.30079  	-0.3273  	0.55626  	-0.1748  	-0.2145  	-0.8218  	0.27254  	-0.0149  	-0.1836  	-0.4110  	0.10910  	0.12392  	-0.0133  	-0.2694  	0.19131  	0.24983  	-0.0261  	0.24577  	0.27628  	-0.0142  	-0.0902  	-0.1081  	0.29816  	-0.0725  	0.05800  	-0.0480  	-0.0582  	-0.0671  	-0.0380  	0.03143  	0.00755  	0.05303  	-0.0182  	0.02591  	0.00821  	0.00189  	0.02439  	0.00281  	-0.0222  	0.03720  	0.00781  	-0.0236  	0.03338  	0.00514  	-0.0068  	0.02169  	-0.0126  	-0.0069  	-0.0242  	0.03589  	-0.0073  	0.02253  	-0.2797  	
-0.0364  	0.05047  	-0.1517  	1.03480  	0.44209  	0.35236  	0.18308  	-0.5838  	0.17848  	-0.0420  	-0.0919  	0.39891  	0.14547  	-0.1574  	-0.5748  	0.77843  	-0.1464  	0.29063  	-0.3447  	0.56838  	-0.2470  	-0.2212  	-0.8453  	0.27682  	0.00651  	-0.1644  	-0.4021  	0.14297  	0.14660  	0.01870  	-0.2845  	0.19270  	0.26776  	-0.0144  	0.26123  	0.28086  	-0.0477  	-0.0858  	-0.0841  	0.31264  	-0.1243  	0.07763  	-0.0425  	-0.0615  	-0.0618  	-0.0386  	0.03082  	0.00761  	0.05003  	-0.0245  	0.02660  	0.00531  	-0.0023  	0.02574  	0.00291  	-0.0214  	0.03795  	0.00297  	-0.0193  	0.02851  	0.00448  	-0.0055  	0.02878  	-0.0127  	-0.0069  	-0.0242  	0.03589  	-0.0073  	0.02253  	-0.2797  	
-0.0007  	0.05333  	-0.1649  	1.10228  	0.44225  	0.41760  	0.14937  	-0.5706  	0.17253  	-0.0912  	-0.1572  	0.37000  	0.15810  	-0.1210  	-0.4782  	0.74723  	-0.1324  	0.27225  	-0.3396  	0.56386  	-0.2553  	-0.1916  	-0.8128  	0.27612  	0.02849  	-0.1555  	-0.4096  	0.12862  	0.18029  	0.03440  	-0.2987  	0.19311  	0.26170  	-0.0052  	0.27848  	0.26685  	-0.0608  	-0.0819  	-0.0729  	0.33737  	-0.1314  	0.08637  	-0.0401  	-0.0438  	-0.0583  	-0.0403  	0.03629  	0.00509  	0.04776  	-0.0224  	0.03278  	0.00627  	-0.0027  	0.02231  	0.00485  	-0.0182  	0.03334  	0.00359  	-0.0216  	0.03377  	0.00029  	-0.0010  	0.01901  	-0.0140  	-0.0069  	-0.0242  	0.03589  	-0.0073  	0.02253  	-0.2797  	
0.06197  	0.05922  	-0.1448  	1.19215  	0.43391  	0.48095  	0.15143  	-0.5771  	0.20508  	-0.1260  	-0.2249  	0.32527  	0.14551  	-0.1376  	-0.4088  	0.71632  	-0.1308  	0.26202  	-0.3269  	0.54109  	-0.2591  	-0.1751  	-0.7934  	0.27345  	0.01717  	-0.1502  	-0.4579  	0.14265  	0.23839  	0.03342  	-0.3132  	0.18718  	0.26057  	-0.0141  	0.25743  	0.26539  	-0.0782  	-0.0869  	-0.0678  	0.34388  	-0.1149  	0.07943  	-0.0411  	-0.0226  	-0.0638  	-0.0428  	0.02925  	0.00531  	0.05474  	-0.0213  	0.03202  	0.00337  	-0.0007  	0.02356  	0.00441  	-0.0176  	0.03609  	-0.0001  	-0.0277  	0.03534  	0.00271  	0.00217  	0.00530  	-0.0090  	-0.0069  	-0.0242  	0.03589  	-0.0073  	0.02253  	-0.2797  	
0.12011  	0.06258  	-0.0531  	1.17594  	0.40864  	0.48383  	0.14797  	-0.6181  	0.17983  	-0.0651  	-0.2474  	0.35321  	0.14444  	-0.1843  	-0.3928  	0.66333  	-0.1386  	0.25615  	-0.3283  	0.47091  	-0.2347  	-0.1623  	-0.7025  	0.24543  	-0.0236  	-0.1715  	-0.4332  	0.09324  	0.16647  	0.02015  	-0.2842  	0.21101  	0.26758  	-0.0093  	0.21928  	0.23303  	-0.0358  	-0.0774  	-0.0690  	0.31336  	-0.0630  	0.06225  	-0.0171  	-0.0253  	-0.0676  	-0.0357  	0.03056  	0.00410  	0.05539  	-0.0158  	0.01124  	0.00818  	0.00055  	0.01646  	0.00471  	-0.0295  	0.03468  	0.00756  	-0.0334  	0.03554  	0.00309  	-0.0098  	0.02576  	-0.0124  	-0.0069  	-0.0242  	0.03589  	-0.0073  	0.02253  	-0.2797  	
0.08783  	0.05420  	-0.0680  	1.22578  	0.44759  	0.43308  	0.12229  	-0.6257  	0.20334  	-0.0530  	-0.1917  	0.39241  	0.13176  	-0.1584  	-0.4147  	0.69113  	-0.1346  	0.23039  	-0.3329  	0.48542  	-0.1942  	-0.1590  	-0.7211  	0.31158  	-0.0285  	-0.1698  	-0.4193  	0.04592  	0.13371  	0.01000  	-0.2917  	0.20472  	0.25902  	-0.0221  	0.25711  	0.23732  	-0.0324  	-0.0801  	-0.0962  	0.31427  	-0.0922  	0.07199  	-0.0351  	-0.0259  	-0.0700  	-0.0431  	0.03303  	0.00503  	0.05781  	-0.0192  	0.01631  	0.00832  	-0.0014  	0.02406  	-0.0013  	-0.0318  	0.03393  	0.00556  	-0.0356  	0.03408  	0.00369  	-0.0086  	0.02432  	-0.0062  	-0.0069  	-0.0242  	0.03589  	-0.0073  	0.02253  	-0.2797  	
0.01282  	0.04237  	-0.1085  	1.09982  	0.41272  	0.37452  	0.12075  	-0.6271  	0.15869  	-0.0438  	-0.1671  	0.41436  	0.13307  	-0.2417  	-0.5200  	0.74068  	-0.1234  	0.25275  	-0.3299  	0.49810  	-0.2018  	-0.1358  	-0.6850  	0.30032  	-0.0504  	-0.1593  	-0.3638  	0.04404  	0.07402  	-0.0055  	-0.2735  	0.22107  	0.25852  	-0.0182  	0.24830  	0.25121  	-0.0365  	-0.0774  	-0.1132  	0.29769  	-0.0927  	0.07079  	-0.0280  	-0.0372  	-0.0643  	-0.0477  	0.03580  	0.01281  	0.05766  	-0.0226  	0.01910  	0.01559  	0.00522  	0.02249  	0.00068  	-0.0279  	0.03751  	0.00533  	-0.0213  	0.02967  	1.42835  	-0.0032  	0.02689  	-0.0111  	-0.0069  	-0.0242  	0.03589  	-0.0073  	0.02253  	-0.2797  	
-0.0675  	0.02707  	-0.0573  	0.82765  	0.24576  	0.43432  	0.13377  	-0.6394  	0.16463  	-0.0029  	-0.0842  	0.40723  	0.06555  	-0.4275  	-0.7112  	0.81856  	-0.1104  	0.29216  	-0.2952  	0.51092  	-0.1279  	-0.1522  	-0.6257  	0.28487  	-0.1357  	-0.1266  	-0.4097  	0.02588  	0.02587  	-0.0671  	-0.2508  	0.22174  	0.25596  	-0.0244  	0.16309  	0.24210  	0.02284  	-0.0457  	-0.1240  	0.27237  	-0.0361  	0.05180  	-0.0021  	-0.0102  	-0.0725  	-0.0480  	0.03114  	0.02361  	0.05041  	-0.0235  	0.01081  	0.00839  	0.00045  	0.02061  	0.00365  	-0.0267  	0.03795  	0.01136  	-0.0218  	0.02614  	0.00062  	-0.0083  	0.02331  	-0.0097  	-0.0069  	-0.0242  	0.03589  	-0.0073  	0.02253  	-0.2797  	
-0.0257  	-0.0125  	0.01087  	0.63640  	0.13407  	0.44052  	0.16073  	-0.6255  	0.16750  	-0.0097  	0.03460  	0.33118  	-0.0075  	-0.5555  	-0.8576  	0.85296  	-0.0729  	0.31305  	-0.2581  	0.47627  	-0.0591  	-0.1953  	-0.5751  	0.28483  	-0.1446  	-0.1405  	-0.3807  	-0.0608  	-0.0553  	-0.1122  	-0.2332  	0.24790  	0.24583  	-0.0548  	0.14610  	0.24782  	0.10033  	-0.0192  	-0.1792  	0.24328  	-0.0251  	0.03485  	0.02887  	-0.0125  	-0.0782  	-0.0419  	0.02602  	0.02323  	0.05295  	-0.0131  	0.01649  	0.01358  	-0.0022  	0.01948  	0.00854  	-0.0262  	0.03498  	0.00295  	-0.0294  	0.02783  	0.00075  	-0.0129  	0.03779  	-0.0078  	-0.0069  	-0.0242  	0.03589  	-0.0073  	0.02253  	-0.2797  	
-0.0017  	-0.0458  	0.04674  	0.57127  	0.09330  	0.42562  	0.12351  	-0.7010  	0.16727  	0.04455  	0.14008  	0.34047  	-0.0126  	-0.6462  	-1.0287  	0.90946  	-0.1126  	0.30518  	-0.2540  	0.46684  	-0.0615  	-0.2066  	-0.6064  	0.29572  	-0.1100  	-0.1689  	-0.3494  	-0.0558  	-0.0926  	-0.0936  	-0.2148  	0.25925  	0.24005  	-0.0586  	0.21025  	0.29008  	0.13524  	-0.0133  	-0.1817  	0.24531  	-0.0033  	0.03646  	0.01497  	-0.0190  	-0.0696  	-0.0428  	0.02700  	0.00826  	0.05451  	-0.0165  	0.02768  	0.01361  	0.00220  	0.01991  	0.00701  	-0.0218  	0.04149  	0.00142  	-0.0234  	0.03319  	0.00291  	-0.0144  	0.03276  	-0.0069  	-0.0069  	-0.0242  	0.03589  	-0.0073  	0.02253  	-0.2797  	
-0.0887  	-0.0461  	0.01605  	0.57358  	0.08704  	0.45186  	0.12467  	-0.6878  	0.15534  	0.01251  	0.14648  	0.29742  	-0.0471  	-0.6227  	-0.8938  	0.88489  	-0.0806  	0.24241  	-0.2697  	0.42753  	-0.0217  	-0.1931  	-0.5845  	0.36897  	-0.1523  	-0.1459  	-0.2855  	-0.1883  	-0.1717  	-0.1226  	-0.2210  	0.27776  	0.24034  	-0.0621  	0.24833  	0.27771  	0.17099  	-0.0085  	-0.2225  	0.26131  	-0.0263  	0.04701  	-0.0101  	-0.0143  	-0.0761  	-0.0457  	0.03319  	0.00556  	0.04233  	-0.0118  	0.01459  	0.01310  	-0.0017  	0.02464  	0.00583  	-0.0362  	0.04258  	0.00380  	-0.0262  	0.02941  	0.00171  	-0.0163  	0.03906  	-0.0067  	-0.0069  	-0.0242  	0.03589  	-0.0073  	0.02253  	-0.2797  	
-0.0589  	-0.0309  	0.04231  	0.53525  	0.01703  	0.38139  	0.12414  	-0.6928  	0.13668  	0.01247  	0.14245  	0.26597  	-0.0206  	-0.5876  	-0.9169  	0.85619  	-0.0972  	0.30398  	-0.2617  	0.43310  	-0.0141  	-0.2308  	-0.5484  	0.28412  	-0.1401  	-0.1531  	-0.3570  	-0.1461  	-0.1173  	-0.1311  	-0.2264  	0.25454  	0.23019  	-0.0655  	0.22409  	0.28029  	0.15096  	-0.0032  	-0.1983  	0.24844  	-0.0150  	0.04861  	0.00556  	-0.0157  	-0.0724  	-0.0419  	0.03213  	0.00450  	0.04090  	-0.0160  	0.01450  	0.01680  	0.00127  	0.02407  	0.00794  	-0.0289  	0.03321  	0.00871  	-0.0276  	0.03033  	0.00155  	-0.0128  	0.03245  	-0.0031  	-0.0069  	-0.0242  	0.03589  	-0.0073  	0.02253  	-0.2797  	
-0.0952  	-0.0236  	0.03494  	0.49212  	-0.0063  	0.38531  	0.12080  	-0.6665  	0.17495  	0.03249  	0.20924  	0.28781  	-0.0351  	-0.6380  	-0.9889  	0.86420  	-0.0958  	0.32659  	-0.2611  	0.47830  	-0.0553  	-0.2183  	-0.5969  	0.25308  	-0.1631  	-0.1384  	-0.4302  	-0.0699  	-0.0856  	-0.1409  	-0.1975  	0.23318  	0.24374  	-0.0574  	0.19628  	0.28002  	0.12016  	-0.0095  	-0.1828  	0.23773  	0.00896  	0.03262  	0.02017  	-0.0261  	-0.0721  	-0.0460  	0.03914  	-0.0046  	0.04170  	-0.0164  	0.02547  	0.01613  	0.00138  	0.01995  	0.00813  	-0.0314  	0.03581  	0.00433  	-0.0287  	0.03059  	0.00019  	-0.0121  	0.02943  	-0.0016  	-0.0069  	-0.0242  	0.03589  	-0.0073  	0.02253  	-0.2797  	
-0.1464  	-0.0706  	-0.0191  	0.44708  	-0.0074  	0.33600  	0.11332  	-0.7078  	0.11600  	-0.0073  	0.21905  	0.25807  	-0.0786  	-0.6799  	-0.9940  	0.83476  	-0.0940  	0.29875  	-0.2816  	0.41821  	-0.0507  	-0.2250  	-0.5601  	0.30288  	-0.1297  	-0.1574  	-0.3362  	-0.1350  	-0.1115  	-0.1229  	-0.2083  	0.26239  	0.22049  	-0.0655  	0.22627  	0.30251  	0.16054  	0.01330  	-0.2227  	0.22810  	0.00588  	0.03897  	0.00882  	-0.0202  	-0.0778  	-0.0454  	0.04089  	-0.0095  	0.04146  	-0.0140  	0.02543  	0.02130  	0.00508  	0.02470  	0.00900  	-0.0337  	0.03768  	0.00931  	-0.0298  	0.03025  	-0.0022  	-0.0167  	0.03959  	-0.0038  	-0.0069  	-0.0242  	0.03589  	-0.0073  	0.02253  	-0.2797  	
-0.1283  	-0.0701  	-0.0229  	0.40468  	-0.0121  	0.34635  	0.11593  	-0.7099  	0.13692  	0.05670  	0.24160  	0.25900  	-0.0730  	-0.7479  	-1.0971  	0.91436  	-0.1005  	0.28859  	-0.2556  	0.44104  	-0.1025  	-0.2463  	-0.5843  	0.28141  	-0.1499  	-0.1459  	-0.3787  	-0.0692  	-0.1145  	-0.1274  	-0.2009  	0.26504  	0.21328  	-0.0587  	0.18557  	0.31793  	0.13941  	-0.0059  	-0.1944  	0.24228  	0.00461  	0.04216  	0.00287  	-0.0236  	-0.0706  	-0.0447  	0.03183  	-0.0105  	0.03957  	-0.0114  	0.01565  	0.01718  	0.00256  	0.02441  	0.01172  	-0.0285  	0.03341  	0.00621  	-0.0310  	0.03001  	-0.0026  	-0.0105  	0.03194  	-0.0040  	-0.0069  	-0.0242  	0.03589  	-0.0073  	0.02253  	-0.2797  	
0.04648  	-0.0049  	0.05659  	0.53859  	0.10942  	0.42608  	0.12654  	-0.6770  	0.14240  	0.09508  	0.17897  	0.27793  	0.00389  	-0.5727  	-0.8765  	0.90494  	-0.1042  	0.22751  	-0.2538  	0.42484  	0.02337  	-0.1780  	-0.6188  	0.34823  	-0.2521  	-0.1339  	-0.3135  	-0.2252  	-0.2688  	-0.1499  	-0.2229  	0.29715  	0.24152  	-0.0819  	0.30259  	0.26840  	0.21010  	-0.0026  	-0.2470  	0.26869  	-0.0098  	0.04535  	-0.0151  	-0.0139  	-0.0686  	-0.0455  	0.03485  	-0.0054  	0.05360  	-0.0136  	0.01385  	0.01121  	-0.0062  	0.02119  	0.00320  	-0.0359  	0.02725  	0.00337  	-0.0323  	0.03131  	0.00324  	-0.0064  	0.02796  	-0.0099  	-0.0069  	-0.0242  	0.03589  	-0.0073  	0.02253  	-0.2797  	
0.21797  	0.06993  	0.13261  	0.75431  	0.12540  	0.45103  	0.16072  	-0.6118  	0.17385  	0.10929  	0.01217  	0.24610  	0.07702  	-0.3619  	-0.6011  	0.74570  	-0.1122  	0.23063  	-0.2773  	0.37778  	-0.0329  	-0.1758  	-0.5888  	0.32739  	-0.1229  	-0.1515  	-0.2909  	-0.2691  	-0.0880  	-0.0880  	-0.2251  	0.26157  	0.23960  	-0.0608  	0.29148  	0.24281  	0.13360  	-0.0157  	-0.1572  	0.28063  	-0.0582  	0.04687  	0.01463  	-0.0153  	-0.0794  	-0.0463  	0.02105  	0.02511  	0.05308  	-0.0151  	0.03194  	0.00965  	-0.0005  	0.01365  	0.01204  	-0.0211  	0.02724  	0.00569  	-0.0357  	0.03719  	0.00225  	-0.0051  	0.03175  	-0.0033  	-0.0069  	-0.0242  	0.03589  	-0.0073  	0.02253  	-0.2797  	
0.33050  	0.10301  	0.20768  	0.69712  	0.10646  	0.52000  	0.21427  	-0.5778  	0.17816  	0.12562  	-0.0948  	0.20941  	0.17393  	-0.2296  	-0.5634  	0.69486  	-0.0981  	0.23160  	-0.2832  	0.33726  	-0.0597  	-0.0740  	-0.5342  	0.28816  	-0.0672  	-0.1655  	-0.2834  	-0.2656  	-0.0651  	-0.0638  	-0.1773  	0.21949  	0.23727  	-0.0474  	0.20262  	0.22533  	0.11756  	-0.0122  	-0.1546  	0.25893  	-0.0226  	0.04570  	0.03650  	-0.0012  	-0.0889  	-0.0421  	0.01839  	0.04046  	0.08277  	-0.0165  	0.02347  	0.01512  	0.00046  	0.02000  	0.00824  	-0.0213  	0.02344  	0.00575  	-0.0365  	0.02827  	-0.0002  	-0.0008  	0.02890  	-0.0200  	-0.0069  	-0.0242  	0.03589  	-0.0073  	0.02253  	-0.2797  	
0.11039  	0.05989  	0.09630  	0.60424  	0.05741  	0.36460  	0.17365  	-0.5843  	0.18659  	0.12072  	-0.0366  	0.07390  	0.08866  	-0.3101  	-0.6575  	0.66798  	-0.0580  	0.16580  	-0.2731  	0.32912  	-0.0146  	-0.1338  	-0.5847  	0.36328  	-0.0225  	-0.1814  	-0.1570  	-0.3081  	-0.0680  	-0.0450  	-0.2245  	0.25116  	0.20631  	-0.0601  	0.26231  	0.24801  	0.13719  	-0.0383  	-0.1743  	0.29577  	-0.0612  	0.06332  	-0.0062  	-0.0183  	-0.0766  	-0.0455  	0.02064  	0.02752  	0.06382  	-0.0150  	0.02356  	0.01458  	-0.0018  	0.02838  	0.00786  	-0.0239  	0.02613  	0.00230  	-0.0283  	0.03596  	0.00409  	-0.0033  	0.02606  	-0.0136  	-0.0069  	-0.0242  	0.03589  	-0.0073  	0.02253  	-0.2797  	
0.01374  	0.02608  	-0.0202  	0.84367  	0.22279  	0.43643  	0.15186  	-0.6408  	0.15364  	-0.0069  	-0.0430  	0.32640  	0.02876  	-0.4346  	-0.6758  	0.80801  	-0.0900  	0.25685  	-0.2754  	0.45310  	-0.0963  	-0.1645  	-0.6187  	0.27740  	-0.0683  	-0.1675  	-0.3408  	-0.0621  	0.00438  	-0.0468  	-0.2375  	0.23183  	0.23794  	-0.0409  	0.23325  	0.24288  	0.07045  	-0.0368  	-0.1507  	0.26407  	-0.0430  	0.05448  	0.00041  	-0.0160  	-0.0802  	-0.0433  	0.02353  	0.01264  	0.05552  	-0.0198  	0.02563  	0.01155  	0.00050  	0.02761  	0.00149  	-0.0221  	0.03821  	0.00585  	-0.0277  	0.03548  	-0.0054  	-0.0025  	0.02920  	-0.0098  	-0.0069  	-0.0242  	0.03589  	-0.0073  	0.02253  	-0.2797  	
0.09222  	0.02007  	-0.0066  	0.88382  	0.23979  	0.49515  	0.11489  	-0.6106  	0.16908  	0.02304  	-0.1193  	0.31794  	0.05337  	-0.4088  	-0.5997  	0.79094  	-0.1217  	0.26194  	-0.2733  	0.42598  	-0.1020  	-0.1130  	-0.5945  	0.26874  	-0.0424  	-0.1654  	-0.3702  	-0.0906  	0.01770  	-0.0293  	-0.2430  	0.23379  	0.23888  	-0.0422  	0.21278  	0.21384  	0.05184  	-0.0374  	-0.1242  	0.26089  	-0.0439  	0.03992  	0.03423  	-0.0105  	-0.0733  	-0.0435  	0.03253  	0.01204  	0.05739  	-0.0211  	0.01624  	0.01475  	0.00498  	0.02629  	0.01032  	-0.0274  	0.02493  	-0.0009  	-0.0335  	0.03755  	-0.0028  	-0.0157  	0.02642  	-0.0105  	-0.0069  	-0.0242  	0.03589  	-0.0073  	0.02253  	-0.2797  	
0.14602  	0.04427  	0.08701  	0.72584  	0.18615  	0.47273  	0.15590  	-0.5527  	0.19173  	-0.0136  	0.06278  	0.33592  	0.03080  	-0.4571  	-0.8399  	0.91839  	-0.1272  	0.29474  	-0.2720  	0.38772  	-0.0283  	-0.1497  	-0.6186  	0.32032  	-0.1519  	-0.1860  	-0.3715  	-0.1293  	-0.0819  	-0.1183  	-0.2581  	0.24020  	0.25761  	-0.0652  	0.23039  	0.23555  	0.12907  	-0.0177  	-0.1630  	0.27342  	-0.0136  	0.03952  	0.02489  	-0.0265  	-0.0766  	-0.0388  	0.02449  	0.01196  	0.05381  	-0.0217  	0.02058  	0.01529  	0.00566  	0.02151  	0.00473  	-0.0244  	0.03363  	0.00137  	-0.0322  	0.03029  	-0.0007  	-0.0077  	0.03452  	-0.0136  	-0.0069  	-0.0242  	0.03589  	-0.0073  	0.02253  	-0.2797  	
0.00498  	-0.0318  	0.07786  	0.57136  	0.07857  	0.39937  	0.12666  	-0.6495  	0.15636  	0.03762  	0.18232  	0.32971  	-0.0324  	-0.5949  	-0.9981  	0.92925  	-0.1283  	0.32006  	-0.2904  	0.46517  	-0.0564  	-0.2061  	-0.6107  	0.31456  	-0.1197  	-0.1542  	-0.3599  	-0.1114  	-0.0958  	-0.1109  	-0.2102  	0.25046  	0.24580  	-0.0570  	0.21764  	0.25540  	0.13307  	-0.0113  	-0.1769  	0.25697  	-0.0134  	0.03807  	0.02577  	-0.0088  	-0.0745  	-0.0484  	0.03486  	0.00606  	0.05183  	-0.0153  	0.02835  	0.01413  	-0.0001  	0.01987  	0.00338  	-0.0284  	0.03488  	0.00594  	-0.0281  	0.03395  	-0.0038  	-0.0209  	0.03280  	-0.0060  	-0.0069  	-0.0242  	0.03589  	-0.0073  	0.02253  	-0.2797  	
-0.1589  	-0.0520  	-0.0191  	0.55515  	0.03935  	0.35975  	0.12291  	-0.7122  	0.10992  	0.00472  	0.10167  	0.23991  	-0.0666  	-0.6536  	-0.9870  	0.80466  	-0.0833  	0.30759  	-0.2723  	0.44151  	-0.0896  	-0.2228  	-0.5661  	0.30460  	-0.0904  	-0.1526  	-0.3243  	-0.0988  	-0.0405  	-0.0887  	-0.2259  	0.26174  	0.21249  	-0.0572  	0.17447  	0.31665  	0.12741  	0.00267  	-0.1808  	0.24061  	-0.0052  	0.03118  	0.01424  	-0.0077  	-0.0738  	-0.0412  	0.03452  	-0.0063  	0.04475  	-0.0214  	0.02538  	0.01713  	0.00110  	0.02059  	0.00843  	-0.0347  	0.04189  	0.01069  	-0.0255  	0.02731  	-0.0046  	-0.0216  	0.03437  	-0.0071  	-0.0069  	-0.0242  	0.03589  	-0.0073  	0.02253  	-0.2797  	
-0.1353  	-0.0390  	-0.0215  	0.53195  	0.03632  	0.36417  	0.11041  	-0.6956  	0.13381  	-0.0008  	0.13406  	0.24438  	-0.0472  	-0.6160  	-0.8989  	0.79976  	-0.1049  	0.31429  	-0.2776  	0.44843  	-0.0600  	-0.2135  	-0.5688  	0.26604  	-0.1406  	-0.1402  	-0.3797  	-0.1028  	-0.0905  	-0.1087  	-0.2073  	0.25085  	0.23209  	-0.0481  	0.21039  	0.29596  	0.12775  	0.00152  	-0.2023  	0.23411  	-0.0173  	0.03923  	0.00669  	-0.0251  	-0.0734  	-0.0488  	0.03414  	-0.0205  	0.04242  	-0.0174  	0.02232  	0.01393  	0.00249  	0.02394  	0.00710  	-0.0315  	0.03600  	0.00794  	-0.0255  	0.03018  	-0.0061  	-0.0087  	0.03370  	-0.0063  	-0.0069  	-0.0242  	0.03589  	-0.0073  	0.02253  	-0.2797  	
-0.0798  	-0.0375  	0.00137  	0.49216  	0.03376  	0.35746  	0.13030  	-0.6767  	0.15098  	0.05063  	0.21306  	0.29474  	-0.0369  	-0.6195  	-0.9989  	0.85243  	-0.1244  	0.33194  	-0.2849  	0.48848  	-0.0736  	-0.2465  	-0.6075  	0.24223  	-0.1835  	-0.1442  	-0.4342  	-0.0451  	-0.0686  	-0.1331  	-0.2021  	0.24129  	0.24243  	-0.0477  	0.20691  	0.30099  	0.10648  	-0.0112  	-0.1880  	0.24240  	0.00278  	0.03625  	0.01075  	-0.0217  	-0.0713  	-0.0517  	0.03980  	-0.0103  	0.04363  	-0.0203  	0.02301  	0.01347  	0.00392  	0.02050  	0.01116  	-0.0328  	0.03649  	0.00626  	-0.0275  	0.03121  	-0.0024  	-0.0107  	0.03688  	-0.0012  	-0.0069  	-0.0242  	0.03589  	-0.0073  	0.02253  	-0.2797  	
-0.0704  	-0.0410  	0.02108  	0.50076  	0.04098  	0.34745  	0.14041  	-0.6765  	0.16308  	0.08779  	0.22847  	0.28794  	-0.0383  	-0.6454  	-1.0532  	0.89190  	-0.1369  	0.33490  	-0.2845  	0.50777  	-0.1130  	-0.2417  	-0.6454  	0.22461  	-0.1535  	-0.1533  	-0.4350  	-0.0095  	-0.0364  	-0.1242  	-0.2112  	0.24592  	0.24045  	-0.0490  	0.19290  	0.32559  	0.08638  	-0.0169  	-0.1727  	0.25580  	0.00595  	0.03557  	0.01703  	-0.0190  	-0.0746  	-0.0466  	0.03686  	-0.0021  	0.04636  	-0.0197  	0.02681  	0.01296  	0.00267  	0.02081  	0.01282  	-0.0331  	0.03883  	0.00633  	-0.0267  	0.03040  	-0.0015  	-0.0101  	0.03806  	-0.0012  	-0.0069  	-0.0242  	0.03589  	-0.0073  	0.02253  	-0.2797  	
-0.0947  	-0.0509  	0.02364  	0.41995  	0.00421  	0.33664  	0.13843  	-0.7149  	0.15271  	0.11031  	0.24152  	0.28517  	-0.0462  	-0.7034  	-1.1370  	0.92338  	-0.1328  	0.34807  	-0.2736  	0.49294  	-0.1650  	-0.2550  	-0.6383  	0.20722  	-0.1538  	-0.1477  	-0.4392  	0.00266  	-0.0323  	-0.1269  	-0.2022  	0.23829  	0.24062  	-0.0456  	0.16902  	0.34348  	0.07171  	-0.0072  	-0.1640  	0.25930  	0.02109  	0.03579  	0.01872  	-0.0214  	-0.0831  	-0.0426  	0.03961  	0.00240  	0.04630  	-0.0161  	0.02497  	0.01591  	0.00321  	0.02505  	0.01091  	-0.0361  	0.03446  	0.00553  	-0.0282  	0.03059  	-0.0023  	-0.0070  	0.03837  	-0.0042  	-0.0069  	-0.0242  	0.03589  	-0.0073  	0.02253  	-0.2797  	
-0.1330  	-0.0550  	0.00558  	0.38592  	-0.0268  	0.33999  	0.13600  	-0.7216  	0.13690  	0.07314  	0.25146  	0.25410  	-0.0631  	-0.6998  	-1.1125  	0.89215  	-0.1152  	0.31839  	-0.2728  	0.45546  	-0.1382  	-0.2330  	-0.5939  	0.23090  	-0.1485  	-0.1406  	-0.4229  	-0.0317  	-0.0377  	-0.1267  	-0.1988  	0.23968  	0.22595  	-0.0510  	0.16387  	0.33491  	0.10047  	-0.0107  	-0.1766  	0.24639  	0.03158  	0.03832  	0.02154  	-0.0195  	-0.0781  	-0.0462  	0.03943  	0.00083  	0.04599  	-0.0139  	0.02139  	0.01401  	0.00255  	0.02633  	0.01091  	-0.0363  	0.03622  	0.00568  	-0.0304  	0.03094  	-0.0014  	-0.0077  	0.04184  	0.00142  	-0.0069  	-0.0242  	0.03589  	-0.0073  	0.02253  	-0.2797  	
-0.2411  	-0.0761  	-0.0448  	0.35146  	-0.0512  	0.25445  	0.12133  	-0.7387  	0.13100  	0.10074  	0.24577  	0.23833  	-0.0536  	-0.7351  	-1.1671  	0.83881  	-0.1032  	0.31632  	-0.2682  	0.47843  	-0.1606  	-0.2619  	-0.6012  	0.22577  	-0.1506  	-0.1388  	-0.4692  	-0.0162  	-0.0515  	-0.1383  	-0.2059  	0.23471  	0.22550  	-0.0645  	0.14610  	0.33623  	0.09558  	-0.0216  	-0.1844  	0.24351  	0.04245  	0.03710  	0.01641  	-0.0248  	-0.0675  	-0.0427  	0.03797  	-0.0055  	0.04434  	-0.0148  	0.01779  	0.01456  	-0.0023  	0.02599  	0.00734  	-0.0344  	0.03691  	0.00497  	-0.0249  	0.02896  	-0.0012  	-0.0129  	0.03560  	-0.0032  	-0.0069  	-0.0242  	0.03589  	-0.0073  	0.02253  	-0.2797  	
-0.4065  	-0.1249  	-0.1493  	0.30617  	-0.0491  	0.12706  	0.12058  	-0.7291  	0.13065  	0.10854  	0.28660  	0.22744  	-0.0470  	-0.6918  	-1.0857  	0.75093  	-0.0841  	0.31215  	-0.2765  	0.46912  	-0.1282  	-0.2402  	-0.5724  	0.25922  	-0.1460  	-0.1287  	-0.4381  	-0.0660  	-0.0735  	-0.1351  	-0.1867  	0.22450  	0.22945  	-0.0538  	0.14869  	0.29867  	0.07699  	-0.0242  	-0.1804  	0.22651  	0.02742  	0.03063  	-0.0112  	-0.0447  	-0.0704  	-0.0465  	0.03701  	-0.0041  	0.04417  	-0.0166  	0.01190  	0.01377  	0.00096  	0.02417  	0.00638  	-0.0344  	0.02791  	0.00378  	-0.0243  	0.02788  	0.00141  	-0.0087  	0.03752  	-0.0028  	-0.0069  	-0.0242  	0.03589  	-0.0073  	0.02253  	-0.2797  	
-0.4684  	-0.1336  	-0.2031  	0.36702  	0.01569  	0.09099  	0.10164  	-0.7057  	0.13218  	0.08164  	0.31968  	0.28158  	-0.0502  	-0.6545  	-1.0417  	0.72685  	-0.0948  	0.28321  	-0.3048  	0.49977  	-0.1012  	-0.2481  	-0.5741  	0.28340  	-0.1948  	-0.1151  	-0.4436  	-0.0428  	-0.0557  	-0.1469  	-0.2006  	0.21596  	0.23881  	-0.0528  	0.15750  	0.27908  	0.07301  	-0.0204  	-0.1663  	0.23526  	0.00764  	0.03860  	-0.0130  	-0.0463  	-0.0688  	-0.0472  	0.04660  	-0.0171  	0.03612  	-0.0112  	0.00702  	0.01568  	0.00039  	0.02841  	0.00570  	-0.0395  	0.03598  	0.00303  	-0.0286  	0.03102  	0.00213  	-0.0042  	0.03159  	-0.0011  	-0.0069  	-0.0242  	0.03589  	-0.0073  	0.02253  	-0.2797  	
-0.4092  	-0.1015  	-0.2024  	0.40258  	0.04921  	0.09648  	0.08703  	-0.6821  	0.16212  	0.06351  	0.29839  	0.36083  	-0.0273  	-0.6077  	-1.0246  	0.72190  	-0.0922  	0.30810  	-0.2876  	0.51416  	-0.0697  	-0.2568  	-0.6099  	0.24616  	-0.2320  	-0.1124  	-0.4662  	-0.0250  	-0.0698  	-0.1423  	-0.1868  	0.20901  	0.25590  	-0.0468  	0.16425  	0.25518  	0.07004  	-0.0210  	-0.1546  	0.22855  	0.00142  	0.03550  	-0.0082  	-0.0566  	-0.0718  	-0.0472  	0.04435  	-0.0061  	0.03647  	-0.0112  	0.01268  	0.01600  	-0.0039  	0.02624  	0.00457  	-0.0321  	0.03085  	0.00316  	-0.0309  	0.03374  	0.00193  	-0.0049  	0.03413  	-0.0032  	-0.0069  	-0.0242  	0.03589  	-0.0073  	0.02253  	-0.2797  	
-0.3877  	-0.0681  	-0.1435  	0.26227  	-0.0364  	0.15826  	0.10154  	-0.6858  	0.13682  	0.04717  	0.28704  	0.28014  	-0.0321  	-0.6537  	-1.0465  	0.70805  	-0.0801  	0.29251  	-0.2715  	0.46043  	-0.0721  	-0.2437  	-0.5300  	0.24194  	-0.1883  	-0.1113  	-0.4260  	-0.0678  	-0.0707  	-0.1549  	-0.1836  	0.20479  	0.25304  	-0.0612  	0.13477  	0.26213  	0.07525  	-0.0226  	-0.1622  	0.22775  	0.02472  	0.03161  	0.00849  	-0.0335  	-0.0659  	-0.0476  	0.04160  	-0.0107  	0.03482  	-0.0174  	0.00446  	0.01470  	-0.0018  	0.02265  	0.00541  	-0.0333  	0.02965  	0.00410  	-0.0237  	0.02948  	0.00679  	-0.0048  	0.02973  	-0.0080  	-0.0069  	-0.0242  	0.03589  	-0.0073  	0.02253  	-0.2797  	
-0.1551  	-0.0520  	0.02625  	0.46798  	0.02588  	0.32670  	0.11169  	-0.7068  	0.14391  	0.06045  	0.14587  	0.34071  	-0.0552  	-0.7189  	-1.0850  	0.89675  	-0.0880  	0.33539  	-0.2749  	0.48095  	-0.1870  	-0.2516  	-0.5941  	0.22390  	-0.1721  	-0.1319  	-0.4700  	0.05178  	-0.0105  	-0.1331  	-0.1820  	0.22448  	0.23659  	-0.0540  	0.09728  	0.31174  	0.02729  	-0.0243  	-0.1379  	0.28334  	0.03159  	0.01160  	0.02221  	-0.0169  	-0.0774  	-0.0445  	0.03786  	0.00987  	0.04521  	-0.0209  	0.02705  	0.01825  	-0.0031  	0.01885  	0.00717  	-0.0375  	0.04098  	0.00454  	-0.0311  	0.02865  	0.00604  	-0.0101  	0.04078  	0.00102  	-0.0069  	-0.0242  	0.03589  	-0.0073  	0.02253  	-0.2797  	
-0.1062  	-0.0321  	0.06734  	0.57105  	0.11598  	0.26103  	0.13221  	-0.6716  	0.15511  	0.13478  	0.17579  	0.37143  	-0.0148  	-0.7521  	-1.0479  	0.90468  	-0.0602  	0.22855  	-0.2409  	0.31540  	-0.1834  	-0.4174  	-0.8830  	0.19312  	-0.1657  	-0.0494  	-0.4827  	-0.0021  	0.10250  	-0.1271  	-0.1233  	0.18978  	0.15520  	-0.1733  	0.05998  	0.31945  	-0.0753  	-0.0381  	-0.2125  	0.20847  	0.08440  	0.15198  	-0.0618  	0.04452  	-0.1330  	-0.0281  	0.01849  	0.03750  	0.03928  	-0.0239  	0.02937  	0.01659  	-0.0012  	0.03726  	0.01596  	-0.0361  	0.03653  	-0.0046  	-0.0288  	0.03582  	0.00180  	-0.0133  	0.02541  	-0.0009  	-0.0069  	-0.0242  	0.03589  	-0.0073  	0.02253  	-0.2797  	
-0.1455  	-0.0573  	0.03062  	0.54966  	0.07413  	0.29229  	0.08052  	-0.6457  	0.11846  	0.06399  	0.13395  	0.29991  	0.03697  	-0.7968  	-0.9427  	0.80330  	0.01790  	0.11236  	-0.1611  	0.09106  	-0.0942  	-0.5587  	-1.0028  	0.21997  	-0.1818  	-0.0018  	-0.4300  	-0.0686  	0.14676  	-0.1151  	-0.0400  	0.18624  	0.07116  	-0.2862  	0.03269  	0.32144  	-0.0900  	-0.0293  	-0.3130  	0.13883  	0.11102  	0.23172  	-0.1492  	0.09865  	-0.1696  	-0.0116  	-0.0005  	0.02990  	0.02355  	-0.0367  	0.03916  	0.02208  	0.00521  	0.05089  	0.01804  	-0.0344  	0.03598  	-0.0119  	-0.0201  	0.04539  	0.00641  	-0.0183  	0.01250  	-0.0025  	-0.0069  	-0.0242  	0.03589  	-0.0073  	0.02253  	-0.2797  	
-0.1797  	-0.0503  	-0.0029  	0.50785  	0.04218  	0.29643  	0.07320  	-0.6489  	0.08242  	-0.0298  	0.11796  	0.25838  	0.02182  	-0.7916  	-0.8817  	0.69322  	0.06710  	0.04667  	-0.1607  	0.01745  	-0.0506  	-0.6012  	-0.9744  	0.25272  	-0.2085  	0.02144  	-0.4045  	-0.1359  	0.12346  	-0.1322  	-0.0237  	0.16961  	0.04760  	-0.3106  	0.03871  	0.30320  	-0.0703  	-0.0168  	-0.3649  	0.10441  	0.13394  	0.24099  	-0.1786  	0.10837  	-0.1798  	-0.0080  	-0.0074  	0.01757  	0.01164  	-0.0319  	0.03714  	0.02347  	0.00645  	0.05099  	0.01831  	-0.0394  	0.03681  	-0.0072  	-0.0207  	0.03809  	0.00298  	-0.0186  	0.01016  	-0.0043  	-0.0069  	-0.0242  	0.03589  	-0.0073  	0.02253  	-0.2797  	
-0.1215  	-0.0048  	0.00929  	0.48488  	0.02783  	0.30312  	0.08808  	-0.6221  	0.10819  	-0.0517  	0.16290  	0.26503  	0.03256  	-0.7409  	-0.8459  	0.65983  	0.02463  	0.06065  	-0.1783  	0.07183  	0.00468  	-0.5550  	-0.9096  	0.21674  	-0.2478  	0.01084  	-0.4321  	-0.1734  	0.05773  	-0.1482  	-0.0411  	0.17760  	0.08994  	-0.2899  	0.07845  	0.25955  	-0.0218  	0.00078  	-0.3457  	0.10674  	0.12203  	0.22152  	-0.1554  	0.09276  	-0.1711  	-0.0203  	0.00053  	0.01920  	0.01703  	-0.0378  	0.02964  	0.01793  	0.00541  	0.04578  	0.02205  	-0.0391  	0.03601  	-0.0088  	-0.0240  	0.04234  	0.00577  	-0.0109  	0.01808  	0.00113  	-0.0069  	-0.0242  	0.03589  	-0.0073  	0.02253  	-0.2797  	
-0.1516  	-0.0005  	-0.0064  	0.47419  	0.01061  	0.29895  	0.10137  	-0.6458  	0.15198  	-0.0085  	0.17804  	0.29432  	0.01456  	-0.6604  	-0.8741  	0.71243  	-0.0168  	0.19415  	-0.2295  	0.26614  	-0.0525  	-0.3996  	-0.7722  	0.19890  	-0.2388  	-0.0417  	-0.4878  	-0.0845  	0.03335  	-0.1593  	-0.1040  	0.18503  	0.18820  	-0.1792  	0.08659  	0.23790  	0.00376  	-0.0069  	-0.2554  	0.17826  	0.09824  	0.13006  	-0.0708  	0.04352  	-0.1299  	-0.0301  	0.02483  	0.00347  	0.02763  	-0.0217  	0.02130  	0.01847  	0.00039  	0.04035  	0.01630  	-0.0383  	0.02971  	-0.0036  	-0.0281  	0.03619  	0.00369  	-0.0043  	0.02114  	-0.0023  	-0.0069  	-0.0242  	0.03589  	-0.0073  	0.02253  	-0.2797  	
-0.2040  	-0.0292  	-0.0352  	0.38999  	-0.0443  	0.29634  	0.11166  	-0.6768  	0.16731  	0.03942  	0.21381  	0.28291  	-0.0061  	-0.6063  	-1.0101  	0.77658  	-0.1036  	0.35236  	-0.2870  	0.47411  	-0.1453  	-0.2280  	-0.5774  	0.18588  	-0.2103  	-0.1191  	-0.5129  	0.01558  	-0.0155  	-0.1565  	-0.1837  	0.20992  	0.27550  	-0.0542  	0.11603  	0.27100  	0.05542  	-0.0144  	-0.1585  	0.24183  	0.06602  	0.02340  	0.03454  	-0.0231  	-0.0779  	-0.0442  	0.04350  	-0.0017  	0.03625  	-0.0112  	0.00823  	0.01745  	0.00144  	0.02417  	0.00835  	-0.0396  	0.03036  	0.00490  	-0.0308  	0.02469  	-0.0010  	0.00240  	0.03760  	-0.0009  	-0.0069  	-0.0242  	0.03589  	-0.0073  	0.02253  	-0.2797  	
-0.2219  	-0.0372  	-0.0341  	0.41293  	-0.0280  	0.27240  	0.10949  	-0.6798  	0.17076  	0.07824  	0.21650  	0.29730  	-0.0008  	-0.5590  	-1.0505  	0.78956  	-0.1184  	0.36271  	-0.2831  	0.49823  	-0.1649  	-0.2490  	-0.5964  	0.19055  	-0.2014  	-0.1191  	-0.5165  	0.02038  	0.00580  	-0.1451  	-0.1727  	0.20970  	0.28061  	-0.0564  	0.10145  	0.27790  	0.03380  	-0.0260  	-0.1520  	0.25686  	0.06674  	0.02950  	0.03100  	-0.0195  	-0.0832  	-0.0408  	0.04434  	0.00494  	0.03704  	-0.0131  	0.00746  	0.01586  	-0.0002  	0.02507  	0.00700  	-0.0390  	0.02869  	0.00305  	-0.0350  	0.02854  	0.00360  	0.00026  	0.03435  	0.00023  	-0.0069  	-0.0242  	0.03589  	-0.0073  	0.02253  	-0.2797  	
-0.2937  	-0.0521  	-0.0700  	0.39654  	-0.0160  	0.26340  	0.11241  	-0.6960  	0.15838  	0.05090  	0.19014  	0.29031  	-0.0242  	-0.6215  	-1.0716  	0.77805  	-0.0875  	0.33411  	-0.2851  	0.48404  	-0.1408  	-0.2526  	-0.5773  	0.21229  	-0.1779  	-0.1184  	-0.4818  	0.00458  	-0.0061  	-0.1362  	-0.1889  	0.21375  	0.24467  	-0.0479  	0.10670  	0.29065  	0.04969  	-0.0202  	-0.1517  	0.24222  	0.05036  	0.02531  	0.02731  	-0.0254  	-0.0718  	-0.0444  	0.04038  	-0.0067  	0.03734  	-0.0133  	0.01403  	0.01415  	-0.0011  	0.02573  	0.00749  	-0.0329  	0.03382  	0.00269  	-0.0289  	0.02895  	0.00586  	-0.0003  	0.02972  	-0.0042  	-0.0069  	-0.0242  	0.03589  	-0.0073  	0.02253  	-0.2797  	
-0.3057  	-0.0778  	-0.0740  	0.32466  	-0.0610  	0.26138  	0.10133  	-0.7032  	0.13137  	0.02194  	0.24912  	0.21739  	-0.0725  	-0.7217  	-1.0776  	0.79015  	-0.0713  	0.30150  	-0.2836  	0.44197  	-0.0953  	-0.2269  	-0.5309  	0.24850  	-0.1723  	-0.1238  	-0.4123  	-0.0462  	-0.0690  	-0.1477  	-0.1945  	0.24774  	0.22327  	-0.0604  	0.12739  	0.28251  	0.10352  	-0.0069  	-0.1745  	0.23231  	0.03772  	0.03195  	0.01043  	-0.0306  	-0.0730  	-0.0455  	0.03939  	-0.0167  	0.03570  	-0.0087  	0.00859  	0.01642  	0.00163  	0.02983  	0.00761  	-0.0358  	0.03123  	0.00413  	-0.0259  	0.03125  	0.00060  	-0.0054  	0.02999  	-0.0028  	-0.0069  	-0.0242  	0.03589  	-0.0073  	0.02253  	-0.2797  	
-0.1514  	-0.0831  	-0.0258  	0.54673  	0.07320  	0.26460  	0.13368  	-0.7505  	0.10994  	0.08796  	0.15842  	0.34721  	-0.0645  	-0.7480  	-1.0627  	0.90122  	-0.1013  	0.35229  	-0.2875  	0.49449  	-0.2402  	-0.2345  	-0.6375  	0.24311  	-0.1434  	-0.1366  	-0.4597  	0.05073  	-0.0116  	-0.1160  	-0.2077  	0.23284  	0.20428  	-0.0530  	0.11295  	0.34845  	0.04388  	-0.0268  	-0.1566  	0.27085  	0.03761  	0.02150  	0.01694  	-0.0186  	-0.0766  	-0.0436  	0.03870  	0.00230  	0.04508  	-0.0163  	0.01799  	0.01640  	0.00418  	0.02237  	0.00764  	-0.0375  	0.03883  	0.00289  	-0.0314  	0.03080  	-0.0013  	-0.0122  	0.03770  	-0.0043  	-0.0069  	-0.0242  	0.03589  	-0.0073  	0.02253  	-0.2797  	
-0.1288  	-0.0818  	-0.0042  	0.57368  	0.12626  	0.27997  	0.16598  	-0.7257  	0.16009  	0.15165  	0.14649  	0.34905  	-0.0442  	-0.7167  	-1.0822  	0.95476  	-0.1489  	0.37968  	-0.2905  	0.51239  	-0.2755  	-0.2218  	-0.6802  	0.20516  	-0.0995  	-0.1363  	-0.4678  	0.08403  	0.06758  	-0.0977  	-0.2222  	0.23445  	0.21936  	-0.0424  	0.10560  	0.36553  	-0.0107  	-0.0328  	-0.1357  	0.28558  	0.02776  	0.03739  	0.03299  	-0.0129  	-0.0885  	-0.0438  	0.03549  	0.01650  	0.05243  	-0.0213  	0.02729  	0.01292  	-0.0015  	0.02377  	0.01190  	-0.0344  	0.03811  	0.00620  	-0.0274  	0.03428  	-0.0042  	-0.0132  	0.03620  	-0.0020  	-0.0069  	-0.0242  	0.03589  	-0.0073  	0.02253  	-0.2797  	
-0.1362  	-0.0730  	-0.0454  	0.49552  	0.08248  	0.33068  	0.14264  	-0.7500  	0.15131  	0.09154  	0.12003  	0.28507  	-0.0321  	-0.7420  	-1.0819  	0.91053  	-0.1133  	0.35415  	-0.2679  	0.49101  	-0.2283  	-0.2417  	-0.6635  	0.22333  	-0.0691  	-0.1461  	-0.4170  	0.06938  	0.03334  	-0.0838  	-0.2110  	0.25860  	0.20854  	-0.0422  	0.11793  	0.37103  	0.02666  	-0.0252  	-0.1446  	0.26781  	0.01519  	0.03730  	0.02525  	-0.0207  	-0.0831  	-0.0431  	0.03399  	0.00182  	0.04843  	-0.0216  	0.02891  	0.01346  	0.00303  	0.02863  	0.00985  	-0.0344  	0.04045  	0.00656  	-0.0217  	0.03237  	-0.0040  	-0.0138  	0.03578  	-0.0046  	-0.0069  	-0.0242  	0.03589  	-0.0073  	0.02253  	-0.2797  	
-0.1436  	-0.0391  	-0.0864  	0.55879  	0.08135  	0.37510  	0.13389  	-0.7540  	0.11067  	0.01239  	0.05131  	0.27011  	-0.0428  	-0.6531  	-1.0293  	0.78177  	-0.0862  	0.31411  	-0.2723  	0.46138  	-0.1856  	-0.2197  	-0.6148  	0.27471  	-0.0759  	-0.1424  	-0.3636  	0.03878  	0.01932  	-0.0750  	-0.2352  	0.24334  	0.20312  	-0.0485  	0.15252  	0.35768  	0.04101  	-0.0277  	-0.1511  	0.24420  	-0.0070  	0.04178  	0.01617  	-0.0249  	-0.0794  	-0.0414  	0.03000  	0.00147  	0.04764  	-0.0229  	0.03227  	0.01107  	0.00341  	0.01654  	0.00719  	-0.0329  	0.04364  	0.01455  	-0.0228  	0.02455  	-0.0066  	-0.0157  	0.03766  	-0.0050  	-0.0069  	-0.0242  	0.03589  	-0.0073  	0.02253  	-0.2797  	
-0.0233  	0.01304  	-0.0449  	0.72594  	0.15158  	0.46925  	0.14347  	-0.6359  	0.14836  	-0.0419  	0.01491  	0.35457  	-0.0055  	-0.4834  	-0.8074  	0.76585  	-0.0879  	0.26482  	-0.2806  	0.44187  	-0.0716  	-0.1801  	-0.5737  	0.28917  	-0.0740  	-0.1606  	-0.3230  	-0.0473  	-0.0235  	-0.0785  	-0.2440  	0.23832  	0.24296  	-0.0484  	0.20977  	0.26624  	0.07797  	-0.0369  	-0.1449  	0.26121  	-0.0408  	0.04704  	0.00490  	-0.0078  	-0.0740  	-0.0416  	0.03106  	0.00922  	0.05411  	-0.0112  	0.02517  	0.01302  	0.00133  	0.02384  	0.00439  	-0.0256  	0.03158  	0.00599  	-0.0234  	0.02948  	-0.0044  	-0.0083  	0.02914  	-0.0083  	-0.0069  	-0.0242  	0.03589  	-0.0073  	0.02253  	-0.2797  	
0.09417  	0.02361  	0.08333  	0.76505  	0.13309  	0.54627  	0.13078  	-0.5729  	0.19559  	-0.0348  	0.03554  	0.35642  	0.01797  	-0.4533  	-0.7397  	0.87452  	-0.0879  	0.27877  	-0.2801  	0.43802  	-0.0238  	-0.1796  	-0.5660  	0.27336  	-0.1001  	-0.1635  	-0.3957  	-0.1088  	-0.0516  	-0.0920  	-0.2256  	0.23328  	0.25286  	-0.0488  	0.20586  	0.21648  	0.10837  	-0.0149  	-0.1571  	0.24938  	-0.0236  	0.02734  	0.02793  	-0.0249  	-0.0736  	-0.0506  	0.03158  	0.01343  	0.05168  	-0.0140  	0.02279  	0.01203  	-0.0017  	0.02261  	0.00475  	-0.0249  	0.04003  	0.00841  	-0.0313  	0.03036  	-0.0022  	-0.0086  	0.03868  	-0.0047  	-0.0069  	-0.0242  	0.03589  	-0.0073  	0.02253  	-0.2797  	
0.11504  	0.03027  	0.10259  	0.69771  	0.11355  	0.46202  	0.11843  	-0.5713  	0.21049  	-0.0112  	0.16326  	0.37573  	0.03436  	-0.4551  	-0.8444  	0.91048  	-0.1147  	0.29018  	-0.2880  	0.43335  	0.04549  	-0.2263  	-0.5615  	0.28234  	-0.2029  	-0.1521  	-0.3954  	-0.1428  	-0.1341  	-0.1406  	-0.2089  	0.22774  	0.28017  	-0.0491  	0.22776  	0.18487  	0.13742  	-0.0053  	-0.1752  	0.23400  	-0.0044  	0.02696  	0.02992  	-0.0224  	-0.0791  	-0.0442  	0.03514  	0.00708  	0.05075  	-0.0121  	0.01621  	0.01191  	0.00127  	0.02553  	0.00038  	-0.0256  	0.02873  	0.00562  	-0.0284  	0.02980  	0.00080  	-0.0037  	0.03700  	-0.0062  	-0.0069  	-0.0242  	0.03589  	-0.0073  	0.02253  	-0.2797  	
-0.1363  	-0.0397  	-0.0246  	0.57514  	0.08607  	0.33811  	0.12795  	-0.6614  	0.16098  	0.01463  	0.17990  	0.35124  	-0.0103  	-0.5889  	-0.8924  	0.82910  	-0.1041  	0.31996  	-0.2767  	0.45109  	-0.0378  	-0.2215  	-0.5541  	0.27048  	-0.1964  	-0.1342  	-0.4105  	-0.0912  	-0.1050  	-0.1424  	-0.2033  	0.24599  	0.26678  	-0.0509  	0.18634  	0.22487  	0.10892  	-0.0020  	-0.1874  	0.24613  	0.00990  	0.02364  	0.02169  	-0.0064  	-0.0798  	-0.0504  	0.04247  	-0.0007  	0.04752  	-0.0204  	0.01407  	0.01367  	-0.0021  	0.02455  	0.00722  	-0.0327  	0.02813  	0.00278  	-0.0301  	0.02568  	0.00210  	-0.0066  	0.03216  	-0.0081  	-0.0069  	-0.0242  	0.03589  	-0.0073  	0.02253  	-0.2797  	
-0.2338  	-0.0589  	-0.0459  	0.49422  	0.03342  	0.33996  	0.10750  	-0.7059  	0.13063  	-0.0042  	0.14602  	0.28637  	-0.0459  	-0.6645  	-0.9521  	0.80899  	-0.0942  	0.32324  	-0.2831  	0.47179  	-0.0780  	-0.2147  	-0.5490  	0.26939  	-0.1767  	-0.1247  	-0.4057  	-0.0610  	-0.0854  	-0.1314  	-0.2147  	0.24067  	0.23444  	-0.0534  	0.15785  	0.26815  	0.10667  	-0.0025  	-0.1898  	0.24493  	0.00419  	0.04322  	0.01447  	-0.0198  	-0.0777  	-0.0467  	0.03730  	-0.0084  	0.03784  	-0.0189  	0.01498  	0.01693  	0.00137  	0.02432  	0.00450  	-0.0322  	0.03629  	0.00637  	-0.0242  	0.02741  	-0.0027  	-0.0040  	0.03511  	-0.0027  	-0.0069  	-0.0242  	0.03589  	-0.0073  	0.02253  	-0.2797  	
-0.1255  	-0.0577  	-0.0408  	0.53779  	0.07291  	0.31399  	0.12994  	-0.7396  	0.13415  	0.05843  	0.11822  	0.34571  	-0.0474  	-0.7069  	-0.9945  	0.87696  	-0.1068  	0.34291  	-0.2894  	0.48722  	-0.2018  	-0.2408  	-0.6197  	0.23955  	-0.1616  	-0.1390  	-0.4548  	0.03510  	0.00284  	-0.1086  	-0.2071  	0.23505  	0.22243  	-0.0444  	0.12447  	0.32296  	0.02865  	-0.0353  	-0.1493  	0.27225  	0.03067  	0.02456  	0.01934  	-0.0184  	-0.0826  	-0.0422  	0.03521  	0.00306  	0.04550  	-0.0186  	0.01757  	0.01551  	0.00037  	0.02047  	0.00944  	-0.0359  	0.03861  	0.00381  	-0.0263  	0.02849  	-0.0032  	-0.0089  	0.03930  	-0.0043  	-0.0069  	-0.0242  	0.03589  	-0.0073  	0.02253  	-0.2797  	
-0.1282  	-0.0592  	0.01385  	0.56095  	0.09250  	0.31396  	0.11287  	-0.6723  	0.15242  	0.08409  	0.12921  	0.31965  	-0.0022  	-0.7543  	-0.9804  	0.87230  	-0.0494  	0.22359  	-0.2048  	0.27320  	-0.1424  	-0.4242  	-0.8429  	0.23159  	-0.1406  	-0.0690  	-0.4223  	-0.0170  	0.08639  	-0.1044  	-0.1157  	0.21848  	0.13141  	-0.1818  	0.07401  	0.33699  	-0.0323  	-0.0273  	-0.2461  	0.19373  	0.06718  	0.14461  	-0.0739  	0.04795  	-0.1340  	-0.0249  	0.01324  	0.01906  	0.03302  	-0.0291  	0.03217  	0.01902  	0.00365  	0.03815  	0.01597  	-0.0342  	0.03704  	-0.0019  	-0.0231  	0.04018  	0.00133  	-0.0177  	0.02157  	-0.0051  	-0.0069  	-0.0242  	0.03589  	-0.0073  	0.02253  	-0.2797  	
-0.1872  	-0.0324  	0.02471  	0.55127  	0.05557  	0.31897  	0.08391  	-0.6394  	0.09518  	-0.0283  	0.09110  	0.25595  	0.00599  	-0.7389  	-0.9038  	0.70525  	0.04584  	0.06855  	-0.1698  	0.07448  	-0.0433  	-0.5672  	-0.9425  	0.28182  	-0.1847  	0.00747  	-0.3690  	-0.1546  	0.11390  	-0.1139  	-0.0479  	0.18451  	0.06249  	-0.2834  	0.04792  	0.30658  	-0.0477  	-0.0179  	-0.3383  	0.11519  	0.11459  	0.22114  	-0.1594  	0.09749  	-0.1654  	-0.0107  	-0.0033  	0.02019  	0.02122  	-0.0374  	0.03413  	0.02082  	0.00718  	0.04537  	0.01817  	-0.0381  	0.03813  	-0.0021  	-0.0245  	0.03549  	0.00312  	-0.0242  	0.01550  	-0.0047  	-0.0069  	-0.0242  	0.03589  	-0.0073  	0.02253  	-0.2797  	
-0.0980  	0.00028  	0.07093  	0.56020  	0.03396  	0.34520  	0.05323  	-0.5646  	0.10737  	-0.0725  	0.16973  	0.25519  	0.03788  	-0.6812  	-0.7730  	0.66670  	0.04982  	0.01227  	-0.1568  	0.00039  	0.09560  	-0.5809  	-0.9420  	0.28570  	-0.2383  	0.01984  	-0.3691  	-0.2990  	0.01460  	-0.1430  	-0.0213  	0.18550  	0.07162  	-0.3180  	0.10917  	0.23053  	0.03301  	0.01055  	-0.3916  	0.08524  	0.11523  	0.24083  	-0.1768  	0.10491  	-0.1718  	-0.0132  	-0.0013  	0.02145  	0.01502  	-0.0397  	0.02325  	0.02059  	0.00438  	0.05448  	0.02075  	-0.0378  	0.03374  	-0.0101  	-0.0272  	0.04250  	0.00404  	-0.0159  	0.01041  	-0.0025  	-0.0069  	-0.0242  	0.03589  	-0.0073  	0.02253  	-0.2797  	
0.03229  	0.06120  	0.10652  	0.59220  	0.03045  	0.40464  	0.08455  	-0.4993  	0.14675  	-0.0859  	0.20756  	0.32875  	0.08175  	-0.5713  	-0.7005  	0.72455  	0.04462  	0.01059  	-0.1830  	0.03858  	0.16045  	-0.5400  	-0.9151  	0.27918  	-0.2699  	-0.0072  	-0.3566  	-0.3275  	-0.0456  	-0.1700  	-0.0338  	0.17601  	0.12099  	-0.2932  	0.16558  	0.17613  	0.06546  	0.01034  	-0.3772  	0.09477  	0.09070  	0.22582  	-0.1609  	0.08910  	-0.1592  	-0.0156  	0.00587  	0.01864  	0.01961  	-0.0287  	0.02144  	0.02140  	-4.1648  	0.05112  	0.01764  	-0.0342  	0.02751  	-0.0091  	-0.0334  	0.03725  	0.01109  	-0.0068  	0.00992  	-0.0051  	-0.0069  	-0.0242  	0.03589  	-0.0073  	0.02253  	-0.2797  	
0.13625  	0.09177  	0.20865  	0.61092  	0.00132  	0.48679  	0.09773  	-0.4563  	0.22176  	-0.0554  	0.27651  	0.33581  	0.04597  	-0.4623  	-0.7384  	0.84953  	-0.0110  	0.06633  	-0.2143  	0.17268  	0.22208  	-0.3876  	-0.7068  	0.31676  	-0.2943  	-0.0686  	-0.3381  	-0.3800  	-0.2002  	-0.1711  	-0.1070  	0.22698  	0.20756  	-0.1935  	0.21459  	0.13293  	0.18890  	0.04121  	-0.3261  	0.12468  	0.04181  	0.13432  	-0.0757  	0.04145  	-0.1209  	-0.0284  	0.01840  	0.01969  	0.03817  	-0.0174  	0.00753  	0.01757  	0.00437  	0.04354  	0.00921  	-0.0260  	0.02433  	-0.0054  	-0.0348  	0.04137  	0.00836  	-0.0020  	0.02057  	-0.0052  	-0.0069  	-0.0242  	0.03589  	-0.0073  	0.02253  	-0.2797  	
0.15818  	0.08721  	0.21247  	0.57996  	-0.0323  	0.53544  	0.12162  	-0.4833  	0.25086  	-0.0451  	0.26694  	0.32582  	0.02323  	-0.3848  	-0.7985  	0.91582  	-0.0745  	0.19338  	-0.2686  	0.36063  	0.19890  	-0.1960  	-0.4756  	0.34082  	-0.2346  	-0.1491  	-0.3089  	-0.3362  	-0.2951  	-0.1468  	-0.1993  	0.27034  	0.27793  	-0.0605  	0.28205  	0.14333  	0.29085  	0.05122  	-0.2374  	0.17691  	-0.0268  	0.03374  	0.02405  	-0.0276  	-0.0759  	-0.0461  	0.03709  	0.01163  	0.05497  	-0.0069  	0.00403  	0.01569  	0.00473  	0.03219  	0.00431  	-0.0192  	0.02028  	0.00608  	-0.0351  	0.03859  	0.00675  	-0.0001  	0.03346  	-0.0043  	-0.0069  	-0.0242  	0.03589  	-0.0073  	0.02253  	-0.2797  	
0.14652  	0.08417  	0.20605  	0.57142  	-0.0408  	0.52854  	0.11815  	-0.4732  	0.25035  	-0.0418  	0.27191  	0.33586  	0.02460  	-0.3818  	-0.8005  	0.92037  	-0.0716  	0.19641  	-0.2619  	0.34318  	0.20435  	-0.2014  	-0.4686  	0.35015  	-0.2409  	-0.1546  	-0.2957  	-0.3572  	-0.3093  	-0.1547  	-0.2017  	0.27441  	0.28097  	-0.0607  	0.28472  	0.13548  	0.29652  	0.05897  	-0.2378  	0.17064  	-0.0318  	0.03319  	0.02060  	-0.0297  	-0.0779  	-0.0442  	0.03495  	0.01102  	0.05125  	-0.0068  	0.00231  	0.01611  	0.00437  	0.03248  	0.00306  	-0.0213  	0.01865  	0.00609  	-0.0357  	0.03713  	0.00859  	0.00044  	0.03446  	-0.0037  	-0.0069  	-0.0242  	0.03589  	-0.0073  	0.02253  	-0.2797  	
0.14025  	0.09915  	0.19124  	0.56827  	-0.0376  	0.50852  	0.11489  	-0.4714  	0.25570  	-0.0543  	0.28996  	0.35265  	0.01176  	-0.3862  	-0.8027  	0.92193  	-0.0722  	0.19362  	-0.2662  	0.33461  	0.20293  	-0.2042  	-0.4616  	0.35325  	-0.2581  	-0.1527  	-0.2937  	-0.3562  	-0.3265  	-0.1569  	-0.2006  	0.27665  	0.28439  	-0.0623  	0.29411  	0.12808  	0.30532  	0.06332  	-0.2447  	0.16756  	-0.0300  	0.03019  	0.02018  	-0.0287  	-0.0810  	-0.0428  	0.03455  	0.00740  	0.04934  	-0.0074  	0.00087  	0.01682  	0.00380  	0.03302  	0.00255  	-0.0217  	0.01768  	0.00565  	-0.0345  	0.03670  	0.00852  	0.00251  	0.03298  	-0.0050  	-0.0069  	-0.0242  	0.03589  	-0.0073  	0.02253  	-0.2797  	
0.14212  	0.09988  	0.18112  	0.56624  	-0.0333  	0.49419  	0.11088  	-0.4782  	0.25559  	-0.0586  	0.29294  	0.36384  	0.00696  	-0.3929  	-0.7999  	0.91894  	-0.0698  	0.19197  	-0.2697  	0.33045  	0.19696  	-0.2039  	-0.4531  	0.35253  	-0.2629  	-0.1507  	-0.2936  	-0.3517  	-0.3307  	-0.1547  	-0.1980  	0.27532  	0.28452  	-0.0636  	0.29812  	0.12145  	0.30668  	0.06418  	-0.2489  	0.16554  	-0.0316  	0.03050  	0.01913  	-0.0292  	-0.0828  	-0.0425  	0.03489  	0.00610  	0.04882  	-0.0087  	-0.0007  	0.01800  	0.00233  	0.03284  	0.00253  	-0.0218  	0.01808  	0.00529  	-0.0348  	0.03496  	0.00828  	0.00364  	0.03205  	-0.0053  	-0.0069  	-0.0242  	0.03589  	-0.0073  	0.02253  	-0.2797  	
0.13932  	0.09724  	0.17709  	0.56552  	-0.0303  	0.49116  	0.11117  	-0.4824  	0.25303  	-0.0565  	0.29278  	0.36116  	0.00425  	-0.3990  	-0.7991  	0.91521  	-0.0657  	0.19290  	-0.2722  	0.33400  	0.19078  	-0.2090  	-0.4516  	0.35313  	-0.2618  	-0.1502  	-0.2931  	-0.3452  	-0.3278  	-0.1541  	-0.1994  	0.27423  	0.28261  	-0.0645  	0.29929  	0.12135  	0.30283  	0.06377  	-0.2490  	0.16484  	-0.0345  	0.03053  	0.01804  	-0.0294  	-0.0833  	-0.0424  	0.03456  	0.00585  	0.04840  	-0.0091  	0.00028  	0.01875  	0.00170  	0.03200  	0.00279  	-0.0219  	0.01912  	0.00490  	-0.0349  	0.03383  	0.00814  	0.00330  	0.03167  	-0.0051  	-0.0069  	-0.0242  	0.03589  	-0.0073  	0.02253  	-0.2797  	
-0.0124  	0.03977  	0.10008  	0.50285  	0.01223  	0.38793  	0.10378  	-0.6138  	0.17692  	-0.0024  	0.28717  	0.34777  	-0.0379  	-0.5447  	-0.9490  	0.88160  	-0.1067  	0.28974  	-0.2944  	0.42533  	0.04855  	-0.2628  	-0.5432  	0.28215  	-0.2360  	-0.1387  	-0.4200  	-0.1408  	-0.1808  	-0.1622  	-0.1981  	0.24891  	0.26620  	-0.0608  	0.24547  	0.21349  	0.17359  	0.01521  	-0.2166  	0.21398  	-0.0144  	0.04700  	-0.0011  	-0.0361  	-0.0827  	-0.0461  	0.04210  	0.00189  	0.03939  	-0.0121  	0.01557  	0.01887  	0.00041  	0.02507  	0.00498  	-0.0264  	0.03064  	0.00472  	-0.0320  	0.03190  	0.00654  	-0.0088  	0.03022  	-0.0040  	-0.0069  	-0.0242  	0.03589  	-0.0073  	0.02253  	-0.2797  	
-0.0339  	-0.0087  	0.06115  	0.49957  	0.02308  	0.36812  	0.10575  	-0.6559  	0.16598  	0.07288  	0.28253  	0.31163  	-0.0486  	-0.6040  	-1.0165  	0.89652  	-0.1218  	0.32076  	-0.2890  	0.45994  	-0.0319  	-0.2640  	-0.5804  	0.24627  	-0.2142  	-0.1445  	-0.4517  	-0.0730  	-0.1228  	-0.1415  	-0.2073  	0.25010  	0.25796  	-0.0596  	0.22695  	0.25713  	0.13191  	-0.0021  	-0.1995  	0.22282  	-0.0008  	0.04366  	0.00806  	-0.0334  	-0.0769  	-0.0441  	0.04129  	0.00054  	0.04302  	-0.0120  	0.02251  	0.01690  	0.00047  	0.02082  	0.00696  	-0.0335  	0.03395  	0.00639  	-0.0320  	0.02943  	-0.0006  	-0.0112  	0.03651  	-0.0026  	-0.0069  	-0.0242  	0.03589  	-0.0073  	0.02253  	-0.2797  	
-0.0695  	-0.0315  	0.02482  	0.48549  	0.01634  	0.34339  	0.11886  	-0.6792  	0.16030  	0.10483  	0.27047  	0.30120  	-0.0509  	-0.6596  	-1.0732  	0.91234  	-0.1354  	0.33061  	-0.2814  	0.49512  	-0.1008  	-0.2459  	-0.6373  	0.21082  	-0.1591  	-0.1492  	-0.4394  	-0.0208  	-0.0635  	-0.1230  	-0.2049  	0.24868  	0.23794  	-0.0499  	0.20114  	0.31734  	0.09588  	-0.0076  	-0.1852  	0.23119  	0.00439  	0.03798  	0.01559  	-0.0249  	-0.0755  	-0.0474  	0.03744  	0.00071  	0.04421  	-0.0172  	0.02590  	0.01461  	0.00088  	0.02171  	0.01028  	-0.0352  	0.03847  	0.00831  	-0.0293  	0.02791  	-0.0019  	-0.0090  	0.04164  	9.18509  	-0.0069  	-0.0242  	0.03589  	-0.0073  	0.02253  	-0.2797  	
-0.0656  	-0.0381  	0.05970  	0.42555  	0.00706  	0.34114  	0.14380  	-0.7229  	0.15876  	0.12700  	0.24568  	0.30114  	-0.0600  	-0.7212  	-1.1468  	0.96448  	-0.1319  	0.36550  	-0.2746  	0.49959  	-0.1879  	-0.2623  	-0.6437  	0.19227  	-0.1606  	-0.1485  	-0.4697  	0.02585  	-0.0166  	-0.1251  	-0.2007  	0.23502  	0.23565  	-0.0437  	0.15336  	0.34323  	0.05956  	-0.0089  	-0.1625  	0.26530  	0.03012  	0.03337  	0.02513  	-0.0205  	-0.0844  	-0.0449  	0.03527  	0.00741  	0.05005  	-0.0149  	0.02434  	0.01546  	-3.4181  	0.02349  	0.01182  	-0.0358  	0.03420  	0.00329  	-0.0303  	0.03081  	0.00011  	-0.0033  	0.04162  	-0.0016  	-0.0069  	-0.0242  	0.03589  	-0.0073  	0.02253  	-0.2797  	
-0.1370  	-0.0547  	0.00647  	0.38194  	-0.0342  	0.29618  	0.12983  	-0.7197  	0.13626  	0.12713  	0.22075  	0.25914  	-0.0627  	-0.7259  	-1.1431  	0.89964  	-0.1155  	0.36914  	-0.2837  	0.48761  	-0.1871  	-0.2519  	-0.6237  	0.19680  	-0.1531  	-0.1353  	-0.4977  	0.03304  	0.01291  	-0.1256  	-0.2037  	0.23638  	0.22997  	-0.0511  	0.12725  	0.34626  	0.04909  	-0.0257  	-0.1516  	0.26893  	0.04723  	0.03039  	0.02762  	-0.0184  	-0.0806  	-0.0469  	0.03348  	-0.0013  	0.04301  	-0.0157  	0.01801  	0.01241  	0.00120  	0.02381  	0.01066  	-0.0375  	0.03655  	0.00333  	-0.0321  	0.02985  	0.00205  	-0.0041  	0.03949  	0.00340  	-0.0069  	-0.0242  	0.03589  	-0.0073  	0.02253  	-0.2797  	
-0.3484  	-0.0907  	-0.1164  	0.35889  	-0.0641  	0.27199  	0.12442  	-0.7318  	0.11265  	0.04606  	0.15989  	0.24589  	-0.0723  	-0.7442  	-1.0748  	0.76508  	-0.0751  	0.32072  	-0.2718  	0.44908  	-0.1667  	-0.2500  	-0.5873  	0.24523  	-0.1137  	-0.1425  	-0.3812  	-0.0108  	0.00880  	-0.1268  	-0.2020  	0.24680  	0.21390  	-0.0428  	0.11925  	0.33950  	0.06411  	-0.0072  	-0.1684  	0.24796  	0.03818  	0.02578  	0.02131  	-0.0169  	-0.0698  	-0.0516  	0.03371  	-0.0176  	0.03726  	-0.0158  	0.01461  	0.01702  	0.00536  	0.02854  	0.00809  	-0.0397  	0.03877  	0.00781  	-0.0263  	0.03104  	0.00570  	-0.0128  	0.03896  	-0.0029  	-0.0069  	-0.0242  	0.03589  	-0.0073  	0.02253  	-0.2797  	
-0.2559  	-0.0848  	-0.0838  	0.32429  	-0.0848  	0.30418  	0.09265  	-0.6928  	0.11890  	-0.0127  	0.20776  	0.24927  	-0.0786  	-0.7449  	-1.0211  	0.76317  	-0.0580  	0.28479  	-0.2792  	0.42928  	-0.1075  	-0.2063  	-0.4797  	0.23937  	-0.1631  	-0.1288  	-0.3900  	-0.0747  	-0.0692  	-0.1380  	-0.2045  	0.24326  	0.22453  	-0.0502  	0.12674  	0.28223  	0.11313  	0.01275  	-0.1862  	0.2187  	0.03673  	0.03361  	0.01314  	-0.0243  	-0.0744  	-0.0444  	0.03676  	-0.0111  	0.03632  	-0.0088  	0.00961  	0.02017  	0.00290  	0.02839  	0.00530  	-0.0347  	0.02955  	0.00220  	-0.0220  	0.02813  	0.00199  	-0.0085  	0.03625  	-0.0034  	-0.0069  	-0.0242  	0.03589  	-0.0073  	0.02253  	-0.2797  	
-0.1864  	-0.0511  	-0.0389  	0.41674  	-0.0183  	0.30483  	0.10937  	-0.6649  	0.14294  	0.00717  	0.18619  	0.30120  	-0.0547  	-0.7092  	-1.0102  	0.81868  	-0.1108  	0.31034  	-0.2877  	0.46766  	-0.1621  	-0.2213  	-0.5555  	0.22303  	-0.1856  	-0.1192  	-0.4345  	-0.0169  	-0.0224  	-0.1506  	-0.1987  	0.23360  	0.25300  	-0.0467  	0.13949  	0.30701  	0.07056  	-0.0063  	-0.1557  	0.25251  	0.04043  	0.04168  	0.02770  	-0.0288  	-0.0827  	-0.0453  	0.04856  	0.00587  	0.04181  	-0.0132  	0.01834  	0.01360  	-0.0011  	0.02209  	0.00933  	-0.0331  	0.03616  	0.00512  	-0.0311  	0.03430  	0.00088  	-0.0092  	0.03515  	0.00253  	-0.0069  	-0.0242  	0.03589  	-0.0073  	0.02253  	-0.2797  	
-0.0916  	-0.0260  	0.01044  	0.49966  	0.05695  	0.32043  	0.14770  	-0.7154  	0.15269  	0.12474  	0.16777  	0.36799  	-0.0093  	-0.6733  	-1.0798  	0.88947  	-0.1334  	0.35766  	-0.2942  	0.53452  	-0.2400  	-0.2389  	-0.6723  	0.18339  	-0.1914  	-0.1410  	-0.5004  	0.06549  	0.02016  	-0.1287  	-0.2009  	0.23839  	0.25341  	-0.0341  	0.14135  	0.31559  	-0.0012  	-0.0333  	-0.1195  	0.27339  	0.05106  	0.03300  	0.02897  	-0.0244  	-0.0726  	-0.0466  	0.03833  	0.01099  	0.05009  	-0.0151  	0.02551  	0.01643  	0.00325  	0.01628  	0.01146  	-0.0358  	0.03924  	0.00598  	-0.0317  	0.03041  	-0.0008  	-0.0080  	0.03321  	-0.0030  	-0.0069  	-0.0242  	0.03589  	-0.0073  	0.02253  	-0.2797  	
-0.0134  	-0.0322  	0.03400  	0.53966  	0.07516  	0.38501  	0.13704  	-0.7078  	0.15865  	0.09171  	0.18602  	0.32636  	-0.0267  	-0.6474  	-1.0652  	0.89693  	-0.1250  	0.33810  	-0.2956  	0.53082  	-0.1594  	-0.2568  	-0.6645  	0.22123  	-0.1699  	-0.1600  	-0.4310  	0.00593  	-0.0336  	-0.1325  	-0.2251  	0.25817  	0.24622  	-0.0422  	0.19089  	0.33533  	0.05942  	-0.0210  	-0.1614  	0.27057  	0.02158  	0.03734  	0.02461  	-0.0221  	-0.0738  	-0.0476  	0.03709  	0.01424  	0.05624  	-0.0179  	0.02843  	0.01321  	0.00491  	0.02324  	0.01169  	-0.0308  	0.03996  	0.00568  	-0.0275  	0.03461  	0.00067  	-0.0091  	0.03764  	-0.0051  	-0.0069  	-0.0242  	0.03589  	-0.0073  	0.02253  	-0.2797  	
-0.0319  	-0.0300  	0.03647  	0.60425  	0.10083  	0.39131  	0.12905  	-0.7500  	0.12209  	0.04583  	0.08830  	0.31534  	-0.0499  	-0.6294  	-1.0153  	0.87444  	-0.1079  	0.29127  	-0.2624  	0.48755  	-0.1766  	-0.2169  	-0.6478  	0.25963  	-0.0928  	-0.1578  	-0.3670  	-0.0137  	-0.0213  	-0.0819  	-0.2259  	0.26679  	0.23921  	-0.0530  	0.17930  	0.31355  	0.08448  	-0.0347  	-0.1395  	0.25996  	0.00951  	0.03475  	0.02098  	-0.0226  	-0.0659  	-0.0476  	0.03097  	0.01991  	0.05176  	-0.0237  	0.03265  	0.01483  	-0.0048  	0.01818  	0.00867  	-0.0329  	0.04017  	0.00359  	-0.0270  	0.03159  	-0.0040  	-0.0156  	0.03305  	-0.0058  	-0.0069  	-0.0242  	0.03589  	-0.0073  	0.02253  	-0.2797  	
0.04470  	-0.0182  	-0.0346  	0.88643  	0.19367  	0.42900  	0.10749  	-0.6679  	0.16082  	0.07271  	-0.0019  	0.35813  	0.02157  	-0.5051  	-0.8925  	0.82994  	-0.1275  	0.26805  	-0.2689  	0.48088  	-0.2135  	-0.1812  	-0.7323  	0.29766  	-0.0233  	-0.1555  	-0.3848  	0.02941  	0.04089  	-0.0428  	-0.2579  	0.25617  	0.22742  	-0.0454  	0.22043  	0.29370  	0.02493  	-0.0585  	-0.1001  	0.29561  	-0.0343  	0.04080  	0.01758  	-0.0175  	-0.0660  	-0.0436  	0.02221  	0.01731  	0.05520  	-0.0129  	0.03146  	0.00850  	-0.0023  	0.01383  	0.00598  	-0.0326  	0.03856  	0.00994  	-0.0237  	0.03812  	-0.0098  	-0.0194  	0.03955  	-0.0018  	-0.0069  	-0.0242  	0.03589  	-0.0073  	0.02253  	-0.2797  	
0.04080  	0.05545  	-0.1003  	1.06169  	0.37644  	0.37467  	0.15283  	-0.6643  	0.18081  	0.06049  	-0.0471  	0.37391  	0.06379  	-0.2812  	-0.6630  	0.80283  	-0.1199  	0.24557  	-0.2829  	0.47139  	-0.2114  	-0.1744  	-0.7595  	0.29167  	0.02034  	-0.1500  	-0.3948  	0.08956  	0.13811  	-0.0266  	-0.2879  	0.23298  	0.23393  	-0.0383  	0.25972  	0.30335  	-0.0191  	-0.0874  	-0.1160  	0.31774  	-0.0766  	0.06320  	-0.0366  	-0.0410  	-0.0719  	-0.0442  	0.02150  	0.01381  	0.05511  	-0.0226  	0.03511  	0.01554  	-0.0039  	0.01332  	0.00144  	-0.0278  	0.03791  	0.00424  	-0.0184  	0.02771  	-0.0024  	-0.0024  	0.02013  	-9.5531  	-0.0069  	-0.0242  	0.03589  	-0.0073  	0.02253  	-0.2797  	
0.08133  	0.08625  	-0.1437  	1.22943  	0.47752  	0.42345  	0.14141  	-0.5986  	0.18745  	-0.0778  	-0.1661  	0.36559  	0.13392  	-0.1072  	-0.4684  	0.71642  	-0.1324  	0.22553  	-0.3266  	0.48698  	-0.2540  	-0.1641  	-0.7776  	0.27378  	0.04078  	-0.1680  	-0.3628  	0.10770  	0.17003  	0.04709  	-0.3198  	0.20989  	0.23743  	-0.0162  	0.29431  	0.30324  	-0.0665  	-0.0778  	-0.1078  	0.33121  	-0.1438  	0.07520  	-0.0417  	-0.0542  	-0.0606  	-0.0456  	0.02921  	0.01227  	0.05306  	-0.0184  	0.02697  	0.00773  	0.00155  	0.01688  	-0.0007  	-0.0250  	0.04370  	-0.0023  	-0.0194  	0.03522  	-0.0025  	-0.0075  	0.01774  	-0.0090  	-0.0069  	-0.0242  	0.03589  	-0.0073  	0.02253  	-0.2797  	
0.07052  	0.06252  	-0.1348  	1.27760  	0.48000  	0.43183  	0.14281  	-0.5686  	0.18991  	-0.1294  	-0.2494  	0.34643  	0.16587  	-0.1293  	-0.4118  	0.68965  	-0.1313  	0.23677  	-0.3428  	0.52882  	-0.2720  	-0.1756  	-0.7719  	0.27512  	0.00180  	-0.1710  	-0.4040  	0.13628  	0.20335  	0.05272  	-0.3273  	0.21809  	0.25291  	-0.0087  	0.27072  	0.27265  	-0.0906  	-0.0686  	-0.0953  	0.33277  	-0.1442  	0.06436  	-0.0374  	-0.0230  	-0.0560  	-0.0488  	0.03071  	0.00730  	0.06169  	-0.0135  	0.03201  	0.00490  	0.00253  	0.02195  	0.00535  	-0.0249  	0.03821  	0.00206  	-0.0230  	0.03581  	-0.0034  	-0.0033  	0.01638  	-0.0043  	-0.0069  	-0.0242  	0.03589  	-0.0073  	0.02253  	-0.2797  	
-0.0135  	0.05785  	-0.0414  	0.87084  	0.22940  	0.45891  	0.11513  	-0.5423  	0.18545  	-0.0207  	-0.2230  	0.29525  	0.08260  	-0.4234  	-0.6427  	0.83072  	-0.1148  	0.29631  	-0.3037  	0.48731  	-0.1560  	-0.1626  	-0.6351  	0.22460  	-0.0674  	-0.1519  	-0.3970  	0.02295  	0.13889  	-0.0532  	-0.2853  	0.22200  	0.24855  	-0.0400  	0.15900  	0.25702  	-0.0546  	-0.0659  	-0.0903  	0.28369  	-0.0621  	0.04195  	0.01650  	-0.0108  	-0.0906  	-0.0500  	0.03874  	0.01978  	0.06027  	-0.0330  	0.01628  	0.00972  	-0.0001  	0.01672  	0.00601  	-0.0241  	0.03643  	0.00017  	-0.0288  	0.02762  	0.00774  	-0.0071  	0.02663  	-0.0079  	-0.0069  	-0.0242  	0.03589  	-0.0073  	0.02253  	-0.2797  	
0.04849  	0.01962  	0.08571  	0.73340  	0.18040  	0.44023  	0.10560  	-0.5339  	0.15721  	0.01908  	-0.0166  	0.29867  	0.04374  	-0.5832  	-0.8408  	0.86895  	-0.0273  	0.17658  	-0.2167  	0.26412  	-0.1137  	-0.3649  	-0.8323  	0.23761  	-0.1465  	-0.0731  	-0.3931  	-0.1238  	0.08405  	-0.0812  	-0.1493  	0.19206  	0.15475  	-0.1822  	0.12812  	0.25232  	-0.0367  	-0.0567  	-0.2198  	0.22495  	0.01440  	0.14080  	-0.0507  	0.06043  	-0.1292  	-0.0224  	0.01421  	0.02421  	0.04762  	-0.0347  	0.03001  	0.01266  	-0.0008  	0.02846  	0.01713  	-0.0304  	0.03123  	-0.0074  	-0.0349  	0.03639  	-0.0057  	-0.0082  	0.02175  	-0.0100  	-0.0069  	-0.0242  	0.03589  	-0.0073  	0.02253  	-0.2797  	
0.05378  	-0.0053  	0.13994  	0.63744  	0.13627  	0.37423  	0.09933  	-0.5987  	0.13112  	0.04241  	0.11420  	0.34351  	0.03875  	-0.7279  	-0.9740  	0.81605  	0.00396  	0.07728  	-0.1819  	0.12011  	-0.0676  	-0.5412  	-1.0285  	0.27539  	-0.1807  	-0.0193  	-0.3413  	-0.1802  	0.09687  	-0.1159  	-0.0548  	0.20852  	0.07716  	-0.2988  	0.08218  	0.28916  	-0.0495  	-0.0298  	-0.3152  	0.16516  	0.11680  	0.23939  	-0.1452  	0.09046  	-0.1595  	-0.0223  	-0.0033  	0.03799  	0.04558  	-0.0417  	0.03268  	0.01726  	0.00144  	0.04525  	0.02137  	-0.0377  	0.03985  	-0.0103  	-0.0231  	0.04751  	-0.0001  	-0.0167  	0.01397  	-0.0057  	-0.0069  	-0.0242  	0.03589  	-0.0073  	0.02253  	-0.2797  	
-0.0348  	0.01272  	0.08381  	0.66526  	0.13933  	0.35037  	0.08349  	-0.6390  	0.08275  	0.01457  	0.07348  	0.31476  	0.04099  	-0.7014  	-0.9529  	0.76660  	0.02317  	0.04684  	-0.1553  	0.07820  	-0.0907  	-0.5618  	-1.0790  	0.26512  	-0.1415  	-0.0028  	-0.3539  	-0.1316  	0.14974  	-0.0976  	-0.0476  	0.17749  	0.07531  	-0.3179  	0.06736  	0.28574  	-0.0776  	-0.0411  	-0.3214  	0.14467  	0.13847  	0.24870  	-0.1756  	0.10863  	-0.1724  	-0.0130  	-0.0093  	0.05048  	0.02760  	-0.0391  	0.04658  	0.02083  	-0.0040  	0.04586  	0.02002  	-0.0325  	0.03755  	-0.0125  	-0.0277  	0.04518  	0.00271  	-0.0193  	0.00854  	-0.0103  	-0.0069  	-0.0242  	0.03589  	-0.0073  	0.02253  	-0.2797  	
0.02381  	0.03097  	0.01573  	0.87076  	0.20119  	0.37398  	0.07661  	-0.6012  	0.12661  	0.02584  	0.03715  	0.35213  	0.08838  	-0.5466  	-0.7844  	0.72440  	0.01702  	0.01251  	-0.1766  	0.10680  	-0.0640  	-0.5122  	-1.0650  	0.30307  	-0.0911  	-0.0139  	-0.3615  	-0.1408  	0.15320  	-0.0740  	-0.0980  	0.17313  	0.08289  	-0.2799  	0.13179  	0.25025  	-0.0864  	-0.0590  	-0.2869  	0.17156  	0.07130  	0.23990  	-0.1576  	0.10092  	-0.1485  	-0.0157  	-0.0134  	0.04800  	0.03683  	-0.0306  	0.04062  	0.01646  	-0.0013  	0.04631  	0.01375  	-0.0307  	0.03679  	-0.0093  	-0.0225  	0.05298  	-0.0067  	-0.0201  	0.00994  	-0.0006  	-0.0069  	-0.0242  	0.03589  	-0.0073  	0.02253  	-0.2797  	
0.06373  	0.08052  	-0.0898  	1.17299  	0.41332  	0.41232  	0.11335  	-0.5689  	0.15637  	-0.0716  	-0.1331  	0.37526  	0.13647  	-0.2317  	-0.4520  	0.68109  	-0.0411  	0.09076  	-0.2404  	0.23184  	-0.1479  	-0.3406  	-0.9230  	0.26841  	-0.0255  	-0.0816  	-0.3506  	-0.0057  	0.20639  	0.00208  	-0.2018  	0.17569  	0.15565  	-0.1658  	0.21676  	0.26102  	-0.1080  	-0.0835  	-0.2064  	0.24093  	-0.0625  	0.17679  	-0.1279  	0.01736  	-0.1128  	-0.0295  	0.00730  	0.02326  	0.04047  	-0.0329  	0.02545  	0.01135  	0.00204  	0.02684  	0.00548  	-0.0247  	0.04241  	-0.0103  	-0.0213  	0.03706  	0.00418  	-0.0098  	0.00380  	-0.0060  	-0.0069  	-0.0242  	0.03589  	-0.0073  	0.02253  	-0.2797  	
0.08819  	0.04992  	-0.1140  	1.21970  	0.42861  	0.47405  	0.11879  	-0.5840  	0.18691  	-0.1305  	-0.2322  	0.35017  	0.14628  	-0.1852  	-0.4318  	0.70028  	-0.1236  	0.23659  	-0.3145  	0.48870  	-0.2236  	-0.1762  	-0.7362  	0.27758  	-0.0281  	-0.1653  	-0.4237  	0.11091  	0.17969  	0.02686  	-0.2933  	0.21228  	0.24578  	-0.0260  	0.25707  	0.25707  	-0.0704  	-0.0767  	-0.1005  	0.32009  	-0.1095  	0.05734  	-0.0311  	-0.0143  	-0.0665  	-0.0471  	0.02844  	0.00035  	0.05885  	-0.0145  	0.02847  	0.00383  	0.00014  	0.01544  	0.00455  	-0.0251  	0.03923  	0.00622  	-0.0263  	0.03498  	0.00134  	-0.0041  	0.01355  	-0.0044  	-0.0069  	-0.0242  	0.03589  	-0.0073  	0.02253  	-0.2797  	
0.00671  	0.06769  	-0.0450  	0.89035  	0.22605  	0.45607  	0.11306  	-0.5462  	0.18528  	-0.0404  	-0.1933  	0.32723  	0.08721  	-0.3930  	-0.6119  	0.79494  	-0.1038  	0.29009  	-0.3037  	0.47020  	-0.1178  	-0.1527  	-0.6354  	0.23160  	-0.0643  	-0.1580  	-0.3766  	0.01035  	0.10984  	-0.0499  	-0.2797  	0.21568  	0.24460  	-0.0411  	0.18294  	0.24179  	-0.0171  	-0.0686  	-0.0963  	0.27612  	-0.0578  	0.04787  	0.00389  	-0.0100  	-0.0859  	-0.0477  	0.03493  	0.01712  	0.06114  	-0.0261  	0.01469  	0.01198  	0.00112  	0.01849  	0.00506  	-0.0232  	0.03403  	0.00135  	-0.0271  	0.03115  	0.00663  	-0.0060  	0.03101  	-0.0078  	-0.0069  	-0.0242  	0.03589  	-0.0073  	0.02253  	-0.2797  	
0.04383  	0.01091  	0.06583  	0.73247  	0.17500  	0.46694  	0.13659  	-0.5998  	0.17660  	0.03702  	-0.0328  	0.29436  	-0.0021  	-0.5350  	-0.8745  	0.91694  	-0.1052  	0.30725  	-0.2808  	0.47663  	-0.1686  	-0.1815  	-0.6197  	0.24298  	-0.0919  	-0.1521  	-0.3954  	-0.0487  	0.02494  	-0.0702  	-0.2385  	0.23876  	0.24291  	-0.0439  	0.17439  	0.26655  	0.03953  	-0.0507  	-0.1202  	0.29528  	-0.0493  	0.03789  	0.03762  	-0.0023  	-0.0866  	-0.0394  	0.02964  	0.01635  	0.05748  	-0.0222  	0.02463  	0.01149  	-0.0032  	0.01823  	0.01038  	-0.0287  	0.03211  	-0.0013  	-0.0300  	0.02933  	-0.0041  	-0.0093  	0.03136  	-0.0106  	-0.0069  	-0.0242  	0.03589  	-0.0073  	0.02253  	-0.2797  	
0.05477  	-0.0207  	0.08200  	0.60656  	0.11050  	0.42388  	0.15133  	-0.6786  	0.16348  	0.05264  	0.10271  	0.30603  	-0.0412  	-0.6158  	-0.9870  	0.88836  	-0.1165  	0.29557  	-0.2914  	0.48577  	-0.1116  	-0.2111  	-0.6119  	0.28284  	-0.1259  	-0.1656  	-0.3422  	-0.0730  	-0.0471  	-0.0922  	-0.2223  	0.27347  	0.22388  	-0.0612  	0.19994  	0.31105  	0.10608  	-0.0321  	-0.1626  	0.28896  	-0.0022  	0.05116  	0.01632  	-0.0177  	-0.0730  	-0.0498  	0.03344  	0.00982  	0.06360  	-0.0200  	0.02214  	0.01014  	0.00068  	0.02054  	0.01048  	-0.0336  	0.04370  	0.00495  	-0.0268  	0.03584  	-0.0048  	-0.0125  	0.04155  	-0.0045  	-0.0069  	-0.0242  	0.03589  	-0.0073  	0.02253  	-0.2797  	
-0.0337  	-0.0283  	0.00215  	0.57636  	0.11549  	0.40182  	0.14533  	-0.7400  	0.12700  	0.05109  	0.11019  	0.30379  	-0.0326  	-0.6359  	-1.0755  	0.86430  	-0.1381  	0.34400  	-0.2769  	0.51604  	-0.1815  	-0.2203  	-0.6857  	0.25521  	-0.0961  	-0.1611  	-0.3736  	0.02871  	-0.0076  	-0.0990  	-0.2288  	0.26368  	0.24310  	-0.0516  	0.17718  	0.33048  	0.05940  	-0.0273  	-0.1428  	0.27602  	0.01905  	0.04171  	0.01386  	-0.0229  	-0.0735  	-0.0487  	0.03098  	0.01235  	0.05294  	-0.0209  	0.03097  	0.01526  	0.00114  	0.01987  	0.01016  	-0.0330  	0.04648  	0.00504  	-0.0279  	0.02900  	-0.0005  	-0.0123  	0.03526  	-0.0082  	-0.0069  	-0.0242  	0.03589  	-0.0073  	0.02253  	-0.2797  	
0.01298  	-0.0136  	-0.0400  	0.85043  	0.18462  	0.43458  	0.10335  	-0.6897  	0.13932  	0.05316  	0.01336  	0.35354  	0.01104  	-0.5067  	-0.9211  	0.80546  	-0.1279  	0.28795  	-0.2796  	0.50047  	-0.2102  	-0.1864  	-0.7061  	0.29322  	-0.0306  	-0.1635  	-0.3659  	0.04251  	0.04155  	-0.0568  	-0.2633  	0.25737  	0.24031  	-0.0442  	0.19988  	0.30326  	0.01890  	-0.0530  	-0.1089  	0.28979  	-0.0365  	0.03756  	0.01496  	-0.0223  	-0.0615  	-0.0424  	0.02445  	0.02684  	0.05051  	-0.0135  	0.03579  	0.00970  	-0.0028  	0.01624  	0.00567  	-0.0291  	0.04399  	0.00691  	-0.0216  	0.04208  	-0.0072  	-0.0214  	0.03678  	-0.0002  	-0.0069  	-0.0242  	0.03589  	-0.0073  	0.02253  	-0.2797  	
0.01700  	0.05617  	-0.1140  	1.01291  	0.33010  	0.39468  	0.15161  	-0.6505  	0.16704  	0.04827  	-0.0234  	0.38401  	0.03843  	-0.2942  	-0.6748  	0.80852  	-0.1236  	0.25844  	-0.2981  	0.47913  	-0.1881  	-0.1529  	-0.7289  	0.26813  	0.01363  	-0.1490  	-0.3857  	0.08833  	0.14211  	-0.0211  	-0.2783  	0.22287  	0.23873  	-0.0314  	0.23359  	0.28239  	-0.0169  	-0.0798  	-0.1049  	0.29745  	-0.0681  	0.06123  	-0.0330  	-0.0459  	-0.0753  	-0.0433  	0.02463  	0.01764  	0.05245  	-0.0231  	0.03123  	0.01562  	-0.0020  	0.01857  	0.00057  	-0.0228  	0.03215  	0.00416  	-0.0169  	0.02572  	-0.0011  	-0.0076  	0.02341  	-0.0056  	-0.0069  	-0.0242  	0.03589  	-0.0073  	0.02253  	-0.2797  	
0.03016  	0.06891  	-0.1409  	1.10140  	0.40259  	0.42885  	0.14606  	-0.5981  	0.17041  	-0.0462  	-0.1168  	0.37149  	0.10615  	-0.1831  	-0.5158  	0.74861  	-0.1165  	0.24013  	-0.3181  	0.48259  	-0.2305  	-0.1608  	-0.7480  	0.26020  	0.01354  	-0.1569  	-0.3638  	0.08990  	0.13855  	0.01639  	-0.2953  	0.21541  	0.24556  	-0.0177  	0.26803  	0.28529  	-0.0413  	-0.0779  	-0.1023  	0.29234  	-0.1293  	0.07447  	-0.0350  	-0.0578  	-0.0642  	-0.0383  	0.03281  	0.01346  	0.05137  	-0.0188  	0.02868  	0.01133  	0.00161  	0.01895  	0.00402  	-0.0220  	0.03880  	0.00399  	-0.0154  	0.03029  	0.00181  	-0.0074  	0.02218  	-0.0130  	-0.0069  	-0.0242  	0.03589  	-0.0073  	0.02253  	-0.2797  	
0.06956  	0.06600  	-0.1239  	1.18126  	0.42011  	0.46179  	0.14192  	-0.5745  	0.18258  	-0.1259  	-0.2154  	0.34987  	0.14927  	-0.1765  	-0.4554  	0.70540  	-0.1169  	0.24834  	-0.3296  	0.51048  	-0.2418  	-0.1745  	-0.7393  	0.26649  	0.00038  	-0.1621  	-0.4111  	0.13213  	0.19328  	0.03057  	-0.3052  	0.21666  	0.24477  	-0.0168  	0.24513  	0.27391  	-0.0841  	-0.0754  	-0.0887  	0.31232  	-0.1206  	0.06342  	-0.0248  	-0.0266  	-0.0641  	-0.0444  	0.03194  	0.00716  	0.05960  	-0.0179  	0.03122  	0.00381  	0.00167  	0.01638  	0.00365  	-0.0262  	0.03916  	0.00646  	-0.0200  	0.03273  	-0.0011  	-0.0049  	0.01816  	-0.0043  	-0.0069  	-0.0242  	0.03589  	-0.0073  	0.02253  	-0.2797  	
0.01111  	0.06843  	-0.0866  	0.99570  	0.30980  	0.48004  	0.10601  	-0.5650  	0.17754  	-0.0713  	-0.2293  	0.36729  	0.11014  	-0.3350  	-0.5472  	0.76456  	-0.1141  	0.28122  	-0.3230  	0.48357  	-0.1303  	-0.1274  	-0.6268  	0.23688  	-0.0656  	-0.1568  	-0.4139  	0.05700  	0.16297  	-0.0201  	-0.2880  	0.19649  	0.24063  	-0.0333  	0.17670  	0.24118  	-0.0359  	-0.0714  	-0.0996  	0.27132  	-0.0531  	0.05769  	0.00434  	-0.0067  	-0.0846  	-0.0452  	0.03361  	0.01459  	0.06485  	-0.0277  	0.01278  	0.00629  	0.00089  	0.01431  	-0.0017  	-0.0256  	0.03707  	0.00080  	-0.0301  	0.02623  	0.00458  	-0.0077  	0.02812  	-0.0049  	-0.0069  	-0.0242  	0.03589  	-0.0073  	0.02253  	-0.2797  	
-0.0338  	0.00551  	0.01146  	0.77451  	0.19364  	0.49597  	0.12706  	-0.5829  	0.17397  	0.00076  	-0.1264  	0.29459  	0.05060  	-0.4751  	-0.7189  	0.86690  	-0.1009  	0.30307  	-0.3079  	0.48156  	-0.1227  	-0.1696  	-0.6031  	0.24501  	-0.1201  	-0.1524  	-0.4052  	-0.0196  	0.06459  	-0.0847  	-0.2444  	0.23405  	0.24976  	-0.0387  	0.15580  	0.24292  	-0.0043  	-0.0474  	-0.1273  	0.29033  	-0.0524  	0.03259  	0.03293  	-0.0259  	-0.0831  	-0.0509  	0.03494  	0.02113  	0.05367  	-0.0255  	0.02911  	0.01164  	-0.0059  	0.01637  	0.00493  	-0.0322  	0.03815  	-0.0002  	-0.0267  	0.02953  	0.00473  	-0.0079  	0.03382  	-0.0041  	-0.0069  	-0.0242  	0.03589  	-0.0073  	0.02253  	-0.2797  	
0.04308  	0.01488  	0.05434  	0.63389  	0.15155  	0.42367  	0.13891  	-0.6623  	0.17259  	0.05324  	0.06153  	0.34328  	-0.0332  	-0.6228  	-0.9804  	0.89819  	-0.1157  	0.30997  	-0.2919  	0.47068  	-0.1792  	-0.1946  	-0.6174  	0.26738  	-0.1257  	-0.1486  	-0.3630  	-0.0336  	-0.0099  	-0.0840  	-0.2259  	0.24422  	0.23217  	-0.0492  	0.17153  	0.29184  	0.04549  	-0.0401  	-0.1353  	0.28834  	-0.0108  	0.04360  	0.02839  	-0.0094  	-0.0844  	-0.0458  	0.03343  	0.01162  	0.06343  	-0.0219  	0.02438  	0.01337  	-0.0031  	0.01938  	0.01062  	-0.0333  	0.03708  	0.00358  	-0.0221  	0.03061  	-0.0047  	-0.0111  	0.03775  	-0.0080  	-0.0069  	-0.0242  	0.03589  	-0.0073  	0.02253  	-0.2797  	
0.01794  	-0.0373  	0.03404  	0.58302  	0.09227  	0.40006  	0.15688  	-0.6851  	0.15770  	0.06561  	0.09715  	0.28313  	-0.0319  	-0.6248  	-1.0146  	0.84977  	-0.1099  	0.31948  	-0.2882  	0.49859  	-0.1248  	-0.2214  	-0.6209  	0.26825  	-0.1226  	-0.1714  	-0.3683  	-0.0476  	-0.0167  	-0.0983  	-0.2325  	0.26909  	0.22145  	-0.0565  	0.18079  	0.32649  	0.08425  	-0.0227  	-0.1574  	0.27937  	0.01147  	0.04889  	0.02162  	-0.0170  	-0.0780  	-0.0474  	0.03595  	0.01005  	0.06115  	-0.0228  	0.02153  	0.01246  	0.00084  	0.02217  	0.01344  	-0.0332  	0.04326  	0.00688  	-0.0269  	0.03200  	-0.0040  	-0.0101  	0.03800  	-0.0059  	-0.0069  	-0.0242  	0.03589  	-0.0073  	0.02253  	-0.2797  	
-0.0348  	-0.0125  	-0.0022  	0.58021  	0.10134  	0.37629  	0.14407  	-0.7236  	0.12536  	0.05164  	0.09015  	0.28755  	-0.0297  	-0.6086  	-1.0303  	0.84154  	-0.1273  	0.33091  	-0.2745  	0.50452  	-0.1687  	-0.2149  	-0.6523  	0.24211  	-0.0863  	-0.1661  	-0.3828  	0.01036  	0.00403  	-0.0873  	-0.2321  	0.25397  	0.23957  	-0.0470  	0.17319  	0.31900  	0.06445  	-0.0292  	-0.1458  	0.27931  	0.01897  	0.03382  	0.01116  	-0.0173  	-0.0802  	-0.0446  	0.03208  	0.01168  	0.04918  	-0.0220  	0.02783  	0.01480  	-0.0018  	0.02271  	0.01009  	-0.0311  	0.04162  	0.00528  	-0.0279  	0.02879  	-0.0030  	-0.0089  	0.03322  	-0.0118  	-0.0069  	-0.0242  	0.03589  	-0.0073  	0.02253  	-0.2797  	
0.02519  	-0.0112  	-0.0452  	0.86430  	0.20102  	0.41338  	0.11142  	-0.6873  	0.15447  	0.06528  	-0.0037  	0.34812  	0.03332  	-0.4907  	-0.8808  	0.80630  	-0.1335  	0.27137  	-0.2761  	0.48803  	-0.2119  	-0.1798  	-0.7113  	0.27481  	-0.0212  	-0.1548  	-0.3833  	0.04182  	0.04474  	-0.0397  	-0.2573  	0.24414  	0.23449  	-0.0414  	0.21041  	0.28964  	0.02212  	-0.0583  	-0.1068  	0.28746  	-0.0422  	0.04418  	0.01364  	-0.0199  	-0.0646  	-0.0467  	0.02249  	0.01816  	0.05629  	-0.0124  	0.03097  	0.00995  	-0.0043  	0.01712  	0.00554  	-0.0320  	0.04111  	0.00775  	-0.0226  	0.03726  	-0.0105  	-0.0131  	0.03863  	-0.0012  	-0.0069  	-0.0242  	0.03589  	-0.0073  	0.02253  	-0.2797  	
0.03931  	0.04995  	-0.0879  	1.01409  	0.34352  	0.37518  	0.15207  	-0.6485  	0.17747  	0.04068  	-0.0679  	0.35918  	0.05949  	-0.2858  	-0.6264  	0.77722  	-0.1118  	0.24000  	-0.2881  	0.44919  	-0.1778  	-0.1609  	-0.7300  	0.27640  	-0.0021  	-0.1527  	-0.3684  	0.04818  	0.10797  	-0.0286  	-0.2801  	0.22394  	0.23553  	-0.0311  	0.25405  	0.27625  	0.00253  	-0.0757  	-0.1265  	0.28765  	-0.0784  	0.05988  	-0.0232  	-0.0301  	-0.0754  	-0.0440  	0.02752  	0.01520  	0.06298  	-0.0296  	0.02674  	0.01190  	-0.0058  	0.01688  	0.00189  	-0.0286  	0.03496  	0.00713  	-0.0209  	0.02518  	-0.0012  	-0.0043  	0.02294  	-0.0059  	-0.0069  	-0.0242  	0.03589  	-0.0073  	0.02253  	-0.2797  	
0.05087  	0.05455  	-0.1283  	1.09934  	0.39958  	0.40824  	0.15175  	-0.6048  	0.17145  	-0.0351  	-0.0951  	0.36644  	0.10311  	-0.1766  	-0.5292  	0.76243  	-0.1177  	0.22836  	-0.3157  	0.45926  	-0.1788  	-0.1602  	-0.7475  	0.27730  	0.01576  	-0.1671  	-0.3459  	0.03196  	0.11363  	0.00737  	-0.2897  	0.21461  	0.23524  	-0.0231  	0.28426  	0.27727  	-0.0192  	-0.0699  	-0.1197  	0.29601  	-0.1164  	0.07841  	-0.0347  	-0.0515  	-0.0648  	-0.0428  	0.03357  	0.00976  	0.05299  	-0.0226  	0.01991  	0.01084  	-0.0005  	0.01768  	0.00302  	-0.0225  	0.03950  	0.00482  	-0.0198  	0.02672  	0.00101  	-0.0056  	0.01911  	-0.0102  	-0.0069  	-0.0242  	0.03589  	-0.0073  	0.02253  	-0.2797  	
0.05381  	0.07068  	-0.1179  	1.15196  	0.41979  	0.44453  	0.14815  	-0.5740  	0.18039  	-0.0908  	-0.1645  	0.36180  	0.12474  	-0.1778  	-0.4956  	0.71927  	-0.1218  	0.25542  	-0.3395  	0.50095  	-0.2204  	-0.1720  	-0.7426  	0.27265  	0.00726  	-0.1711  	-0.3702  	0.09655  	0.16601  	0.02630  	-0.3007  	0.21686  	0.24303  	-0.0198  	0.26136  	0.28277  	-0.0557  	-0.0775  	-0.0904  	0.30453  	-0.1365  	0.06834  	-0.0322  	-0.0440  	-0.0571  	-0.0447  	0.03195  	0.01147  	0.05580  	-0.0204  	0.02953  	0.00722  	0.00543  	0.01851  	0.00332  	-0.0239  	0.03882  	0.00300  	-0.0189  	0.03050  	0.00077  	-0.0059  	0.01977  	-0.0050  	-0.0069  	-0.0242  	0.03589  	-0.0073  	0.02253  	-0.2797  	
0.04867  	0.06272  	-0.1150  	1.12357  	0.39134  	0.45626  	0.11761  	-0.5854  	0.17939  	-0.1098  	-0.2303  	0.38105  	0.13379  	-0.2124  	-0.4839  	0.73749  	-0.1125  	0.27220  	-0.3205  	0.50084  	-0.2049  	-0.1774  	-0.7068  	0.25533  	-0.0220  	-0.1627  	-0.4117  	0.12247  	0.17642  	0.02071  	-0.2841  	0.21221  	0.24491  	-0.0224  	0.22670  	0.26027  	-0.0637  	-0.0819  	-0.0929  	0.29782  	-0.1005  	0.05460  	-0.0133  	-0.0281  	-0.0656  	-0.0427  	0.03004  	0.00975  	0.06153  	-0.0217  	0.02404  	0.00365  	0.00288  	0.01682  	0.00077  	-0.0263  	0.03696  	0.00464  	-0.0233  	0.02989  	-0.0008  	-0.0056  	0.01923  	-0.0059  	-0.0069  	-0.0242  	0.03589  	-0.0073  	0.02253  	-0.2797  	
-0.0102  	0.05910  	-0.0399  	0.83919  	0.22107  	0.48281  	0.10866  	-0.5571  	0.19049  	-0.0379  	-0.1866  	0.33066  	0.08183  	-0.4323  	-0.6228  	0.80063  	-0.1061  	0.30091  	-0.3137  	0.50828  	-0.0990  	-0.1676  	-0.6103  	0.23745  	-0.0934  	-0.1463  	-0.3953  	0.04226  	0.10976  	-0.0661  	-0.2666  	0.21192  	0.25576  	-0.0361  	0.15809  	0.25161  	-0.0272  	-0.0682  	-0.0985  	0.26946  	-0.0504  	0.04506  	0.01448  	-0.0176  	-0.0910  	-0.0511  	0.03689  	0.01934  	0.05714  	-0.0281  	0.01399  	0.00972  	0.00137  	0.01776  	0.00377  	-0.0257  	0.03897  	0.00256  	-0.0253  	0.02713  	0.01037  	-0.0055  	0.03267  	-0.0057  	-0.0069  	-0.0242  	0.03589  	-0.0073  	0.02253  	-0.2797  	
0.01877  	0.01037  	0.06463  	0.70830  	0.17449  	0.48360  	0.15133  	-0.5657  	0.17911  	0.01917  	-0.0362  	0.28033  	0.00914  	-0.4843  	-0.8066  	0.89801  	-0.0973  	0.31118  	-0.2774  	0.47636  	-0.1063  	-0.1759  	-0.5947  	0.24515  	-0.1044  	-0.1578  	-0.3981  	-0.0733  	0.02330  	-0.0890  	-0.2393  	0.23782  	0.23580  	-0.0400  	0.18140  	0.25104  	0.05818  	-0.0494  	-0.1323  	0.28646  	-0.0566  	0.02986  	0.04040  	-0.0117  	-0.0875  	-0.0382  	0.02772  	0.01067  	0.05697  	-0.0236  	0.02734  	0.01081  	-0.0019  	0.01709  	0.01178  	-0.0304  	0.03265  	-0.0002  	-0.0360  	0.02966  	-0.0042  	-0.0065  	0.03092  	-0.0088  	-0.0069  	-0.0242  	0.03589  	-0.0073  	0.02253  	-0.2797  	
0.06353  	0.01568  	0.05685  	0.61131  	0.13468  	0.40340  	0.15554  	-0.6544  	0.17417  	0.06519  	0.08006  	0.35480  	-0.0395  	-0.6166  	-0.9941  	0.88107  	-0.1149  	0.33561  	-0.2860  	0.48414  	-0.1659  	-0.1737  	-0.6228  	0.27183  	-0.1184  	-0.1557  	-0.3519  	-0.0467  	-0.0021  	-0.0996  	-0.2262  	0.24757  	0.23028  	-0.0493  	0.16887  	0.30782  	0.06258  	-0.0348  	-0.1318  	0.29602  	0.00340  	0.04706  	0.02729  	-0.0100  	-0.0866  	-0.0492  	0.03793  	0.01524  	0.06434  	-0.0214  	0.02124  	0.01151  	0.00082  	0.02350  	0.01406  	-0.0336  	0.03921  	0.00372  	-0.0237  	0.03315  	-0.0032  	-0.0067  	0.03699  	-0.0093  	-0.0069  	-0.0242  	0.03589  	-0.0073  	0.02253  	-0.2797  	
0.02057  	-0.0365  	0.04169  	0.53928  	0.08627  	0.41039  	0.16148  	-0.6762  	0.16533  	0.08857  	0.14359  	0.27615  	-0.0322  	-0.6204  	-1.0539  	0.88172  	-0.1360  	0.32441  	-0.2856  	0.50561  	-0.1141  	-0.2234  	-0.6324  	0.26156  	-0.1198  	-0.1657  	-0.3699  	-0.0395  	-0.0387  	-0.1018  	-0.2231  	0.28046  	0.23014  	-0.0539  	0.18419  	0.33319  	0.09580  	-0.0155  	-0.1626  	0.28358  	0.01264  	0.04612  	0.01709  	-0.0187  	-0.0779  	-0.0464  	0.03461  	0.01103  	0.05542  	-0.0225  	0.02410  	0.01392  	0.00369  	0.02079  	0.01294  	-0.0350  	0.04099  	0.00667  	-0.0283  	0.02991  	-0.0015  	-0.0138  	0.03713  	-0.0056  	-0.0069  	-0.0242  	0.03589  	-0.0073  	0.02253  	-0.2797  	
-0.0483  	-0.0353  	-0.0113  	0.53359  	0.06997  	0.38864  	0.14377  	-0.7162  	0.13925  	0.01953  	0.13530  	0.28845  	-0.0379  	-0.6390  	-1.0604  	0.83042  	-0.1214  	0.33890  	-0.2767  	0.50169  	-0.1335  	-0.2365  	-0.6376  	0.24734  	-0.1134  	-0.1487  	-0.3944  	0.00995  	-0.0213  	-0.1061  	-0.2189  	0.25756  	0.23742  	-0.0477  	0.17682  	0.32649  	0.05775  	-0.0183  	-0.1569  	0.26202  	0.02170  	0.03688  	0.01355  	-0.0166  	-0.0816  	-0.0476  	0.03091  	0.00376  	0.04593  	-0.0264  	0.02617  	0.01540  	0.00323  	0.01957  	0.01033  	-0.0342  	0.04234  	0.00790  	-0.0245  	0.02690  	0.00150  	-0.0115  	0.03693  	-0.0074  	-0.0069  	-0.0242  	0.03589  	-0.0073  	0.02253  	-0.2797  	
-0.0513  	-0.0192  	-0.0317  	0.77298  	0.13184  	0.42525  	0.10664  	-0.7044  	0.10842  	0.01732  	0.01899  	0.34335  	-0.0376  	-0.5643  	-0.9478  	0.80547  	-0.1081  	0.30084  	-0.2628  	0.50538  	-0.1899  	-0.1962  	-0.6648  	0.28284  	-0.0439  	-0.1624  	-0.3512  	0.03612  	0.03757  	-0.0558  	-0.2701  	0.26101  	0.23381  	-0.0514  	0.16330  	0.31966  	0.03859  	-0.0391  	-0.1232  	0.27617  	-0.0266  	0.02843  	0.01191  	-0.0079  	-0.0641  	-0.0423  	0.02391  	0.02468  	0.04739  	-0.0257  	0.03581  	0.00958  	-0.0031  	0.01570  	0.00603  	-0.0234  	0.04315  	0.00540  	-0.0232  	0.04194  	-0.0052  	-0.0162  	0.03006  	-0.0049  	-0.0069  	-0.0242  	0.03589  	-0.0073  	0.02253  	-0.2797  	
0.01073  	0.02523  	-0.0935  	0.95951  	0.28976  	0.43483  	0.11852  	-0.6642  	0.16512  	0.05423  	-0.0289  	0.40650  	0.02686  	-0.3733  	-0.7626  	0.84513  	-0.1232  	0.27538  	-0.2743  	0.47952  	-0.1806  	-0.1695  	-0.7214  	0.27789  	-0.0258  	-0.1476  	-0.3852  	0.06588  	0.09283  	-0.0369  	-0.2601  	0.23435  	0.23089  	-0.0403  	0.21888  	0.26273  	-0.0050  	-0.0624  	-0.1089  	0.30236  	-0.0409  	0.04439  	-0.0125  	-0.0220  	-0.0762  	-0.0452  	0.02073  	0.01422  	0.05215  	-0.0167  	0.03059  	0.01132  	-0.0027  	0.02109  	0.00401  	-0.0272  	0.02928  	0.00432  	-0.0207  	0.03076  	-0.0085  	-0.0093  	0.02421  	-0.0035  	-0.0069  	-0.0242  	0.03589  	-0.0073  	0.02253  	-0.2797  	
0.01383  	0.04710  	-0.1207  	1.01697  	0.35003  	0.42535  	0.14132  	-0.6111  	0.16307  	-0.0181  	-0.0635  	0.38987  	0.08359  	-0.2587  	-0.5791  	0.80030  	-0.1196  	0.26028  	-0.2964  	0.48270  	-0.1741  	-0.1646  	-0.7128  	0.24547  	-0.0179  	-0.1549  	-0.3888  	0.08400  	0.11851  	-0.0067  	-0.2635  	0.21460  	0.24053  	-0.0250  	0.24509  	0.26500  	-0.0156  	-0.0746  	-0.1162  	0.26720  	-0.0861  	0.06275  	-0.0270  	-0.0548  	-0.0752  	-0.0378  	0.02913  	0.00951  	0.05327  	-0.0251  	0.02322  	0.01095  	0.00068  	0.01540  	0.00294  	-0.0200  	0.03732  	0.00416  	-0.0152  	0.02708  	0.00387  	-0.0053  	0.02176  	-0.0141  	-0.0069  	-0.0242  	0.03589  	-0.0073  	0.02253  	-0.2797  	
0.05109  	0.05358  	-0.1140  	1.07937  	0.38103  	0.46586  	0.12348  	-0.5795  	0.16930  	-0.1084  	-0.1760  	0.37274  	0.13632  	-0.2168  	-0.5119  	0.72838  	-0.1134  	0.25495  	-0.3177  	0.48737  	-0.2144  	-0.1692  	-0.7098  	0.26101  	-0.0231  	-0.1605  	-0.3895  	0.10833  	0.15317  	0.01423  	-0.2802  	0.2177  	0.24813  	-0.0243  	0.24205  	0.26690  	-0.0468  	-0.0747  	-0.1041  	0.28183  	-0.1051  	0.06689  	-0.0141  	-0.0390  	-0.0707  	-0.0414  	0.03828  	0.01117  	0.05924  	-0.0202  	0.02654  	0.00700  	0.00180  	0.01401  	0.00404  	-0.0236  	0.03896  	0.00562  	-0.0166  	0.02869  	0.00076  	-0.0057  	0.01696  	-0.0104  	-0.0069  	-0.0242  	0.03589  	-0.0073  	0.02253  	-0.2797  	
0.04765  	0.05911  	-0.1122  	1.05298  	0.35467  	0.46599  	0.11488  	-0.5880  	0.17648  	-0.0946  	-0.2201  	0.39883  	0.13167  	-0.2601  	-0.5290  	0.75943  	-0.1135  	0.27628  	-0.3149  	0.50693  	-0.1857  	-0.1692  	-0.7027  	0.24101  	-0.0343  	-0.1585  	-0.4245  	0.11379  	0.16811  	0.00849  	-0.2700  	0.20839  	0.24501  	-0.0225  	0.20402  	0.25403  	-0.0585  	-0.0759  	-0.0927  	0.28721  	-0.0773  	0.04886  	-0.0010  	-0.0248  	-0.0704  	-0.0409  	0.02979  	0.01214  	0.06291  	-0.0231  	0.02126  	0.00314  	-0.0003  	0.01268  	-0.0008  	-0.0261  	0.03639  	0.00545  	-0.0251  	0.02754  	-0.0012  	-0.0070  	0.02009  	-0.0088  	-0.0069  	-0.0242  	0.03589  	-0.0073  	0.02253  	-0.2797  	
-0.0282  	0.03028  	-0.0130  	0.79122  	0.17926  	0.50981  	0.10973  	-0.5793  	0.19250  	-0.0238  	-0.1436  	0.31238  	0.06241  	-0.4801  	-0.6537  	0.82574  	-0.0847  	0.28954  	-0.3039  	0.49169  	-0.0739  	-0.1720  	-0.5842  	0.24812  	-0.1270  	-0.1445  	-0.3959  	-0.0098  	0.05135  	-0.0869  	-0.2468  	0.22576  	0.26209  	-0.0387  	0.15182  	0.23430  	0.00750  	-0.0467  	-0.1286  	0.27864  	-0.0465  	0.03376  	0.02263  	-0.0257  	-0.0846  	-0.0508  	0.03499  	0.01849  	0.05385  	-0.0269  	0.01772  	0.01221  	-0.0022  	0.01867  	0.00337  	-0.0312  	0.03564  	0.00269  	-0.0237  	0.02791  	0.00737  	-0.0050  	0.03436  	-0.0040  	-0.0069  	-0.0242  	0.03589  	-0.0073  	0.02253  	-0.2797  	
0.00457  	0.01040  	0.08053  	0.63708  	0.14382  	0.47571  	0.14713  	-0.5893  	0.18081  	0.01375  	0.01212  	0.27943  	0.00352  	-0.5040  	-0.8390  	0.89179  	-0.1005  	0.30311  	-0.2690  	0.46852  	-0.0820  	-0.1916  	-0.5940  	0.25514  	-0.1284  	-0.1530  	-0.3862  	-0.1042  	-0.0210  	-0.0945  	-0.2258  	0.24539  	0.23881  	-0.0358  	0.20542  	0.24463  	0.09586  	-0.0344  	-0.1509  	0.26543  	-0.0376  	0.02882  	0.04295  	-0.0193  	-0.0783  	-0.0417  	0.02741  	0.00799  	0.05778  	-0.0226  	0.02510  	0.01261  	-0.0019  	0.01601  	0.00994  	-0.0279  	0.03361  	0.00058  	-0.0360  	0.02874  	-0.0024  	-0.0085  	0.03195  	-0.0047  	-0.0069  	-0.0242  	0.03589  	-0.0073  	0.02253  	-0.2797  	
0.03379  	-0.0035  	0.05298  	0.58119  	0.09996  	0.39926  	0.15368  	-0.6453  	0.17432  	0.06662  	0.12258  	0.32180  	-0.0447  	-0.6140  	-0.9856  	0.87210  	-0.1178  	0.32916  	-0.2797  	0.48791  	-0.1021  	-0.1862  	-0.5921  	0.27993  	-0.1223  	-0.1607  	-0.3511  	-0.0624  	-0.0251  	-0.1019  	-0.2256  	0.25779  	0.22809  	-0.0544  	0.17910  	0.29719  	0.09592  	-0.0234  	-0.1512  	0.27887  	-0.0033  	0.04660  	0.02036  	-0.0105  	-0.0799  	-0.0484  	0.03595  	0.01028  	0.05916  	-0.0207  	0.02285  	0.01153  	0.00039  	0.02188  	0.01246  	-0.0340  	0.04044  	0.00617  	-0.0252  	0.03027  	-0.0032  	-0.0088  	0.03682  	-0.0067  	-0.0069  	-0.0242  	0.03589  	-0.0073  	0.02253  	-0.2797  	
-0.0168  	-0.0364  	0.04186  	0.50535  	0.06896  	0.37964  	0.16861  	-0.6700  	0.16853  	0.07951  	0.15243  	0.25960  	-0.0366  	-0.6171  	-1.0171  	0.86510  	-0.1437  	0.32687  	-0.2801  	0.49620  	-0.1093  	-0.2178  	-0.6220  	0.23069  	-0.1190  	-0.1576  	-0.3914  	-0.0182  	-0.0124  	-0.1025  	-0.2133  	0.26371  	0.22917  	-0.0532  	0.16851  	0.33502  	0.09552  	-0.0139  	-0.1610  	0.27284  	0.00333  	0.04882  	0.02053  	-0.0125  	-0.0814  	-0.0443  	0.03933  	0.00997  	0.05091  	-0.0231  	0.02213  	0.01635  	0.00198  	0.02000  	0.01403  	-0.0364  	0.03878  	0.00854  	-0.0283  	0.02767  	-0.0038  	-0.0113  	0.03611  	-0.0058  	-0.0069  	-0.0242  	0.03589  	-0.0073  	0.02253  	-0.2797  	
-0.0821  	-0.0213  	-0.0002  	0.47467  	0.02365  	0.38108  	0.14941  	-0.6711  	0.14650  	0.02663  	0.18326  	0.23057  	-0.0402  	-0.6227  	-0.9844  	0.80851  	-0.1195  	0.30041  	-0.2801  	0.47402  	-0.0580  	-0.2172  	-0.5635  	0.23801  	-0.1607  	-0.1414  	-0.4143  	-0.0471  	-0.0358  	-0.1268  	-0.2156  	0.24636  	0.23183  	-0.0545  	0.17652  	0.31529  	0.11573  	-0.0033  	-0.1707  	0.25001  	0.02077  	0.04541  	0.01519  	-0.0189  	-0.0788  	-0.0438  	0.03908  	-0.0034  	0.04537  	-0.0190  	0.02190  	0.01359  	0.00810  	0.02441  	0.01169  	-0.0352  	0.03760  	0.00794  	-0.0281  	0.02911  	-0.0004  	-0.0100  	0.03563  	-0.0032  	-0.0069  	-0.0242  	0.03589  	-0.0073  	0.02253  	-0.2797  	
-0.0854  	-0.0146  	-0.0041  	0.43994  	-0.0202  	0.34606  	0.12423  	-0.6747  	0.14719  	-0.0115  	0.24581  	0.24639  	-0.0517  	-0.6120  	-0.9444  	0.77514  	-0.1083  	0.27085  	-0.2757  	0.43823  	-0.0146  	-0.2313  	-0.5409  	0.26086  	-0.1744  	-0.1378  	-0.4146  	-0.1167  	-0.1131  	-0.1359  	-0.1970  	0.25878  	0.25320  	-0.0600  	0.20710  	0.25492  	0.15622  	0.01691  	-0.2143  	0.21663  	0.02604  	0.03756  	0.00667  	-0.0358  	-0.0832  	-0.0435  	0.04105  	-0.0073  	0.03509  	-0.0159  	0.00610  	0.01575  	0.00107  	0.02727  	0.01028  	-0.0417  	0.03475  	0.00633  	-0.0325  	0.03017  	0.00178  	-0.0043  	0.03903  	-0.0055  	-0.0069  	-0.0242  	0.03589  	-0.0073  	0.02253  	-0.2797  	
0.03350  	0.05469  	0.08746  	0.51211  	-0.0393  	0.38945  	0.11323  	-0.5766  	0.19674  	-0.0420  	0.29588  	0.29489  	-0.0217  	-0.4905  	-0.8526  	0.84247  	-0.0871  	0.23762  	-0.2770  	0.36641  	0.11499  	-0.2289  	-0.5173  	0.31262  	-0.2221  	-0.1500  	-0.3470  	-0.2676  	-0.2409  	-0.1596  	-0.2016  	0.26742  	0.26817  	-0.0564  	0.28153  	0.17145  	0.24996  	0.04567  	-0.2455  	0.20006  	-0.0035  	0.03039  	0.00805  	-0.0289  	-0.0836  	-0.0408  	0.03881  	-0.0096  	0.03690  	-0.0051  	0.00014  	0.01797  	0.00242  	0.03088  	0.00661  	-0.0324  	0.02151  	0.00399  	-0.0342  	0.02864  	0.00758  	0.00123  	0.02991  	-0.0071  	-0.0069  	-0.0242  	0.03589  	-0.0073  	0.02253  	-0.2797  	
0.12526  	0.10233  	0.16488  	0.55881  	-0.0404  	0.47446  	0.11081  	-0.4909  	0.25145  	-0.0599  	0.30083  	0.35456  	-0.0011  	-0.4070  	-0.8036  	0.90846  	-0.0678  	0.19306  	-0.2728  	0.32752  	0.19427  	-0.2101  	-0.4576  	0.35205  	-0.2624  	-0.1513  	-0.2934  	-0.3445  	-0.3298  	-0.1589  	-0.1949  	0.27435  	0.28374  	-0.0674  	0.30184  	0.12028  	0.30613  	0.06108  	-0.2566  	0.16340  	-0.0257  	0.02790  	0.01745  	-0.0311  	-0.0849  	-0.0421  	0.03449  	0.00375  	0.04567  	-0.0074  	-0.0008  	0.01882  	0.00021  	0.03135  	0.00267  	-0.0232  	0.01958  	0.00425  	-0.0340  	0.03288  	0.00830  	0.00331  	0.03096  	-0.0066  	-0.0069  	-0.0242  	0.03589  	-0.0073  	0.02253  	-0.2797  	
0.13880  	0.09732  	0.17697  	0.56503  	-0.0307  	0.49054  	0.11114  	-0.4827  	0.25286  	-0.0564  	0.29338  	0.36086  	0.00377  	-0.3994  	-0.7994  	0.91501  	-0.0656  	0.19296  	-0.2723  	0.33403  	0.19084  	-0.2092  	-0.4517  	0.35306  	-0.2618  	-0.1502  	-0.2931  	-0.3451  	-0.3279  	-0.1543  	-0.1994  	0.27426  	0.28259  	-0.0645  	0.29936  	0.12128  	0.30297  	0.06384  	-0.2492  	0.16474  	-0.0344  	0.03046  	0.01801  	-0.0294  	-0.0834  	-0.0424  	0.03457  	0.00579  	0.04832  	-0.0090  	0.00030  	0.01878  	0.00170  	0.03203  	0.00277  	-0.0219  	0.01915  	0.00487  	-0.0349  	0.03383  	0.00815  	0.00332  	0.03162  	-0.0052  	-0.0069  	-0.0242  	0.03589  	-0.0073  	0.02253  	-0.2797  	
0.13917  	0.09723  	0.17708  	0.56541  	-0.0303  	0.49104  	0.11115  	-0.4825  	0.25294  	-0.0565  	0.29288  	0.36097  	0.00412  	-0.3992  	-0.7992  	0.91510  	-0.0656  	0.19295  	-0.2723  	0.33404  	0.19068  	-0.2091  	-0.4517  	0.35309  	-0.2618  	-0.1502  	-0.2931  	-0.3452  	-0.3277  	-0.1541  	-0.1994  	0.27424  	0.28259  	-0.0645  	0.29933  	0.12139  	0.30278  	0.06377  	-0.2490  	0.16483  	-0.0345  	0.03051  	0.01803  	-0.0295  	-0.0833  	-0.0424  	0.03456  	0.00585  	0.04840  	-0.0091  	0.00030  	0.01876  	0.00170  	0.03200  	0.00280  	-0.0219  	0.01914  	0.00488  	-0.0349  	0.03383  	0.00814  	0.00329  	0.03166  	-0.0051  	-0.0069  	-0.0242  	0.03589  	-0.0073  	0.02253  	-0.2797  	
0.13945  	0.09749  	0.17736  	0.56520  	-0.0309  	0.49104  	0.11116  	-0.4823  	0.25319  	-0.0569  	0.29289  	0.36123  	0.00430  	-0.3987  	-0.7993  	0.91531  	-0.0658  	0.19285  	-0.2720  	0.33367  	0.19143  	-0.2088  	-0.4515  	0.35314  	-0.2619  	-0.1502  	-0.2928  	-0.3456  	-0.3281  	-0.1541  	-0.1993  	0.27427  	0.28263  	-0.0645  	0.29940  	0.12125  	0.30317  	0.06381  	-0.2492  	0.16483  	-0.0344  	0.03054  	0.01806  	-0.0294  	-0.0833  	-0.0424  	0.03458  	0.00587  	0.04842  	-0.0090  	0.00024  	0.01872  	0.00171  	0.03205  	0.00277  	-0.0218  	0.01908  	0.00491  	-0.0349  	0.03389  	0.00816  	0.00331  	0.03168  	-0.0052  	-0.0069  	-0.0242  	0.03589  	-0.0073  	0.02253  	-0.2797  	
0.13932  	0.09724  	0.17709  	0.56552  	-0.0303  	0.49116  	0.11117  	-0.4824  	0.25303  	-0.0565  	0.29278  	0.36116  	0.00425  	-0.3990  	-0.7991  	0.91521  	-0.0657  	0.19290  	-0.2722  	0.33400  	0.19078  	-0.2090  	-0.4516  	0.35313  	-0.2618  	-0.1502  	-0.2931  	-0.3452  	-0.3278  	-0.1541  	-0.1994  	0.27423  	0.28261  	-0.0645  	0.29929  	0.12135  	0.30283  	0.06377  	-0.2490  	0.16484  	-0.0345  	0.03053  	0.01804  	-0.0294  	-0.0833  	-0.0424  	0.03456  	0.00585  	0.04840  	-0.0091  	0.00028  	0.01875  	0.00170  	0.03200  	0.00279  	-0.0219  	0.01912  	0.00490  	-0.0349  	0.03383  	0.00814  	0.00330  	0.03167  	-0.0051  	-0.0069  	-0.0242  	0.03589  	-0.0073  	0.02253  	-0.2797  	
0.13577  	0.09889  	0.17155  	0.57574  	-0.0231  	0.48201  	0.11485  	-0.4895  	0.25167  	-0.0455  	0.29496  	0.38266  	-0.0046  	-0.3953  	-0.7983  	0.91652  	-0.0657  	0.20079  	-0.2748  	0.34471  	0.18096  	-0.2119  	-0.4581  	0.34400  	-0.2599  	-0.1461  	-0.3179  	-0.3187  	-0.3108  	-0.1568  	-0.1945  	0.26917  	0.28848  	-0.0623  	0.28491  	0.12492  	0.28782  	0.05766  	-0.2449  	0.16326  	-0.0257  	0.02734  	0.02160  	-0.0282  	-0.0831  	-0.0416  	0.03430  	0.00589  	0.04669  	-0.0084  	-0.0008  	0.01942  	0.00110  	0.03101  	0.00160  	-0.0237  	0.01882  	0.00502  	-0.0337  	0.03189  	0.00852  	0.00384  	0.03002  	-0.0073  	-0.0069  	-0.0242  	0.03589  	-0.0073  	0.02253  	-0.2797  	
0.05023  	0.03149  	0.03332  	0.66037  	0.12519  	0.42254  	0.11485  	-0.5872  	0.20574  	-0.0037  	0.16602  	0.40252  	0.03933  	-0.4655  	-0.8726  	0.88816  	-0.1074  	0.28943  	-0.3048  	0.51628  	-0.0152  	-0.2597  	-0.6483  	0.24258  	-0.1922  	-0.1391  	-0.4527  	-0.0274  	-0.1035  	-0.1396  	-0.2132  	0.23311  	0.28501  	-0.0512  	0.21946  	0.20101  	0.11257  	-0.0092  	-0.1589  	0.24762  	-0.0188  	0.03108  	0.02251  	-0.0259  	-0.0771  	-0.0451  	0.03320  	-0.0027  	0.04375  	-0.0070  	0.01675  	0.01210  	-0.0033  	0.02461  	0.00909  	-0.0278  	0.03586  	0.00036  	-0.0319  	0.03028  	0.00168  	0.00211  	0.03327  	-0.0042  	-0.0069  	-0.0242  	0.03589  	-0.0073  	0.02253  	-0.2797  	
0.01397  	-0.0113  	-0.0538  	0.91496  	0.25692  	0.44290  	0.10186  	-0.6485  	0.17138  	0.06068  	0.03262  	0.42950  	0.06808  	-0.4280  	-0.8319  	0.85344  	-0.1473  	0.28287  	-0.2871  	0.54317  	-0.1957  	-0.1873  	-0.7595  	0.27600  	-0.0567  	-0.1498  	-0.4241  	0.05328  	0.03104  	-0.0610  	-0.2361  	0.21935  	0.24632  	-0.0350  	0.21172  	0.26436  	0.00615  	-0.0500  	-0.1121  	0.29659  	-0.0503  	0.04381  	-0.0018  	-0.0201  	-0.0700  	-0.0467  	0.02752  	0.01301  	0.05501  	-0.0106  	0.02973  	0.01335  	-0.0086  	0.02288  	0.00879  	-0.0346  	0.03669  	0.00856  	-0.0290  	0.02805  	-0.0120  	-0.0147  	0.03709  	-0.0048  	-0.0069  	-0.0242  	0.03589  	-0.0073  	0.02253  	-0.2797  	
0.02209  	0.04655  	-0.1106  	1.05843  	0.39495  	0.39321  	0.15543  	-0.6206  	0.17944  	0.02466  	-0.0344  	0.39361  	0.08279  	-0.2351  	-0.6283  	0.82589  	-0.1274  	0.26419  	-0.3083  	0.50966  	-0.2038  	-0.1721  	-0.7650  	0.27173  	-0.0065  	-0.1520  	-0.4178  	0.10924  	0.13033  	-0.0074  	-0.2739  	0.21401  	0.24413  	-0.0222  	0.24923  	0.28100  	-0.0200  	-0.0816  	-0.1089  	0.28244  	-0.0807  	0.07177  	-0.0360  	-0.0649  	-0.0721  	-0.0401  	0.02631  	0.01117  	0.05337  	-0.0206  	0.02447  	0.01630  	-0.0008  	0.01523  	0.00236  	-0.0223  	0.03674  	0.00296  	-0.0178  	0.02354  	-0.0011  	-0.0051  	0.02458  	-0.0069  	-0.0069  	-0.0242  	0.03589  	-0.0073  	0.02253  	-0.2797  	
0.02898  	0.06335  	-0.1486  	1.13803  	0.43340  	0.42145  	0.14291  	-0.5702  	0.17797  	-0.0818  	-0.1334  	0.38256  	0.14214  	-0.1523  	-0.5154  	0.73390  	-0.1204  	0.23907  	-0.3290  	0.49959  	-0.2423  	-0.1744  	-0.7682  	0.26602  	-0.0057  	-0.1622  	-0.3683  	0.09953  	0.13853  	0.02357  	-0.2946  	0.21512  	0.25016  	-0.0134  	0.27671  	0.27762  	-0.0478  	-0.0725  	-0.1047  	0.29084  	-0.1300  	0.07220  	-0.0304  	-0.0535  	-0.0652  	-0.0406  	0.03421  	0.00936  	0.05409  	-0.0175  	0.02770  	0.01031  	-0.0003  	0.01843  	0.00330  	-0.0231  	0.03711  	0.00487  	-0.0169  	0.02929  	0.00027  	-0.0057  	0.02208  	-0.0135  	-0.0069  	-0.0242  	0.03589  	-0.0073  	0.02253  	-0.2797  	
0.00600  	0.05072  	-0.1478  	1.12041  	0.40824  	0.39834  	0.13121  	-0.5725  	0.17383  	-0.1068  	-0.2005  	0.38522  	0.15566  	-0.1632  	-0.4820  	0.72737  	-0.1170  	0.26706  	-0.3381  	0.53621  	-0.2339  	-0.1805  	-0.7417  	0.26503  	-0.0086  	-0.1660  	-0.3757  	0.13492  	0.16058  	0.03024  	-0.2990  	0.21444  	0.25371  	-0.0053  	0.25501  	0.25657  	-0.0603  	-0.0773  	-0.1024  	0.30808  	-0.1326  	0.06549  	-0.0287  	-0.0354  	-0.0634  	-0.0469  	0.03633  	0.00659  	0.06041  	-0.0174  	0.03002  	0.00777  	0.00107  	0.02184  	0.00372  	-0.0219  	0.03378  	0.00476  	-0.0204  	0.03053  	-0.0032  	-0.0024  	0.02552  	-0.0107  	-0.0069  	-0.0242  	0.03589  	-0.0073  	0.02253  	-0.2797  	
-0.0195  	0.05169  	-0.0726  	0.85972  	0.20918  	0.45425  	0.12104  	-0.5718  	0.17924  	-0.0502  	-0.1846  	0.32313  	0.09656  	-0.4240  	-0.6369  	0.80820  	-0.0939  	0.32397  	-0.2896  	0.48380  	-0.1339  	-0.1678  	-0.6465  	0.22822  	-0.0647  	-0.1514  	-0.4075  	0.04500  	0.12618  	-0.0599  	-0.2771  	0.21868  	0.23607  	-0.0430  	0.15273  	0.25028  	-0.0276  	-0.0597  	-0.1043  	0.29702  	-0.0527  	0.03948  	0.00990  	-0.0067  	-0.0803  	-0.0482  	0.03073  	0.01588  	0.06121  	-0.0282  	0.01459  	0.01066  	-0.0014  	0.01854  	0.00644  	-0.0259  	0.03887  	0.00279  	-0.0227  	0.02991  	0.00570  	-0.0074  	0.02796  	-0.0086  	-0.0069  	-0.0242  	0.03589  	-0.0073  	0.02253  	-0.2797  	
0.00579  	0.01124  	0.02895  	0.73550  	0.16592  	0.47154  	0.13744  	-0.5977  	0.16981  	0.02293  	-0.0860  	0.26632  	0.02093  	-0.5197  	-0.8228  	0.90090  	-0.1016  	0.31832  	-0.2792  	0.47361  	-0.1709  	-0.1923  	-0.6231  	0.22931  	-0.0832  	-0.1493  	-0.4053  	-0.0367  	0.03983  	-0.0706  	-0.2320  	0.24198  	0.23970  	-0.0402  	0.15754  	0.27167  	0.00704  	-0.0551  	-0.1043  	0.28850  	-0.0534  	0.03044  	0.04067  	-0.0067  	-0.0865  	-0.0373  	0.02723  	0.01891  	0.05248  	-0.0253  	0.02273  	0.01248  	0.00068  	0.01440  	0.01012  	-0.0292  	0.03407  	-0.0033  	-0.0310  	0.02369  	0.00092  	-0.0117  	0.03024  	-0.0064  	-0.0069  	-0.0242  	0.03589  	-0.0073  	0.02253  	-0.2797  	
0.04740  	0.00542  	0.10808  	0.64702  	0.12793  	0.36044  	0.13705  	-0.6469  	0.11980  	0.02774  	0.09254  	0.29537  	0.00111  	-0.6260  	-0.8804  	0.77669  	-0.0456  	0.17780  	-0.2423  	0.28887  	-0.1038  	-0.4015  	-0.8294  	0.28057  	-0.1698  	-0.0738  	-0.3499  	-0.1194  	0.04722  	-0.1095  	-0.1391  	0.22504  	0.15219  	-0.1888  	0.13743  	0.28929  	0.00638  	-0.0421  	-0.2431  	0.22107  	0.04562  	0.15910  	-0.0852  	0.04364  	-0.1240  	-0.0335  	0.02046  	0.03174  	0.05072  	-0.0262  	0.02466  	0.01426  	-0.0031  	0.03392  	0.01397  	-0.0387  	0.04016  	-0.0033  	-0.0278  	0.03962  	-0.0029  	-0.0175  	0.02582  	-0.0107  	-0.0069  	-0.0242  	0.03589  	-0.0073  	0.02253  	-0.2797  	
0.10879  	0.05698  	0.13481  	0.72800  	0.18009  	0.38265  	0.12036  	-0.5626  	0.14398  	0.00621  	0.03718  	0.32460  	0.09900  	-0.5738  	-0.7762  	0.74294  	-0.0093  	0.05271  	-0.1818  	0.13394  	-0.0457  	-0.5509  	-1.0465  	0.24023  	-0.1522  	-0.0264  	-0.3600  	-0.1716  	0.10484  	-0.1077  	-0.0561  	0.17934  	0.10261  	-0.2886  	0.11986  	0.23805  	-0.0555  	-0.0404  	-0.3035  	0.15830  	0.08084  	0.24104  	-0.1471  	0.08449  	-0.1702  	-0.0210  	-0.0141  	0.04948  	0.04132  	-0.0329  	0.04296  	0.01943  	-0.0038  	0.05235  	0.02102  	-0.0267  	0.03822  	-0.0116  	-0.0283  	0.04436  	0.00120  	-0.0131  	0.01621  	-0.0077  	-0.0069  	-0.0242  	0.03589  	-0.0073  	0.02253  	-0.2797  	
0.10715  	0.07612  	0.08385  	0.84912  	0.21472  	0.34518  	0.10246  	-0.5237  	0.14160  	0.01847  	-0.0225  	0.24749  	0.17272  	-0.4535  	-0.6045  	0.69745  	0.02311  	-0.0213  	-0.1574  	0.01130  	0.01110  	-0.5138  	-1.0935  	0.29171  	-0.1249  	-0.0106  	-0.3242  	-0.2768  	0.14606  	-0.0586  	-0.0641  	0.17069  	0.08172  	-0.3096  	0.14201  	0.20347  	-0.0679  	-0.0327  	-0.3340  	0.14921  	0.09330  	0.26435  	-0.1864  	0.10388  	-0.1732  	-0.0091  	-0.0185  	0.05830  	0.03623  	-0.0465  	0.03504  	0.02345  	-0.0001  	0.04898  	0.02142  	-0.0278  	0.02132  	-0.0177  	-0.0206  	0.04580  	0.00705  	-0.0063  	-0.0029  	-0.0101  	-0.0069  	-0.0242  	0.03589  	-0.0073  	0.02253  	-0.2797  	
0.05684  	0.07302  	0.01397  	1.09052  	0.37523  	0.35409  	0.08235  	-0.5447  	0.14751  	-0.0358  	-0.0630  	0.36074  	0.17066  	-0.2626  	-0.4545  	0.65518  	0.02085  	-0.0415  	-0.2107  	0.05094  	-0.0004  	-0.4728  	-1.0729  	0.34596  	-0.0602  	-0.0371  	-0.2859  	-0.2044  	0.16165  	-0.0448  	-0.1134  	0.15250  	0.09389  	-0.2850  	0.20688  	0.22402  	-0.0836  	-0.0625  	-0.3177  	0.19198  	-0.0026  	0.27048  	-0.1922  	0.08613  	-0.1621  	-0.0224  	-0.0033  	0.04889  	0.04513  	-0.0465  	0.03313  	0.01741  	-0.0017  	0.04729  	0.01296  	-0.0274  	0.03636  	-0.0108  	-0.0204  	0.04791  	0.00368  	-0.0059  	0.00652  	-0.0063  	-0.0069  	-0.0242  	0.03589  	-0.0073  	0.02253  	-0.2797  	
0.06269  	0.07745  	-0.0585  	1.26602  	0.48041  	0.40806  	0.13735  	-0.5595  	0.16171  	-0.0808  	-0.1385  	0.38823  	0.14962  	-0.1871  	-0.4383  	0.67989  	-0.0356  	0.08600  	-0.2883  	0.26615  	-0.1690  	-0.3313  	-0.9419  	0.29784  	-0.0143  	-0.0871  	-0.3216  	-0.0264  	0.19850  	0.02028  	-0.2107  	0.19053  	0.15725  	-0.1552  	0.23164  	0.26863  	-0.1088  	-0.0784  	-0.1952  	0.25120  	-0.0948  	0.19156  	-0.1286  	0.01140  	-0.0946  	-0.0316  	0.00913  	0.02478  	0.04028  	-0.0235  	0.03152  	0.01454  	0.00394  	0.03467  	0.00645  	-0.0269  	0.04455  	-0.0074  	-0.0181  	0.03785  	-0.0006  	-0.0049  	0.01208  	-0.0015  	-0.0069  	-0.0242  	0.03589  	-0.0073  	0.02253  	-0.2797  	
0.03791  	0.06757  	-0.1223  	1.20722  	0.45354  	0.41458  	0.13752  	-0.5863  	0.18182  	-0.0974  	-0.2408  	0.39078  	0.16016  	-0.1428  	-0.4626  	0.72621  	-0.1254  	0.26845  	-0.3537  	0.53538  	-0.2548  	-0.1634  	-0.7473  	0.28089  	-0.0039  	-0.1669  	-0.4045  	0.13608  	0.17883  	0.03289  	-0.3051  	0.21290  	0.25648  	-0.0038  	0.24294  	0.26779  	-0.0828  	-0.0790  	-0.0886  	0.31630  	-0.1269  	0.06096  	-0.0192  	-0.0332  	-0.0586  	-0.0474  	0.03171  	0.01272  	0.06345  	-0.0193  	0.02691  	0.00658  	0.00205  	0.02128  	0.00219  	-0.0273  	0.03505  	0.00293  	-0.0224  	0.03111  	-0.0042  	-0.0053  	0.02330  	-0.0040  	-0.0069  	-0.0242  	0.03589  	-0.0073  	0.02253  	-0.2797  	
-0.0524  	0.05737  	-0.0914  	0.93805  	0.27875  	0.47910  	0.10454  	-0.5794  	0.17509  	-0.0287  	-0.2145  	0.38742  	0.10648  	-0.3702  	-0.6113  	0.79760  	-0.1148  	0.27903  	-0.3160  	0.52572  	-0.1409  	-0.1379  	-0.6390  	0.22901  	-0.0830  	-0.1440  	-0.4320  	0.05516  	0.13193  	-0.0369  	-0.2718  	0.20951  	0.25283  	-0.0203  	0.14862  	0.24369  	-0.0411  	-0.0624  	-0.0984  	0.27522  	-0.0488  	0.04724  	0.00666  	-0.0088  	-0.0799  	-0.0459  	0.03639  	0.02112  	0.06280  	-0.0289  	0.01573  	0.00562  	0.00177  	0.01736  	0.00189  	-0.0213  	0.04464  	0.00551  	-0.0277  	0.02593  	0.00624  	-0.0043  	0.02621  	-0.0075  	-0.0069  	-0.0242  	0.03589  	-0.0073  	0.02253  	-0.2797  	
-0.0415  	-0.0134  	0.01097  	0.72228  	0.17931  	0.47207  	0.14321  	-0.5996  	0.17049  	0.00117  	-0.0923  	0.29110  	0.02902  	-0.5262  	-0.7931  	0.88789  	-0.0892  	0.31343  	-0.2925  	0.47277  	-0.1230  	-0.1934  	-0.5975  	0.25083  	-0.1217  	-0.1499  	-0.4094  	-0.0254  	0.03887  	-0.0945  	-0.2400  	0.24382  	0.24194  	-0.0445  	0.13427  	0.25294  	0.01867  	-0.0449  	-0.1322  	0.27626  	-0.0432  	0.03264  	0.03863  	-0.0201  	-0.0830  	-0.0454  	0.03033  	0.02878  	0.05502  	-0.0190  	0.02605  	0.01063  	-0.0055  	0.01230  	0.00708  	-0.0293  	0.03815  	0.00144  	-0.0290  	0.02409  	0.00182  	-0.0094  	0.03285  	-0.0042  	-0.0069  	-0.0242  	0.03589  	-0.0073  	0.02253  	-0.2797  	
0.03615  	-0.0303  	0.08875  	0.60116  	0.12617  	0.45912  	0.11382  	-0.6941  	0.16330  	0.02647  	0.07398  	0.30978  	-0.0312  	-0.6175  	-0.9757  	0.93178  	-0.1013  	0.24712  	-0.2769  	0.43962  	-0.1053  	-0.2057  	-0.6116  	0.29200  	-0.1541  	-0.1533  	-0.3253  	-0.1028  	-0.0940  	-0.0771  	-0.2124  	0.26110  	0.22934  	-0.0566  	0.24203  	0.29936  	0.11762  	-0.0353  	-0.1834  	0.26567  	-0.0299  	0.05559  	0.01940  	-0.0244  	-0.0775  	-0.0436  	0.03034  	0.01090  	0.05107  	-0.0160  	0.02252  	0.01260  	-0.0065  	0.01722  	0.00633  	-0.0304  	0.04271  	0.00330  	-0.0275  	0.03420  	-0.0063  	-0.0124  	0.04054  	-0.0026  	-0.0069  	-0.0242  	0.03589  	-0.0073  	0.02253  	-0.2797  	
0.11467  	0.04191  	0.12174  	0.65652  	0.17597  	0.38140  	0.14661  	-0.6321  	0.12984  	0.12273  	0.03588  	0.22546  	0.03018  	-0.4349  	-0.7572  	0.81349  	-0.1233  	0.25434  	-0.2702  	0.41047  	-0.0518  	-0.1877  	-0.5899  	0.31987  	-0.1763  	-0.1846  	-0.2981  	-0.1937  	-0.1254  	-0.0811  	-0.2208  	0.28701  	0.21532  	-0.0686  	0.27692  	0.26419  	0.16897  	-0.0359  	-0.1856  	0.30663  	-0.0436  	0.05869  	-0.0057  	-0.0040  	-0.0765  	-0.0398  	0.02742  	0.00655  	0.05879  	-0.0117  	0.01714  	0.01746  	-0.0030  	0.01913  	0.01253  	-0.0312  	0.02763  	-0.0020  	-0.0315  	0.03637  	0.00782  	-0.0029  	0.02781  	-0.0149  	-0.0069  	-0.0242  	0.03589  	-0.0073  	0.02253  	-0.2797  	
0.18955  	0.11583  	0.11998  	0.83086  	0.23487  	0.47568  	0.16760  	-0.5697  	0.19957  	0.03624  	-0.0629  	0.25396  	0.10695  	-0.3120  	-0.6206  	0.83049  	-0.1327  	0.24565  	-0.2700  	0.41443  	-0.1024  	-0.1494  	-0.6687  	0.20002  	-0.0614  	-0.1708  	-0.3255  	-0.1647  	0.03488  	-0.0168  	-0.2365  	0.23283  	0.24837  	-0.0393  	0.23109  	0.25308  	0.04883  	-0.0407  	-0.1077  	0.25775  	-0.0535  	0.06091  	0.01197  	-0.0175  	-0.0767  	-0.0418  	0.01279  	0.03669  	0.06823  	-0.0279  	0.02187  	0.01348  	-0.0018  	0.01988  	0.01405  	-0.0282  	0.03018  	0.00819  	-0.0284  	0.02642  	-0.0062  	-0.0039  	0.03075  	-0.0086  	-0.0069  	-0.0242  	0.03589  	-0.0073  	0.02253  	-0.2797  	
0.25234  	0.11391  	-0.0463  	1.06206  	0.37110  	0.46062  	0.16289  	-0.5244  	0.20941  	-0.0067  	-0.2839  	0.21769  	0.21722  	-0.1224  	-0.4198  	0.73635  	-0.1344  	0.21529  	-0.2850  	0.32213  	-0.1568  	-0.0944  	-0.6636  	0.23297  	0.00846  	-0.1868  	-0.2736  	-0.1191  	0.14944  	0.04721  	-0.2723  	0.20839  	0.24340  	-0.0453  	0.25164  	0.24299  	-0.0100  	-0.0647  	-0.0825  	0.30747  	-0.0997  	0.07474  	-0.0202  	-0.0034  	-0.0728  	-0.0416  	0.01921  	0.03124  	0.07068  	-0.0259  	0.02083  	0.00718  	0.00908  	0.02074  	0.00970  	-0.0120  	0.02352  	0.00549  	-0.0223  	0.03605  	0.00545  	0.00679  	0.02161  	-0.0143  	-0.0069  	-0.0242  	0.03589  	-0.0073  	0.02253  	-0.2797  	
0.11914  	0.06227  	-0.1186  	1.29839  	0.53670  	0.42559  	0.12868  	-0.5910  	0.19885  	0.04692  	-0.1996  	0.34777  	0.18907  	0.00066  	-0.3276  	0.74181  	-0.1525  	0.17820  	-0.3344  	0.40778  	-0.1507  	-0.1157  	-0.7389  	0.39646  	0.08875  	-0.1830  	-0.3020  	-0.0534  	0.10778  	0.03987  	-0.2830  	0.18237  	0.24364  	-0.0502  	0.34764  	0.23417  	-0.0297  	-0.0920  	-0.1281  	0.31852  	-0.2003  	0.10861  	-0.0808  	-0.0451  	-0.0776  	-0.0517  	0.02666  	-0.0010  	0.05860  	-0.0254  	0.02777  	0.00887  	0.00146  	0.02149  	0.00071  	-0.0242  	0.02652  	0.00157  	-0.0328  	0.03669  	0.00318  	-0.0003  	0.02252  	-0.0037  	-0.0069  	-0.0242  	0.03589  	-0.0073  	0.02253  	-0.2797  	
-0.0430  	0.00732  	-0.1622  	1.15124  	0.46723  	0.24946  	0.16793  	-0.5658  	0.18105  	0.01672  	-0.0538  	0.37919  	0.12147  	-0.1657  	-0.5459  	0.73406  	-0.1194  	0.23700  	-0.3261  	0.54353  	-0.1844  	-0.2097  	-0.7961  	0.35930  	-0.0150  	-0.1853  	-0.3027  	0.02545  	0.01385  	-0.0218  	-0.2831  	0.24900  	0.27354  	-0.0247  	0.34491  	0.24195  	0.01750  	-0.0931  	-0.1550  	0.32736  	-0.1705  	0.09040  	-0.0680  	-0.0540  	-0.0456  	-0.0433  	0.03459  	0.00082  	0.04701  	-0.0083  	0.02207  	0.01602  	-0.0056  	0.02860  	-0.0044  	-0.0273  	0.03095  	-0.0085  	-0.0195  	0.03168  	-0.0022  	0.00710  	0.02171  	-0.0173  	-0.0069  	-0.0242  	0.03589  	-0.0073  	0.02253  	-0.2797  	
-0.1405  	-0.0368  	-0.1779  	0.90103  	0.34696  	0.18646  	0.12637  	-0.6244  	0.18286  	0.04610  	0.03685  	0.44654  	0.11464  	-0.3558  	-0.7491  	0.83169  	-0.1738  	0.30193  	-0.3617  	0.56901  	-0.1795  	-0.2252  	-0.7902  	0.28960  	-0.1298  	-0.1476  	-0.4457  	0.06571  	0.00340  	-0.0493  	-0.2242  	0.21788  	0.28113  	-0.0224  	0.28227  	0.24093  	-0.0181  	-0.0871  	-0.1533  	0.30122  	-0.0886  	0.06542  	-0.0486  	-0.0405  	-0.0735  	-0.0458  	0.03407  	0.00088  	0.05558  	-0.0221  	0.01480  	0.01031  	-0.0091  	0.03115  	0.00199  	-0.0307  	0.03442  	-0.0050  	-0.0243  	0.02792  	0.00315  	-0.0031  	0.03603  	-0.0017  	-0.0069  	-0.0242  	0.03589  	-0.0073  	0.02253  	-0.2797  	
-0.2372  	-0.0508  	-0.1974  	0.68328  	0.25489  	0.20704  	0.14954  	-0.6716  	0.15976  	0.09876  	0.12406  	0.48664  	0.06563  	-0.4607  	-0.8599  	0.79247  	-0.1562  	0.35904  	-0.3269  	0.57990  	-0.1721  	-0.2550  	-0.7138  	0.26185  	-0.1704  	-0.1295  	-0.4991  	0.09508  	-0.0090  	-0.1030  	-0.2254  	0.20119  	0.27697  	-0.0265  	0.20238  	0.24340  	-0.0374  	-0.0515  	-0.1379  	0.27636  	-0.0483  	0.04284  	-0.0163  	-0.0388  	-0.0776  	-0.0462  	0.03082  	0.00813  	0.04418  	-0.0215  	0.02392  	0.00657  	-0.0067  	0.02364  	-5.1478  	-0.0308  	0.03000  	0.00118  	-0.0371  	0.02488  	-0.0032  	-0.0108  	0.02818  	-0.0051  	-0.0069  	-0.0242  	0.03589  	-0.0073  	0.02253  	-0.2797  	
-0.2141  	-0.0415  	-0.0995  	0.60483  	0.16680  	0.32551  	0.11913  	-0.6391  	0.17340  	0.02184  	0.13167  	0.42876  	0.00554  	-0.5189  	-0.8367  	0.78830  	-0.1220  	0.34050  	-0.2968  	0.53425  	-0.1077  	-0.2431  	-0.6089  	0.26573  	-0.1945  	-0.1377  	-0.4922  	0.03005  	-0.0412  	-0.1309  	-0.2108  	0.21619  	0.26696  	-0.0430  	0.17436  	0.21813  	0.02850  	-0.0507  	-0.1552  	0.24963  	-0.0281  	0.03905  	0.00603  	-0.0478  	-0.0691  	-0.0386  	0.04099  	0.00344  	0.05132  	-0.0149  	0.02118  	0.01078  	-0.0052  	0.02109  	-0.0013  	-0.0315  	0.03547  	-0.0007  	-0.0293  	0.02884  	-0.0012  	-0.0071  	0.02605  	-0.0067  	-0.0069  	-0.0242  	0.03589  	-0.0073  	0.02253  	-0.2797  	
-0.0241  	0.03903  	0.04381  	0.62535  	0.09089  	0.43126  	0.12078  	-0.5835  	0.17923  	-0.0066  	0.03387  	0.34630  	0.05542  	-0.4070  	-0.6639  	0.73266  	-0.0780  	0.23140  	-0.2893  	0.39605  	0.01772  	-0.1857  	-0.5049  	0.34434  	-0.2275  	-0.1354  	-0.3523  	-0.2048  	-0.1583  	-0.1336  	-0.2027  	0.23186  	0.27055  	-0.0654  	0.23071  	0.16086  	0.13445  	-0.0233  	-0.1748  	0.25850  	-0.0121  	0.04317  	0.00016  	-0.0159  	-0.0800  	-0.0472  	0.03118  	0.00616  	0.04559  	-0.0155  	0.00792  	0.01922  	-0.0048  	0.02500  	0.00309  	-0.0271  	0.02769  	0.00681  	-0.0276  	0.02767  	0.01116  	0.00318  	0.02816  	-0.0080  	-0.0069  	-0.0242  	0.03589  	-0.0073  	0.02253  	-0.2797  	
0.08610  	0.06744  	0.17222  	0.59543  	0.04352  	0.48607  	0.11678  	-0.5363  	0.20699  	0.01397  	0.01917  	0.28769  	0.05920  	-0.3603  	-0.7021  	0.79102  	-0.0645  	0.24362  	-0.2702  	0.38751  	0.02125  	-0.1824  	-0.5075  	0.27621  	-0.2063  	-0.1337  	-0.3878  	-0.2198  	-0.1434  	-0.1262  	-0.1899  	0.24123  	0.27519  	-0.0513  	0.20994  	0.18352  	0.17279  	0.00090  	-0.1680  	0.21945  	-0.0037  	0.02768  	0.03754  	-0.0068  	-0.0773  	-0.0431  	0.03472  	0.02191  	0.04884  	-0.0088  	0.00533  	0.01322  	-0.0020  	0.02432  	0.00620  	-0.0236  	0.02939  	0.00249  	-0.0365  	0.03129  	0.00610  	0.00573  	0.03494  	-0.0063  	-0.0069  	-0.0242  	0.03589  	-0.0073  	0.02253  	-0.2797  	
0.10603  	0.07095  	0.13989  	0.57880  	0.01641  	0.47452  	0.12289  	-0.5338  	0.21184  	-0.0138  	0.13900  	0.28014  	0.02290  	-0.4118  	-0.7420  	0.82347  	-0.0708  	0.20842  	-0.2512  	0.35294  	0.10617  	-0.1700  	-0.4783  	0.33943  	-0.1758  	-0.1452  	-0.3077  	-0.2993  	-0.2218  	-0.1306  	-0.2024  	0.25324  	0.27307  	-0.0564  	0.25151  	0.16498  	0.22573  	0.02168  	-0.2070  	0.20382  	-0.0173  	0.03270  	0.01871  	-0.0073  	-0.0841  	-0.0422  	0.02895  	0.01234  	0.05355  	-0.0105  	0.00588  	0.01698  	-0.0009  	0.03173  	0.00240  	-0.0263  	0.02459  	0.00191  	-0.0327  	0.03089  	0.00417  	0.00654  	0.02719  	-0.0117  	-0.0069  	-0.0242  	0.03589  	-0.0073  	0.02253  	-0.2797  	
0.06619  	0.08868  	0.12609  	0.57700  	-0.0040  	0.46520  	0.07756  	-0.5067  	0.22995  	-0.0322  	0.20094  	0.32135  	-0.0096  	-0.4602  	-0.7717  	0.87396  	-0.0717  	0.22285  	-0.2661  	0.38303  	0.15113  	-0.2047  	-0.4769  	0.32920  	-0.2460  	-0.1561  	-0.3207  	-0.3049  	-0.2626  	-0.1517  	-0.2018  	0.26690  	0.27567  	-0.0601  	0.24854  	0.13224  	0.26780  	0.05129  	-0.2307  	0.18555  	0.00240  	0.01668  	0.00690  	-0.0252  	-0.0793  	-0.0402  	0.03496  	0.00366  	0.04683  	-0.0089  	-0.0006  	0.01757  	0.00228  	0.03030  	-0.0017  	-0.0218  	0.02001  	0.00435  	-0.0310  	0.03351  	0.00849  	0.00457  	0.02925  	-0.0129  	-0.0069  	-0.0242  	0.03589  	-0.0073  	0.02253  	-0.2797  	
0.11135  	0.08936  	0.16357  	0.56983  	-0.0309  	0.47669  	0.09640  	-0.4935  	0.23766  	-0.0582  	0.25942  	0.33086  	-0.0025  	-0.4273  	-0.7894  	0.89846  	-0.0778  	0.20727  	-0.2683  	0.35193  	0.18511  	-0.2118  	-0.4754  	0.33153  	-0.2388  	-0.1603  	-0.3133  	-0.3369  	-0.3030  	-0.1603  	-0.1994  	0.27063  	0.27833  	-0.0652  	0.28669  	0.13498  	0.29210  	0.06022  	-0.2453  	0.16235  	-0.0211  	0.02506  	0.01688  	-0.0274  	-0.0812  	-0.0413  	0.03427  	0.00130  	0.04769  	-0.0075  	-0.0009  	0.01586  	0.00187  	0.03163  	0.00219  	-0.0213  	0.02218  	0.00498  	-0.0332  	0.03309  	0.00777  	0.00158  	0.02847  	-0.0070  	-0.0069  	-0.0242  	0.03589  	-0.0073  	0.02253  	-0.2797  	
0.13151  	0.10580  	0.18292  	0.55842  	-0.0471  	0.48080  	0.10571  	-0.4774  	0.25299  	-0.0647  	0.29953  	0.34818  	-0.0019  	-0.4062  	-0.7961  	0.91442  	-0.0744  	0.19965  	-0.2620  	0.33565  	0.20820  	-0.2139  	-0.4591  	0.34185  	-0.2609  	-0.1524  	-0.3017  	-0.3504  	-0.3316  	-0.1608  	-0.1987  	0.27659  	0.28476  	-0.0641  	0.29578  	0.12107  	0.31160  	0.06590  	-0.2522  	0.16491  	-0.0297  	0.02904  	0.01825  	-0.0278  	-0.0805  	-0.0430  	0.03593  	0.00426  	0.04648  	-0.0059  	-0.0027  	0.01682  	0.00347  	0.03397  	0.00252  	-0.0215  	0.02001  	0.00511  	-0.0348  	0.03532  	0.00854  	0.00342  	0.03029  	-0.0065  	-0.0069  	-0.0242  	0.03589  	-0.0073  	0.02253  	-0.2797  	
0.13871  	0.09781  	0.17703  	0.56477  	-0.0312  	0.49021  	0.11095  	-0.4828  	0.25290  	-0.0571  	0.29291  	0.36070  	0.00385  	-0.3989  	-0.7989  	0.91476  	-0.0660  	0.19300  	-0.2721  	0.33353  	0.19118  	-0.2088  	-0.4518  	0.35277  	-0.2619  	-0.1502  	-0.2934  	-0.3454  	-0.3278  	-0.1543  	-0.1992  	0.27414  	0.28269  	-0.0645  	0.29960  	0.12120  	0.30307  	0.06361  	-0.2494  	0.16489  	-0.0340  	0.03044  	0.01802  	-0.0295  	-0.0834  	-0.0425  	0.03463  	0.00582  	0.04834  	-0.0089  	0.00025  	0.01872  	0.00172  	0.03208  	0.00272  	-0.0218  	0.01912  	0.00487  	-0.0349  	0.03392  	0.00816  	0.00336  	0.03158  	-0.0052  	-0.0069  	-0.0242  	0.03589  	-0.0073  	0.02253  	-0.2797  	
0.15222  	0.10094  	0.18168  	0.61473  	0.03223  	0.51659  	0.12061  	-0.4958  	0.24153  	-0.0435  	0.20688  	0.34503  	0.03514  	-0.3712  	-0.7977  	0.91092  	-0.0683  	0.21121  	-0.2763  	0.36018  	0.12154  	-0.2032  	-0.4886  	0.34500  	-0.2203  	-0.1424  	-0.3014  	-0.2915  	-0.2621  	-0.1427  	-0.2056  	0.25613  	0.28403  	-0.0645  	0.27999  	0.14376  	0.24017  	0.03290  	-0.2251  	0.18912  	-0.0501  	0.03350  	0.02349  	-0.0227  	-0.0810  	-0.0432  	0.03471  	0.01206  	0.05262  	-0.0071  	0.00879  	0.01608  	0.00099  	0.02694  	0.00313  	-0.0221  	0.02019  	0.00413  	-0.0355  	0.03134  	0.00604  	0.00382  	0.03544  	-0.0063  	-0.0069  	-0.0242  	0.03589  	-0.0073  	0.02253  	-0.2797  	
0.09695  	0.04628  	0.15460  	0.57059  	0.03994  	0.45885  	0.16436  	-0.5455  	0.23527  	0.01478  	0.19556  	0.32521  	0.05719  	-0.4392  	-0.9071  	0.89756  	-0.1026  	0.29918  	-0.2890  	0.44148  	-0.0111  	-0.2463  	-0.5894  	0.26078  	-0.1810  	-0.1486  	-0.4284  	-0.1308  	-0.1086  	-0.1135  	-0.1959  	0.23065  	0.30377  	-0.0600  	0.19019  	0.20722  	0.14700  	0.00702  	-0.1673  	0.22678  	0.00631  	0.02289  	0.03494  	-0.0293  	-0.0796  	-0.0464  	0.03338  	0.01819  	0.05208  	-0.0212  	0.01311  	0.01147  	0.00151  	0.01668  	0.00516  	-0.0238  	0.02954  	-0.0011  	-0.0383  	0.03268  	0.00571  	-0.0041  	0.04185  	0.00155  	-0.0069  	-0.0242  	0.03589  	-0.0073  	0.02253  	-0.2797  	
-0.1773  	0.01357  	-0.0294  	0.43975  	0.02165  	0.25178  	0.13124  	-0.6333  	0.18441  	0.06540  	0.28759  	0.32405  	0.00773  	-0.4723  	-1.0314  	0.81228  	-0.0955  	0.32864  	-0.2679  	0.47627  	-0.0749  	-0.2730  	-0.6055  	0.27763  	-0.1745  	-0.1294  	-0.4469  	-0.1002  	-0.1132  	-0.1552  	-0.1687  	0.20631  	0.29722  	-0.0571  	0.20279  	0.22903  	0.12798  	-0.0269  	-0.1893  	0.25618  	0.00683  	0.03872  	0.00758  	-0.0266  	-0.0732  	-0.0426  	0.04082  	-0.0065  	0.03937  	-0.0084  	0.00431  	0.01405  	-0.0100  	0.02277  	-0.0021  	-0.0365  	0.02432  	0.00154  	-0.0319  	0.02745  	0.00028  	0.00518  	0.02623  	-0.0045  	-0.0069  	-0.0242  	0.03589  	-0.0073  	0.02253  	-0.2797  	
-0.3767  	-0.1084  	-0.1812  	0.39355  	0.05419  	0.14368  	0.12186  	-0.6816  	0.14288  	0.05388  	0.31417  	0.36505  	-0.0497  	-0.6479  	-1.0267  	0.73970  	-0.0963  	0.31561  	-0.2745  	0.48675  	-0.0693  	-0.2730  	-0.5872  	0.25960  	-0.2218  	-0.1312  	-0.4237  	-0.0528  	-0.0554  	-0.1489  	-0.1951  	0.21978  	0.26387  	-0.0481  	0.17241  	0.25575  	0.08760  	-0.0116  	-0.1827  	0.24280  	0.00169  	0.03147  	-0.0168  	-0.0344  	-0.0646  	-0.0487  	0.04390  	-0.0116  	0.03251  	-0.0131  	0.00717  	0.01278  	-0.0059  	0.02710  	0.00501  	-0.0403  	0.03502  	0.00555  	-0.0298  	0.03080  	0.00445  	-0.0086  	0.03810  	-0.0032  	-0.0069  	-0.0242  	0.03589  	-0.0073  	0.02253  	-0.2797  	
-0.3846  	-0.0993  	-0.1133  	0.20525  	-0.1033  	0.20480  	0.11051  	-0.7064  	0.14312  	0.06878  	0.28863  	0.24430  	-0.0528  	-0.7143  	-1.0877  	0.73298  	-0.0616  	0.29656  	-0.2673  	0.46089  	-0.0945  	-0.2399  	-0.4954  	0.23971  	-0.1885  	-0.1082  	-0.4326  	-0.0732  	-0.0620  	-0.1472  	-0.1835  	0.21135  	0.23587  	-0.0560  	0.10491  	0.26703  	0.09487  	-0.0032  	-0.1837  	0.23285  	0.05680  	0.02444  	0.02271  	-0.0254  	-0.0721  	-0.0451  	0.04601  	-0.0120  	0.03621  	-0.0171  	-0.0025  	0.01456  	-0.0013  	0.02883  	0.00175  	-0.0404  	0.02870  	0.00445  	-0.0305  	0.03089  	0.00743  	-0.0046  	0.03040  	-0.0080  	-0.0069  	-0.0242  	0.03589  	-0.0073  	0.02253  	-0.2797  	
-0.2722  	-0.0712  	-0.0406  	0.33869  	-0.0574  	0.29964  	0.10910  	-0.7138  	0.14999  	0.07364  	0.19867  	0.30609  	-0.0590  	-0.7366  	-1.1080  	0.80632  	-0.0611  	0.32511  	-0.2765  	0.46115  	-0.1515  	-0.2512  	-0.5445  	0.21222  	-0.1882  	-0.1033  	-0.4464  	-0.0116  	-0.0388  	-0.1523  	-0.1733  	0.22828  	0.25480  	-0.0479  	0.08741  	0.27456  	0.05602  	-0.0236  	-0.1554  	0.24655  	0.05183  	0.01834  	0.03598  	-0.0134  	-0.0768  	-0.0476  	0.03559  	-0.0043  	0.03680  	-0.0140  	0.01124  	0.01535  	-0.0017  	0.02324  	0.00544  	-0.0386  	0.03082  	0.00557  	-0.0290  	0.02511  	0.00127  	0.00776  	0.03643  	-0.0031  	-0.0069  	-0.0242  	0.03589  	-0.0073  	0.02253  	-0.2797  	
-0.1969  	-0.0616  	-0.0126  	0.39843  	-0.0248  	0.29473  	0.09569  	-0.6956  	0.14881  	0.10896  	0.24230  	0.32057  	-0.0430  	-0.7286  	-1.1214  	0.85495  	-0.1047  	0.33574  	-0.2729  	0.47055  	-0.1417  	-0.2580  	-0.5790  	0.20009  	-0.1931  	-0.1297  	-0.4789  	0.00572  	-0.0354  	-0.1352  	-0.1852  	0.23613  	0.23555  	-0.0615  	0.11650  	0.29875  	0.07942  	-0.0186  	-0.1638  	0.25031  	0.04613  	0.01994  	0.03149  	-0.0078  	-0.0784  	-0.0414  	0.03854  	0.00257  	0.03869  	-0.0234  	0.01797  	0.01455  	0.00121  	0.02017  	0.00843  	-0.0347  	0.03612  	0.00417  	-0.0245  	0.02782  	0.00443  	-0.0112  	0.03556  	-0.0021  	-0.0069  	-0.0242  	0.03589  	-0.0073  	0.02253  	-0.2797  	
-0.2011  	-0.0686  	-0.0641  	0.41730  	-0.0113  	0.32232  	0.09722  	-0.7319  	0.13317  	0.02620  	0.20458  	0.29112  	-0.0733  	-0.7386  	-1.0663  	0.83273  	-0.0788  	0.30762  	-0.2685  	0.44175  	-0.1231  	-0.2663  	-0.5705  	0.21158  	-0.1707  	-0.1373  	-0.4343  	-0.0130  	-0.0356  	-0.1200  	-0.2020  	0.24105  	0.22009  	-0.0571  	0.14308  	0.31186  	0.10116  	-0.0082  	-0.1791  	0.23718  	0.04112  	0.02209  	0.03181  	-0.0168  	-0.0723  	-0.0448  	0.03672  	-0.0117  	0.03663  	-0.0179  	0.01643  	0.01441  	-0.0003  	0.01943  	0.01399  	-0.0343  	0.03621  	0.00843  	-0.0279  	0.02614  	-0.0019  	-0.0107  	0.04060  	0.00021  	-0.0069  	-0.0242  	0.03589  	-0.0073  	0.02253  	-0.2797  	
-0.2062  	-0.0445  	-0.0129  	0.36517  	-0.0388  	0.27969  	0.13563  	-0.7141  	0.15415  	0.04099  	0.16639  	0.23150  	-0.0403  	-0.6809  	-1.0979  	0.81235  	-0.0998  	0.32195  	-0.2749  	0.46203  	-0.1826  	-0.2288  	-0.5709  	0.19301  	-0.1579  	-0.1255  	-0.4730  	-0.0051  	-0.0076  	-0.1185  	-0.2007  	0.22223  	0.23501  	-0.0556  	0.09638  	0.30962  	0.07913  	-0.0138  	-0.1518  	0.24629  	0.05763  	0.03025  	0.01893  	-0.0160  	-0.0789  	-0.0462  	0.03756  	0.00589  	0.04117  	-0.0178  	0.01407  	0.01566  	-0.0005  	0.02382  	0.01335  	-0.0348  	0.03398  	0.00241  	-0.0291  	0.02820  	0.00137  	-0.0077  	0.03325  	-0.0011  	-0.0069  	-0.0242  	0.03589  	-0.0073  	0.02253  	-0.2797  	
-0.3756  	-0.0693  	-0.0782  	0.31277  	-0.0198  	0.16655  	0.11015  	-0.7135  	0.15193  	0.11824  	0.24433  	0.26544  	-0.0293  	-0.6234  	-1.0912  	0.77433  	-0.0865  	0.31231  	-0.2775  	0.49590  	-0.1502  	-0.2676  	-0.5827  	0.22568  	-0.1398  	-0.1351  	-0.4760  	-0.0249  	-0.0399  	-0.1282  	-0.1880  	0.21832  	0.25273  	-0.0521  	0.12979  	0.29786  	0.06287  	-0.0236  	-0.1634  	0.24030  	0.03638  	0.02371  	0.00501  	-0.0317  	-0.0694  	-0.0430  	0.03620  	-0.0094  	0.04206  	-0.0156  	0.01443  	0.01298  	-0.0039  	0.02139  	0.00838  	-0.0393  	0.03049  	0.00779  	-0.0295  	0.02881  	0.00415  	-0.0053  	0.03892  	0.00061  	-0.0069  	-0.0242  	0.03589  	-0.0073  	0.02253  	-0.2797  	
-0.4764  	-0.1326  	-0.1732  	0.31692  	-0.0173  	0.10593  	0.10982  	-0.7157  	0.13321  	0.10137  	0.31216  	0.28631  	-0.0765  	-0.6801  	-1.0792  	0.70827  	-0.0937  	0.30948  	-0.2645  	0.47966  	-0.1190  	-0.2666  	-0.5829  	0.25072  	-0.1666  	-0.1200  	-0.4403  	-0.0390  	-0.0327  	-0.1458  	-0.1954  	0.21736  	0.23970  	-0.0482  	0.15343  	0.28664  	0.07414  	-0.0124  	-0.1650  	0.23030  	0.03215  	0.02993  	-0.0001  	-0.0335  	-0.0661  	-0.0436  	0.03943  	-0.0191  	0.02869  	-0.0133  	0.00128  	0.01411  	0.00121  	0.02513  	0.00427  	-0.0385  	0.03191  	0.00651  	-0.0301  	0.03168  	0.00523  	-0.0049  	0.03191  	-0.0035  	-0.0069  	-0.0242  	0.03589  	-0.0073  	0.02253  	-0.2797  	
-0.4558  	-0.1056  	-0.1355  	0.18260  	-0.1104  	0.13317  	0.12681  	-0.7277  	0.12920  	0.13030  	0.34288  	0.23947  	-0.0632  	-0.7184  	-1.1591  	0.72742  	-0.0827  	0.31673  	-0.2878  	0.46828  	-0.1216  	-0.2416  	-0.5339  	0.23816  	-0.1930  	-0.1146  	-0.4721  	-0.0451  	-0.0331  	-0.1613  	-0.1847  	0.21711  	0.23700  	-0.0492  	0.09605  	0.27734  	0.07832  	-0.0114  	-0.1616  	0.22302  	0.05568  	0.02784  	0.01697  	-0.0299  	-0.0715  	-0.0461  	0.04145  	-0.0092  	0.03641  	-0.0130  	0.00271  	0.01709  	-0.0008  	0.02774  	0.00643  	-0.0378  	0.02892  	0.00318  	-0.0296  	0.03193  	0.00572  	-0.0029  	0.03094  	-0.0041  	-0.0069  	-0.0242  	0.03589  	-0.0073  	0.02253  	-0.2797  	
-0.3438  	-0.0530  	-0.0765  	0.29111  	-0.0750  	0.23550  	0.10827  	-0.6902  	0.16758  	0.06827  	0.17398  	0.27406  	-0.0331  	-0.6974  	-1.0610  	0.76382  	-0.0521  	0.31794  	-0.2745  	0.45877  	-0.1411  	-0.2052  	-0.5065  	0.20852  	-0.2076  	-0.1019  	-0.4640  	-0.0319  	-0.0268  	-0.1509  	-0.1799  	0.21170  	0.24361  	-0.0540  	0.05640  	0.25017  	0.05719  	-0.0212  	-0.1414  	0.24586  	0.05906  	0.01871  	0.03648  	-0.0211  	-0.0791  	-0.0454  	0.04027  	0.00677  	0.04350  	-0.0159  	0.00625  	0.01697  	-0.0054  	0.02452  	0.00625  	-0.0396  	0.02709  	0.00095  	-0.0253  	0.03031  	0.00442  	0.00075  	0.03545  	-0.0014  	-0.0069  	-0.0242  	0.03589  	-0.0073  	0.02253  	-0.2797  	
-0.2468  	-0.0212  	-0.0353  	0.33272  	-0.0508  	0.26331  	0.10947  	-0.6867  	0.16259  	0.08225  	0.14317  	0.28146  	-0.0253  	-0.6792  	-1.0541  	0.79347  	-0.0741  	0.34233  	-0.2690  	0.47966  	-0.1617  	-0.2146  	-0.5339  	0.13972  	-0.2335  	-0.1009  	-0.5482  	0.01595  	-0.0104  	-0.1564  	-0.1726  	0.21008  	0.27163  	-0.0477  	0.04154  	0.23366  	0.04728  	-0.0134  	-0.1282  	0.25172  	0.09097  	0.00622  	0.05191  	-0.0071  	-0.0862  	-0.0467  	0.03144  	0.00225  	0.03726  	-0.0142  	0.00866  	0.01526  	-0.0028  	0.02447  	0.00654  	-0.0387  	0.02925  	0.00190  	-0.0347  	0.02649  	0.00608  	0.00668  	0.03323  	-0.0044  	-0.0069  	-0.0242  	0.03589  	-0.0073  	0.02253  	-0.2797  	
-0.3107  	-0.0574  	-0.0553  	0.30434  	-0.0391  	0.18448  	0.11328  	-0.7189  	0.15627  	0.10918  	0.21260  	0.25444  	-0.0238  	-0.6555  	-1.1311  	0.78060  	-0.1013  	0.33090  	-0.2705  	0.49711  	-0.1725  	-0.2638  	-0.5837  	0.19762  	-0.1608  	-0.1290  	-0.5163  	-0.0065  	-0.0079  	-0.1357  	-0.1730  	0.22376  	0.26698  	-0.0498  	0.09169  	0.28196  	0.05716  	-0.0245  	-0.1558  	0.25554  	0.07293  	0.01285  	0.02979  	-0.0097  	-0.0721  	-0.0495  	0.03834  	0.00070  	0.04616  	-0.0203  	0.01044  	0.01357  	-0.0016  	0.02288  	0.00641  	-0.0410  	0.03256  	0.00818  	-0.0359  	0.02710  	0.01006  	-0.0034  	0.03890  	-0.0003  	-0.0069  	-0.0242  	0.03589  	-0.0073  	0.02253  	-0.2797  	
-0.4389  	-0.1117  	-0.1801  	0.37953  	0.02235  	0.14239  	0.11103  	-0.7144  	0.13467  	0.09382  	0.30497  	0.31028  	-0.0550  	-0.6229  	-1.0552  	0.71913  	-0.0995  	0.30142  	-0.2742  	0.47779  	-0.1235  	-0.2407  	-0.5919  	0.25567  	-0.1609  	-0.1174  	-0.4458  	-0.0395  	-0.0302  	-0.1317  	-0.1898  	0.20669  	0.25243  	-0.0502  	0.15938  	0.27901  	0.06658  	-0.0313  	-0.1594  	0.23560  	0.01627  	0.04128  	0.00802  	-0.0338  	-0.0664  	-0.0406  	0.03829  	-0.0152  	0.03257  	-0.0155  	0.00802  	0.01427  	-0.0032  	0.02554  	0.00230  	-0.0386  	0.03125  	0.00404  	-0.0281  	0.03052  	0.00350  	-0.0035  	0.03239  	-0.0030  	-0.0069  	-0.0242  	0.03589  	-0.0073  	0.02253  	-0.2797  	
-0.4412  	-0.1237  	-0.1881  	0.29566  	-0.0329  	0.11281  	0.09096  	-0.6897  	0.14005  	0.11143  	0.33165  	0.31848  	-0.0743  	-0.6685  	-1.0878  	0.71449  	-0.0924  	0.32020  	-0.2693  	0.47877  	-0.0919  	-0.2603  	-0.5654  	0.23363  	-0.2164  	-0.1227  	-0.4643  	-0.0419  	-0.0397  	-0.1610  	-0.1999  	0.22080  	0.23489  	-0.0496  	0.12967  	0.27058  	0.07888  	-0.0004  	-0.1688  	0.22531  	0.03039  	0.02485  	0.00160  	-0.0376  	-0.0709  	-0.0444  	0.04486  	-0.0113  	0.03125  	-0.0147  	0.00589  	0.01494  	0.00036  	0.02528  	0.00418  	-0.0393  	0.03318  	0.00533  	-0.0310  	0.03284  	0.00551  	-0.0073  	0.03164  	-0.0024  	-0.0069  	-0.0242  	0.03589  	-0.0073  	0.02253  	-0.2797  	
-0.4170  	-0.0893  	-0.1402  	0.23406  	-0.0599  	0.16778  	0.13494  	-0.7005  	0.14362  	0.11823  	0.28267  	0.27400  	-0.0361  	-0.6680  	-1.1141  	0.72987  	-0.0867  	0.32133  	-0.2846  	0.46766  	-0.1368  	-0.2413  	-0.5369  	0.22641  	-0.1912  	-0.1201  	-0.4711  	-0.0330  	-0.0182  	-0.1519  	-0.1858  	0.21355  	0.25115  	-0.0519  	0.10115  	0.26277  	0.05812  	-0.0256  	-0.1447  	0.23712  	0.04691  	0.02736  	0.02214  	-0.0227  	-0.0719  	-0.0454  	0.03919  	-0.0059  	0.04151  	-0.0149  	0.00499  	0.01372  	-0.0032  	0.02283  	0.00701  	-0.0377  	0.02985  	0.00375  	-0.0309  	0.02775  	0.00779  	-0.0006  	0.03407  	-0.0038  	-0.0069  	-0.0242  	0.03589  	-0.0073  	0.02253  	-0.2797  	
-0.2587  	-0.0178  	-0.0737  	0.36973  	-0.0270  	0.27564  	0.11110  	-0.6669  	0.17085  	0.04356  	0.12292  	0.29408  	-0.0089  	-0.6169  	-0.9885  	0.74099  	-0.0722  	0.31641  	-0.2766  	0.47738  	-0.1086  	-0.2014  	-0.5311  	0.22791  	-0.2255  	-0.1078  	-0.4472  	-0.0460  	-0.0556  	-0.1433  	-0.1808  	0.20934  	0.26762  	-0.0510  	0.09063  	0.22545  	0.06388  	-0.0321  	-0.1420  	0.25323  	0.03716  	0.02392  	0.02958  	-0.0144  	-0.0811  	-0.0421  	0.04253  	0.00468  	0.03645  	-0.0128  	0.00535  	0.01670  	-0.0059  	0.02412  	-0.0006  	-0.0338  	0.02688  	-0.0025  	-0.0321  	0.02674  	0.00600  	-0.0014  	0.02860  	-0.0060  	-0.0069  	-0.0242  	0.03589  	-0.0073  	0.02253  	-0.2797  	
-0.0930  	0.01823  	0.02778  	0.52472  	0.01429  	0.37215  	0.11651  	-0.6212  	0.17359  	0.02261  	0.10058  	0.33486  	0.04212  	-0.5226  	-0.8805  	0.78642  	-0.0795  	0.30729  	-0.2840  	0.44856  	-0.0708  	-0.2016  	-0.5372  	0.21606  	-0.2267  	-0.1193  	-0.4785  	-0.0779  	-0.0615  	-0.1389  	-0.1603  	0.21050  	0.26591  	-0.0390  	0.11810  	0.21875  	0.09646  	-0.0149  	-0.1487  	0.25332  	0.03652  	0.01432  	0.03787  	-0.0163  	-0.0832  	-0.0421  	0.03680  	0.01695  	0.03831  	-0.0144  	0.00914  	0.01377  	-0.0013  	0.01846  	0.00485  	-0.0297  	0.02585  	0.00613  	-0.0273  	0.02573  	0.00272  	0.00794  	0.02785  	-0.0023  	-0.0069  	-0.0242  	0.03589  	-0.0073  	0.02253  	-0.2797  	
0.10191  	0.06375  	0.14790  	0.59186  	-0.0004  	0.46174  	0.11972  	-0.5038  	0.21902  	-0.0075  	0.20318  	0.33574  	0.00711  	-0.4259  	-0.7745  	0.86587  	-0.0812  	0.24318  	-0.2681  	0.40011  	0.10140  	-0.1781  	-0.5147  	0.27328  	-0.2251  	-0.1348  	-0.3875  	-0.2542  	-0.1771  	-0.1562  	-0.1927  	0.25067  	0.28462  	-0.0577  	0.21680  	0.18013  	0.20262  	0.03721  	-0.2050  	0.19817  	0.02037  	0.01687  	0.03890  	-0.0175  	-0.0795  	-0.0467  	0.04165  	0.01105  	0.05187  	-0.0139  	0.00094  	0.01352  	0.00048  	0.02956  	0.00425  	-0.0277  	0.02568  	0.00422  	-0.0371  	0.03445  	0.00362  	0.00689  	0.03297  	-0.0059  	-0.0069  	-0.0242  	0.03589  	-0.0073  	0.02253  	-0.2797  	
0.15412  	0.09533  	0.19967  	0.57818  	-0.0278  	0.51969  	0.11735  	-0.4875  	0.24371  	-0.0345  	0.27859  	0.33266  	-0.0001  	-0.4173  	-0.7916  	0.90934  	-0.0754  	0.19670  	-0.2636  	0.36161  	0.18757  	-0.1988  	-0.4735  	0.33303  	-0.2444  	-0.1494  	-0.3088  	-0.3388  	-0.2919  	-0.1548  	-0.1990  	0.27585  	0.28233  	-0.0636  	0.27348  	0.14385  	0.28706  	0.05689  	-0.2429  	0.17830  	-0.0258  	0.02721  	0.02780  	-0.0239  	-0.0795  	-0.0440  	0.03750  	0.01000  	0.05118  	-0.0087  	-0.0017  	0.01458  	0.00226  	0.03178  	0.00500  	-0.0228  	0.02285  	0.00441  	-0.0354  	0.03649  	0.00568  	-0.0004  	0.03331  	-0.0054  	-0.0069  	-0.0242  	0.03589  	-0.0073  	0.02253  	-0.2797  	
0.13816  	0.09119  	0.19826  	0.56806  	-0.0432  	0.51942  	0.11489  	-0.4752  	0.24551  	-0.0439  	0.27688  	0.31676  	0.01670  	-0.3991  	-0.7966  	0.91448  	-0.0764  	0.20018  	-0.2618  	0.34661  	0.20531  	-0.2086  	-0.4748  	0.35186  	-0.2409  	-0.1553  	-0.2946  	-0.3580  	-0.3100  	-0.1587  	-0.2042  	0.27537  	0.28293  	-0.0609  	0.28945  	0.13740  	0.29533  	0.06169  	-0.2371  	0.17084  	-0.0341  	0.03314  	0.01975  	-0.0291  	-0.0783  	-0.0435  	0.03383  	0.00740  	0.04807  	-0.0064  	0.00319  	0.01630  	0.00542  	0.03238  	0.00319  	-0.0219  	0.01978  	0.00614  	-0.0349  	0.03649  	0.00837  	0.00041  	0.03236  	-0.0048  	-0.0069  	-0.0242  	0.03589  	-0.0073  	0.02253  	-0.2797  	
0.14953  	0.10001  	0.19011  	0.58030  	-0.0287  	0.50814  	0.11585  	-0.4735  	0.25154  	-0.0618  	0.27463  	0.34894  	0.01769  	-0.3841  	-0.8014  	0.92175  	-0.0727  	0.19714  	-0.2612  	0.33272  	0.19587  	-0.2008  	-0.4652  	0.35388  	-0.2470  	-0.1538  	-0.2880  	-0.3592  	-0.3168  	-0.1551  	-0.2036  	0.27269  	0.28300  	-0.0618  	0.29676  	0.13217  	0.29549  	0.05870  	-0.2396  	0.17067  	-0.0375  	0.03129  	0.01767  	-0.0276  	-0.0801  	-0.0427  	0.03432  	0.01042  	0.05029  	-0.0070  	0.00303  	0.01662  	0.00385  	0.03206  	0.00229  	-0.0214  	0.01752  	0.00612  	-0.0355  	0.03514  	0.00779  	0.00255  	0.03439  	-0.0053  	-0.0069  	-0.0242  	0.03589  	-0.0073  	0.02253  	-0.2797  	
0.11591  	0.08988  	0.16254  	0.59261  	0.03131  	0.49325  	0.12974  	-0.5018  	0.23911  	-0.0198  	0.22946  	0.36476  	0.02006  	-0.4158  	-0.8305  	0.89259  	-0.0725  	0.23625  	-0.2856  	0.39002  	0.07827  	-0.2272  	-0.5061  	0.30086  	-0.2420  	-0.1327  	-0.3671  	-0.2313  	-0.2070  	-0.1512  	-0.1968  	0.25065  	0.29628  	-0.0617  	0.24076  	0.16448  	0.20667  	0.02789  	-0.2068  	0.19541  	-0.0169  	0.02363  	0.03016  	-0.0264  	-0.0822  	-0.0422  	0.03807  	0.01080  	0.05291  	-0.0112  	0.00795  	0.01676  	0.00028  	0.02614  	0.00518  	-0.0263  	0.02256  	0.00245  	-0.0326  	0.03048  	0.00689  	0.00070  	0.03754  	-0.0068  	-0.0069  	-0.0242  	0.03589  	-0.0073  	0.02253  	-0.2797  	
0.06863  	0.03140  	0.12400  	0.57490  	0.04388  	0.45310  	0.16127  	-0.5463  	0.23824  	0.01038  	0.20067  	0.34682  	0.05765  	-0.4602  	-0.9002  	0.91343  	-0.0980  	0.30568  	-0.2965  	0.44558  	-0.0268  	-0.2490  	-0.5957  	0.24446  	-0.2073  	-0.1396  	-0.4661  	-0.0861  	-0.0874  	-0.1199  	-0.2008  	0.23226  	0.30238  	-0.0628  	0.16864  	0.20974  	0.12469  	0.00403  	-0.1643  	0.22730  	0.01998  	0.01851  	0.03928  	-0.0340  	-0.0810  	-0.0452  	0.03509  	0.01385  	0.05411  	-0.0255  	0.01201  	0.01200  	-0.0014  	0.01568  	0.00436  	-0.0276  	0.03080  	-6.4231  	-0.0336  	0.03076  	0.00378  	-0.0044  	0.04091  	0.00087  	-0.0069  	-0.0242  	0.03589  	-0.0073  	0.02253  	-0.2797  	
-0.2613  	-0.0450  	-0.0711  	0.40221  	0.01273  	0.22467  	0.15419  	-0.7023  	0.17636  	0.07639  	0.32006  	0.33616  	-0.0212  	-0.5416  	-1.0650  	0.77084  	-0.1028  	0.31233  	-0.2943  	0.50681  	-0.1182  	-0.2418  	-0.5908  	0.27151  	-0.1694  	-0.1315  	-0.4769  	-0.0548  	-0.0635  	-0.1359  	-0.1688  	0.20579  	0.26918  	-0.0501  	0.16955  	0.26765  	0.08453  	-0.0254  	-0.1757  	0.23993  	0.00995  	0.03260  	0.00644  	-0.0338  	-0.0717  	-0.0436  	0.04609  	-0.0024  	0.05085  	-0.0175  	0.01554  	0.01039  	-0.0028  	0.02110  	0.00599  	-0.0360  	0.03139  	0.00888  	-0.0317  	0.03141  	0.00268  	-0.0040  	0.03699  	-0.0002  	-0.0069  	-0.0242  	0.03589  	-0.0073  	0.02253  	-0.2797  	
-0.3992  	-0.1160  	-0.1733  	0.40391  	0.05010  	0.10925  	0.09367  	-0.6539  	0.12528  	0.06292  	0.34953  	0.37983  	-0.0155  	-0.7156  	-1.0193  	0.68353  	-0.0379  	0.17943  	-0.2245  	0.29642  	-0.0405  	-0.4371  	-0.7976  	0.24617  	-0.2786  	-0.0446  	-0.4625  	-0.1156  	0.02466  	-0.1716  	-0.1094  	0.17147  	0.18149  	-0.1776  	0.10778  	0.25221  	0.00033  	-0.0147  	-0.2635  	0.17199  	0.06361  	0.14650  	-0.1067  	0.02573  	-0.1165  	-0.0287  	0.03037  	0.00199  	0.02328  	-0.0239  	0.01265  	0.01722  	-0.0026  	0.04154  	0.01019  	-0.0425  	0.03621  	-0.0030  	-0.0296  	0.03600  	0.00909  	-0.0133  	0.02107  	-0.0025  	-0.0069  	-0.0242  	0.03589  	-0.0073  	0.02253  	-0.2797  	
-0.4343  	-0.0876  	-0.1296  	0.32830  	-0.0038  	0.07992  	0.05497  	-0.6169  	0.10343  	0.07562  	0.34898  	0.34508  	0.00233  	-0.7464  	-1.0225  	0.61461  	0.04546  	0.09367  	-0.1760  	0.10608  	-0.0073  	-0.5911  	-0.9386  	0.22085  	-0.3094  	0.02315  	-0.4929  	-0.1553  	0.09699  	-0.1892  	-0.0311  	0.14180  	0.10774  	-0.2886  	0.02415  	0.23496  	-0.0633  	-0.0137  	-0.3245  	0.10472  	0.14036  	0.22200  	-0.1675  	0.07580  	-0.1559  	-0.0130  	0.00902  	0.01773  	0.01419  	-0.0343  	0.01398  	0.02049  	0.00178  	0.04901  	0.01373  	-0.0411  	0.02844  	-0.0101  	-0.0278  	0.04411  	0.01332  	-0.0100  	0.00648  	-0.0034  	-0.0069  	-0.0242  	0.03589  	-0.0073  	0.02253  	-0.2797  	
-0.4255  	-0.0682  	-0.0740  	0.26300  	-0.0251  	0.12709  	0.07131  	-0.6196  	0.10902  	0.07678  	0.28294  	0.31117  	0.03307  	-0.7853  	-1.0469  	0.63523  	0.06272  	0.07543  	-0.1612  	0.04531  	-0.0499  	-0.6255  	-0.9449  	0.20550  	-0.3041  	0.04531  	-0.4988  	-0.1476  	0.12903  	-0.1859  	0.00987  	0.13140  	0.09676  	-0.3104  	-0.0280  	0.23604  	-0.1063  	-0.0262  	-0.3203  	0.10011  	0.17578  	0.23491  	-0.1617  	0.10855  	-0.1659  	-0.0105  	-0.0020  	0.02790  	0.01359  	-0.0353  	0.01527  	0.02176  	0.00045  	0.04873  	0.01546  	-0.0413  	0.02607  	-0.0117  	-0.0277  	0.03970  	0.01624  	-0.0073  	0.01085  	-0.0005  	-0.0069  	-0.0242  	0.03589  	-0.0073  	0.02253  	-0.2797  	
-0.3683  	-0.0336  	-0.0354  	0.29531  	-0.0506  	0.20589  	0.06251  	-0.6082  	0.13397  	0.03736  	0.18949  	0.29493  	0.02969  	-0.8001  	-0.9843  	0.68450  	0.07352  	0.08505  	-0.1521  	0.08225  	-0.0597  	-0.5488  	-0.8660  	0.19658  	-0.3081  	0.04943  	-0.4841  	-0.1516  	0.10194  	-0.1857  	-0.0071  	0.14002  	0.10705  	-0.2897  	-0.0539  	0.21201  	-0.0880  	-0.0242  	-0.2997  	0.12867  	0.18024  	0.20464  	-0.1304  	0.10064  	-0.1659  	-0.0168  	0.00388  	0.03529  	0.02208  	-0.0370  	0.01313  	0.02518  	-0.0045  	0.04963  	0.01508  	-0.0420  	0.02525  	-0.0163  	-0.0271  	0.04066  	0.01092  	-0.0048  	0.00961  	-0.0016  	-0.0069  	-0.0242  	0.03589  	-0.0073  	0.02253  	-0.2797  	
-0.0574  	0.05579  	0.10634  	0.55943  	0.03522  	0.38114  	0.08263  	-0.5207  	0.17950  	0.02727  	0.11847  	0.36504  	0.09389  	-0.5258  	-0.8102  	0.74804  	-0.0058  	0.14757  	-0.2181  	0.24118  	0.02945  	-0.3948  	-0.7253  	0.23545  	-0.3091  	-0.0368  	-0.4586  	-0.1918  	-0.0406  	-0.1616  	-0.0640  	0.18223  	0.20585  	-0.1802  	0.08351  	0.17336  	0.05328  	-0.0011  	-0.2632  	0.16770  	0.09193  	0.11610  	-0.0550  	0.04972  	-0.1203  	-0.0244  	0.01932  	0.02444  	0.02694  	-0.0276  	0.00878  	0.01790  	0.00033  	0.03451  	0.00909  	-0.0350  	0.02252  	-0.0025  	-0.0290  	0.03223  	0.00412  	0.00620  	0.02135  	-0.0063  	-0.0069  	-0.0242  	0.03589  	-0.0073  	0.02253  	-0.2797  	
0.08394  	0.07702  	0.15844  	0.56016  	-0.0024  	0.43462  	0.12252  	-0.5236  	0.22701  	0.00805  	0.23224  	0.34648  	0.00358  	-0.4308  	-0.8234  	0.86893  	-0.0858  	0.24598  	-0.2805  	0.40371  	0.09622  	-0.2026  	-0.5193  	0.25939  	-0.2427  	-0.1337  	-0.4057  	-0.2412  	-0.1779  	-0.1551  	-0.1931  	0.24245  	0.28820  	-0.0580  	0.21592  	0.17060  	0.20165  	0.03276  	-0.2096  	0.19606  	0.02510  	0.01703  	0.03466  	-0.0186  	-0.0788  	-0.0479  	0.04282  	0.00412  	0.04916  	-0.0124  	0.00025  	0.01223  	0.00136  	0.02830  	0.00379  	-0.0276  	0.02425  	0.00568  	-0.0364  	0.03018  	0.00414  	0.00872  	0.03155  	-0.0044  	-0.0069  	-0.0242  	0.03589  	-0.0073  	0.02253  	-0.2797  	
0.14690  	0.09805  	0.19859  	0.57902  	-0.0235  	0.50621  	0.11748  	-0.4847  	0.24535  	-0.0333  	0.27666  	0.34697  	0.00194  	-0.4171  	-0.7956  	0.90586  	-0.0813  	0.20109  	-0.2590  	0.35921  	0.17644  	-0.1982  	-0.4693  	0.32178  	-0.2554  	-0.1486  	-0.3171  	-0.3281  	-0.2833  	-0.1535  	-0.2024  	0.27508  	0.28782  	-0.0634  	0.27222  	0.14231  	0.28610  	0.05944  	-0.2395  	0.17306  	-0.0139  	0.02512  	0.03195  	-0.0242  	-0.0814  	-0.0442  	0.03716  	0.01039  	0.05201  	-0.0082  	-0.0029  	0.01430  	0.00184  	0.03236  	0.00577  	-0.0244  	0.02334  	0.00382  	-0.0362  	0.03540  	0.00524  	0.00027  	0.03197  	-0.0063  	-0.0069  	-0.0242  	0.03589  	-0.0073  	0.02253  	-0.2797  	
0.13941  	0.09254  	0.20186  	0.56764  	-0.0458  	0.52115  	0.11682  	-0.4725  	0.24816  	-0.0488  	0.28067  	0.33008  	0.01836  	-0.3875  	-0.8036  	0.92180  	-0.0749  	0.19866  	-0.2604  	0.34120  	0.20820  	-0.2057  	-0.4726  	0.35257  	-0.2387  	-0.1566  	-0.2935  	-0.3611  	-0.3142  	-0.1597  	-0.2031  	0.27448  	0.28281  	-0.0616  	0.29009  	0.13541  	0.29914  	0.06086  	-0.2392  	0.16990  	-0.0314  	0.03278  	0.01884  	-0.0290  	-0.0788  	-0.0436  	0.03401  	0.00912  	0.04932  	-0.0051  	0.00289  	0.01611  	0.00483  	0.03320  	0.00220  	-0.0211  	0.01848  	0.00570  	-0.0354  	0.03671  	0.00885  	0.00096  	0.03377  	-0.0048  	-0.0069  	-0.0242  	0.03589  	-0.0073  	0.02253  	-0.2797  	
0.14155  	0.10096  	0.18186  	0.56623  	-0.0350  	0.49422  	0.11202  	-0.4788  	0.25598  	-0.0595  	0.29345  	0.36153  	0.00746  	-0.3921  	-0.8013  	0.91794  	-0.0706  	0.19213  	-0.2696  	0.33036  	0.19698  	-0.2035  	-0.4542  	0.35262  	-0.2615  	-0.1509  	-0.2930  	-0.3499  	-0.3284  	-0.1546  	-0.1981  	0.27468  	0.28426  	-0.0634  	0.29835  	0.12243  	0.30561  	0.06320  	-0.2491  	0.16653  	-0.0318  	0.03039  	0.01900  	-0.0295  	-0.0828  	-0.0429  	0.03492  	0.00628  	0.04877  	-0.0085  	-0.0003  	0.01796  	0.00228  	0.03282  	0.00259  	-0.0216  	0.01824  	0.00513  	-0.0348  	0.03521  	0.00836  	0.00364  	0.03233  	-0.0053  	-0.0069  	-0.0242  	0.03589  	-0.0073  	0.02253  	-0.2797  	
0.13932  	0.09724  	0.17709  	0.56552  	-0.0303  	0.49116  	0.11117  	-0.4824  	0.25303  	-0.0565  	0.29278  	0.36116  	0.00425  	-0.3990  	-0.7991  	0.91521  	-0.0657  	0.19290  	-0.2722  	0.33400  	0.19078  	-0.2090  	-0.4516  	0.35313  	-0.2618  	-0.1502  	-0.2931  	-0.3452  	-0.3278  	-0.1541  	-0.1994  	0.27423  	0.28261  	-0.0645  	0.29929  	0.12135  	0.30283  	0.06377  	-0.2490  	0.16484  	-0.0345  	0.03053  	0.01804  	-0.0294  	-0.0833  	-0.0424  	0.03456  	0.00585  	0.04840  	-0.0091  	0.00028  	0.01875  	0.00170  	0.03200  	0.00279  	-0.0219  	0.01912  	0.00490  	-0.0349  	0.03383  	0.00814  	0.00330  	0.03167  	-0.0051  	-0.0069  	-0.0242  	0.03589  	-0.0073  	0.02253  	-0.2797  	
0.13932  	0.09724  	0.17709  	0.56552  	-0.0303  	0.49116  	0.11117  	-0.4824  	0.25303  	-0.0565  	0.29278  	0.36116  	0.00425  	-0.3990  	-0.7991  	0.91521  	-0.0657  	0.19290  	-0.2722  	0.33400  	0.19078  	-0.2090  	-0.4516  	0.35313  	-0.2618  	-0.1502  	-0.2931  	-0.3452  	-0.3278  	-0.1541  	-0.1994  	0.27423  	0.28261  	-0.0645  	0.29929  	0.12135  	0.30283  	0.06377  	-0.2490  	0.16484  	-0.0345  	0.03053  	0.01804  	-0.0294  	-0.0833  	-0.0424  	0.03456  	0.00585  	0.04840  	-0.0091  	0.00028  	0.01875  	0.00170  	0.03200  	0.00279  	-0.0219  	0.01912  	0.00490  	-0.0349  	0.03383  	0.00814  	0.00330  	0.03167  	-0.0051  	-0.0069  	-0.0242  	0.03589  	-0.0073  	0.02253  	-0.2797  	
