0.13932  	0.09724  	0.17709  	0.56552  	-0.0303  	0.49116  	0.11117  	-0.4824  	0.25303  	-0.0565  	0.29278  	0.36116  	0.00425  	-0.3990  	-0.7991  	0.91521  	-0.0657  	0.19290  	-0.2722  	0.33400  	0.19078  	-0.2090  	-0.4516  	0.35313  	-0.2618  	-0.1502  	-0.2931  	-0.3452  	-0.3278  	-0.1541  	-0.1994  	0.27423  	0.28261  	-0.0645  	0.29929  	0.12135  	0.30283  	0.06377  	-0.2490  	0.16484  	-0.0345  	0.03053  	0.01804  	-0.0294  	-0.0833  	-0.0424  	0.03456  	0.00585  	0.04840  	-0.0091  	0.00028  	0.01875  	0.00170  	0.03200  	0.00279  	-0.0219  	0.01912  	0.00490  	-0.0349  	0.03383  	0.00814  	0.00330  	0.03167  	-0.0051  	-0.0069  	-0.0242  	0.03589  	-0.0073  	0.02253  	-0.2797  	
0.13932  	0.09724  	0.17709  	0.56552  	-0.0303  	0.49116  	0.11117  	-0.4824  	0.25303  	-0.0565  	0.29278  	0.36116  	0.00425  	-0.3990  	-0.7991  	0.91521  	-0.0657  	0.19290  	-0.2722  	0.33400  	0.19078  	-0.2090  	-0.4516  	0.35313  	-0.2618  	-0.1502  	-0.2931  	-0.3452  	-0.3278  	-0.1541  	-0.1994  	0.27423  	0.28261  	-0.0645  	0.29929  	0.12135  	0.30283  	0.06377  	-0.2490  	0.16484  	-0.0345  	0.03053  	0.01804  	-0.0294  	-0.0833  	-0.0424  	0.03456  	0.00585  	0.04840  	-0.0091  	0.00028  	0.01875  	0.00170  	0.03200  	0.00279  	-0.0219  	0.01912  	0.00490  	-0.0349  	0.03383  	0.00814  	0.00330  	0.03167  	-0.0051  	-0.0069  	-0.0242  	0.03589  	-0.0073  	0.02253  	-0.2797  	
0.13932  	0.09724  	0.17709  	0.56552  	-0.0303  	0.49116  	0.11117  	-0.4824  	0.25303  	-0.0565  	0.29278  	0.36116  	0.00425  	-0.3990  	-0.7991  	0.91521  	-0.0657  	0.19290  	-0.2722  	0.33400  	0.19078  	-0.2090  	-0.4516  	0.35313  	-0.2618  	-0.1502  	-0.2931  	-0.3452  	-0.3278  	-0.1541  	-0.1994  	0.27423  	0.28261  	-0.0645  	0.29929  	0.12135  	0.30283  	0.06377  	-0.2490  	0.16484  	-0.0345  	0.03053  	0.01804  	-0.0294  	-0.0833  	-0.0424  	0.03456  	0.00585  	0.04840  	-0.0091  	0.00028  	0.01875  	0.00170  	0.03200  	0.00279  	-0.0219  	0.01912  	0.00490  	-0.0349  	0.03383  	0.00814  	0.00330  	0.03167  	-0.0051  	-0.0069  	-0.0242  	0.03589  	-0.0073  	0.02253  	-0.2797  	
0.15729  	0.10427  	0.17698  	0.59639  	0.00775  	0.50298  	0.11945  	-0.4956  	0.23786  	-0.0556  	0.23234  	0.34290  	0.02732  	-0.3711  	-0.7901  	0.90827  	-0.0681  	0.19926  	-0.2722  	0.33731  	0.15588  	-0.1986  	-0.4711  	0.36550  	-0.2215  	-0.1508  	-0.2741  	-0.3316  	-0.2848  	-0.1433  	-0.2041  	0.26237  	0.27570  	-0.0677  	0.30364  	0.13864  	0.26634  	0.03809  	-0.2351  	0.18256  	-0.0542  	0.03502  	0.01248  	-0.0292  	-0.0826  	-0.0431  	0.03362  	0.01065  	0.05352  	-0.0060  	0.00871  	0.01659  	0.00139  	0.02815  	0.00312  	-0.0209  	0.01932  	0.00519  	-0.0355  	0.03203  	0.00564  	0.00657  	0.03593  	-0.0071  	-0.0069  	-0.0242  	0.03589  	-0.0073  	0.02253  	-0.2797  	
0.17607  	0.08199  	0.19651  	0.64560  	0.04368  	0.54923  	0.11698  	-0.4985  	0.21750  	-0.0521  	0.16799  	0.31960  	0.06128  	-0.3294  	-0.7699  	0.88584  	-0.0746  	0.20485  	-0.2797  	0.33289  	0.13130  	-0.1927  	-0.4923  	0.36111  	-0.1851  	-0.1631  	-0.2829  	-0.3086  	-0.2456  	-0.1237  	-0.2005  	0.25855  	0.26438  	-0.0676  	0.30061  	0.16144  	0.23726  	0.01129  	-0.2277  	0.18600  	-0.0547  	0.04622  	-0.0015  	-0.0339  	-0.0775  	-0.0401  	0.02863  	0.01398  	0.05676  	-0.0059  	0.01301  	0.01604  	0.00403  	0.02397  	0.00311  	-0.0183  	0.01890  	0.00710  	-0.0319  	0.03171  	0.00679  	0.00626  	0.03941  	-0.0078  	-0.0069  	-0.0242  	0.03589  	-0.0073  	0.02253  	-0.2797  	
0.22991  	0.05442  	0.22028  	0.72010  	0.09254  	0.58705  	0.12873  	-0.4966  	0.24543  	-0.0041  	0.04013  	0.30068  	0.12050  	-0.3163  	-0.8161  	0.86939  	-0.0691  	0.24171  	-0.2838  	0.37021  	0.00857  	-0.1826  	-0.5353  	0.27689  	-0.1545  	-0.1538  	-0.3488  	-0.2094  	-0.1519  	-0.0985  	-0.2097  	0.24088  	0.26289  	-0.0578  	0.20184  	0.18598  	0.16130  	-0.0034  	-0.1566  	0.22223  	-0.0340  	0.03545  	0.04194  	-0.0122  	-0.0753  	-0.0414  	0.02052  	0.03402  	0.06454  	-0.0093  	0.01547  	0.01358  	0.00260  	0.02074  	0.00573  	-0.0125  	0.02366  	-0.0012  	-0.0314  	0.03334  	0.00669  	0.00225  	0.03096  	-0.0038  	-0.0069  	-0.0242  	0.03589  	-0.0073  	0.02253  	-0.2797  	
0.19145  	0.10451  	0.16500  	0.64086  	0.11826  	0.48222  	0.19419  	-0.5338  	0.21205  	0.06943  	-0.0712  	0.18014  	0.12312  	-0.2314  	-0.7216  	0.74255  	-0.0938  	0.26364  	-0.2949  	0.26657  	-0.0171  	-0.1189  	-0.5580  	0.30061  	-0.0593  	-0.1830  	-0.2580  	-0.2765  	-0.0629  	-0.0597  	-0.1863  	0.22560  	0.25180  	-0.0623  	0.23576  	0.20054  	0.12921  	-0.0244  	-0.1751  	0.28702  	-0.0598  	0.05160  	0.03487  	-0.0209  	-0.0867  	-0.0352  	0.01682  	0.03945  	0.06356  	-0.0190  	0.01277  	0.01325  	-0.0030  	0.01634  	0.00416  	-0.0086  	0.02207  	-0.0001  	-0.0323  	0.03687  	0.00651  	0.00718  	0.02993  	-0.0078  	-0.0069  	-0.0242  	0.03589  	-0.0073  	0.02253  	-0.2797  	
-0.2526  	-0.0226  	-0.1561  	0.43504  	0.07495  	0.16325  	0.15277  	-0.6358  	0.16134  	0.06643  	0.29959  	0.34848  	0.01203  	-0.4538  	-0.8791  	0.70685  	-0.1072  	0.29276  	-0.2857  	0.48194  	-0.0108  	-0.2162  	-0.6077  	0.40027  	-0.2450  	-0.1319  	-0.3943  	-0.1689  	-0.2063  	-0.1633  	-0.1835  	0.24716  	0.30183  	-0.0602  	0.27834  	0.20148  	0.16246  	-0.0252  	-0.1989  	0.27520  	-0.0385  	0.05957  	-0.0397  	-0.0461  	-0.0858  	-0.0433  	0.04875  	-0.0163  	0.04051  	-0.0012  	0.01634  	0.01998  	-0.0035  	0.02823  	-0.0048  	-0.0392  	0.01863  	0.00070  	-0.0227  	0.03479  	0.00078  	0.00226  	0.01502  	-0.0125  	-0.0069  	-0.0242  	0.03589  	-0.0073  	0.02253  	-0.2797  	
-0.5106  	-0.1312  	-0.1813  	0.21101  	-0.0182  	0.06890  	0.07939  	-0.7192  	0.14035  	0.11822  	0.38291  	0.27448  	-0.0639  	-0.6989  	-1.0749  	0.70474  	-0.1037  	0.28556  	-0.2795  	0.50383  	-0.0520  	-0.2582  	-0.5909  	0.28578  	-0.2709  	-0.1113  	-0.4434  	-0.1193  	-0.1908  	-0.1818  	-0.1824  	0.22071  	0.27948  	-0.0475  	0.22007  	0.23928  	0.12491  	-0.0017  	-0.2142  	0.23682  	-0.0125  	0.05578  	-0.0064  	-0.0470  	-0.0777  	-0.0422  	0.05779  	-0.0226  	0.03163  	-0.0086  	0.00631  	0.01616  	-0.0092  	0.03559  	0.00455  	-0.0394  	0.02904  	0.00696  	-0.0381  	0.02986  	0.00282  	-0.0090  	0.03383  	-0.0057  	-0.0069  	-0.0242  	0.03589  	-0.0073  	0.02253  	-0.2797  	
-0.4469  	-0.1228  	-0.1049  	0.14392  	-0.1324  	0.18824  	0.13047  	-0.7300  	0.13077  	0.12524  	0.35296  	0.21681  	-0.0631  	-0.7472  	-1.1759  	0.72821  	-0.0616  	0.31556  	-0.2847  	0.48973  	-0.1278  	-0.2462  	-0.5171  	0.25253  	-0.1753  	-0.1117  	-0.4838  	-0.0514  	-0.0474  	-0.1587  	-0.1788  	0.21542  	0.23891  	-0.0576  	0.09343  	0.28206  	0.08782  	-0.0073  	-0.1677  	0.22200  	0.05166  	0.03143  	0.01346  	-0.0293  	-0.0692  	-0.0478  	0.04680  	-0.0090  	0.03573  	-0.0089  	0.00423  	0.01803  	-0.0034  	0.03104  	0.00642  	-0.0387  	0.03329  	0.00557  	-0.0297  	0.03232  	0.00347  	-0.0062  	0.02985  	-0.0101  	-0.0069  	-0.0242  	0.03589  	-0.0073  	0.02253  	-0.2797  	
-0.3702  	-0.0743  	-0.0941  	0.30660  	-0.0889  	0.24852  	0.13226  	-0.7249  	0.16327  	0.06895  	0.16707  	0.27406  	-0.0412  	-0.7302  	-1.0812  	0.76117  	-0.0548  	0.33983  	-0.2847  	0.48339  	-0.1919  	-0.2174  	-0.5207  	0.17213  	-0.2003  	-0.0937  	-0.5140  	0.01559  	0.01132  	-0.1442  	-0.1575  	0.21097  	0.24174  	-0.0409  	0.00590  	0.27169  	0.02608  	-0.0226  	-0.1243  	0.23734  	0.07739  	0.01299  	0.03976  	-0.0160  	-0.0812  	-0.0471  	0.04045  	0.00601  	0.03990  	-0.0098  	0.00558  	0.01422  	-0.0027  	0.02467  	0.00910  	-0.0397  	0.02958  	0.00385  	-0.0293  	0.03118  	0.00709  	0.00304  	0.03422  	-0.0009  	-0.0069  	-0.0242  	0.03589  	-0.0073  	0.02253  	-0.2797  	
-0.2880  	-0.0230  	-0.0620  	0.38346  	-0.0112  	0.21884  	0.09382  	-0.7067  	0.17204  	0.10951  	0.13151  	0.35456  	0.02067  	-0.6200  	-1.0275  	0.78387  	-0.0938  	0.38936  	-0.2698  	0.48224  	-0.2678  	-0.2083  	-0.5454  	0.15801  	-0.2419  	-0.1050  	-0.5982  	0.09505  	0.05921  	-0.1395  	-0.1592  	0.20674  	0.27161  	-0.0354  	0.02556  	0.27435  	-0.0322  	-0.0384  	-0.1131  	0.27071  	0.09334  	0.00497  	0.05636  	-0.0187  	-0.0885  	-0.0464  	0.03613  	0.01456  	0.04590  	-0.0109  	0.00250  	0.01330  	-0.0043  	0.02594  	0.00823  	-0.0376  	0.02846  	-0.0007  	-0.0278  	0.02217  	0.00900  	0.01449  	0.03140  	0.00121  	-0.0069  	-0.0242  	0.03589  	-0.0073  	0.02253  	-0.2797  	
-0.3010  	-0.0557  	-0.0979  	0.43357  	0.00924  	0.26608  	0.09023  	-0.7022  	0.14411  	0.04484  	0.15582  	0.30493  	-0.0428  	-0.6804  	-1.0159  	0.78393  	-0.0811  	0.31912  	-0.2792  	0.43544  	-0.1390  	-0.2364  	-0.5504  	0.22152  	-0.2046  	-0.1148  	-0.4692  	-0.0084  	-0.0259  	-0.1315  	-0.1822  	0.22147  	0.23893  	-0.0470  	0.11243  	0.25383  	0.05959  	-0.0243  	-0.1466  	0.24745  	0.04543  	0.02910  	0.02635  	-0.0161  	-0.0781  	-0.0435  	0.03948  	-0.0139  	0.03182  	-0.0072  	0.01456  	0.01773  	-0.0030  	0.02428  	0.00479  	-0.0371  	0.03439  	0.00352  	-0.0303  	0.02700  	0.00099  	0.00344  	0.03122  	-0.0030  	-0.0069  	-0.0242  	0.03589  	-0.0073  	0.02253  	-0.2797  	
-0.1342  	-0.0211  	-0.0048  	0.48095  	-0.0010  	0.35815  	0.11223  	-0.6475  	0.15410  	0.00692  	0.18038  	0.29803  	-0.0525  	-0.6379  	-0.9782  	0.83184  	-0.1074  	0.31449  	-0.2684  	0.45762  	-0.0494  	-0.2405  	-0.5490  	0.25254  	-0.1870  	-0.1300  	-0.4066  	-0.0939  	-0.0984  	-0.1433  	-0.2039  	0.24251  	0.26664  	-0.0549  	0.17277  	0.23438  	0.13905  	0.00869  	-0.1784  	0.23633  	0.03151  	0.02457  	0.01889  	-0.0183  	-0.0779  	-0.0433  	0.03293  	-0.0012  	0.03635  	-0.0129  	0.02106  	0.01701  	0.00140  	0.02464  	0.00448  	-0.0335  	0.03236  	0.00326  	-0.0310  	0.03000  	-0.0004  	-0.0027  	0.03297  	-0.0009  	-0.0069  	-0.0242  	0.03589  	-0.0073  	0.02253  	-0.2797  	
-0.1687  	-0.0390  	-0.0312  	0.37848  	-0.0201  	0.31106  	0.13157  	-0.6741  	0.17094  	0.08212  	0.18555  	0.29228  	-0.0307  	-0.6407  	-1.1134  	0.84911  	-0.1107  	0.34581  	-0.2591  	0.50501  	-0.1340  	-0.2563  	-0.6011  	0.20601  	-0.1408  	-0.1416  	-0.4648  	0.00522  	-0.0513  	-0.1495  	-0.1980  	0.23199  	0.24908  	-0.0505  	0.12836  	0.28602  	0.09442  	-0.0114  	-0.1579  	0.24953  	0.04989  	0.02431  	0.02331  	-0.0142  	-0.0799  	-0.0483  	0.03861  	0.00350  	0.04243  	-0.0214  	0.02128  	0.01486  	-0.0020  	0.02648  	0.00682  	-0.0302  	0.03672  	-0.0003  	-0.0323  	0.03426  	0.00630  	0.00050  	0.03071  	-0.0028  	-0.0069  	-0.0242  	0.03589  	-0.0073  	0.02253  	-0.2797  	
-0.3137  	-0.0731  	-0.0737  	0.36355  	-0.0136  	0.25897  	0.11770  	-0.7220  	0.14955  	0.08694  	0.21824  	0.26508  	-0.0361  	-0.6390  	-1.0887  	0.79682  	-0.0903  	0.31464  	-0.2793  	0.48536  	-0.1084  	-0.2529  	-0.5705  	0.23408  	-0.1158  	-0.1372  	-0.4385  	-0.0443  	-0.0607  	-0.1275  	-0.1834  	0.22913  	0.25264  	-0.0508  	0.14235  	0.29066  	0.08671  	-0.0199  	-0.1741  	0.23836  	0.03260  	0.02358  	0.01607  	-0.0228  	-0.0684  	-0.0408  	0.04009  	-0.0088  	0.03917  	-0.0145  	0.01824  	0.01244  	0.00048  	0.02563  	0.01029  	-0.0347  	0.03364  	0.00581  	-0.0257  	0.03452  	0.00257  	-0.0055  	0.03554  	-0.0017  	-0.0069  	-0.0242  	0.03589  	-0.0073  	0.02253  	-0.2797  	
-0.4017  	-0.1141  	-0.1460  	0.26193  	-0.0817  	0.17449  	0.10103  	-0.7456  	0.11310  	0.07986  	0.27152  	0.24622  	-0.0769  	-0.7057  	-1.1003  	0.70548  	-0.0786  	0.34680  	-0.2682  	0.46220  	-0.1102  	-0.2597  	-0.5609  	0.23144  	-0.1381  	-0.1312  	-0.4121  	-0.0561  	-0.0495  	-0.1351  	-0.1769  	0.22289  	0.22932  	-0.0550  	0.14038  	0.30089  	0.09782  	-0.0115  	-0.1818  	0.22205  	0.04500  	0.01914  	0.00178  	-0.0334  	-0.0642  	-0.0449  	0.03675  	-0.0176  	0.02892  	-0.0104  	0.00947  	0.01671  	0.00116  	0.02353  	0.00218  	-0.0381  	0.03434  	0.00525  	-0.0310  	0.03455  	0.00406  	-0.0080  	0.03563  	-0.0050  	-0.0069  	-0.0242  	0.03589  	-0.0073  	0.02253  	-0.2797  	
-0.3528  	-0.0908  	-0.0979  	0.29557  	-0.0706  	0.21845  	0.10377  	-0.7104  	0.13536  	0.04186  	0.26593  	0.24187  	-0.0700  	-0.7013  	-1.0789  	0.78128  	-0.0680  	0.30569  	-0.2640  	0.43146  	-0.1248  	-0.2390  	-0.5188  	0.24374  	-0.1840  	-0.1118  	-0.4355  	-0.0211  	-0.0439  	-0.1480  	-0.1820  	0.22686  	0.22027  	-0.0586  	0.10070  	0.28649  	0.07604  	-0.0164  	-0.1633  	0.22782  	0.04293  	0.02495  	0.02085  	-0.0253  	-0.0757  	-0.0528  	0.03961  	-0.0125  	0.03645  	-0.0160  	0.00701  	0.01687  	-0.0018  	0.02999  	0.01259  	-0.0366  	0.03260  	0.00351  	-0.0275  	0.03268  	0.00338  	-0.0005  	0.03126  	-0.0010  	-0.0069  	-0.0242  	0.03589  	-0.0073  	0.02253  	-0.2797  	
-0.1691  	-0.0695  	-0.0109  	0.49719  	0.04137  	0.29000  	0.11980  	-0.7352  	0.12428  	0.07391  	0.14368  	0.35794  	-0.0560  	-0.7199  	-1.0772  	0.88672  	-0.0903  	0.33715  	-0.2879  	0.47709  	-0.2252  	-0.2476  	-0.6164  	0.22646  	-0.1585  	-0.1322  	-0.4756  	0.07296  	-0.0113  	-0.1328  	-0.1840  	0.23067  	0.21908  	-0.0503  	0.09281  	0.32561  	0.02632  	-0.0321  	-0.1453  	0.27814  	0.04647  	0.00947  	0.02631  	-0.0172  	-0.0787  	-0.0453  	0.03649  	0.00546  	0.04758  	-0.0170  	0.02084  	0.01671  	0.00056  	0.02138  	0.00790  	-0.0390  	0.04072  	0.00391  	-0.0298  	0.03103  	0.00072  	-0.0076  	0.03740  	-0.0002  	-0.0069  	-0.0242  	0.03589  	-0.0073  	0.02253  	-0.2797  	
-0.1225  	-0.0571  	0.00655  	0.57755  	0.11028  	0.26561  	0.15807  	-0.7301  	0.15452  	0.15065  	0.15203  	0.37269  	-0.0465  	-0.6735  	-1.0906  	0.94399  	-0.1452  	0.36464  	-0.2969  	0.52338  	-0.2571  	-0.2096  	-0.6885  	0.20248  	-0.1053  	-0.1359  	-0.4857  	0.06957  	0.05543  	-0.1126  	-0.2184  	0.23365  	0.22772  	-0.0373  	0.10934  	0.35248  	-0.0065  	-0.0315  	-0.1218  	0.27956  	0.03708  	0.03665  	0.03679  	-0.0248  	-0.0874  	-0.0444  	0.03504  	0.02057  	0.05323  	-0.0193  	0.02374  	0.01287  	-0.0030  	0.02285  	0.00980  	-0.0322  	0.03948  	0.00784  	-0.0274  	0.03355  	-0.0039  	-0.0109  	0.03502  	-0.0036  	-0.0069  	-0.0242  	0.03589  	-0.0073  	0.02253  	-0.2797  	
-0.0886  	-0.0746  	-0.0157  	0.57537  	0.12515  	0.31037  	0.14724  	-0.7361  	0.15154  	0.13822  	0.12910  	0.34170  	-0.0379  	-0.7058  	-1.1288  	0.95836  	-0.1404  	0.36583  	-0.2785  	0.50983  	-0.2609  	-0.2265  	-0.6980  	0.22760  	-0.0583  	-0.1456  	-0.4097  	0.07650  	0.06775  	-0.0711  	-0.2251  	0.24987  	0.21350  	-0.0411  	0.12947  	0.38966  	0.01064  	-0.0242  	-0.1381  	0.27712  	0.00894  	0.04260  	0.03034  	-0.0072  	-0.0841  	-0.0438  	0.02874  	0.02000  	0.05696  	-0.0272  	0.03445  	0.01018  	0.00036  	0.02711  	0.00982  	-0.0263  	0.03947  	0.00717  	-0.0201  	0.03549  	-0.0042  	-0.0129  	0.03575  	-0.0012  	-0.0069  	-0.0242  	0.03589  	-0.0073  	0.02253  	-0.2797  	
-0.1110  	-0.0759  	-0.0360  	0.55183  	0.10366  	0.31973  	0.13809  	-0.7502  	0.14337  	0.11733  	0.11085  	0.27070  	-0.0367  	-0.7121  	-1.0964  	0.90153  	-0.1219  	0.33581  	-0.2677  	0.47231  	-0.2276  	-0.2280  	-0.6544  	0.24207  	-0.0414  	-0.1516  	-0.3794  	0.05621  	0.03703  	-0.0693  	-0.2205  	0.25993  	0.19347  	-0.0517  	0.13427  	0.37480  	0.03494  	-0.0187  	-0.1435  	0.26205  	0.01618  	0.03977  	0.02359  	-0.0063  	-0.0876  	-0.0426  	0.02919  	0.01458  	0.05238  	-0.0271  	0.03060  	0.01242  	0.00348  	0.02794  	0.01111  	-0.0293  	0.04039  	0.00574  	-0.0204  	0.03449  	-0.0046  	-0.0106  	0.03638  	-0.0038  	-0.0069  	-0.0242  	0.03589  	-0.0073  	0.02253  	-0.2797  	
-0.1423  	-0.0719  	-0.0628  	0.49410  	0.04999  	0.34174  	0.13585  	-0.7354  	0.14114  	0.03821  	0.07167  	0.22452  	-0.0315  	-0.6900  	-1.0071  	0.82101  	-0.1103  	0.33855  	-0.2751  	0.44638  	-0.1733  	-0.2335  	-0.5845  	0.22119  	-0.0886  	-0.1435  	-0.4032  	0.04674  	0.03437  	-0.0859  	-0.2098  	0.25766  	0.19932  	-0.0512  	0.13787  	0.34832  	0.03873  	-0.0188  	-0.1527  	0.24996  	0.03699  	0.03409  	0.02057  	-0.0116  	-0.0878  	-0.0393  	0.03528  	-0.0030  	0.04187  	-0.0250  	0.02553  	0.01569  	0.00441  	0.02742  	0.00991  	-0.0333  	0.03891  	0.00777  	-0.0211  	0.03146  	-0.0035  	-0.0062  	0.03350  	-0.0073  	-0.0069  	-0.0242  	0.03589  	-0.0073  	0.02253  	-0.2797  	
-0.1663  	-0.0406  	-0.0381  	0.51147  	0.04133  	0.33956  	0.13370  	-0.7066  	0.13762  	0.00092  	0.08551  	0.21895  	-0.0512  	-0.6527  	-0.9544  	0.76346  	-0.1023  	0.28911  	-0.2711  	0.44175  	-0.1133  	-0.2408  	-0.5416  	0.23896  	-0.1144  	-0.1361  	-0.3832  	-0.0378  	-0.0398  	-0.0931  	-0.2228  	0.23691  	0.19368  	-0.0506  	0.17388  	0.31860  	0.09624  	-0.0001  	-0.1888  	0.23256  	0.01319  	0.03926  	0.01596  	-0.0124  	-0.0837  	-0.0370  	0.02985  	-0.0070  	0.03988  	-0.0232  	0.01692  	0.01461  	0.00560  	0.02463  	0.01227  	-0.0318  	0.03952  	0.00889  	-0.0275  	0.02488  	-0.0035  	-0.0074  	0.04043  	-0.0048  	-0.0069  	-0.0242  	0.03589  	-0.0073  	0.02253  	-0.2797  	
-0.1273  	-0.0404  	-0.0383  	0.49550  	0.02336  	0.34853  	0.12403  	-0.7045  	0.13869  	0.02693  	0.19211  	0.25361  	-0.0331  	-0.6584  	-1.0170  	0.81507  	-0.1057  	0.29192  	-0.2780  	0.47723  	-0.0866  	-0.2303  	-0.5977  	0.24389  	-0.1335  	-0.1487  	-0.4096  	-0.0490  	-0.1046  	-0.1069  	-0.2171  	0.25490  	0.21949  	-0.0494  	0.19953  	0.30990  	0.12078  	-0.0003  	-0.1959  	0.21125  	-0.0022  	0.03732  	0.00564  	-0.0398  	-0.0719  	-0.0446  	0.03329  	-0.0160  	0.04390  	-0.0166  	0.02143  	0.01429  	0.00423  	0.02543  	0.00895  	-0.0331  	0.03992  	0.01015  	-0.0290  	0.02691  	-0.0021  	-0.0100  	0.03960  	-0.0049  	-0.0069  	-0.0242  	0.03589  	-0.0073  	0.02253  	-0.2797  	
-0.0784  	-0.0339  	0.00880  	0.51262  	0.04507  	0.34207  	0.14693  	-0.6928  	0.15749  	0.09834  	0.19740  	0.30201  	-0.0346  	-0.6775  	-1.0872  	0.91731  	-0.1286  	0.33363  	-0.2761  	0.50193  	-0.1586  	-0.2249  	-0.6474  	0.23649  	-0.1352  	-0.1495  	-0.4155  	0.00598  	-0.0519  	-0.1195  	-0.2177  	0.25379  	0.23374  	-0.0515  	0.17462  	0.33147  	0.07754  	-0.0170  	-0.1664  	0.24719  	0.01564  	0.04067  	0.01286  	-0.0246  	-0.0702  	-0.0483  	0.03142  	-0.0037  	0.05039  	-0.0200  	0.02861  	0.01242  	0.00517  	0.01943  	0.00852  	-0.0341  	0.03964  	0.00721  	-0.0278  	0.02878  	0.00016  	-0.0083  	0.03516  	0.00031  	-0.0069  	-0.0242  	0.03589  	-0.0073  	0.02253  	-0.2797  	
-0.0733  	-0.0335  	-0.0043  	0.53791  	0.04338  	0.34906  	0.14630  	-0.7075  	0.16123  	0.09701  	0.15165  	0.27992  	-0.0167  	-0.6467  	-1.0592  	0.87138  	-0.1170  	0.33514  	-0.2656  	0.51794  	-0.1371  	-0.2399  	-0.6604  	0.25610  	-0.0774  	-0.1507  	-0.4013  	0.01619  	-0.0417  	-0.1077  	-0.2204  	0.23969  	0.22849  	-0.0523  	0.16478  	0.33569  	0.08185  	-0.0173  	-0.1657  	0.24196  	0.00859  	0.03424  	0.02072  	-0.0121  	-0.0704  	-0.0500  	0.03184  	0.00952  	0.05051  	-0.0242  	0.02479  	0.01364  	0.00066  	0.02241  	0.00761  	-0.0292  	0.03834  	0.00494  	-0.0305  	0.03158  	0.00062  	-0.0167  	0.03954  	-0.0053  	-0.0069  	-0.0242  	0.03589  	-0.0073  	0.02253  	-0.2797  	
-0.0120  	0.00446  	0.01223  	0.71527  	0.15162  	0.43604  	0.13236  	-0.6487  	0.16220  	0.04199  	0.07486  	0.36560  	0.02459  	-0.5034  	-0.8869  	0.83230  	-0.1033  	0.29915  	-0.2783  	0.46468  	-0.1039  	-0.2172  	-0.6056  	0.25164  	-0.0787  	-0.1601  	-0.3660  	-0.0499  	-0.0298  	-0.0829  	-0.2171  	0.22395  	0.25101  	-0.0512  	0.17711  	0.27350  	0.07610  	-0.0212  	-0.1465  	0.24987  	-0.0144  	0.03333  	0.02413  	-0.0224  	-0.0770  	-0.0483  	0.03456  	0.01174  	0.05209  	-0.0137  	0.02560  	0.01117  	-0.0041  	0.02425  	0.00900  	-0.0236  	0.03589  	0.00109  	-0.0253  	0.03076  	0.00273  	-0.0089  	0.04023  	-0.0082  	-0.0069  	-0.0242  	0.03589  	-0.0073  	0.02253  	-0.2797  	
-0.0885  	-4.8419  	0.01110  	0.62893  	0.15411  	0.35302  	0.15774  	-0.6220  	0.15745  	0.00060  	0.08188  	0.33403  	0.02167  	-0.4540  	-0.8820  	0.78331  	-0.0938  	0.29396  	-0.2813  	0.43551  	-0.0734  	-0.2209  	-0.5849  	0.29852  	-0.1036  	-0.1534  	-0.3543  	-0.0521  	-0.0346  	-0.1159  	-0.2242  	0.22218  	0.26955  	-0.0595  	0.19555  	0.24258  	0.09787  	-0.0339  	-0.1561  	0.27321  	-0.0302  	0.05402  	0.02060  	-0.0241  	-0.0786  	-0.0486  	0.03414  	0.00516  	0.05529  	-0.0159  	0.01581  	0.01547  	-0.0079  	0.02374  	0.00597  	-0.0284  	0.03620  	0.00247  	-0.0263  	0.03420  	0.00292  	-0.0013  	0.03600  	0.00165  	-0.0069  	-0.0242  	0.03589  	-0.0073  	0.02253  	-0.2797  	
-0.3025  	-0.0795  	-0.0715  	0.27074  	-0.0649  	0.24715  	0.10575  	-0.7109  	0.11883  	0.03209  	0.23934  	0.24712  	-0.0700  	-0.7390  	-1.0723  	0.75053  	-0.0753  	0.34016  	-0.2575  	0.45481  	-0.0787  	-0.2461  	-0.5317  	0.24917  	-0.1618  	-0.1306  	-0.4037  	-0.0675  	-0.0744  	-0.1548  	-0.2043  	0.23062  	0.23689  	-0.0626  	0.13988  	0.26542  	0.10401  	-0.0055  	-0.1827  	0.23587  	0.01520  	0.02469  	0.00531  	-0.0231  	-0.0690  	-0.0477  	0.04134  	-0.0122  	0.03424  	-0.0155  	0.01129  	0.01388  	0.00116  	0.02296  	0.00408  	-0.0397  	0.03615  	0.00724  	-0.0314  	0.02749  	0.00235  	-0.0110  	0.03400  	-0.0013  	-0.0069  	-0.0242  	0.03589  	-0.0073  	0.02253  	-0.2797  	
-0.3381  	-0.0861  	-0.0797  	0.31515  	-0.0944  	0.28092  	0.07555  	-0.7178  	0.14202  	0.04108  	0.20798  	0.24377  	-0.0608  	-0.7597  	-1.0605  	0.78424  	-0.0429  	0.30541  	-0.2712  	0.45018  	-0.1179  	-0.2232  	-0.4831  	0.22362  	-0.1839  	-0.1061  	-0.4346  	-0.0541  	-0.0567  	-0.1474  	-0.1793  	0.22898  	0.22045  	-0.0550  	0.07731  	0.27097  	0.09145  	-0.0004  	-0.1656  	0.23870  	0.05853  	0.01731  	0.02766  	-0.0164  	-0.0762  	-0.0464  	0.04054  	-0.0114  	0.03643  	-0.0163  	0.00745  	0.01746  	-0.0023  	0.02892  	0.00585  	-0.0384  	0.02695  	0.00359  	-0.0258  	0.03149  	0.00526  	0.00017  	0.03081  	-0.0046  	-0.0069  	-0.0242  	0.03589  	-0.0073  	0.02253  	-0.2797  	
-0.2591  	-0.0691  	-0.0636  	0.38106  	-0.0535  	0.29514  	0.10274  	-0.7165  	0.14271  	0.04564  	0.18367  	0.29799  	-0.0326  	-0.7192  	-1.0407  	0.77622  	-0.0671  	0.30906  	-0.2878  	0.45822  	-0.1569  	-0.2225  	-0.5428  	0.19051  	-0.1891  	-0.1045  	-0.4742  	0.00161  	-0.0324  	-0.1519  	-0.1776  	0.22233  	0.25057  	-0.0470  	0.08366  	0.27719  	0.07256  	-0.0096  	-0.1590  	0.23280  	0.05946  	0.01641  	0.03854  	-0.0200  	-0.0816  	-0.0477  	0.03607  	-0.0008  	0.03952  	-0.0139  	0.00902  	0.01341  	0.00082  	0.02310  	0.00563  	-0.0404  	0.03253  	0.00723  	-0.0317  	0.02845  	0.00400  	-0.0026  	0.03893  	0.00013  	-0.0069  	-0.0242  	0.03589  	-0.0073  	0.02253  	-0.2797  	
-0.2030  	-0.0330  	-0.0119  	0.40316  	-0.0022  	0.30629  	0.13157  	-0.6732  	0.16520  	0.08522  	0.19951  	0.32245  	-0.0228  	-0.6388  	-1.0474  	0.84467  	-0.1173  	0.35942  	-0.2853  	0.51164  	-0.1834  	-0.2392  	-0.6012  	0.17767  	-0.2009  	-0.1257  	-0.5316  	0.03581  	0.01252  	-0.1489  	-0.1882  	0.21915  	0.25792  	-0.0497  	0.09604  	0.29471  	0.02616  	-0.0214  	-0.1473  	0.26327  	0.06382  	0.02079  	0.03847  	-0.0172  	-0.0887  	-0.0476  	0.04237  	0.00993  	0.04388  	-0.0217  	0.01721  	0.01219  	0.00102  	0.02104  	0.01228  	-0.0402  	0.03965  	0.00475  	-0.0269  	0.02995  	0.00221  	-0.0046  	0.03761  	0.00313  	-0.0069  	-0.0242  	0.03589  	-0.0073  	0.02253  	-0.2797  	
-0.2149  	-0.0612  	-0.0280  	0.37730  	-0.0406  	0.27598  	0.10891  	-0.7092  	0.15063  	0.06744  	0.26307  	0.26125  	-0.0511  	-0.7043  	-1.0937  	0.81728  	-0.0954  	0.33370  	-0.2712  	0.50084  	-0.1380  	-0.2631  	-0.5865  	0.22551  	-0.1804  	-0.1277  	-0.4703  	0.00062  	-0.0339  	-0.1476  	-0.1911  	0.23108  	0.24091  	-0.0601  	0.13183  	0.29851  	0.08757  	-0.0217  	-0.1776  	0.24339  	0.04144  	0.02312  	0.02169  	-0.0146  	-0.0724  	-0.0446  	0.04310  	-0.0003  	0.04094  	-0.0173  	0.01782  	0.01440  	0.00269  	0.02002  	0.00666  	-0.0356  	0.03492  	0.00715  	-0.0251  	0.02970  	0.00241  	-0.0104  	0.03920  	-0.0002  	-0.0069  	-0.0242  	0.03589  	-0.0073  	0.02253  	-0.2797  	
-0.2736  	-0.0766  	-0.0699  	0.36938  	-0.0430  	0.25835  	0.11766  	-0.7528  	0.12263  	0.03716  	0.18615  	0.24901  	-0.0576  	-0.7616  	-1.0838  	0.81149  	-0.0789  	0.33592  	-0.2665  	0.48531  	-0.1844  	-0.2580  	-0.5768  	0.23144  	-0.1327  	-0.1263  	-0.4391  	0.02133  	-0.0044  	-0.1309  	-0.2025  	0.23577  	0.21618  	-0.0497  	0.09034  	0.31478  	0.06607  	-0.0173  	-0.1641  	0.24844  	0.04268  	0.02317  	0.02252  	-0.0196  	-0.0702  	-0.0462  	0.03712  	-0.0109  	0.04129  	-0.0117  	0.01761  	0.01481  	0.00018  	0.02330  	0.00755  	-0.0365  	0.03412  	0.00680  	-0.0257  	0.02799  	0.00419  	-0.0099  	0.03734  	-0.0062  	-0.0069  	-0.0242  	0.03589  	-0.0073  	0.02253  	-0.2797  	
-0.3408  	-0.0962  	-0.1274  	0.36448  	-0.0049  	0.19926  	0.12398  	-0.7249  	0.13212  	0.07152  	0.23678  	0.26892  	-0.0608  	-0.7021  	-1.0509  	0.76986  	-0.0960  	0.32681  	-0.2919  	0.47483  	-0.1686  	-0.2414  	-0.5628  	0.22404  	-0.1794  	-0.1175  	-0.4451  	-0.0035  	0.00342  	-0.1254  	-0.1887  	0.22252  	0.23221  	-0.0476  	0.10417  	0.29819  	0.05529  	-0.0178  	-0.1530  	0.24237  	0.03926  	0.02724  	0.01484  	-0.0250  	-0.0735  	-0.0473  	0.04047  	-0.0083  	0.03786  	-0.0186  	0.01230  	0.01794  	0.00090  	0.02156  	0.00577  	-0.0383  	0.02965  	0.00403  	-0.0281  	0.02509  	0.00392  	-0.0061  	0.03134  	-0.0034  	-0.0069  	-0.0242  	0.03589  	-0.0073  	0.02253  	-0.2797  	
-0.3345  	-0.0842  	-0.1736  	0.47195  	0.09067  	0.19307  	0.09339  	-0.6962  	0.13998  	0.05532  	0.21325  	0.36880  	-0.0429  	-0.6375  	-1.0045  	0.75387  	-0.1044  	0.33771  	-0.2866  	0.47603  	-0.1626  	-0.2433  	-0.5681  	0.21477  	-0.2190  	-0.1135  	-0.4751  	0.02698  	0.02492  	-0.1164  	-0.1771  	0.20641  	0.24591  	-0.0453  	0.11402  	0.27738  	0.02462  	-0.0401  	-0.1436  	0.25838  	0.01604  	0.02523  	0.00619  	-0.0228  	-0.0738  	-0.0478  	0.04093  	-0.0094  	0.04054  	-0.0155  	0.01835  	0.01231  	-0.0039  	0.02054  	0.00618  	-0.0359  	0.03503  	0.00422  	-0.0294  	0.02711  	0.00087  	-0.0033  	0.03278  	-0.0032  	-0.0069  	-0.0242  	0.03589  	-0.0073  	0.02253  	-0.2797  	
-0.1894  	-0.0340  	-0.0591  	0.59225  	0.13170  	0.29562  	0.08860  	-0.6375  	0.17454  	0.00636  	0.16401  	0.41969  	-0.0053  	-0.5104  	-0.8403  	0.79008  	-0.0824  	0.30874  	-0.3094  	0.48592  	-0.0851  	-0.2416  	-0.5838  	0.25029  	-0.2486  	-0.1159  	-0.4833  	0.00572  	-0.0247  	-0.1418  	-0.2069  	0.21745  	0.27469  	-0.0436  	0.15608  	0.21303  	0.05684  	-0.0370  	-0.1424  	0.24288  	0.00610  	0.02811  	0.01112  	-0.0328  	-0.0729  	-0.0431  	0.04285  	-0.0034  	0.04435  	-0.0150  	0.01866  	0.01484  	-0.0069  	0.02119  	0.00476  	-0.0343  	0.03181  	0.00155  	-0.0283  	0.02889  	0.00325  	-0.0047  	0.02643  	-0.0056  	-0.0069  	-0.0242  	0.03589  	-0.0073  	0.02253  	-0.2797  	
0.00203  	0.04027  	0.05706  	0.65865  	0.11916  	0.40331  	0.10235  	-0.5849  	0.20577  	0.00695  	0.08226  	0.39455  	0.03450  	-0.4489  	-0.7506  	0.81292  	-0.0735  	0.25662  	-0.2953  	0.46491  	-0.0158  	-0.2443  	-0.5771  	0.26972  	-0.2435  	-0.1265  	-0.4201  	-0.0993  	-0.1298  	-0.1404  	-0.1920  	0.23691  	0.28998  	-0.0479  	0.19757  	0.16445  	0.12052  	-0.0087  	-0.1770  	0.24155  	-0.0044  	0.02818  	0.02439  	-0.0203  	-0.0780  	-0.0456  	0.03925  	0.00405  	0.04476  	-0.0167  	0.00700  	0.01111  	-0.0047  	0.02277  	0.00130  	-0.0297  	0.03155  	-0.0003  	-0.0317  	0.02914  	0.00478  	0.00807  	0.03004  	-0.0062  	-0.0069  	-0.0242  	0.03589  	-0.0073  	0.02253  	-0.2797  	
0.11107  	0.09705  	0.14999  	0.62480  	0.04514  	0.47880  	0.10899  	-0.5104  	0.23733  	-0.0309  	0.15252  	0.33941  	0.03792  	-0.3805  	-0.7119  	0.86614  	-0.0809  	0.21294  	-0.2725  	0.38703  	0.13607  	-0.1923  	-0.5043  	0.32438  	-0.2116  	-0.1376  	-0.3263  	-0.2744  	-0.2138  	-0.1469  	-0.1995  	0.25398  	0.28139  	-0.0591  	0.25573  	0.14876  	0.21135  	0.02599  	-0.2030  	0.21234  	-0.0368  	0.04035  	0.00647  	-0.0227  	-0.0791  	-0.0427  	0.03542  	0.01435  	0.04736  	-0.0100  	0.00653  	0.01643  	-0.0024  	0.02712  	0.00490  	-0.0195  	0.02570  	0.00290  	-0.0302  	0.03015  	0.01056  	0.00428  	0.02957  	-0.0059  	-0.0069  	-0.0242  	0.03589  	-0.0073  	0.02253  	-0.2797  	
0.15510  	0.10473  	0.19803  	0.59274  	-0.0224  	0.50449  	0.11077  	-0.4730  	0.23967  	-0.0558  	0.25173  	0.33281  	0.00460  	-0.3960  	-0.7529  	0.90890  	-0.0735  	0.19453  	-0.2576  	0.34275  	0.20701  	-0.1966  	-0.4588  	0.35007  	-0.2212  	-0.1554  	-0.2910  	-0.3531  	-0.2996  	-0.1596  	-0.2100  	0.27203  	0.27920  	-0.0634  	0.28530  	0.13429  	0.29027  	0.05857  	-0.2313  	0.17476  	-0.0444  	0.03210  	0.01788  	-0.0200  	-0.0789  	-0.0422  	0.03302  	0.01120  	0.04884  	-0.0076  	-0.0002  	0.01543  	0.00227  	0.03055  	0.00476  	-0.0218  	0.02227  	0.00450  	-0.0359  	0.03409  	0.00773  	0.00212  	0.03117  	-0.0064  	-0.0069  	-0.0242  	0.03589  	-0.0073  	0.02253  	-0.2797  	
0.14467  	0.10371  	0.19257  	0.57972  	-0.0403  	0.50825  	0.10969  	-0.4615  	0.24652  	-0.0705  	0.28454  	0.35182  	0.00441  	-0.3918  	-0.7743  	0.92401  	-0.0736  	0.19871  	-0.2548  	0.33858  	0.21973  	-0.2013  	-0.4566  	0.35287  	-0.2417  	-0.1576  	-0.2945  	-0.3644  	-0.3261  	-0.1611  	-0.2074  	0.27518  	0.28403  	-0.0631  	0.29214  	0.12589  	0.31056  	0.06697  	-0.2421  	0.16479  	-0.0376  	0.03094  	0.01580  	-0.0236  	-0.0787  	-0.0417  	0.03452  	0.01004  	0.04835  	-0.0060  	-0.0009  	0.01658  	0.00438  	0.03372  	0.00157  	-0.0214  	0.01819  	0.00575  	-0.0366  	0.03456  	0.00845  	0.00251  	0.03137  	-0.0064  	-0.0069  	-0.0242  	0.03589  	-0.0073  	0.02253  	-0.2797  	
0.13907  	0.09746  	0.17704  	0.56530  	-0.0305  	0.49077  	0.11111  	-0.4826  	0.25298  	-0.0567  	0.29288  	0.36104  	0.00408  	-0.3990  	-0.7991  	0.91503  	-0.0658  	0.19296  	-0.2722  	0.33389  	0.19079  	-0.2090  	-0.4518  	0.35292  	-0.2619  	-0.1502  	-0.2933  	-0.3451  	-0.3277  	-0.1541  	-0.1993  	0.27417  	0.28268  	-0.0645  	0.29940  	0.12134  	0.30283  	0.06368  	-0.2491  	0.16485  	-0.0343  	0.03049  	0.01802  	-0.0295  	-0.0834  	-0.0424  	0.03459  	0.00584  	0.04838  	-0.0090  	0.00028  	0.01874  	0.00171  	0.03203  	0.00277  	-0.0219  	0.01912  	0.00488  	-0.0349  	0.03386  	0.00814  	0.00332  	0.03164  	-0.0052  	-0.0069  	-0.0242  	0.03589  	-0.0073  	0.02253  	-0.2797  	
0.13932  	0.09724  	0.17709  	0.56552  	-0.0303  	0.49116  	0.11117  	-0.4824  	0.25303  	-0.0565  	0.29278  	0.36116  	0.00425  	-0.3990  	-0.7991  	0.91521  	-0.0657  	0.19290  	-0.2722  	0.33400  	0.19078  	-0.2090  	-0.4516  	0.35313  	-0.2618  	-0.1502  	-0.2931  	-0.3452  	-0.3278  	-0.1541  	-0.1994  	0.27423  	0.28261  	-0.0645  	0.29929  	0.12135  	0.30283  	0.06377  	-0.2490  	0.16484  	-0.0345  	0.03053  	0.01804  	-0.0294  	-0.0833  	-0.0424  	0.03456  	0.00585  	0.04840  	-0.0091  	0.00028  	0.01875  	0.00170  	0.03200  	0.00279  	-0.0219  	0.01912  	0.00490  	-0.0349  	0.03383  	0.00814  	0.00330  	0.03167  	-0.0051  	-0.0069  	-0.0242  	0.03589  	-0.0073  	0.02253  	-0.2797  	
0.13932  	0.09724  	0.17709  	0.56552  	-0.0303  	0.49116  	0.11117  	-0.4824  	0.25303  	-0.0565  	0.29278  	0.36116  	0.00425  	-0.3990  	-0.7991  	0.91521  	-0.0657  	0.19290  	-0.2722  	0.33400  	0.19078  	-0.2090  	-0.4516  	0.35313  	-0.2618  	-0.1502  	-0.2931  	-0.3452  	-0.3278  	-0.1541  	-0.1994  	0.27423  	0.28261  	-0.0645  	0.29929  	0.12135  	0.30283  	0.06377  	-0.2490  	0.16484  	-0.0345  	0.03053  	0.01804  	-0.0294  	-0.0833  	-0.0424  	0.03456  	0.00585  	0.04840  	-0.0091  	0.00028  	0.01875  	0.00170  	0.03200  	0.00279  	-0.0219  	0.01912  	0.00490  	-0.0349  	0.03383  	0.00814  	0.00330  	0.03167  	-0.0051  	-0.0069  	-0.0242  	0.03589  	-0.0073  	0.02253  	-0.2797  	
0.13932  	0.09724  	0.17709  	0.56552  	-0.0303  	0.49116  	0.11117  	-0.4824  	0.25303  	-0.0565  	0.29278  	0.36116  	0.00425  	-0.3990  	-0.7991  	0.91521  	-0.0657  	0.19290  	-0.2722  	0.33400  	0.19078  	-0.2090  	-0.4516  	0.35313  	-0.2618  	-0.1502  	-0.2931  	-0.3452  	-0.3278  	-0.1541  	-0.1994  	0.27423  	0.28261  	-0.0645  	0.29929  	0.12135  	0.30283  	0.06377  	-0.2490  	0.16484  	-0.0345  	0.03053  	0.01804  	-0.0294  	-0.0833  	-0.0424  	0.03456  	0.00585  	0.04840  	-0.0091  	0.00028  	0.01875  	0.00170  	0.03200  	0.00279  	-0.0219  	0.01912  	0.00490  	-0.0349  	0.03383  	0.00814  	0.00330  	0.03167  	-0.0051  	-0.0069  	-0.0242  	0.03589  	-0.0073  	0.02253  	-0.2797  	
0.13932  	0.09724  	0.17709  	0.56552  	-0.0303  	0.49116  	0.11117  	-0.4824  	0.25303  	-0.0565  	0.29278  	0.36116  	0.00425  	-0.3990  	-0.7991  	0.91521  	-0.0657  	0.19290  	-0.2722  	0.33400  	0.19078  	-0.2090  	-0.4516  	0.35313  	-0.2618  	-0.1502  	-0.2931  	-0.3452  	-0.3278  	-0.1541  	-0.1994  	0.27423  	0.28261  	-0.0645  	0.29929  	0.12135  	0.30283  	0.06377  	-0.2490  	0.16484  	-0.0345  	0.03053  	0.01804  	-0.0294  	-0.0833  	-0.0424  	0.03456  	0.00585  	0.04840  	-0.0091  	0.00028  	0.01875  	0.00170  	0.03200  	0.00279  	-0.0219  	0.01912  	0.00490  	-0.0349  	0.03383  	0.00814  	0.00330  	0.03167  	-0.0051  	-0.0069  	-0.0242  	0.03589  	-0.0073  	0.02253  	-0.2797  	
0.13932  	0.09724  	0.17709  	0.56552  	-0.0303  	0.49116  	0.11117  	-0.4824  	0.25303  	-0.0565  	0.29278  	0.36116  	0.00425  	-0.3990  	-0.7991  	0.91521  	-0.0657  	0.19290  	-0.2722  	0.33400  	0.19078  	-0.2090  	-0.4516  	0.35313  	-0.2618  	-0.1502  	-0.2931  	-0.3452  	-0.3278  	-0.1541  	-0.1994  	0.27423  	0.28261  	-0.0645  	0.29929  	0.12135  	0.30283  	0.06377  	-0.2490  	0.16484  	-0.0345  	0.03053  	0.01804  	-0.0294  	-0.0833  	-0.0424  	0.03456  	0.00585  	0.04840  	-0.0091  	0.00028  	0.01875  	0.00170  	0.03200  	0.00279  	-0.0219  	0.01912  	0.00490  	-0.0349  	0.03383  	0.00814  	0.00330  	0.03167  	-0.0051  	-0.0069  	-0.0242  	0.03589  	-0.0073  	0.02253  	-0.2797  	
0.13932  	0.09724  	0.17709  	0.56552  	-0.0303  	0.49116  	0.11117  	-0.4824  	0.25303  	-0.0565  	0.29278  	0.36116  	0.00425  	-0.3990  	-0.7991  	0.91521  	-0.0657  	0.19290  	-0.2722  	0.33400  	0.19078  	-0.2090  	-0.4516  	0.35313  	-0.2618  	-0.1502  	-0.2931  	-0.3452  	-0.3278  	-0.1541  	-0.1994  	0.27423  	0.28261  	-0.0645  	0.29929  	0.12135  	0.30283  	0.06377  	-0.2490  	0.16484  	-0.0345  	0.03053  	0.01804  	-0.0294  	-0.0833  	-0.0424  	0.03456  	0.00585  	0.04840  	-0.0091  	0.00028  	0.01875  	0.00170  	0.03200  	0.00279  	-0.0219  	0.01912  	0.00490  	-0.0349  	0.03383  	0.00814  	0.00330  	0.03167  	-0.0051  	-0.0069  	-0.0242  	0.03589  	-0.0073  	0.02253  	-0.2797  	
0.13932  	0.09724  	0.17709  	0.56552  	-0.0303  	0.49116  	0.11117  	-0.4824  	0.25303  	-0.0565  	0.29278  	0.36116  	0.00425  	-0.3990  	-0.7991  	0.91521  	-0.0657  	0.19290  	-0.2722  	0.33400  	0.19078  	-0.2090  	-0.4516  	0.35313  	-0.2618  	-0.1502  	-0.2931  	-0.3452  	-0.3278  	-0.1541  	-0.1994  	0.27423  	0.28261  	-0.0645  	0.29929  	0.12135  	0.30283  	0.06377  	-0.2490  	0.16484  	-0.0345  	0.03053  	0.01804  	-0.0294  	-0.0833  	-0.0424  	0.03456  	0.00585  	0.04840  	-0.0091  	0.00028  	0.01875  	0.00170  	0.03200  	0.00279  	-0.0219  	0.01912  	0.00490  	-0.0349  	0.03383  	0.00814  	0.00330  	0.03167  	-0.0051  	-0.0069  	-0.0242  	0.03589  	-0.0073  	0.02253  	-0.2797  	
0.13932  	0.09724  	0.17709  	0.56552  	-0.0303  	0.49116  	0.11117  	-0.4824  	0.25303  	-0.0565  	0.29278  	0.36116  	0.00425  	-0.3990  	-0.7991  	0.91521  	-0.0657  	0.19290  	-0.2722  	0.33400  	0.19078  	-0.2090  	-0.4516  	0.35313  	-0.2618  	-0.1502  	-0.2931  	-0.3452  	-0.3278  	-0.1541  	-0.1994  	0.27423  	0.28261  	-0.0645  	0.29929  	0.12135  	0.30283  	0.06377  	-0.2490  	0.16484  	-0.0345  	0.03053  	0.01804  	-0.0294  	-0.0833  	-0.0424  	0.03456  	0.00585  	0.04840  	-0.0091  	0.00028  	0.01875  	0.00170  	0.03200  	0.00279  	-0.0219  	0.01912  	0.00490  	-0.0349  	0.03383  	0.00814  	0.00330  	0.03167  	-0.0051  	-0.0069  	-0.0242  	0.03589  	-0.0073  	0.02253  	-0.2797  	
0.13958  	0.09724  	0.17710  	0.56599  	-0.0301  	0.49158  	0.11138  	-0.4823  	0.25308  	-0.0564  	0.29231  	0.36113  	0.00448  	-0.3989  	-0.7989  	0.91525  	-0.0657  	0.19275  	-0.2722  	0.33426  	0.19050  	-0.2089  	-0.4516  	0.35313  	-0.2616  	-0.1502  	-0.2931  	-0.3450  	-0.3274  	-0.1539  	-0.1994  	0.27419  	0.28264  	-0.0645  	0.29899  	0.12148  	0.30256  	0.06373  	-0.2488  	0.16497  	-0.0346  	0.03056  	0.01813  	-0.0294  	-0.0833  	-0.0423  	0.03456  	0.00586  	0.04844  	-0.0091  	0.00030  	0.01873  	0.00169  	0.03199  	0.00280  	-0.0219  	0.01915  	0.00490  	-0.0350  	0.03381  	0.00813  	0.00333  	0.03171  	-0.0051  	-0.0069  	-0.0242  	0.03589  	-0.0073  	0.02253  	-0.2797  	
0.15568  	0.10004  	0.19159  	0.57804  	-0.0148  	0.50389  	0.12056  	-0.4836  	0.25302  	-0.0474  	0.29076  	0.35404  	0.01104  	-0.4010  	-0.8221  	0.93284  	-0.0710  	0.19400  	-0.2709  	0.35427  	0.19967  	-0.1987  	-0.4511  	0.36646  	-0.2530  	-0.1494  	-0.2791  	-0.3370  	-0.3249  	-0.1566  	-0.2054  	0.26994  	0.29060  	-0.0616  	0.29822  	0.12879  	0.30263  	0.05836  	-0.2445  	0.16610  	-0.0426  	0.03615  	0.01991  	-0.0279  	-0.0799  	-0.0423  	0.03430  	0.00576  	0.04803  	-0.0073  	0.00087  	0.01822  	0.00121  	0.03020  	0.00367  	-0.0225  	0.02048  	0.00555  	-0.0369  	0.03145  	0.00819  	0.00323  	0.03315  	-0.0063  	-0.0069  	-0.0242  	0.03589  	-0.0073  	0.02253  	-0.2797  	
0.13481  	0.10218  	0.20149  	0.56374  	-0.0167  	0.49141  	0.12224  	-0.4839  	0.24608  	-0.0333  	0.30376  	0.33423  	0.00023  	-0.4178  	-0.8322  	0.93679  	-0.0743  	0.20216  	-0.2711  	0.36496  	0.20253  	-0.2064  	-0.4644  	0.37061  	-0.2387  	-0.1549  	-0.2734  	-0.3311  	-0.3275  	-0.1585  	-0.2126  	0.27331  	0.28549  	-0.0619  	0.30264  	0.13347  	0.30218  	0.05926  	-0.2461  	0.16999  	-0.0493  	0.03641  	0.01874  	-0.0270  	-0.0803  	-0.0418  	0.03263  	0.00481  	0.04647  	-0.0065  	0.00330  	0.01787  	0.00181  	0.02868  	0.00336  	-0.0227  	0.02242  	0.00522  	-0.0363  	0.03114  	0.00873  	0.00235  	0.03447  	-0.0074  	-0.0069  	-0.0242  	0.03589  	-0.0073  	0.02253  	-0.2797  	
0.23755  	0.09069  	0.29697  	0.55824  	-0.0129  	0.40837  	0.09842  	-0.4714  	0.23734  	0.00971  	0.33824  	0.42729  	0.05584  	-0.4831  	-0.9410  	0.97184  	-0.0234  	0.11548  	-0.2069  	0.20608  	0.19664  	-0.4185  	-0.7505  	0.28182  	-0.2706  	-0.0911  	-0.3715  	-0.3332  	-0.2027  	-0.1619  	-0.1269  	0.23558  	0.22317  	-0.1983  	0.18568  	0.12672  	0.19934  	0.04895  	-0.3090  	0.11611  	0.05001  	0.13133  	-0.0401  	0.04933  	-0.1198  	-0.0246  	0.00645  	0.03630  	0.04184  	-0.0227  	0.00892  	0.01823  	0.00243  	0.03924  	0.01032  	-0.0182  	0.01745  	-0.0122  	-0.0364  	0.04037  	0.00881  	-0.0058  	0.01838  	-0.0069  	-0.0069  	-0.0242  	0.03589  	-0.0073  	0.02253  	-0.2797  	
0.14812  	0.10186  	0.30744  	0.47206  	-0.0187  	0.34302  	0.12297  	-0.4350  	0.23081  	0.06659  	0.35292  	0.43313  	0.06987  	-0.4468  	-0.9322  	0.95015  	0.01615  	0.01847  	-0.1580  	0.08236  	0.26754  	-0.5824  	-0.9783  	0.26057  	-0.2490  	-0.0423  	-0.3263  	-0.3715  	-0.0648  	-0.1715  	-0.0674  	0.20691  	0.16410  	-0.2956  	0.14131  	0.15001  	0.10293  	0.02815  	-0.3379  	0.10456  	0.09338  	0.21778  	-0.1399  	0.10470  	-0.1609  	-0.0161  	-0.0108  	0.05473  	0.03733  	-0.0446  	0.02218  	0.02239  	0.00244  	0.05048  	0.01517  	-0.0208  	0.01897  	-0.0174  	-0.0304  	0.04922  	0.01460  	-0.0132  	0.00760  	-3.8637  	-0.0069  	-0.0242  	0.03589  	-0.0073  	0.02253  	-0.2797  	
-0.0530  	-0.0104  	0.09497  	0.73545  	0.17290  	0.30694  	0.13964  	-0.5353  	0.13110  	0.03775  	0.27986  	0.47388  	0.09163  	-0.4947  	-0.8316  	0.86944  	0.03152  	0.02887  	-0.1337  	0.12114  	0.04848  	-0.6112  	-1.0359  	0.29166  	-0.2907  	0.01094  	-0.4435  	-0.2801  	-0.0303  	-0.1313  	0.00667  	0.14311  	0.14617  	-0.3197  	0.13256  	0.18933  	-0.0034  	-0.0091  	-0.3770  	0.07122  	0.11697  	0.25450  	-0.1688  	0.10559  	-0.1677  	-0.0023  	-0.0127  	0.02582  	0.02536  	-0.0395  	0.01751  	0.01748  	-0.0040  	0.04785  	0.00452  	-0.0255  	0.03314  	-0.0268  	-0.0272  	0.04820  	0.00408  	0.00063  	0.00545  	-0.0123  	-0.0069  	-0.0242  	0.03589  	-0.0073  	0.02253  	-0.2797  	
-0.4472  	-0.1159  	-0.1422  	0.52636  	0.12734  	0.05079  	0.07167  	-0.6530  	0.08528  	0.07753  	0.34324  	0.45528  	0.02665  	-0.7084  	-0.8925  	0.63222  	0.02522  	0.12309  	-0.1869  	0.21679  	0.02700  	-0.6188  	-1.0215  	0.26381  	-0.3283  	0.02451  	-0.5093  	-0.1635  	-0.0059  	-0.1943  	-0.0087  	0.12108  	0.15110  	-0.2802  	0.11184  	0.21459  	-0.0536  	-0.0392  	-0.3439  	0.11160  	0.07848  	0.23857  	-0.1910  	0.06759  	-0.1417  	-0.0142  	0.00742  	0.01908  	0.00528  	-0.0159  	0.02566  	0.02022  	-0.0052  	0.05534  	0.01038  	-0.0400  	0.03349  	-0.0180  	-0.0364  	0.04465  	0.00549  	-0.0143  	0.00895  	-0.0020  	-0.0069  	-0.0242  	0.03589  	-0.0073  	0.02253  	-0.2797  	
-0.4779  	-0.1215  	-0.2102  	0.34875  	0.01825  	0.04021  	0.07312  	-0.6509  	0.12838  	0.09910  	0.38722  	0.34781  	-0.0076  	-0.7163  	-1.0650  	0.67716  	-0.0250  	0.21070  	-0.2243  	0.33402  	-0.0321  	-0.4369  	-0.7706  	0.22396  	-0.3024  	-0.0289  	-0.5079  	-0.0808  	-0.0058  	-0.1720  	-0.0893  	0.16391  	0.19845  	-0.1810  	0.10421  	0.24007  	-0.0051  	-0.0295  	-0.2545  	0.15153  	0.05851  	0.14343  	-0.0998  	0.01793  	-0.1203  	-0.0260  	0.02300  	0.00122  	0.02615  	-0.0195  	0.02079  	0.01582  	-0.0031  	0.04081  	0.00621  	-0.0361  	0.02820  	-0.0022  	-0.0286  	0.03993  	0.00840  	-0.0065  	0.02030  	-0.0043  	-0.0069  	-0.0242  	0.03589  	-0.0073  	0.02253  	-0.2797  	
-0.4612  	-0.1353  	-0.1899  	0.22328  	-0.0443  	0.08968  	0.11487  	-0.7072  	0.13630  	0.13792  	0.35266  	0.26813  	-0.0678  	-0.7339  	-1.1728  	0.73459  	-0.0856  	0.34728  	-0.2823  	0.53870  	-0.1142  	-0.2717  	-0.5662  	0.21865  	-0.1974  	-0.1193  	-0.4958  	-0.0071  	-0.0513  	-0.1593  	-0.1851  	0.21715  	0.26372  	-0.0575  	0.12403  	0.28310  	0.06528  	-0.0345  	-0.1386  	0.21541  	0.00940  	0.02974  	-0.0026  	-0.0323  	-0.0606  	-0.0430  	0.03703  	-0.0166  	0.03889  	-0.0075  	0.01366  	0.01298  	-0.0004  	0.02441  	0.00859  	-0.0347  	0.03208  	0.00779  	-0.0292  	0.03127  	0.00325  	-0.0022  	0.03304  	3.99604  	-0.0069  	-0.0242  	0.03589  	-0.0073  	0.02253  	-0.2797  	
-0.3431  	-0.0770  	-0.1351  	0.34239  	0.01041  	0.20710  	0.13240  	-0.6500  	0.16120  	0.12164  	0.27394  	0.32669  	-0.0107  	-0.6318  	-1.0437  	0.76185  	-0.0949  	0.32464  	-0.2923  	0.51210  	-0.1166  	-0.2630  	-0.5677  	0.21920  	-0.2123  	-0.1071  	-0.4740  	0.00862  	-0.0485  	-0.1422  	-0.1840  	0.20760  	0.27120  	-0.0543  	0.12452  	0.26103  	0.03765  	-0.0426  	-0.1306  	0.24180  	0.02130  	0.03351  	0.01341  	-0.0317  	-0.0761  	-0.0469  	0.04386  	-0.0054  	0.04056  	-0.0104  	0.01271  	0.01264  	-0.0014  	0.02381  	0.00592  	-0.0375  	0.03290  	0.00094  	-0.0328  	0.03380  	0.00441  	-0.0025  	0.02876  	-0.0057  	-0.0069  	-0.0242  	0.03589  	-0.0073  	0.02253  	-0.2797  	
-0.1032  	0.01148  	-0.0076  	0.66448  	0.13107  	0.39946  	0.09501  	-0.5955  	0.19064  	-0.0124  	0.03471  	0.42332  	0.07191  	-0.4138  	-0.7598  	0.83320  	-0.1198  	0.29603  	-0.2994  	0.45610  	-0.0633  	-0.2388  	-0.5892  	0.27820  	-0.2492  	-0.1140  	-0.4502  	-0.0627  	-0.0740  	-0.1174  	-0.1651  	0.23239  	0.28633  	-0.0609  	0.17553  	0.18409  	0.05621  	-0.0538  	-0.1313  	0.24508  	0.00828  	0.02493  	0.02331  	-0.0214  	-0.0757  	-0.0425  	0.03886  	0.01288  	0.04358  	-0.0199  	0.01699  	0.01351  	-0.0073  	0.01616  	0.00411  	-0.0300  	0.02948  	0.00339  	-0.0248  	0.03036  	0.00606  	0.00252  	0.03121  	-0.0007  	-0.0069  	-0.0242  	0.03589  	-0.0073  	0.02253  	-0.2797  	
0.18964  	0.08242  	0.14690  	0.65808  	0.08121  	0.51106  	0.13940  	-0.5281  	0.21044  	-0.0335  	0.07264  	0.33418  	0.03387  	-0.3833  	-0.6844  	0.89595  	-0.1121  	0.23173  	-0.2726  	0.38997  	0.09956  	-0.1541  	-0.5271  	0.30732  	-0.1882  	-0.1519  	-0.3027  	-0.2513  	-0.2124  	-0.1118  	-0.2009  	0.26432  	0.28290  	-0.0539  	0.27789  	0.16376  	0.20931  	0.01887  	-0.2062  	0.21726  	-0.0387  	0.04200  	0.01229  	-0.0218  	-0.0811  	-0.0490  	0.02463  	0.01704  	0.05747  	-0.0173  	0.00944  	0.01699  	0.00106  	0.02724  	0.00573  	-0.0232  	0.02326  	-0.0003  	-0.0346  	0.03559  	0.00016  	0.00039  	0.03202  	-0.0140  	-0.0069  	-0.0242  	0.03589  	-0.0073  	0.02253  	-0.2797  	
0.21320  	0.07177  	0.22538  	0.59326  	0.01009  	0.48167  	0.12167  	-0.5084  	0.23357  	0.02491  	0.25262  	0.36443  	-0.0040  	-0.3995  	-0.8345  	0.97413  	-0.0963  	0.22158  	-0.2682  	0.39183  	0.17185  	-0.2079  	-0.5172  	0.33605  	-0.2023  	-0.1564  	-0.3256  	-0.3176  	-0.2765  	-0.1376  	-0.2064  	0.27051  	0.27578  	-0.0554  	0.28629  	0.15145  	0.27876  	0.03809  	-0.2179  	0.18746  	-0.0496  	0.02936  	0.02166  	-0.0209  	-0.0725  	-0.0396  	0.02419  	0.01511  	0.05647  	-0.0110  	0.01434  	0.01325  	0.00713  	0.02426  	0.00447  	-0.0175  	0.01798  	0.00254  	-0.0337  	0.03897  	0.00024  	-0.0029  	0.03346  	-0.0070  	-0.0069  	-0.0242  	0.03589  	-0.0073  	0.02253  	-0.2797  	
0.19869  	0.03882  	0.23261  	0.51916  	-0.0241  	0.47283  	0.17234  	-0.4951  	0.23288  	0.04055  	0.28026  	0.31884  	-0.0020  	-0.4027  	-0.8695  	0.96680  	-0.0917  	0.23352  	-0.2490  	0.39618  	0.19613  	-0.2327  	-0.5405  	0.33656  	-0.1697  	-0.1700  	-0.2724  	-0.3303  	-0.2559  	-0.1578  	-0.2186  	0.27620  	0.26574  	-0.0703  	0.28086  	0.16820  	0.26187  	0.03491  	-0.2125  	0.20454  	-0.0397  	0.03891  	0.03077  	-0.0156  	-0.0711  	-0.0443  	0.02651  	0.02270  	0.06360  	-0.0081  	0.01733  	0.01179  	0.00558  	0.03074  	0.00775  	-0.0211  	0.02326  	0.00651  	-0.0363  	0.03615  	0.00282  	-0.0098  	0.03297  	-0.0057  	-0.0069  	-0.0242  	0.03589  	-0.0073  	0.02253  	-0.2797  	
0.14777  	0.05693  	0.18921  	0.57945  	-0.0147  	0.47306  	0.13809  	-0.5348  	0.20655  	-0.0041  	0.20973  	0.26906  	0.00598  	-0.3978  	-0.8020  	0.89724  	-0.0731  	0.20588  	-0.2531  	0.35759  	0.15720  	-0.1812  	-0.5177  	0.34794  	-0.1614  	-0.1741  	-0.2612  	-0.3534  	-0.2636  	-0.1303  	-0.2079  	0.26765  	0.27408  	-0.0698  	0.28187  	0.15452  	0.26875  	0.04397  	-0.2406  	0.19861  	-0.0307  	0.03614  	0.02176  	-0.0192  	-0.0799  	-0.0442  	0.02670  	0.01273  	0.05872  	-0.0112  	0.01058  	0.01627  	0.00328  	0.02921  	0.00606  	-0.0225  	0.01856  	0.00107  	-0.0337  	0.03478  	0.00661  	-0.0025  	0.03034  	-0.0118  	-0.0069  	-0.0242  	0.03589  	-0.0073  	0.02253  	-0.2797  	
0.11175  	0.08328  	0.13565  	0.59909  	-0.0075  	0.47013  	0.12322  	-0.5200  	0.20934  	-0.0373  	0.19238  	0.27152  	0.02369  	-0.4162  	-0.7373  	0.85871  	-0.0683  	0.19687  	-0.2586  	0.33785  	0.14301  	-0.1791  	-0.4715  	0.35576  	-0.1570  	-0.1605  	-0.2835  	-0.3522  	-0.2525  	-0.1426  	-0.2090  	0.25288  	0.25927  	-0.0589  	0.27961  	0.16552  	0.25163  	0.04245  	-0.2430  	0.19909  	-0.0399  	0.03646  	0.01539  	-0.0160  	-0.0819  	-0.0428  	0.03133  	0.00400  	0.05018  	-0.0052  	0.00569  	0.01500  	0.00100  	0.02828  	0.00210  	-0.0239  	0.02751  	0.00452  	-0.0348  	0.03012  	0.00778  	-0.0009  	0.03234  	-0.0107  	-0.0069  	-0.0242  	0.03589  	-0.0073  	0.02253  	-0.2797  	
0.13811  	0.09817  	0.17509  	0.58342  	-0.0318  	0.51474  	0.11908  	-0.4806  	0.24546  	-0.0797  	0.26055  	0.34553  	0.01503  	-0.3852  	-0.7561  	0.90795  	-0.0722  	0.18933  	-0.2621  	0.33718  	0.21237  	-0.1851  	-0.4571  	0.36075  	-0.2277  	-0.1552  	-0.2821  	-0.3591  	-0.3148  	-0.1509  	-0.2029  	0.27053  	0.27587  	-0.0649  	0.30391  	0.12721  	0.29878  	0.05535  	-0.2462  	0.17285  	-0.0404  	0.03484  	0.01441  	-0.0277  	-0.0814  	-0.0426  	0.03385  	0.00999  	0.04873  	-0.0063  	0.00200  	0.01673  	0.00152  	0.03094  	0.00188  	-0.0207  	0.01924  	0.00550  	-0.0387  	0.03322  	0.00735  	0.00244  	0.03193  	-0.0056  	-0.0069  	-0.0242  	0.03589  	-0.0073  	0.02253  	-0.2797  	
0.13932  	0.09724  	0.17709  	0.56552  	-0.0303  	0.49116  	0.11117  	-0.4824  	0.25303  	-0.0565  	0.29278  	0.36116  	0.00425  	-0.3990  	-0.7991  	0.91521  	-0.0657  	0.19290  	-0.2722  	0.33400  	0.19078  	-0.2090  	-0.4516  	0.35313  	-0.2618  	-0.1502  	-0.2931  	-0.3452  	-0.3278  	-0.1541  	-0.1994  	0.27423  	0.28261  	-0.0645  	0.29929  	0.12135  	0.30283  	0.06377  	-0.2490  	0.16484  	-0.0345  	0.03053  	0.01804  	-0.0294  	-0.0833  	-0.0424  	0.03456  	0.00585  	0.04840  	-0.0091  	0.00028  	0.01875  	0.00170  	0.03200  	0.00279  	-0.0219  	0.01912  	0.00490  	-0.0349  	0.03383  	0.00814  	0.00330  	0.03167  	-0.0051  	-0.0069  	-0.0242  	0.03589  	-0.0073  	0.02253  	-0.2797  	
0.13932  	0.09724  	0.17709  	0.56552  	-0.0303  	0.49116  	0.11117  	-0.4824  	0.25303  	-0.0565  	0.29278  	0.36116  	0.00425  	-0.3990  	-0.7991  	0.91521  	-0.0657  	0.19290  	-0.2722  	0.33400  	0.19078  	-0.2090  	-0.4516  	0.35313  	-0.2618  	-0.1502  	-0.2931  	-0.3452  	-0.3278  	-0.1541  	-0.1994  	0.27423  	0.28261  	-0.0645  	0.29929  	0.12135  	0.30283  	0.06377  	-0.2490  	0.16484  	-0.0345  	0.03053  	0.01804  	-0.0294  	-0.0833  	-0.0424  	0.03456  	0.00585  	0.04840  	-0.0091  	0.00028  	0.01875  	0.00170  	0.03200  	0.00279  	-0.0219  	0.01912  	0.00490  	-0.0349  	0.03383  	0.00814  	0.00330  	0.03167  	-0.0051  	-0.0069  	-0.0242  	0.03589  	-0.0073  	0.02253  	-0.2797  	
0.13932  	0.09724  	0.17709  	0.56552  	-0.0303  	0.49116  	0.11117  	-0.4824  	0.25303  	-0.0565  	0.29278  	0.36116  	0.00425  	-0.3990  	-0.7991  	0.91521  	-0.0657  	0.19290  	-0.2722  	0.33400  	0.19078  	-0.2090  	-0.4516  	0.35313  	-0.2618  	-0.1502  	-0.2931  	-0.3452  	-0.3278  	-0.1541  	-0.1994  	0.27423  	0.28261  	-0.0645  	0.29929  	0.12135  	0.30283  	0.06377  	-0.2490  	0.16484  	-0.0345  	0.03053  	0.01804  	-0.0294  	-0.0833  	-0.0424  	0.03456  	0.00585  	0.04840  	-0.0091  	0.00028  	0.01875  	0.00170  	0.03200  	0.00279  	-0.0219  	0.01912  	0.00490  	-0.0349  	0.03383  	0.00814  	0.00330  	0.03167  	-0.0051  	-0.0069  	-0.0242  	0.03589  	-0.0073  	0.02253  	-0.2797  	
0.13932  	0.09724  	0.17709  	0.56552  	-0.0303  	0.49116  	0.11117  	-0.4824  	0.25303  	-0.0565  	0.29278  	0.36116  	0.00425  	-0.3990  	-0.7991  	0.91521  	-0.0657  	0.19290  	-0.2722  	0.33400  	0.19078  	-0.2090  	-0.4516  	0.35313  	-0.2618  	-0.1502  	-0.2931  	-0.3452  	-0.3278  	-0.1541  	-0.1994  	0.27423  	0.28261  	-0.0645  	0.29929  	0.12135  	0.30283  	0.06377  	-0.2490  	0.16484  	-0.0345  	0.03053  	0.01804  	-0.0294  	-0.0833  	-0.0424  	0.03456  	0.00585  	0.04840  	-0.0091  	0.00028  	0.01875  	0.00170  	0.03200  	0.00279  	-0.0219  	0.01912  	0.00490  	-0.0349  	0.03383  	0.00814  	0.00330  	0.03167  	-0.0051  	-0.0069  	-0.0242  	0.03589  	-0.0073  	0.02253  	-0.2797  	
0.14161  	0.10994  	0.20967  	0.58273  	-0.0239  	0.46885  	0.08347  	-0.4342  	0.23629  	-0.0777  	0.30580  	0.37534  	0.04349  	-0.4408  	-0.7507  	0.86646  	0.00915  	0.05869  	-0.2140  	0.12129  	0.24873  	-0.3925  	-0.6555  	0.35521  	-0.3172  	-0.0687  	-0.2957  	-0.4205  	-0.2631  	-0.1704  	-0.1051  	0.23479  	0.20641  	-0.1967  	0.24702  	0.09849  	0.23248  	0.06225  	-0.3428  	0.09711  	0.02603  	0.13647  	-0.0765  	0.03410  	-0.1309  	-0.0259  	0.01530  	0.02104  	0.03586  	-0.0187  	0.00527  	0.02267  	0.00275  	0.04548  	0.00781  	-0.0230  	0.01707  	-0.0042  	-0.0344  	0.04088  	0.01191  	0.00072  	0.01858  	-0.0047  	-0.0069  	-0.0242  	0.03589  	-0.0073  	0.02253  	-0.2797  	
0.12449  	0.11840  	0.22984  	0.58330  	-0.0056  	0.42016  	0.06261  	-0.4193  	0.20510  	-0.0768  	0.31663  	0.38587  	0.07399  	-0.4886  	-0.7529  	0.82060  	0.05582  	-0.0275  	-0.1758  	-0.0343  	0.27854  	-0.5557  	-0.8405  	0.34605  	-0.3672  	-0.0021  	-0.3140  	-0.4501  	-0.1923  	-0.1935  	-0.0306  	0.19972  	0.15352  	-0.3040  	0.20124  	0.09440  	0.16032  	0.04900  	-0.4156  	0.04505  	0.08442  	0.22583  	-0.1544  	0.08410  	-0.1706  	-0.0119  	0.00152  	0.03347  	0.02341  	-0.0227  	0.01106  	0.02522  	0.00439  	0.05612  	0.01367  	-0.0236  	0.01711  	-0.0135  	-0.0336  	0.04427  	0.01648  	-0.0030  	0.00695  	-0.0050  	-0.0069  	-0.0242  	0.03589  	-0.0073  	0.02253  	-0.2797  	
-0.0228  	0.06431  	0.15807  	0.53045  	0.02338  	0.33631  	0.05099  	-0.5179  	0.13889  	-0.0475  	0.31288  	0.37401  	0.03789  	-0.6339  	-0.8490  	0.77535  	0.04255  	0.01816  	-0.1844  	-0.0020  	0.16049  	-0.6264  	-0.9438  	0.28403  	-0.3528  	0.02803  	-0.4258  	-0.2889  	-0.0412  	-0.1978  	-0.0084  	0.16666  	0.11304  	-0.3261  	0.13031  	0.16508  	0.02727  	0.01519  	-0.4033  	0.08093  	0.11192  	0.25728  	-0.1897  	0.09391  	-0.1780  	-0.0146  	0.00512  	0.03168  	0.01345  	-0.0323  	0.02370  	0.02661  	0.00241  	0.05262  	0.01529  	-0.0309  	0.02769  	-0.0147  	-0.0315  	0.04504  	0.01381  	-0.0142  	0.00295  	-0.0032  	-0.0069  	-0.0242  	0.03589  	-0.0073  	0.02253  	-0.2797  	
-0.0370  	0.01330  	0.10502  	0.53061  	0.03360  	0.32929  	0.05764  	-0.5665  	0.13844  	0.03568  	0.29334  	0.33273  	0.02369  	-0.6788  	-0.9251  	0.80313  	0.01763  	0.08133  	-0.1871  	0.07875  	0.07228  	-0.5902  	-0.9460  	0.25019  	-0.3126  	0.00633  	-0.4502  	-0.2085  	-0.0030  	-0.1734  	-0.0364  	0.17643  	0.11897  	-0.2947  	0.12824  	0.21880  	0.00200  	-0.0036  	-0.3687  	0.10245  	0.10648  	0.23421  	-0.1617  	0.08416  	-0.1609  	-0.0147  	0.00705  	0.02701  	0.01968  	-0.0272  	0.03173  	0.02296  	0.00233  	0.04568  	0.01598  	-0.0349  	0.03013  	-0.0094  	-0.0300  	0.04188  	0.00642  	-0.0162  	0.01216  	-0.0011  	-0.0069  	-0.0242  	0.03589  	-0.0073  	0.02253  	-0.2797  	
-0.0611  	-0.0120  	0.06086  	0.49395  	0.01605  	0.32717  	0.09148  	-0.6229  	0.14417  	0.07364  	0.28459  	0.30693  	-0.0147  	-0.6911  	-1.0035  	0.84764  	-0.0555  	0.19379  	-0.2290  	0.27221  	-0.0196  	-0.4366  	-0.8150  	0.21848  	-0.2292  	-0.0690  	-0.4443  	-0.1103  	-0.0043  	-0.1423  	-0.1126  	0.21320  	0.16361  	-0.1835  	0.15110  	0.28713  	0.03482  	-0.0049  	-0.2803  	0.16079  	0.06222  	0.14716  	-0.0801  	0.03778  	-0.1221  	-0.0301  	0.01655  	0.01333  	0.03223  	-0.0289  	0.02865  	0.01854  	0.00329  	0.03554  	0.01445  	-0.0365  	0.03696  	0.00146  	-0.0256  	0.03467  	0.00211  	-0.0121  	0.02892  	0.00107  	-0.0069  	-0.0242  	0.03589  	-0.0073  	0.02253  	-0.2797  	
-0.0457  	-0.0366  	0.06041  	0.44953  	0.01808  	0.36356  	0.13834  	-0.7099  	0.15373  	0.11942  	0.25756  	0.30753  	-0.0707  	-0.7106  	-1.1176  	0.96285  	-0.1337  	0.35378  	-0.2747  	0.49601  	-0.1526  	-0.2607  	-0.6292  	0.21334  	-0.1611  	-0.1570  	-0.4527  	-0.0011  	-0.0387  	-0.1286  	-0.2070  	0.24360  	0.24029  	-0.0478  	0.17640  	0.33448  	0.07861  	-0.0060  	-0.1708  	0.26288  	0.02506  	0.03640  	0.02091  	-0.0198  	-0.0830  	-0.0457  	0.03258  	0.00579  	0.04803  	-0.0144  	0.02314  	0.01563  	0.00296  	0.02374  	0.01158  	-0.0357  	0.03718  	0.00350  	-0.0297  	0.03044  	0.00035  	-0.0051  	0.04094  	-0.0021  	-0.0069  	-0.0242  	0.03589  	-0.0073  	0.02253  	-0.2797  	
-0.0861  	-0.0548  	0.03649  	0.40595  	-0.0179  	0.32157  	0.14173  	-0.7151  	0.14013  	0.12537  	0.22637  	0.27500  	-0.0544  	-0.7033  	-1.1356  	0.90859  	-0.1186  	0.36238  	-0.2830  	0.49436  	-0.1987  	-0.2534  	-0.6243  	0.19963  	-0.1585  	-0.1394  	-0.4978  	0.02638  	0.01376  	-0.1231  	-0.2055  	0.23334  	0.23777  	-0.0498  	0.14505  	0.34985  	0.04498  	-0.0222  	-0.1567  	0.27485  	0.04489  	0.03469  	0.02766  	-0.0185  	-0.0811  	-0.0472  	0.03481  	0.00612  	0.04667  	-0.0166  	0.02107  	0.01314  	0.00141  	0.02116  	0.01013  	-0.0388  	0.03907  	0.00370  	-0.0328  	0.02782  	0.00128  	-0.0060  	0.04130  	1.01827  	-0.0069  	-0.0242  	0.03589  	-0.0073  	0.02253  	-0.2797  	
-0.2364  	-0.0664  	-0.0508  	0.37719  	-0.0348  	0.27310  	0.13039  	-0.7308  	0.13694  	0.09153  	0.20269  	0.23170  	-0.0641  	-0.7236  	-1.1183  	0.83386  	-0.1061  	0.32185  	-0.2817  	0.47282  	-0.1572  	-0.2449  	-0.5997  	0.22368  	-0.1377  	-0.1384  	-0.4445  	-0.0015  	-0.0035  	-0.1216  	-0.2023  	0.24426  	0.22349  	-0.0605  	0.13980  	0.34127  	0.06749  	-0.0214  	-0.1713  	0.27101  	0.04188  	0.02542  	0.01737  	-0.0154  	-0.0745  	-0.0486  	0.03799  	-0.0094  	0.04002  	-0.0139  	0.01651  	0.01622  	-0.0001  	0.02264  	0.00882  	-0.0361  	0.03534  	0.00807  	-0.0274  	0.03268  	0.00137  	-0.0073  	0.03143  	0.00028  	-0.0069  	-0.0242  	0.03589  	-0.0073  	0.02253  	-0.2797  	
-0.3366  	-0.0799  	-0.0969  	0.33510  	-0.0791  	0.28100  	0.09985  	-0.7291  	0.10822  	-0.0110  	0.18264  	0.20311  	-0.0837  	-0.7337  	-0.9749  	0.76567  	-0.0560  	0.28706  	-0.2728  	0.41384  	-0.0916  	-0.2204  	-0.5319  	0.26815  	-0.1235  	-0.1414  	-0.3677  	-0.0990  	-0.0662  	-0.1378  	-0.2056  	0.26378  	0.20852  	-0.0557  	0.14856  	0.28860  	0.13614  	0.02143  	-0.1951  	0.22869  	0.04460  	0.02873  	0.01042  	-0.0240  	-0.0742  	-0.0484  	0.04290  	-0.0237  	0.03958  	-0.0135  	0.01593  	0.01655  	0.00177  	0.03224  	0.00948  	-0.0378  	0.03497  	0.00816  	-0.0238  	0.03259  	0.00363  	-0.0146  	0.03695  	-0.0037  	-0.0069  	-0.0242  	0.03589  	-0.0073  	0.02253  	-0.2797  	
-0.2498  	-0.0602  	-0.0203  	0.38392  	-0.0536  	0.31586  	0.07867  	-0.6886  	0.13016  	-0.0190  	0.20456  	0.23167  	-0.0835  	-0.7012  	-0.9888  	0.81302  	-0.0697  	0.26270  	-0.2642  	0.40913  	-0.0726  	-0.2213  	-0.5001  	0.26384  	-0.1802  	-0.1371  	-0.3740  	-0.1419  	-0.0954  	-0.1465  	-0.2162  	0.25928  	0.22682  	-0.0602  	0.15839  	0.27424  	0.15007  	0.02355  	-0.2029  	0.22900  	0.03292  	0.03648  	0.00430  	-0.0196  	-0.0798  	-0.0487  	0.03872  	-0.0074  	0.04089  	-0.0186  	0.00749  	0.01700  	0.00065  	0.03097  	0.01054  	-0.0374  	0.03244  	0.00197  	-0.0306  	0.02955  	0.00386  	-0.0099  	0.03495  	0.00072  	-0.0069  	-0.0242  	0.03589  	-0.0073  	0.02253  	-0.2797  	
-0.1162  	-0.0415  	0.01174  	0.45822  	0.00709  	0.33247  	0.12922  	-0.6975  	0.15781  	0.08893  	0.22706  	0.29462  	-0.0472  	-0.6829  	-1.0911  	0.87411  	-0.1273  	0.33074  	-0.2754  	0.47885  	-0.1231  	-0.2529  	-0.6030  	0.22920  	-0.1754  	-0.1410  	-0.4251  	-0.0251  	-0.0585  	-0.1291  	-0.2061  	0.24876  	0.23705  	-0.0459  	0.17520  	0.31918  	0.09728  	7.77989  	-0.1809  	0.23991  	0.02462  	0.03593  	0.01461  	-0.0248  	-0.0780  	-0.0501  	0.03651  	-0.0017  	0.04561  	-0.0201  	0.02062  	0.01654  	0.00232  	0.02421  	0.00931  	-0.0330  	0.03463  	0.00580  	-0.0286  	0.02945  	-0.0026  	-0.0072  	0.03523  	-0.0042  	-0.0069  	-0.0242  	0.03589  	-0.0073  	0.02253  	-0.2797  	
-0.0820  	-0.0336  	0.03239  	0.44482  	0.01772  	0.35225  	0.13571  	-0.6952  	0.15936  	0.10929  	0.23632  	0.28602  	-0.0433  	-0.6802  	-1.0928  	0.90399  	-0.1404  	0.33616  	-0.2797  	0.49586  	-0.1361  	-0.2554  	-0.6336  	0.19995  	-0.1525  	-0.1577  	-0.4409  	0.00439  	-0.0263  	-0.1181  	-0.2047  	0.24097  	0.23834  	-0.0460  	0.17624  	0.33290  	0.07881  	-0.0085  	-0.1639  	0.25246  	0.00949  	0.03745  	0.01775  	-0.0246  	-0.0809  	-0.0430  	0.03459  	-0.0011  	0.04342  	-0.0181  	0.02416  	0.01588  	0.00180  	0.02302  	0.00947  	-0.0332  	0.03797  	0.00652  	-0.0287  	0.02875  	-0.0011  	-0.0079  	0.03891  	-0.0043  	-0.0069  	-0.0242  	0.03589  	-0.0073  	0.02253  	-0.2797  	
-0.0926  	-0.0404  	0.03905  	0.38386  	-0.0163  	0.35485  	0.14813  	-0.7287  	0.15745  	0.12118  	0.24357  	0.28918  	-0.0419  	-0.7100  	-1.1456  	0.91045  	-0.1379  	0.34697  	-0.2747  	0.51232  	-0.1771  	-0.2652  	-0.6237  	0.19324  	-0.1656  	-0.1496  	-0.4668  	0.02585  	-0.0229  	-0.1252  	-0.1991  	0.22976  	0.24103  	-0.0445  	0.15112  	0.33366  	0.06522  	-0.0026  	-0.1603  	0.26378  	0.02997  	0.03566  	0.02166  	-0.0221  	-0.0856  	-0.0444  	0.03745  	0.00339  	0.04504  	-0.0133  	0.02233  	0.01725  	0.00084  	0.02464  	0.00868  	-0.0344  	0.03519  	0.00335  	-0.0314  	0.02865  	0.00047  	-0.0069  	0.03865  	-0.0066  	-0.0069  	-0.0242  	0.03589  	-0.0073  	0.02253  	-0.2797  	
-0.1202  	-0.0306  	0.03736  	0.33100  	-0.0668  	0.29270  	0.15225  	-0.7357  	0.13075  	0.11991  	0.19183  	0.23703  	-0.0339  	-0.6968  	-1.1685  	0.86757  	-0.1320  	0.35786  	-0.2970  	0.50476  	-0.2225  	-0.2615  	-0.6107  	0.17258  	-0.1733  	-0.1252  	-0.5143  	0.04925  	0.01992  	-0.1227  	-0.1918  	0.22755  	0.24531  	-0.0433  	0.11348  	0.35404  	0.03383  	-0.0224  	-0.1376  	0.27584  	0.05415  	0.02760  	0.01990  	-0.0218  	-0.0834  	-0.0465  	0.03953  	-0.0014  	0.04913  	-0.0129  	0.02146  	0.01403  	0.00063  	0.02424  	0.01086  	-0.0419  	0.03367  	0.00274  	-0.0312  	0.02694  	-0.0021  	-0.0037  	0.03694  	-0.0060  	-0.0069  	-0.0242  	0.03589  	-0.0073  	0.02253  	-0.2797  	
-0.3274  	-0.0818  	-0.0754  	0.32414  	-0.0574  	0.17919  	0.12845  	-0.7591  	0.12760  	0.12581  	0.20697  	0.19339  	-0.0061  	-0.6875  	-1.1502  	0.81848  	-0.1248  	0.29566  	-0.3117  	0.47506  	-0.1959  	-0.2541  	-0.6067  	0.20269  	-0.1283  	-0.1354  	-0.5037  	0.00681  	0.00224  	-0.1122  	-0.1855  	0.22730  	0.22698  	-0.0594  	0.14532  	0.35762  	0.04669  	-0.0385  	-0.1652  	0.25351  	0.05240  	0.03937  	0.01277  	-0.0278  	-0.0673  	-0.0445  	0.03949  	-0.0057  	0.04167  	-0.0195  	0.02139  	0.01400  	-0.0053  	0.02287  	0.00516  	-0.0353  	0.03662  	0.00707  	-0.0309  	0.02638  	-0.0006  	-0.0115  	0.04228  	-0.0022  	-0.0069  	-0.0242  	0.03589  	-0.0073  	0.02253  	-0.2797  	
-0.5075  	-0.1501  	-0.1740  	0.27696  	-0.0529  	0.09448  	0.09377  	-0.6992  	0.13981  	0.06136  	0.34174  	0.26349  	-0.0628  	-0.6398  	-1.0530  	0.67469  	-0.0821  	0.29195  	-0.2731  	0.48750  	-0.0659  	-0.2812  	-0.5919  	0.28530  	-0.1345  	-0.1273  	-0.4213  	-0.0835  	-0.0906  	-0.1538  	-0.1986  	0.22333  	0.25711  	-0.0595  	0.19700  	0.28203  	0.12777  	-0.0131  	-0.1814  	0.20633  	0.00137  	0.03696  	-0.0164  	-0.0438  	-0.0621  	-0.0469  	0.04209  	-0.0231  	0.03392  	-0.0218  	0.00219  	0.01450  	0.00146  	0.02422  	0.00303  	-0.0360  	0.03217  	0.00627  	-0.0290  	0.03424  	0.00563  	-0.0054  	0.03242  	-0.0013  	-0.0069  	-0.0242  	0.03589  	-0.0073  	0.02253  	-0.2797  	
-0.5313  	-0.1888  	-0.2214  	0.17223  	-0.1254  	0.00694  	0.04392  	-0.7038  	0.14198  	0.11523  	0.42054  	0.29972  	-0.0696  	-0.7032  	-1.0808  	0.69743  	-0.0553  	0.30139  	-0.2512  	0.48503  	-0.0307  	-0.2883  	-0.5295  	0.25693  	-0.2208  	-0.1035  	-0.4639  	-0.0965  	-0.1244  	-0.1753  	-0.1672  	0.21622  	0.25906  	-0.0630  	0.15252  	0.23896  	0.10707  	0.00579  	-0.1920  	0.20271  	0.00848  	0.02201  	-0.0068  	-0.0377  	-0.0690  	-0.0370  	0.04465  	-0.0230  	0.03091  	-0.0170  	0.00446  	0.01316  	-0.0002  	0.01896  	0.00222  	-0.0403  	0.02475  	0.00681  	-0.0350  	0.03628  	0.00713  	-0.0066  	0.03455  	-0.0017  	-0.0069  	-0.0242  	0.03589  	-0.0073  	0.02253  	-0.2797  	
-0.4936  	-0.1362  	-0.1422  	0.11252  	-0.1297  	0.10134  	0.10748  	-0.7399  	0.12473  	0.13712  	0.37663  	0.25632  	-0.0656  	-0.7180  	-1.1783  	0.72522  	-0.0482  	0.34161  	-0.2946  	0.49184  	-0.1474  	-0.2635  	-0.5306  	0.24620  	-0.2052  	-0.0993  	-0.4986  	-0.0503  	-0.0466  	-0.1781  	-0.1561  	0.20112  	0.26393  	-0.0518  	0.10131  	0.28558  	0.05339  	-0.0255  	-0.1494  	0.21832  	0.04826  	0.03622  	0.01368  	-0.0328  	-0.0741  	-0.0448  	0.04187  	-0.0035  	0.04211  	-0.0200  	0.00948  	0.01655  	-0.0047  	0.01999  	0.00778  	-0.0388  	0.03025  	0.00736  	-0.0299  	0.03120  	0.00588  	-0.0017  	0.03610  	-0.0037  	-0.0069  	-0.0242  	0.03589  	-0.0073  	0.02253  	-0.2797  	
-0.4641  	-0.0929  	-0.1110  	0.10659  	-0.1250  	0.24448  	0.11813  	-0.7524  	0.14104  	0.10184  	0.23603  	0.24299  	-0.0569  	-0.7971  	-1.2125  	0.75232  	-0.0704  	0.36659  	-0.2722  	0.46989  	-0.2547  	-0.2283  	-0.4973  	0.17871  	-0.1876  	-0.0909  	-0.5402  	0.04731  	0.04359  	-0.1589  	-0.1218  	0.19597  	0.24859  	-0.0500  	-0.0305  	0.29520  	0.00333  	-0.0393  	-0.1086  	0.23731  	0.08519  	0.00365  	0.05276  	-0.0045  	-0.0710  	-0.0517  	0.03403  	0.00848  	0.04076  	-0.0124  	0.00711  	0.01717  	-0.0017  	0.02131  	0.00302  	-0.0381  	0.03050  	0.00481  	-0.0284  	0.02663  	0.00854  	-0.0034  	0.04072  	-0.0077  	-0.0069  	-0.0242  	0.03589  	-0.0073  	0.02253  	-0.2797  	
-0.3738  	-0.0835  	-0.1637  	0.23099  	-0.0593  	0.26030  	0.08580  	-0.7368  	0.13591  	0.06141  	0.19711  	0.31023  	-0.0552  	-0.8117  	-1.0932  	0.77653  	-0.0523  	0.34927  	-0.2657  	0.45847  	-0.1763  	-0.2384  	-0.5049  	0.20484  	-0.1864  	-0.1015  	-0.4747  	0.00144  	0.01826  	-0.1483  	-0.1438  	0.19424  	0.24648  	-0.0525  	0.02015  	0.26995  	0.04182  	-0.0340  	-0.1184  	0.24210  	0.06736  	0.01629  	0.03754  	-0.0202  	-0.0787  	-0.0445  	0.03808  	0.00318  	0.02930  	-0.0080  	0.00338  	0.01751  	-0.0037  	0.02140  	0.00401  	-0.0383  	0.03049  	0.00366  	-0.0293  	0.02857  	0.00341  	-0.0040  	0.03633  	0.00029  	-0.0069  	-0.0242  	0.03589  	-0.0073  	0.02253  	-0.2797  	
-0.2231  	-0.0328  	-0.1034  	0.44117  	0.00729  	0.32140  	0.08456  	-0.6701  	0.13766  	-0.0177  	0.14121  	0.37822  	-0.0004  	-0.6674  	-0.9277  	0.75686  	-0.0417  	0.30231  	-0.2631  	0.45467  	-0.1082  	-0.2096  	-0.5112  	0.23347  	-0.2208  	-0.1024  	-0.4574  	-0.0458  	-0.0725  	-0.1422  	-0.1793  	0.20332  	0.26994  	-0.0527  	0.12208  	0.23356  	0.06670  	-0.0226  	-0.1434  	0.24663  	0.02958  	0.01764  	0.03066  	-0.0169  	-0.0810  	-0.0418  	0.04125  	-0.0010  	0.03526  	-0.0082  	0.01840  	0.01174  	-0.0037  	0.02114  	-0.0002  	-0.0301  	0.03163  	0.00080  	-0.0316  	0.03312  	0.00435  	-0.0001  	0.02942  	-0.0026  	-0.0069  	-0.0242  	0.03589  	-0.0073  	0.02253  	-0.2797  	
0.06019  	0.02739  	0.09392  	0.60435  	0.04452  	0.42097  	0.12905  	-0.5826  	0.18610  	0.01410  	0.08598  	0.35700  	0.05777  	-0.3717  	-0.7587  	0.80818  	-0.0743  	0.29380  	-0.2844  	0.41425  	0.00131  	-0.1993  	-0.5412  	0.28333  	-0.2402  	-0.1395  	-0.4272  	-0.1530  	-0.1426  	-0.1530  	-0.1828  	0.24266  	0.27401  	-0.0519  	0.21281  	0.20785  	0.14463  	-0.0065  	-0.1840  	0.25508  	0.01141  	0.01722  	0.03178  	-0.0186  	-0.0740  	-0.0453  	0.04395  	0.01281  	0.04414  	-0.0058  	0.00969  	0.01107  	-0.0047  	0.02066  	0.00256  	-0.0284  	0.02696  	0.00123  	-0.0344  	0.03095  	0.00188  	0.00832  	0.03444  	-0.0039  	-0.0069  	-0.0242  	0.03589  	-0.0073  	0.02253  	-0.2797  	
0.03554  	0.04093  	0.08900  	0.60747  	0.00627  	0.45652  	0.12753  	-0.5549  	0.21318  	-0.0053  	0.11684  	0.30514  	0.04547  	-0.4122  	-0.7738  	0.80300  	-0.0559  	0.27006  	-0.2625  	0.40211  	0.03824  	-0.1707  	-0.5352  	0.25643  	-0.2038  	-0.1309  	-0.4123  	-0.1600  	-0.1034  	-0.1456  	-0.2102  	0.22398  	0.28608  	-0.0625  	0.20231  	0.20453  	0.11497  	0.00118  	-0.1723  	0.22755  	0.02602  	0.01324  	0.02851  	-0.0177  	-0.0852  	-0.0505  	0.04125  	0.01055  	0.04838  	-0.0126  	0.01285  	0.01501  	-0.0043  	0.02713  	0.00500  	-0.0287  	0.02884  	0.00127  	-0.0333  	0.03145  	0.00228  	0.00469  	0.03243  	-0.0111  	-0.0069  	-0.0242  	0.03589  	-0.0073  	0.02253  	-0.2797  	
-0.1933  	0.01965  	0.01952  	0.40329  	-0.0416  	0.31077  	0.09950  	-0.6313  	0.18294  	0.06591  	0.19404  	0.31675  	0.01726  	-0.5437  	-0.9777  	0.81435  	-0.0942  	0.32975  	-0.2921  	0.45144  	-0.1117  	-0.2131  	-0.5551  	0.22177  	-0.2415  	-0.1180  	-0.4986  	-0.0551  	-0.0622  	-0.1577  	-0.1736  	0.21695  	0.28591  	-0.0592  	0.11263  	0.23157  	0.08298  	-0.0186  	-0.1610  	0.23733  	0.05492  	0.02491  	0.04180  	-0.0277  	-0.0851  	-0.0407  	0.03579  	-0.0018  	0.04111  	-0.0111  	0.00488  	0.01463  	0.00275  	0.02360  	0.00642  	-0.0337  	0.02812  	0.00192  	-0.0274  	0.02961  	0.00290  	0.00990  	0.02659  	0.00125  	-0.0069  	-0.0242  	0.03589  	-0.0073  	0.02253  	-0.2797  	
-0.2859  	-0.0541  	-0.0729  	0.37954  	-0.0353  	0.23280  	0.10286  	-0.6873  	0.15936  	0.08150  	0.20278  	0.29545  	0.01292  	-0.6125  	-1.0742  	0.78124  	-0.0884  	0.35358  	-0.2919  	0.48376  	-0.1899  	-0.2475  	-0.5708  	0.21214  	-0.2217  	-0.1123  	-0.5263  	0.03037  	-0.0017  	-0.1390  	-0.1720  	0.21498  	0.26906  	-0.0511  	0.08127  	0.27323  	0.02202  	-0.0358  	-0.1366  	0.26253  	0.06716  	0.01624  	0.03176  	-0.0188  	-0.0836  	-0.0421  	0.04227  	-0.0023  	0.03636  	-0.0109  	0.00665  	0.01559  	-0.0019  	0.02289  	0.00456  	-0.0346  	0.02595  	0.00039  	-0.0337  	0.03007  	0.00870  	0.00589  	0.02222  	-0.0049  	-0.0069  	-0.0242  	0.03589  	-0.0073  	0.02253  	-0.2797  	
-0.3980  	-0.0861  	-0.1501  	0.25688  	-0.0639  	0.17221  	0.10509  	-0.7115  	0.12354  	0.08331  	0.29102  	0.26566  	-0.0676  	-0.6928  	-1.1108  	0.72533  	-0.0900  	0.32413  	-0.2770  	0.48233  	-0.1403  	-0.2551  	-0.5552  	0.20956  	-0.1614  	-0.1156  	-0.4537  	-0.0249  	-0.0263  	-0.1462  	-0.1740  	0.20826  	0.23230  	-0.0575  	0.11249  	0.28783  	0.07357  	-0.0217  	-0.1508  	0.23343  	0.04063  	0.02665  	0.01182  	-0.0275  	-0.0685  	-0.0455  	0.03619  	-0.0116  	0.03326  	-0.0111  	0.01259  	0.01617  	-0.0036  	0.01962  	0.00681  	-0.0335  	0.03091  	0.00521  	-0.0283  	0.02850  	0.00433  	-0.0009  	0.02993  	-0.0051  	-0.0069  	-0.0242  	0.03589  	-0.0073  	0.02253  	-0.2797  	
-0.2415  	-0.0763  	-0.0712  	0.43782  	-0.0010  	0.30166  	0.11343  	-0.7103  	0.13484  	0.03023  	0.16334  	0.31151  	-0.0410  	-0.6931  	-1.0354  	0.81202  	-0.0812  	0.32347  	-0.2794  	0.44896  	-0.1917  	-0.2365  	-0.5740  	0.23938  	-0.1612  	-0.1144  	-0.4343  	0.02599  	-0.0042  	-0.1228  	-0.1941  	0.24278  	0.22583  	-0.0408  	0.09078  	0.30532  	0.03932  	-0.0092  	-0.1623  	0.26124  	0.02954  	0.02233  	0.02392  	-0.0194  	-0.0860  	-0.0530  	0.03843  	-0.0017  	0.04095  	-0.0205  	0.01127  	0.01629  	0.00013  	0.02673  	0.01055  	-0.0392  	0.03624  	0.00460  	-0.0277  	0.02833  	0.00273  	-0.0040  	0.03503  	-0.0023  	-0.0069  	-0.0242  	0.03589  	-0.0073  	0.02253  	-0.2797  	
-0.1310  	-0.0755  	-0.0231  	0.56347  	0.09426  	0.26035  	0.13467  	-0.7500  	0.12611  	0.10704  	0.13472  	0.36619  	-0.0359  	-0.7287  	-1.0666  	0.90245  	-0.1138  	0.36165  	-0.2863  	0.51046  	-0.2664  	-0.2328  	-0.6584  	0.21334  	-0.1413  	-0.1365  	-0.4954  	0.07287  	0.02039  	-0.1110  	-0.1999  	0.22890  	0.21749  	-0.0477  	0.10588  	0.34722  	0.01130  	-0.0330  	-0.1380  	0.27343  	0.04983  	0.02221  	0.03031  	-0.0189  	-0.0752  	-0.0450  	0.03966  	0.01100  	0.04981  	-0.0187  	0.02201  	0.01504  	0.00247  	0.02060  	0.00996  	-0.0394  	0.04188  	0.00567  	-0.0292  	0.03216  	-0.0037  	-0.0106  	0.03682  	-0.0045  	-0.0069  	-0.0242  	0.03589  	-0.0073  	0.02253  	-0.2797  	
-0.1002  	-0.0599  	0.00161  	0.57217  	0.12063  	0.28771  	0.17179  	-0.7228  	0.16487  	0.14434  	0.13510  	0.36204  	-0.0345  	-0.6926  	-1.0942  	0.94351  	-0.1420  	0.37773  	-0.2936  	0.52372  	-0.2867  	-0.2242  	-0.6964  	0.20404  	-0.0985  	-0.1396  	-0.4721  	0.09365  	0.08407  	-0.0940  	-0.2280  	0.23744  	0.22655  	-0.0404  	0.10291  	0.36815  	-0.0221  	-0.0350  	-0.1248  	0.28559  	0.03469  	0.03809  	0.03714  	-0.0177  	-0.0882  	-0.0448  	0.03269  	0.02239  	0.05599  	-0.0221  	0.02725  	0.01192  	-0.0011  	0.02405  	0.01155  	-0.0330  	0.03986  	0.00618  	-0.0260  	0.03326  	-0.0023  	-0.0117  	0.03658  	-0.0010  	-0.0069  	-0.0242  	0.03589  	-0.0073  	0.02253  	-0.2797  	
-0.1251  	-0.0411  	-0.0484  	0.48367  	0.08010  	0.32057  	0.14238  	-0.7486  	0.14905  	0.11364  	0.12815  	0.29044  	-0.0473  	-0.7183  	-1.1017  	0.90162  	-0.1146  	0.35271  	-0.2672  	0.49985  	-0.2340  	-0.2330  	-0.6721  	0.22504  	-0.0587  	-0.1501  	-0.4212  	0.07057  	0.04075  	-0.0827  	-0.2159  	0.26012  	0.20767  	-0.0437  	0.11019  	0.38130  	0.02292  	-0.0244  	-0.1378  	0.26195  	0.02490  	0.02993  	0.02582  	-0.0210  	-0.0813  	-0.0456  	0.02966  	0.00653  	0.05065  	-0.0228  	0.02468  	0.01459  	0.00578  	0.02739  	0.01062  	-0.0363  	0.04014  	0.00652  	-0.0220  	0.03162  	-0.0021  	-0.0153  	0.03670  	-0.0052  	-0.0069  	-0.0242  	0.03589  	-0.0073  	0.02253  	-0.2797  	
-0.1375  	-0.0318  	-0.0986  	0.61450  	0.10643  	0.36376  	0.13024  	-0.7191  	0.11496  	0.01573  	0.07504  	0.29927  	-0.0427  	-0.5913  	-0.9940  	0.79649  	-0.0825  	0.29736  	-0.2757  	0.45878  	-0.1322  	-0.2036  	-0.6096  	0.30139  	-0.0706  	-0.1539  	-0.3341  	-0.0058  	-0.0117  	-0.0785  	-0.2481  	0.25636  	0.21589  	-0.0589  	0.16819  	0.32635  	0.05567  	-0.0212  	-0.1562  	0.25372  	-0.0214  	0.04798  	0.01295  	-0.0216  	-0.0739  	-0.0452  	0.03218  	0.00824  	0.05314  	-0.0228  	0.02674  	0.01373  	0.00168  	0.02582  	0.00805  	-0.0304  	0.04185  	0.00783  	-0.0197  	0.03199  	-0.0067  	-0.0123  	0.03466  	-0.0059  	-0.0069  	-0.0242  	0.03589  	-0.0073  	0.02253  	-0.2797  	
-0.0577  	-0.0134  	-0.0760  	0.73607  	0.16500  	0.41023  	0.11117  	-0.6535  	0.14317  	-0.0234  	0.03124  	0.33216  	0.01312  	-0.4806  	-0.7279  	0.75154  	-0.0967  	0.22868  	-0.2974  	0.42126  	-0.0640  	-0.1695  	-0.5771  	0.32843  	-0.1216  	-0.1556  	-0.3222  	-0.1047  	-0.0724  	-0.0854  	-0.2361  	0.24289  	0.22867  	-0.0551  	0.24292  	0.24772  	0.09062  	-0.0277  	-0.1802  	0.26581  	-0.0593  	0.03939  	-0.0071  	-0.0148  	-0.0764  	-0.0413  	0.03359  	-0.0110  	0.05372  	-0.0175  	0.02068  	0.01001  	-0.0015  	0.02366  	0.00426  	-0.0308  	0.03464  	0.00521  	-0.0219  	0.03475  	-0.0023  	-0.0043  	0.03289  	-0.0102  	-0.0069  	-0.0242  	0.03589  	-0.0073  	0.02253  	-0.2797  	
0.01035  	-0.0126  	-0.0035  	0.81899  	0.19478  	0.49394  	0.11585  	-0.6261  	0.17605  	-0.0025  	0.01846  	0.37867  	0.05121  	-0.4608  	-0.7885  	0.84724  	-0.1208  	0.28123  	-0.2979  	0.48743  	-0.1066  	-0.2205  	-0.6268  	0.28615  	-0.1069  	-0.1549  	-0.3957  	0.00204  	-0.0112  	-0.0777  	-0.2313  	0.22372  	0.26029  	-0.0466  	0.21361  	0.23190  	0.05106  	-0.0390  	-0.1443  	0.27778  	-0.0441  	0.04203  	0.00373  	-0.0213  	-0.0745  	-0.0477  	0.02789  	0.01225  	0.05100  	-0.0089  	0.02570  	0.01030  	-0.0075  	0.02572  	0.00699  	-0.0275  	0.03639  	0.00565  	-0.0242  	0.03024  	-0.0067  	-0.0028  	0.03351  	-0.0117  	-0.0069  	-0.0242  	0.03589  	-0.0073  	0.02253  	-0.2797  	
-0.0251  	-0.0123  	-0.0405  	0.88096  	0.24266  	0.46405  	0.10921  	-0.6688  	0.17255  	0.04710  	-0.0050  	0.40237  	0.08214  	-0.4569  	-0.8443  	0.85481  	-0.1453  	0.30483  	-0.2931  	0.51880  	-0.2229  	-0.2050  	-0.7223  	0.26834  	-0.0805  	-0.1517  	-0.4415  	0.10087  	0.04954  	-0.0701  	-0.2237  	0.22210  	0.25939  	-0.0423  	0.18184  	0.27256  	-0.0077  	-0.0627  	-0.1150  	0.29622  	-0.0287  	0.03581  	-0.0023  	-0.0290  	-0.0763  	-0.0458  	0.03058  	0.01889  	0.05291  	-0.0059  	0.02984  	0.01192  	-0.0129  	0.01996  	0.01253  	-0.0376  	0.04195  	0.00748  	-0.0238  	0.02896  	-0.0060  	-0.0065  	0.04278  	-0.0067  	-0.0069  	-0.0242  	0.03589  	-0.0073  	0.02253  	-0.2797  	
-0.0487  	0.01110  	-0.0960  	0.87356  	0.30074  	0.42374  	0.13355  	-0.6502  	0.18361  	0.04533  	0.02665  	0.44643  	0.07367  	-0.3690  	-0.8277  	0.85266  	-0.1447  	0.28838  	-0.3019  	0.52931  	-0.1888  	-0.1848  	-0.7217  	0.25995  	-0.0804  	-0.1406  	-0.4251  	0.08530  	0.05997  	-0.0480  	-0.2414  	0.21412  	0.26210  	-0.0317  	0.17801  	0.26637  	-0.0041  	-0.0608  	-0.0992  	0.27845  	-0.0487  	0.05545  	0.00811  	-0.0350  	-0.0780  	-0.0488  	0.03362  	0.01515  	0.05754  	-0.0136  	0.01905  	0.01111  	-0.0050  	0.02828  	0.00645  	-0.0305  	0.03752  	0.00455  	-0.0241  	0.02275  	-0.0057  	-0.0103  	0.03055  	-0.0012  	-0.0069  	-0.0242  	0.03589  	-0.0073  	0.02253  	-0.2797  	
-0.1540  	-0.0249  	-0.2117  	0.87057  	0.33322  	0.35009  	0.12492  	-0.6062  	0.17311  	-0.0048  	0.00929  	0.50418  	0.09035  	-0.3433  	-0.7487  	0.79955  	-0.1366  	0.29446  	-0.2823  	0.51327  	-0.1768  	-0.2141  	-0.7150  	0.22984  	-0.1044  	-0.1376  	-0.4262  	0.08911  	0.05960  	-0.0465  	-0.2190  	0.19722  	0.28064  	-0.0231  	0.21078  	0.25572  	-0.0070  	-0.0662  	-0.1235  	0.25739  	-0.0783  	0.07021  	-0.0205  	-0.0394  	-0.0743  	-0.0455  	0.03900  	0.00750  	0.06598  	-0.0099  	0.02434  	0.01033  	-0.0080  	0.02255  	0.00313  	-0.0203  	0.03876  	0.00218  	-0.0172  	0.02365  	-0.0025  	-0.0054  	0.01869  	-0.0127  	-0.0069  	-0.0242  	0.03589  	-0.0073  	0.02253  	-0.2797  	
-0.1552  	-0.0164  	-0.1440  	0.76129  	0.22581  	0.41805  	0.11205  	-0.5986  	0.17813  	-0.0214  	0.01280  	0.49058  	0.04885  	-0.3967  	-0.7513  	0.79673  	-0.1107  	0.31055  	-0.2709  	0.50030  	-0.1488  	-0.2034  	-0.6439  	0.26460  	-0.1158  	-0.1307  	-0.4217  	0.05788  	0.04503  	-0.0814  	-0.2236  	0.19859  	0.27132  	-0.0363  	0.17610  	0.24400  	0.01639  	-0.0501  	-0.1251  	0.26579  	-0.0666  	0.05427  	-0.0133  	-0.0197  	-0.0706  	-0.0470  	0.04255  	0.01147  	0.04773  	-0.0137  	0.01257  	0.01143  	-0.0035  	0.02302  	0.00085  	-0.0281  	0.03788  	0.00405  	-0.0235  	0.02568  	-0.0017  	-0.0108  	0.02129  	-0.0126  	-0.0069  	-0.0242  	0.03589  	-0.0073  	0.02253  	-0.2797  	
-0.0216  	0.01687  	0.01851  	0.64746  	0.08019  	0.43058  	0.10857  	-0.6260  	0.18022  	-0.0218  	0.04343  	0.35973  	0.03563  	-0.4717  	-0.7217  	0.77888  	-0.0804  	0.27496  	-0.2851  	0.44058  	-0.0352  	-0.2002  	-0.5373  	0.30062  	-0.1845  	-0.1395  	-0.4070  	-0.1133  	-0.1093  	-0.1189  	-0.2161  	0.23719  	0.27371  	-0.0544  	0.20165  	0.19871  	0.11490  	-0.0149  	-0.1634  	0.24444  	-0.0048  	0.03718  	0.01451  	-0.0188  	-0.0800  	-0.0463  	0.03405  	0.00803  	0.04833  	-0.0215  	0.01120  	0.01579  	-0.0031  	0.02859  	0.00299  	-0.0288  	0.03199  	0.00869  	-0.0261  	0.02538  	0.00182  	-0.0019  	0.02182  	-0.0049  	-0.0069  	-0.0242  	0.03589  	-0.0073  	0.02253  	-0.2797  	
0.09374  	0.07433  	0.17185  	0.60079  	0.01241  	0.47601  	0.13067  	-0.5489  	0.21486  	-0.0055  	0.14648  	0.33228  	0.01085  	-0.4568  	-0.7606  	0.84833  	-0.0817  	0.24468  	-0.2755  	0.41494  	0.10719  	-0.1931  	-0.4950  	0.31733  	-0.2001  	-0.1581  	-0.3343  	-0.2534  	-0.2163  	-0.1453  	-0.1977  	0.25880  	0.27488  	-0.0626  	0.24256  	0.17125  	0.21474  	0.01216  	-0.1994  	0.22147  	-0.0145  	0.03283  	0.01123  	-0.0117  	-0.0713  	-0.0447  	0.03403  	0.00457  	0.05270  	-0.0097  	0.00577  	0.01465  	0.00082  	0.02607  	0.00533  	-0.0224  	0.02926  	0.00684  	-0.0320  	0.03310  	0.00735  	0.00519  	0.03492  	-0.0055  	-0.0069  	-0.0242  	0.03589  	-0.0073  	0.02253  	-0.2797  	
0.18425  	0.07636  	0.19574  	0.56134  	0.01109  	0.46055  	0.12611  	-0.5292  	0.22387  	0.01916  	0.21997  	0.38957  	0.00227  	-0.4798  	-0.8707  	0.91768  	-0.1010  	0.24157  	-0.2830  	0.44593  	0.11521  	-0.2002  	-0.5316  	0.27177  	-0.2052  	-0.1573  	-0.3777  	-0.2192  	-0.2228  	-0.1469  	-0.2064  	0.26066  	0.28713  	-0.0582  	0.22678  	0.18085  	0.22331  	0.02694  	-0.1856  	0.20000  	-0.0147  	0.02713  	0.01892  	-0.0217  	-0.0785  	-0.0378  	0.03451  	0.01551  	0.05623  	-0.0139  	0.01163  	0.01610  	0.00371  	0.02560  	0.00602  	-0.0208  	0.02624  	-0.0003  	-0.0297  	0.03681  	0.00643  	-0.0008  	0.03936  	-0.0079  	-0.0069  	-0.0242  	0.03589  	-0.0073  	0.02253  	-0.2797  	
0.13946  	0.03295  	0.25148  	0.55818  	0.04969  	0.43063  	0.10595  	-0.5206  	0.20127  	0.03507  	0.22912  	0.36445  	0.06300  	-0.4843  	-0.9580  	0.94894  	-0.0456  	0.12337  	-0.2323  	0.25819  	0.15344  	-0.4241  	-0.7839  	0.27826  	-0.2007  	-0.0927  	-0.3834  	-0.2511  	-0.1471  	-0.1415  	-0.0944  	0.20918  	0.20689  	-0.1912  	0.17107  	0.18257  	0.14230  	0.00603  	-0.2848  	0.12826  	0.07327  	0.12975  	-0.0568  	0.03755  	-0.1269  	-0.0196  	0.01861  	0.02468  	0.04411  	-0.0297  	0.02270  	0.01500  	0.00676  	0.03126  	0.00650  	-0.0282  	0.02802  	-0.0014  	-0.0325  	0.03810  	0.00690  	-0.0121  	0.02992  	-0.0051  	-0.0069  	-0.0242  	0.03589  	-0.0073  	0.02253  	-0.2797  	
-0.1437  	-0.0117  	0.06051  	0.53648  	0.05500  	0.29726  	0.09360  	-0.5601  	0.14448  	0.04123  	0.27921  	0.35386  	0.08591  	-0.6361  	-0.9437  	0.78562  	-0.0124  	0.07684  	-0.1702  	0.12966  	0.05642  	-0.5629  	-0.9400  	0.28981  	-0.2532  	0.00135  	-0.4159  	-0.2198  	0.00080  	-0.1644  	-0.0019  	0.16290  	0.15302  	-0.2857  	0.10976  	0.22286  	-0.0149  	-0.0103  	-0.3480  	0.11892  	0.11129  	0.22279  	-0.1550  	0.09237  	-0.1572  	-0.0155  	0.00039  	0.02641  	0.02223  	-0.0248  	0.02891  	0.01987  	0.00223  	0.05208  	0.01189  	-0.0380  	0.03197  	-0.0104  	-0.0250  	0.03633  	0.00987  	-0.0135  	0.00998  	-0.0049  	-0.0069  	-0.0242  	0.03589  	-0.0073  	0.02253  	-0.2797  	
-0.3186  	-0.0728  	-0.0290  	0.37123  	-0.0516  	0.19065  	0.06308  	-0.6332  	0.07209  	0.00604  	0.25254  	0.28262  	0.01240  	-0.8276  	-1.0148  	0.63874  	0.06850  	0.09507  	-0.1660  	0.05378  	-0.0260  	-0.6038  	-0.9732  	0.21652  	-0.2647  	0.03994  	-0.4361  	-0.1697  	0.13548  	-0.1684  	-0.0005  	0.14690  	0.07285  	-0.3218  	-0.0088  	0.26055  	-0.0835  	-0.0095  	-0.3347  	0.10128  	0.17327  	0.22275  	-0.1716  	0.10582  	-0.1649  	-0.0147  	-0.0005  	0.01903  	0.00576  	-0.0394  	0.02418  	0.02209  	0.00564  	0.05104  	0.01687  	-0.0397  	0.03505  	-0.0133  	-0.0264  	0.04841  	0.01340  	-0.0159  	0.00387  	-0.0029  	-0.0069  	-0.0242  	0.03589  	-0.0073  	0.02253  	-0.2797  	
-0.3385  	-0.0686  	-0.0266  	0.33333  	-0.0605  	0.21394  	0.04770  	-0.6283  	0.09062  	-0.0110  	0.24727  	0.25840  	-0.0042  	-0.8308  	-0.9865  	0.66801  	0.07535  	0.08350  	-0.1778  	0.08002  	-0.0416  	-0.5590  	-0.8800  	0.21164  	-0.2673  	0.03278  	-0.4472  	-0.1596  	0.10321  	-0.1677  	-0.0180  	0.15421  	0.08642  	-0.2950  	-0.0189  	0.24655  	-0.0466  	0.00099  	-0.3291  	0.11121  	0.17128  	0.20947  	-0.1468  	0.09598  	-0.1593  	-0.0183  	0.00573  	0.01849  	0.01125  	-0.0352  	0.01403  	0.02568  	0.00494  	0.04590  	0.01615  	-0.0431  	0.02862  	-0.0113  	-0.0264  	0.04148  	0.01430  	-0.0089  	0.00984  	0.00108  	-0.0069  	-0.0242  	0.03589  	-0.0073  	0.02253  	-0.2797  	
-0.2890  	-0.0514  	-0.0232  	0.35516  	-0.0597  	0.25706  	0.06475  	-0.6649  	0.13462  	0.01354  	0.19675  	0.28917  	0.00549  	-0.7647  	-1.0357  	0.74277  	0.01028  	0.18731  	-0.2197  	0.24120  	-0.1008  	-0.4201  	-0.7172  	0.1805  	-0.2705  	-0.0238  	-0.4909  	-0.0487  	0.05214  	-0.1761  	-0.0849  	0.18179  	0.17404  	-0.1833  	0.00839  	0.25126  	-0.0073  	-0.0085  	-0.2470  	0.17510  	0.13206  	0.12943  	-0.0526  	0.04451  	-0.1290  	-0.0306  	0.02000  	0.01869  	0.02174  	-0.0175  	0.01148  	0.02056  	-0.0007  	0.03682  	0.01013  	-0.0393  	0.02730  	-0.0067  	-0.0253  	0.03442  	0.00787  	-0.0029  	0.02081  	-0.0001  	-0.0069  	-0.0242  	0.03589  	-0.0073  	0.02253  	-0.2797  	
-0.1838  	-0.0423  	0.00501  	0.38177  	-0.0539  	0.30358  	0.13384  	-0.6573  	0.16686  	0.05766  	0.19460  	0.27228  	-0.0073  	-0.6557  	-1.0677  	0.83348  	-0.1218  	0.35208  	-0.2780  	0.50113  	-0.1741  	-0.2359  	-0.5866  	0.16668  	-0.1957  	-0.1286  	-0.4933  	0.01743  	-0.0105  	-0.1430  	-0.1916  	0.21817  	0.26144  	-0.0496  	0.11902  	0.29431  	0.06216  	-0.0048  	-0.1613  	0.24122  	0.05650  	0.02938  	0.03491  	-0.0161  	-0.0822  	-0.0458  	0.04352  	0.00935  	0.03921  	-0.0264  	0.01515  	0.01400  	0.00166  	0.02183  	0.00767  	-0.0396  	0.03709  	0.00575  	-0.0281  	0.02859  	0.00444  	-0.0059  	0.03956  	0.00111  	-0.0069  	-0.0242  	0.03589  	-0.0073  	0.02253  	-0.2797  	
-0.1790  	-0.0452  	-0.0433  	0.41191  	-0.0139  	0.30371  	0.11294  	-0.6981  	0.14506  	0.03266  	0.21380  	0.27889  	-0.0523  	-0.6560  	-1.0301  	0.80991  	-0.1071  	0.31121  	-0.2760  	0.48498  	-0.1020  	-0.2471  	-0.5809  	0.19534  	-0.1798  	-0.1320  	-0.4457  	-0.0239  	-0.0431  	-0.1306  	-0.1954  	0.23011  	0.24240  	-0.0490  	0.16051  	0.30476  	0.10242  	-0.0066  	-0.1815  	0.22854  	0.03799  	0.03685  	0.01964  	-0.0183  	-0.0713  	-0.0443  	0.04038  	-0.0044  	0.03681  	-0.0193  	0.01463  	0.01543  	0.00250  	0.02014  	0.01057  	-0.0366  	0.03689  	0.00975  	-0.0277  	0.02616  	0.00208  	-0.0064  	0.04368  	0.00052  	-0.0069  	-0.0242  	0.03589  	-0.0073  	0.02253  	-0.2797  	
-0.1471  	-0.0366  	-0.0319  	0.44872  	-0.0108  	0.32263  	0.10078  	-0.6801  	0.13685  	-0.0253  	0.22244  	0.27524  	-0.0680  	-0.6528  	-0.9179  	0.78982  	-0.0910  	0.26327  	-0.2737  	0.40712  	-0.0274  	-0.2122  	-0.5268  	0.26353  	-0.1851  	-0.1295  	-0.3923  	-0.1452  	-0.1384  	-0.1359  	-0.2082  	0.25313  	0.25029  	-0.0630  	0.21292  	0.24716  	0.18813  	0.00603  	-0.2158  	0.20611  	0.02116  	0.04495  	0.00573  	-0.0319  	-0.0718  	-0.0437  	0.03865  	-0.0085  	0.03602  	-0.0135  	0.01190  	0.01549  	0.00160  	0.02423  	0.00594  	-0.0357  	0.03760  	0.00781  	-0.0307  	0.02745  	0.00232  	-0.0067  	0.04043  	-0.0001  	-0.0069  	-0.0242  	0.03589  	-0.0073  	0.02253  	-0.2797  	
-0.1080  	-0.0268  	-0.0358  	0.47151  	0.02225  	0.34016  	0.12523  	-0.6768  	0.15826  	0.00514  	0.19032  	0.29271  	-0.0303  	-0.6097  	-0.9404  	0.79589  	-0.1042  	0.30487  	-0.2848  	0.46103  	-0.0785  	-0.2127  	-0.5699  	0.22509  	-0.1848  	-0.1256  	-0.4659  	-0.0418  	-0.0775  	-0.1329  	-0.2091  	0.23084  	0.26395  	-0.0552  	0.17245  	0.25300  	0.11366  	-0.0072  	-0.1804  	0.23409  	0.01784  	0.04088  	0.01844  	-0.0266  	-0.0764  	-0.0467  	0.04185  	-0.0146  	0.04090  	-0.0161  	0.01517  	0.01373  	-0.0028  	0.02316  	0.00602  	-0.0361  	0.03571  	0.00595  	-0.0285  	0.02821  	-0.0016  	-0.0023  	0.03627  	-0.0020  	-0.0069  	-0.0242  	0.03589  	-0.0073  	0.02253  	-0.2797  	
-0.0758  	0.00214  	0.02579  	0.48269  	0.02049  	0.33734  	0.15404  	-0.6648  	0.20686  	0.07685  	0.21466  	0.33594  	0.01243  	-0.5256  	-1.0057  	0.86968  	-0.1180  	0.33565  	-0.2887  	0.45495  	-0.1469  	-0.2505  	-0.6048  	0.18475  	-0.1860  	-0.1307  	-0.5311  	0.01394  	-0.0250  	-0.1320  	-0.1936  	0.22010  	0.28158  	-0.0530  	0.13761  	0.25638  	0.07047  	-0.0279  	-0.1466  	0.24671  	0.05347  	0.02928  	0.03788  	-0.0413  	-0.0835  	-0.0452  	0.04213  	0.01752  	0.05100  	-0.0084  	0.01860  	0.01394  	-0.0002  	0.02347  	0.00897  	-0.0320  	0.03005  	0.00127  	-0.0296  	0.03298  	0.00641  	0.00456  	0.04438  	0.00195  	-0.0069  	-0.0242  	0.03589  	-0.0073  	0.02253  	-0.2797  	
-0.3004  	-0.0517  	-0.0948  	0.39023  	0.02203  	0.20912  	0.12974  	-0.7058  	0.16787  	0.08922  	0.30536  	0.35312  	-0.0258  	-0.5473  	-1.0405  	0.75845  	-0.1071  	0.31681  	-0.2855  	0.50488  	-0.1097  	-0.2463  	-0.5923  	0.26974  	-0.1592  	-0.1328  	-0.4710  	-0.0490  	-0.0725  	-0.1366  	-0.1716  	0.20675  	0.26727  	-0.0534  	0.17116  	0.27012  	0.08053  	-0.0259  	-0.1755  	0.23708  	0.00304  	0.03193  	-0.0021  	-0.0338  	-0.0695  	-0.0437  	0.04379  	-0.0077  	0.04632  	-0.0155  	0.01459  	0.00952  	-0.0032  	0.02360  	0.00525  	-0.0394  	0.03483  	0.00927  	-0.0306  	0.03295  	0.00294  	-0.0030  	0.03967  	-0.0008  	-0.0069  	-0.0242  	0.03589  	-0.0073  	0.02253  	-0.2797  	
-0.4251  	-0.1189  	-0.1693  	0.30890  	-0.0226  	0.14090  	0.11007  	-0.6986  	0.13428  	0.08256  	0.33460  	0.32194  	-0.0693  	-0.6901  	-1.0645  	0.69666  	-0.0868  	0.31875  	-0.2741  	0.49130  	-0.0882  	-0.2701  	-0.5874  	0.24387  	-0.2085  	-0.1264  	-0.4377  	-0.0547  	-0.0671  	-0.1583  	-0.1967  	0.22242  	0.26406  	-0.0464  	0.15226  	0.27180  	0.08072  	-0.0055  	-0.1748  	0.23501  	0.01542  	0.02533  	-0.0060  	-0.0415  	-0.0646  	-0.0444  	0.04585  	-0.0157  	0.02957  	-0.0112  	0.00338  	0.01576  	-0.0004  	0.02846  	0.00460  	-0.0409  	0.03167  	0.00298  	-0.0334  	0.03282  	0.00507  	-0.0060  	0.03368  	-0.0023  	-0.0069  	-0.0242  	0.03589  	-0.0073  	0.02253  	-0.2797  	
-0.4003  	-0.0915  	-0.1157  	0.18355  	-0.1090  	0.20551  	0.11323  	-0.7137  	0.13896  	0.07884  	0.28669  	0.23863  	-0.0583  	-0.7232  	-1.1021  	0.73362  	-0.0711  	0.29461  	-0.2673  	0.45708  	-0.0989  	-0.2387  	-0.4977  	0.24033  	-0.1849  	-0.1066  	-0.4308  	-0.0713  	-0.0596  	-0.1510  	-0.1757  	0.21228  	0.23710  	-0.0578  	0.09977  	0.26856  	0.09701  	-0.0077  	-0.1785  	0.23672  	0.05467  	0.02463  	0.02468  	-0.0210  	-0.0720  	-0.0466  	0.04578  	-0.0148  	0.03588  	-0.0131  	-0.0011  	0.01473  	-0.0008  	0.02923  	0.00209  	-0.0384  	0.02726  	0.00381  	-0.0312  	0.02991  	0.00725  	-0.0032  	0.03094  	-0.0083  	-0.0069  	-0.0242  	0.03589  	-0.0073  	0.02253  	-0.2797  	
-0.2913  	-0.0712  	-0.0490  	0.32537  	-0.0504  	0.28302  	0.10910  	-0.7140  	0.15658  	0.06036  	0.19616  	0.29539  	-0.0523  	-0.7340  	-1.0995  	0.80161  	-0.0616  	0.31464  	-0.2761  	0.45181  	-0.1548  	-0.2519  	-0.5438  	0.22481  	-0.1935  	-0.1042  	-0.4411  	-0.0141  	-0.0370  	-0.1544  	-0.1754  	0.23123  	0.25836  	-0.0456  	0.09536  	0.28269  	0.06142  	-0.0258  	-0.1628  	0.24106  	0.05592  	0.01829  	0.03469  	-0.0109  	-0.0745  	-0.0457  	0.03575  	-0.0040  	0.03666  	-0.0172  	0.01035  	0.01445  	-0.0012  	0.02245  	0.00415  	-0.0404  	0.03091  	0.00623  	-0.0298  	0.02688  	0.00311  	0.00489  	0.03938  	-0.0017  	-0.0069  	-0.0242  	0.03589  	-0.0073  	0.02253  	-0.2797  	
-0.1883  	-0.0326  	0.02608  	0.40531  	-0.0119  	0.26810  	0.10939  	-0.6918  	0.16285  	0.14021  	0.19648  	0.34990  	-0.0479  	-0.7372  	-1.1282  	0.87169  	-0.1146  	0.35347  	-0.2800  	0.49781  	-0.1866  	-0.2544  	-0.5811  	0.17574  	-0.2152  	-0.1104  	-0.5193  	0.03046  	-0.0102  	-0.1421  	-0.1784  	0.21739  	0.24625  	-0.0420  	0.09732  	0.29930  	0.03477  	-0.0261  	-0.1534  	0.26741  	0.05396  	0.03347  	0.03722  	-0.0105  	-0.0820  	-0.0441  	0.04078  	0.00536  	0.04227  	-0.0220  	0.01982  	0.01392  	0.00127  	0.02079  	0.01092  	-0.0399  	0.03575  	0.00392  	-0.0252  	0.02693  	-0.0018  	-0.0028  	0.03380  	0.00010  	-0.0069  	-0.0242  	0.03589  	-0.0073  	0.02253  	-0.2797  	
-0.2296  	-0.0697  	-0.0557  	0.38940  	-0.0418  	0.28006  	0.09682  	-0.7345  	0.12541  	0.06120  	0.26982  	0.27890  	-0.0859  	-0.7869  	-1.0986  	0.84973  	-0.0911  	0.31186  	-0.2628  	0.45954  	-0.1164  	-0.2693  	-0.5999  	0.23987  	-0.1657  	-0.1393  	-0.4338  	-0.0162  	-0.0579  	-0.1442  	-0.1993  	0.25345  	0.22459  	-0.0638  	0.14189  	0.31598  	0.10300  	-0.0172  	-0.1786  	0.24336  	0.03205  	0.01891  	0.01741  	-0.0140  	-0.0690  	-0.0445  	0.03932  	-0.0119  	0.04053  	-0.0140  	0.01651  	0.01390  	0.00378  	0.01912  	0.00949  	-0.0338  	0.03515  	0.00908  	-0.0259  	0.03259  	0.00138  	-0.0129  	0.04171  	0.00046  	-0.0069  	-0.0242  	0.03589  	-0.0073  	0.02253  	-0.2797  	
-0.2226  	-0.0801  	-0.0845  	0.36072  	-0.0614  	0.30335  	0.10566  	-0.7495  	0.12659  	0.00505  	0.20512  	0.25023  	-0.0723  	-0.7712  	-1.0572  	0.80032  	-0.0685  	0.29885  	-0.2787  	0.43847  	-0.1319  	-0.2530  	-0.5513  	0.22503  	-0.1603  	-0.1245  	-0.4191  	-0.0381  	-0.0483  	-0.1343  	-0.1992  	0.24385  	0.21567  	-0.0525  	0.13144  	0.30752  	0.10617  	0.00095  	-0.1864  	0.21740  	0.04443  	0.02499  	0.02109  	-0.0258  	-0.0688  	-0.0497  	0.03755  	-0.0162  	0.03555  	-0.0118  	0.01533  	0.01552  	0.00216  	0.02621  	0.01150  	-0.0364  	0.03768  	0.00740  	-0.0263  	0.02511  	-0.0024  	-0.0111  	0.04169  	0.00081  	-0.0069  	-0.0242  	0.03589  	-0.0073  	0.02253  	-0.2797  	
-0.2368  	-0.0522  	-0.0563  	0.41473  	-0.0184  	0.27192  	0.11067  	-0.7325  	0.13483  	0.03734  	0.16167  	0.30707  	-0.0480  	-0.6777  	-1.0295  	0.77788  	-0.0793  	0.33181  	-0.2850  	0.45983  	-0.1629  	-0.2248  	-0.5516  	0.20712  	-0.1789  	-0.1110  	-0.4655  	-0.0110  	-0.0083  	-0.1296  	-0.1956  	0.21952  	0.24575  	-0.0522  	0.10768  	0.29433  	0.05484  	-0.0045  	-0.1711  	0.24586  	0.04072  	0.03503  	0.02196  	-0.0258  	-0.0793  	-0.0491  	0.03841  	-0.0054  	0.04084  	-0.0228  	0.01740  	0.01413  	0.00283  	0.02659  	0.00999  	-0.0374  	0.03706  	0.00405  	-0.0259  	0.03083  	-0.0008  	-0.0049  	0.03245  	0.00200  	-0.0069  	-0.0242  	0.03589  	-0.0073  	0.02253  	-0.2797  	
-0.2968  	-0.0477  	-0.0491  	0.31626  	-0.0428  	0.24312  	0.09772  	-0.7158  	0.14669  	0.06472  	0.19898  	0.24695  	-0.0300  	-0.6605  	-1.0727  	0.76683  	-0.0671  	0.31172  	-0.2699  	0.44664  	-0.1313  	-0.2361  	-0.5457  	0.20251  	-0.1852  	-0.1229  	-0.4765  	-0.0433  	-0.0412  	-0.1404  	-0.1898  	0.22684  	0.24165  	-0.0501  	0.09939  	0.27869  	0.09011  	-0.0057  	-0.1779  	0.23161  	0.05815  	0.01613  	0.02832  	-0.0242  	-0.0741  	-0.0484  	0.03966  	-0.0084  	0.04090  	-0.0123  	0.00891  	0.01363  	-0.0051  	0.02315  	0.00610  	-0.0371  	0.02817  	0.00533  	-0.0286  	0.02354  	0.00247  	-0.0031  	0.03208  	-0.0028  	-0.0069  	-0.0242  	0.03589  	-0.0073  	0.02253  	-0.2797  	
-0.3582  	-0.0756  	-0.0871  	0.27390  	-0.0786  	0.23829  	0.09492  	-0.7130  	0.13887  	0.07285  	0.22345  	0.24125  	-0.0823  	-0.7399  	-1.1165  	0.77644  	-0.0642  	0.31029  	-0.2686  	0.44212  	-0.1579  	-0.2358  	-0.5134  	0.19748  	-0.1904  	-0.1103  	-0.4498  	-0.0365  	-0.0207  	-0.1371  	-0.1854  	0.21854  	0.22671  	-0.0470  	0.06673  	0.28634  	0.07421  	-0.0017  	-0.1550  	0.23064  	0.06791  	0.02070  	0.03638  	-0.0130  	-0.0794  	-0.0474  	0.03976  	-0.0081  	0.03776  	-0.0165  	0.00739  	0.02030  	-0.0036  	0.02543  	0.00528  	-0.0401  	0.02894  	0.00590  	-0.0286  	0.02345  	0.00453  	0.00043  	0.03473  	-0.0038  	-0.0069  	-0.0242  	0.03589  	-0.0073  	0.02253  	-0.2797  	
-0.3226  	-0.0714  	-0.0606  	0.33504  	-0.0685  	0.26130  	0.08480  	-0.7133  	0.14378  	0.04362  	0.20645  	0.28932  	-0.0594  	-0.7312  	-1.0704  	0.79165  	-0.0558  	0.30239  	-0.2793  	0.44199  	-0.1388  	-0.2316  	-0.5061  	0.21760  	-0.1980  	-0.1058  	-0.4442  	-0.0083  	-0.0288  	-0.1498  	-0.1784  	0.22915  	0.24005  	-0.0499  	0.08418  	0.28170  	0.07485  	-0.0103  	-0.1641  	0.23477  	0.04755  	0.02195  	0.02941  	-0.0226  	-0.0768  	-0.0478  	0.03900  	-0.0049  	0.03701  	-0.0139  	0.01044  	0.01487  	0.00043  	0.02294  	0.00585  	-0.0408  	0.03100  	0.00809  	-0.0287  	0.02815  	0.00234  	-0.0013  	0.03992  	0.00075  	-0.0069  	-0.0242  	0.03589  	-0.0073  	0.02253  	-0.2797  	
-0.2195  	-0.0413  	-0.0242  	0.40507  	-0.0051  	0.28711  	0.10455  	-0.6937  	0.14207  	0.10490  	0.19273  	0.33088  	-0.0367  	-0.7307  	-1.1049  	0.86486  	-0.1072  	0.34949  	-0.2819  	0.48314  	-0.1588  	-0.2570  	-0.5897  	0.18577  	-0.2116  	-0.1253  	-0.4941  	0.02761  	-0.0306  	-0.1456  	-0.1803  	0.22411  	0.24325  	-0.0511  	0.10366  	0.30459  	0.05098  	-0.0269  	-0.1523  	0.26256  	0.04880  	0.03058  	0.02956  	-0.0181  	-0.0807  	-0.0405  	0.03935  	-0.0010  	0.03973  	-0.0238  	0.01619  	0.01341  	0.00217  	0.02063  	0.00976  	-0.0369  	0.03905  	0.00134  	-0.0243  	0.02675  	0.00121  	-0.0034  	0.03340  	0.00258  	-0.0069  	-0.0242  	0.03589  	-0.0073  	0.02253  	-0.2797  	
-0.1878  	-0.0710  	-0.0181  	0.39783  	-0.0361  	0.31060  	0.07793  	-0.6997  	0.13774  	0.06868  	0.28769  	0.30928  	-0.0585  	-0.7467  	-1.0955  	0.87082  	-0.0959  	0.31319  	-0.2656  	0.48261  	-0.1260  	-0.2733  	-0.5904  	0.25021  	-0.1960  	-0.1249  	-0.4669  	0.00190  	-0.0800  	-0.1597  	-0.1859  	0.25071  	0.23730  	-0.0698  	0.14764  	0.29050  	0.10575  	-0.0232  	-0.1852  	0.24378  	0.02583  	0.02116  	0.02246  	-0.0140  	-0.0723  	-0.0384  	0.04104  	-0.0019  	0.03941  	-0.0137  	0.01934  	0.01385  	0.00571  	0.01934  	0.00699  	-0.0356  	0.03517  	0.00450  	-0.0267  	0.03318  	0.00172  	-0.0129  	0.03760  	0.00073  	-0.0069  	-0.0242  	0.03589  	-0.0073  	0.02253  	-0.2797  	
0.02306  	0.00650  	0.05151  	0.64649  	0.11224  	0.40950  	0.08914  	-0.6187  	0.15763  	-0.0235  	0.13521  	0.38116  	-0.0168  	-0.5143  	-0.8350  	0.87578  	-0.1030  	0.26358  	-0.2659  	0.47752  	0.03802  	-0.2508  	-0.6300  	0.36319  	-0.2437  	-0.1246  	-0.3783  	-0.1791  	-0.1850  	-0.1594  	-0.2263  	0.26300  	0.26548  	-0.0505  	0.27571  	0.21939  	0.16285  	0.00371  	-0.2027  	0.25577  	-0.0242  	0.03844  	0.01095  	-0.0290  	-0.0715  	-0.0365  	0.03208  	0.00802  	0.05117  	-0.0105  	0.02889  	0.01157  	-8.1699  	0.02107  	-0.0008  	-0.0272  	0.03092  	0.00388  	-0.0306  	0.02950  	-0.0026  	-0.0060  	0.02646  	-0.0097  	-0.0069  	-0.0242  	0.03589  	-0.0073  	0.02253  	-0.2797  	
0.15729  	0.09673  	0.12960  	0.62688  	0.09976  	0.52390  	0.13351  	-0.5291  	0.18985  	-0.0181  	0.18879  	0.32839  	0.00595  	-0.4216  	-0.7323  	0.91787  	-0.0945  	0.21494  	-0.2740  	0.42098  	0.11301  	-0.1904  	-0.5702  	0.36615  	-0.1918  	-0.1552  	-0.2701  	-0.2703  	-0.2498  	-0.1497  	-0.2241  	0.27354  	0.26736  	-0.0664  	0.32180  	0.19112  	0.23494  	0.01193  	-0.2205  	0.22753  	-0.0575  	0.05035  	0.01199  	-0.0199  	-0.0710  	-0.0468  	0.02722  	0.02080  	0.06251  	-0.0176  	0.01307  	0.01713  	0.00096  	0.02368  	0.00505  	-0.0137  	0.03268  	-0.0029  	-0.0363  	0.04142  	-0.0002  	-0.0017  	0.03569  	-0.0039  	-0.0069  	-0.0242  	0.03589  	-0.0073  	0.02253  	-0.2797  	
0.21870  	0.08798  	0.25626  	0.50606  	-0.0310  	0.46754  	0.16465  	-0.4741  	0.23464  	0.02462  	0.32315  	0.42363  	-0.0257  	-0.4467  	-0.9338  	1.03420  	-0.1135  	0.25816  	-0.2400  	0.41838  	0.13196  	-0.2165  	-0.5390  	0.25730  	-0.1943  	-0.1707  	-0.3571  	-0.2413  	-0.2369  	-0.1765  	-0.2106  	0.25152  	0.28065  	-0.0576  	0.24344  	0.18127  	0.27323  	0.03982  	-0.1972  	0.17947  	-0.0071  	0.01562  	0.03846  	-0.0089  	-0.0755  	-0.0508  	0.01969  	0.02697  	0.06654  	-0.0100  	0.01131  	0.01355  	0.00679  	0.02834  	0.00302  	-0.0148  	0.02325  	-0.0002  	-0.0381  	0.03706  	0.00208  	-0.0051  	0.04186  	-0.0093  	-0.0069  	-0.0242  	0.03589  	-0.0073  	0.02253  	-0.2797  	
0.09947  	0.08436  	0.21963  	0.47801  	-0.0101  	0.39749  	0.16453  	-0.5093  	0.23512  	0.08696  	0.27380  	0.35065  	0.00247  	-0.4129  	-0.8232  	0.98658  	-0.0927  	0.23620  	-0.2513  	0.44792  	0.16427  	-0.2258  	-0.6237  	0.28093  	-0.0857  	-0.1700  	-0.2935  	-0.2742  	-0.1634  	-0.1421  	-0.2258  	0.26306  	0.26627  	-0.0611  	0.26497  	0.20538  	0.21625  	0.02698  	-0.1642  	0.23384  	-0.0385  	0.04048  	0.02630  	-0.0186  	-0.0811  	-0.0490  	0.02698  	0.03651  	0.06742  	-0.0223  	0.02629  	0.01284  	-0.0022  	0.02877  	0.01187  	-0.0214  	0.02550  	0.00703  	-0.0314  	0.04210  	0.00109  	-0.0128  	0.03257  	-0.0017  	-0.0069  	-0.0242  	0.03589  	-0.0073  	0.02253  	-0.2797  	
0.02817  	0.06407  	0.09593  	0.89295  	0.19504  	0.40345  	0.17071  	-0.6337  	0.19547  	0.11216  	0.03584  	0.34950  	0.02824  	-0.2856  	-0.6318  	0.86329  	-0.0633  	0.23941  	-0.2899  	0.45794  	-0.0235  	-0.1625  	-0.6536  	0.30197  	0.02247  	-0.1582  	-0.2826  	-0.1751  	-0.0360  	-0.0610  	-0.2719  	0.23724  	0.23420  	-0.0468  	0.24076  	0.22103  	0.13949  	-0.0229  	-0.1582  	0.28061  	-0.0895  	0.06251  	-0.0058  	-0.0334  	-0.0781  	-0.0419  	0.01802  	0.03218  	0.06898  	-0.0249  	0.01989  	0.01272  	-0.0090  	0.03494  	0.00577  	-0.0150  	0.03231  	0.00221  	-0.0221  	0.04013  	0.00211  	-0.0057  	0.02770  	-0.0122  	-0.0069  	-0.0242  	0.03589  	-0.0073  	0.02253  	-0.2797  	
0.01972  	0.04590  	-0.0399  	1.21697  	0.43816  	0.46097  	0.18041  	-0.6050  	0.18685  	-0.0321  	-0.1358  	0.36996  	0.10016  	-0.1806  	-0.5060  	0.75930  	-0.0981  	0.22224  	-0.3257  	0.45634  	-0.1484  	-0.1554  	-0.6899  	0.30282  	0.03590  	-0.1703  	-0.3246  	-0.0036  	0.08892  	-0.0020  	-0.2966  	0.22453  	0.23071  	-0.0425  	0.25666  	0.27237  	0.00689  	-0.0649  	-0.1048  	0.31044  	-0.1341  	0.08166  	-0.0263  	-0.0291  	-0.0600  	-0.0533  	0.01686  	0.00709  	0.05578  	-0.0188  	0.01329  	0.00789  	0.00031  	0.02448  	0.00674  	-0.0314  	0.04625  	0.00440  	-0.0287  	0.03041  	-0.0030  	-0.0023  	0.03208  	0.00886  	-0.0069  	-0.0242  	0.03589  	-0.0073  	0.02253  	-0.2797  	
0.04877  	0.05896  	-0.0820  	1.21378  	0.45716  	0.44059  	0.15270  	-0.5961  	0.18453  	-0.0749  	-0.2302  	0.37690  	0.13134  	-0.1694  	-0.4967  	0.75472  	-0.1254  	0.25340  	-0.3505  	0.52584  	-0.2077  	-0.1574  	-0.7333  	0.29356  	0.01839  	-0.1729  	-0.3863  	0.08900  	0.16834  	0.03060  	-0.3056  	0.21487  	0.23532  	-0.0183  	0.24138  	0.28158  	-0.0673  	-0.0755  	-0.0878  	0.30708  	-0.1293  	0.06825  	-0.0210  	-0.0349  	-0.0498  	-0.0516  	0.02610  	0.01090  	0.06323  	-0.0217  	0.01747  	0.00413  	0.00153  	0.02140  	-0.0005  	-0.0324  	0.04097  	0.00337  	-0.0283  	0.02850  	-0.0068  	-0.0078  	0.02792  	0.00546  	-0.0069  	-0.0242  	0.03589  	-0.0073  	0.02253  	-0.2797  	
-0.0239  	0.05480  	-0.0682  	0.99848  	0.29257  	0.51296  	0.10547  	-0.5911  	0.18717  	-0.0692  	-0.2006  	0.40407  	0.11263  	-0.3116  	-0.5815  	0.79813  	-0.1231  	0.30252  	-0.3141  	0.50991  	-0.1829  	-0.1266  	-0.6571  	0.24398  	-0.0901  	-0.1369  	-0.4517  	0.09072  	0.15134  	-0.0269  	-0.2662  	0.18844  	0.26273  	-0.0133  	0.16805  	0.25095  	-0.0628  	-0.0729  	-0.0881  	0.27195  	-0.0471  	0.05798  	0.00353  	-0.0262  	-0.0813  	-0.0481  	0.03428  	0.02255  	0.06360  	-0.0309  	0.02115  	0.01092  	0.00462  	0.02210  	0.00069  	-0.0212  	0.03974  	0.00395  	-0.0288  	0.02210  	0.00835  	-0.0047  	0.02340  	-0.0077  	-0.0069  	-0.0242  	0.03589  	-0.0073  	0.02253  	-0.2797  	
-0.0287  	0.03909  	-0.0274  	0.85327  	0.22146  	0.52227  	0.10220  	-0.5980  	0.18122  	-0.0413  	-0.1398  	0.37762  	0.07093  	-0.4428  	-0.6469  	0.81862  	-0.0997  	0.29661  	-0.2926  	0.51072  	-0.1192  	-0.1515  	-0.5875  	0.26440  	-0.1424  	-0.1275  	-0.4241  	0.04197  	0.05919  	-0.0663  	-0.2483  	0.19168  	0.25736  	-0.0147  	0.14150  	0.23125  	-0.0020  	-0.0561  	-0.1020  	0.25816  	-0.0370  	0.05039  	0.00736  	-0.0248  	-0.0803  	-0.0478  	0.02475  	0.01781  	0.05294  	-0.0231  	0.00720  	0.01045  	-0.0001  	0.02206  	0.00519  	-0.0325  	0.03773  	0.00733  	-0.0313  	0.01732  	0.00857  	-0.0020  	0.03246  	-0.0041  	-0.0069  	-0.0242  	0.03589  	-0.0073  	0.02253  	-0.2797  	
-0.0007  	0.03090  	0.01587  	0.77000  	0.17078  	0.50513  	0.11337  	-0.5846  	0.18805  	-0.0123  	-0.0711  	0.31849  	0.02929  	-0.4772  	-0.6858  	0.82606  	-0.0844  	0.28942  	-0.2891  	0.46160  	-0.0642  	-0.1704  	-0.5497  	0.26349  	-0.1571  	-0.1510  	-0.3940  	-0.0630  	-0.0103  	-0.0760  	-0.2451  	0.21323  	0.25477  	-0.0337  	0.16705  	0.21215  	0.05821  	-0.0312  	-0.1390  	0.26355  	-0.0313  	0.03771  	0.01685  	-0.0310  	-0.0818  	-0.0444  	0.03178  	0.02418  	0.05159  	-0.0177  	0.01103  	0.01506  	-0.0008  	0.02463  	0.00685  	-0.0319  	0.03012  	0.00486  	-0.0295  	0.02891  	0.00390  	-0.0055  	0.03717  	-0.0081  	-0.0069  	-0.0242  	0.03589  	-0.0073  	0.02253  	-0.2797  	
0.01920  	0.04084  	0.05417  	0.69195  	0.11669  	0.49852  	0.10226  	-0.5602  	0.19397  	-0.0302  	0.04550  	0.32662  	0.01118  	-0.4801  	-0.6939  	0.81243  	-0.0866  	0.25357  	-0.2864  	0.42200  	0.02870  	-0.1866  	-0.5038  	0.29518  	-0.1962  	-0.1562  	-0.3562  	-0.1775  	-0.1294  	-0.1182  	-0.2290  	0.23448  	0.26395  	-0.0455  	0.21808  	0.17597  	0.15489  	0.00532  	-0.1949  	0.23997  	-0.0133  	0.03656  	0.01736  	-0.0179  	-0.0821  	-0.0439  	0.03562  	0.01404  	0.04972  	-0.0151  	0.00786  	0.01384  	-0.0010  	0.02468  	0.00114  	-0.0268  	0.03141  	0.00565  	-0.0287  	0.03218  	0.00631  	-0.0010  	0.03412  	-0.0111  	-0.0069  	-0.0242  	0.03589  	-0.0073  	0.02253  	-0.2797  	
0.03403  	0.05253  	0.09443  	0.62176  	0.04686  	0.46521  	0.09625  	-0.5591  	0.20244  	-0.0398  	0.14479  	0.31931  	0.00441  	-0.4666  	-0.7136  	0.80998  	-0.0853  	0.22998  	-0.2934  	0.39071  	0.09430  	-0.1868  	-0.4986  	0.32879  	-0.1955  	-0.1610  	-0.3065  	-0.2571  	-0.2366  	-0.1358  	-0.2028  	0.25652  	0.26912  	-0.0568  	0.25753  	0.15839  	0.24694  	0.03286  	-0.2279  	0.20474  	-0.0144  	0.03579  	0.00423  	-0.0198  	-0.0811  	-0.0446  	0.03457  	-0.0005  	0.04536  	-0.0150  	0.00247  	0.01533  	0.00117  	0.02909  	0.00187  	-0.0246  	0.03085  	0.00514  	-0.0286  	0.03255  	0.00665  	0.00217  	0.03082  	-0.0087  	-0.0069  	-0.0242  	0.03589  	-0.0073  	0.02253  	-0.2797  	
0.19442  	0.06715  	0.24593  	0.59915  	0.01787  	0.50787  	0.14907  	-0.5283  	0.21920  	0.02098  	0.16368  	0.26903  	0.05307  	-0.3828  	-0.8810  	0.89563  	-0.0916  	0.23472  	-0.2580  	0.36669  	0.07203  	-0.1849  	-0.5326  	0.29483  	-0.0984  	-0.1849  	-0.3021  	-0.2512  	-0.1910  	-0.1091  	-0.1940  	0.24791  	0.25685  	-0.0505  	0.23444  	0.20354  	0.19721  	0.01119  	-0.1822  	0.22226  	-0.0199  	0.02191  	0.03923  	-0.0144  	-0.0775  	-0.0474  	0.02193  	0.02279  	0.06850  	-0.0186  	0.01546  	0.01543  	-0.0005  	0.02732  	0.00628  	-0.0199  	0.02496  	0.00285  	-0.0348  	0.03288  	0.00527  	-0.0018  	0.03714  	-0.0085  	-0.0069  	-0.0242  	0.03589  	-0.0073  	0.02253  	-0.2797  	
0.13185  	0.10285  	0.16053  	0.63396  	0.14164  	0.43730  	0.19717  	-0.5542  	0.22374  	0.10472  	-0.0252  	0.23379  	0.11298  	-0.2982  	-0.7326  	0.75095  	-0.0979  	0.21607  	-0.2875  	0.36194  	-0.0595  	-0.1324  	-0.5524  	0.25745  	0.01287  	-0.1810  	-0.2744  	-0.1851  	-0.0348  	-0.0577  	-0.2321  	0.23593  	0.25186  	-0.0503  	0.19552  	0.24247  	0.08523  	-0.0141  	-0.1052  	0.27409  	-0.0351  	0.04379  	0.03055  	-0.0102  	-0.0823  	-0.0482  	0.01224  	0.04119  	0.07075  	-0.0177  	0.02421  	0.01158  	-0.0037  	0.02450  	0.00855  	-0.0179  	0.02797  	-0.0016  	-0.0307  	0.03743  	0.00792  	0.00014  	0.03534  	-0.0070  	-0.0069  	-0.0242  	0.03589  	-0.0073  	0.02253  	-0.2797  	
0.02283  	0.03257  	0.04639  	0.83573  	0.20796  	0.42216  	0.15424  	-0.5870  	0.20417  	0.09734  	-0.0013  	0.33782  	0.08214  	-0.2356  	-0.6024  	0.81639  	-0.1056  	0.22925  	-0.3144  	0.43218  	-0.0436  	-0.1299  	-0.6394  	0.34404  	-0.0857  	-0.1689  	-0.3075  	-0.1494  	-0.0859  	-0.0618  	-0.1848  	0.23034  	0.26144  	-0.0539  	0.28323  	0.20799  	0.13309  	-0.0546  	-0.1808  	0.28062  	-0.0723  	0.04939  	-0.0201  	-0.0165  	-0.0789  	-0.0405  	0.02834  	0.00596  	0.05921  	-0.0128  	0.02657  	0.01443  	-0.0023  	0.02287  	-0.0016  	-0.0226  	0.02951  	0.00079  	-0.0276  	0.03095  	0.00678  	0.00465  	0.02941  	-0.0107  	-0.0069  	-0.0242  	0.03589  	-0.0073  	0.02253  	-0.2797  	
-0.1603  	-0.0352  	-0.0742  	0.62068  	0.17169  	0.25872  	0.12487  	-0.6685  	0.16821  	0.02403  	0.19793  	0.42354  	0.01442  	-0.5115  	-0.8061  	0.80624  	-0.1338  	0.28524  	-0.2784  	0.50867  	0.00426  	-0.2166  	-0.5818  	0.33456  	-0.2347  	-0.1512  	-0.4129  	-0.1202  	-0.1487  	-0.1362  	-0.1855  	0.22769  	0.28012  	-0.0499  	0.25757  	0.18998  	0.13817  	-0.0141  	-0.2134  	0.23550  	-0.0131  	0.03851  	-0.0310  	-0.0250  	-0.0880  	-0.0343  	0.04227  	-0.0097  	0.04982  	-0.0143  	0.02031  	0.00807  	-0.0068  	0.02192  	0.00658  	-0.0270  	0.03111  	0.00450  	-0.0307  	0.03010  	0.01045  	0.00139  	0.03247  	-0.0096  	-0.0069  	-0.0242  	0.03589  	-0.0073  	0.02253  	-0.2797  	
-0.2137  	-0.0484  	-0.0038  	0.34982  	-0.0059  	0.33541  	0.10082  	-0.7176  	0.13180  	-0.0021  	0.21686  	0.25104  	-0.0430  	-0.6632  	-0.9872  	0.79425  	-0.0769  	0.30674  	-0.2610  	0.44227  	-0.0570  	-0.2309  	-0.5195  	0.28356  	-0.1710  	-0.1421  	-0.3693  	-0.1141  	-0.1137  	-0.1459  	-0.2124  	0.25183  	0.25686  	-0.0564  	0.17071  	0.26666  	0.14840  	-0.0014  	-0.1924  	0.24838  	0.01288  	0.02589  	0.00282  	-0.0139  	-0.0682  	-0.0481  	0.04464  	-0.0135  	0.03832  	-0.0136  	0.01344  	0.01475  	-0.0017  	0.02302  	0.00410  	-0.0297  	0.03038  	0.00323  	-0.0249  	0.04169  	0.00165  	-0.0044  	0.03126  	-0.0003  	-0.0069  	-0.0242  	0.03589  	-0.0073  	0.02253  	-0.2797  	
-0.0674  	-0.0310  	0.05174  	0.45958  	0.02413  	0.34066  	0.14480  	-0.6932  	0.16614  	0.08402  	0.20452  	0.32392  	-0.0597  	-0.6979  	-1.0696  	0.91994  	-0.1257  	0.35567  	-0.2668  	0.53030  	-0.1810  	-0.2500  	-0.6148  	0.22100  	-0.1637  	-0.1407  	-0.4796  	0.03575  	-0.0259  	-0.1287  	-0.2190  	0.23604  	0.23850  	-0.0492  	0.15465  	0.32277  	0.07593  	-0.0157  	-0.1508  	0.26202  	0.03557  	0.02751  	0.02419  	-0.0078  	-0.0784  	-0.0484  	0.03597  	0.00753  	0.04798  	-0.0107  	0.02746  	0.01443  	0.00161  	0.02232  	0.01110  	-0.0331  	0.03689  	0.00605  	-0.0352  	0.02967  	-7.2027  	-0.0071  	0.03150  	-0.0039  	-0.0069  	-0.0242  	0.03589  	-0.0073  	0.02253  	-0.2797  	
-0.1324  	-0.0437  	0.05053  	0.36896  	-0.0679  	0.29474  	0.14394  	-0.7072  	0.14077  	0.09050  	0.18665  	0.23719  	-0.0370  	-0.6974  	-1.0830  	0.85531  	-0.1216  	0.35687  	-0.2926  	0.48865  	-0.1944  	-0.2707  	-0.5963  	0.17529  	-0.1785  	-0.1252  	-0.5024  	0.04254  	0.01888  	-0.1165  	-0.2021  	0.23730  	0.25007  	-0.0435  	0.11829  	0.34068  	0.03828  	-0.0199  	-0.1500  	0.25986  	0.04748  	0.02708  	0.03195  	-0.0180  	-0.0815  	-0.0476  	0.03848  	-0.0025  	0.04495  	-0.0213  	0.02055  	0.01537  	-0.0004  	0.02233  	0.01054  	-0.0381  	0.03180  	0.00712  	-0.0285  	0.02945  	0.00168  	-0.0093  	0.03653  	-0.0020  	-0.0069  	-0.0242  	0.03589  	-0.0073  	0.02253  	-0.2797  	
-0.2882  	-0.0833  	-0.0755  	0.33906  	-0.0762  	0.27029  	0.10663  	-0.7069  	0.11765  	-0.0081  	0.23530  	0.20820  	-0.0444  	-0.7040  	-1.0078  	0.77908  	-0.0908  	0.27213  	-0.2829  	0.43055  	-0.0972  	-0.2441  	-0.5451  	0.26488  	-0.1431  	-0.1440  	-0.3674  	-0.0638  	-0.0523  	-0.1494  	-0.1938  	0.25486  	0.24510  	-0.0590  	0.17594  	0.30511  	0.12122  	-0.0004  	-0.2069  	0.23446  	0.02489  	0.04543  	0.00351  	-0.0266  	-0.0684  	-0.0535  	0.04597  	-0.0155  	0.03383  	-0.0062  	0.01776  	0.01649  	0.00173  	0.02921  	0.00439  	-0.0355  	0.03474  	0.00936  	-0.0271  	0.02537  	0.00088  	-0.0103  	0.04077  	0.00021  	-0.0069  	-0.0242  	0.03589  	-0.0073  	0.02253  	-0.2797  	
-0.1781  	-0.0472  	-0.0344  	0.39311  	-0.0471  	0.33543  	0.09205  	-0.6659  	0.14193  	-0.0338  	0.20325  	0.24349  	-0.0401  	-0.6652  	-0.9222  	0.76899  	-0.0670  	0.26187  	-0.2883  	0.42513  	-0.0399  	-0.2076  	-0.4804  	0.25705  	-0.1921  	-0.1188  	-0.3988  	-0.1228  	-0.1208  	-0.1606  	-0.1912  	0.23821  	0.25294  	-0.0626  	0.19636  	0.23815  	0.15578  	0.01455  	-0.2075  	0.21106  	0.01549  	0.03800  	-0.0076  	-0.0310  	-0.0713  	-0.0420  	0.04737  	-0.0068  	0.03326  	-0.0085  	0.01651  	0.01277  	0.00053  	0.02078  	0.00331  	-0.0379  	0.03325  	0.00864  	-0.0303  	0.02337  	0.00090  	-0.0123  	0.04117  	-0.0001  	-0.0069  	-0.0242  	0.03589  	-0.0073  	0.02253  	-0.2797  	
-0.1169  	-0.0320  	-0.0052  	0.44726  	0.00533  	0.33775  	0.12992  	-0.6806  	0.15796  	0.04410  	0.21635  	0.28256  	-0.0398  	-0.6342  	-0.9830  	0.82860  	-0.1148  	0.30965  	-0.2724  	0.45797  	-0.0719  	-0.2219  	-0.5755  	0.24166  	-0.1835  	-0.1370  	-0.4242  	-0.0813  	-0.1092  	-0.1434  	-0.1999  	0.24578  	0.25156  	-0.0559  	0.18432  	0.28243  	0.13281  	-0.0008  	-0.2000  	0.23350  	0.00993  	0.04428  	0.00963  	-0.0254  	-0.0750  	-0.0512  	0.03881  	-0.0117  	0.04296  	-0.0120  	0.01537  	0.01542  	0.00103  	0.02420  	0.00823  	-0.0346  	0.03274  	0.00580  	-0.0302  	0.03105  	-6.5094  	-0.0035  	0.03377  	-0.0035  	-0.0069  	-0.0242  	0.03589  	-0.0073  	0.02253  	-0.2797  	
-0.0841  	-0.0133  	0.03622  	0.44989  	-0.0035  	0.36566  	0.12518  	-0.6697  	0.18046  	0.06570  	0.21509  	0.28559  	-0.0262  	-0.6248  	-1.0317  	0.87696  	-0.1295  	0.33645  	-0.2777  	0.52483  	-0.0903  	-0.2437  	-0.6225  	0.22462  	-0.1848  	-0.1320  	-0.4681  	-0.0184  	-0.0608  	-0.1382  	-0.1977  	0.23052  	0.25944  	-0.0406  	0.19467  	0.29348  	0.08830  	-0.0123  	-0.1758  	0.25669  	0.01856  	0.03691  	0.02596  	-0.0221  	-0.0780  	-0.0452  	0.03954  	-0.0042  	0.03823  	-0.0224  	0.02763  	0.01715  	0.00134  	0.01613  	0.00981  	-0.0365  	0.03517  	0.00798  	-0.0283  	0.02566  	0.00051  	-0.0117  	0.03461  	-0.0006  	-0.0069  	-0.0242  	0.03589  	-0.0073  	0.02253  	-0.2797  	
-0.1359  	-0.0309  	-0.0180  	0.46865  	0.02005  	0.32453  	0.12803  	-0.7073  	0.13856  	0.04103  	0.16274  	0.26852  	-0.0317  	-0.6459  	-1.0076  	0.82076  	-0.1307  	0.32296  	-0.2797  	0.48864  	-0.1248  	-0.2323  	-0.5973  	0.20268  	-0.1477  	-0.1354  	-0.4278  	-0.0017  	-0.0219  	-0.1176  	-0.1950  	0.23897  	0.23765  	-0.0452  	0.16695  	0.31766  	0.07223  	-0.0106  	-0.1671  	0.25508  	0.03138  	0.03705  	0.01880  	-0.0158  	-0.0782  	-0.0465  	0.03710  	-0.0028  	0.03754  	-0.0227  	0.02285  	0.01580  	0.00561  	0.01991  	0.01075  	-0.0340  	0.03363  	0.00770  	-0.0273  	0.03100  	0.00434  	-0.0071  	0.03924  	-0.0001  	-0.0069  	-0.0242  	0.03589  	-0.0073  	0.02253  	-0.2797  	
-0.2057  	-0.0460  	-0.0652  	0.46138  	-0.0081  	0.27903  	0.11096  	-0.7219  	0.13253  	0.01423  	0.16570  	0.27170  	-0.0663  	-0.6908  	-0.9841  	0.79557  	-0.0974  	0.32739  	-0.2742  	0.47010  	-0.1427  	-0.2463  	-0.5715  	0.22199  	-0.1339  	-0.1312  	-0.3997  	-0.0181  	-0.0183  	-0.1206  	-0.2011  	0.23442  	0.21851  	-0.0524  	0.15350  	0.31667  	0.07777  	-0.0128  	-0.1725  	0.24005  	0.03650  	0.03890  	0.00989  	-0.0265  	-0.0704  	-0.0492  	0.03756  	-0.0059  	0.03853  	-0.0120  	0.01810  	0.01475  	0.00446  	0.02561  	0.01274  	-0.0329  	0.03871  	0.00781  	-0.0264  	0.02865  	0.00044  	-0.0014  	0.04323  	-0.0012  	-0.0069  	-0.0242  	0.03589  	-0.0073  	0.02253  	-0.2797  	
-0.2219  	-0.0516  	-0.0675  	0.44121  	-0.0048  	0.27854  	0.08479  	-0.6993  	0.14140  	-0.0085  	0.19597  	0.28714  	-0.0594  	-0.6599  	-0.9588  	0.78115  	-0.0786  	0.29908  	-0.2813  	0.44300  	-0.0974  	-0.2268  	-0.5392  	0.21181  	-0.1644  	-0.1174  	-0.4413  	-0.0391  	-0.0459  	-0.1322  	-0.2035  	0.22890  	0.23338  	-0.0521  	0.14718  	0.27294  	0.10969  	-0.0048  	-0.1766  	0.21476  	0.03752  	0.04610  	0.01226  	-0.0346  	-0.0698  	-0.0421  	0.04063  	-0.0158  	0.03631  	-0.0098  	0.01321  	0.01453  	-0.0010  	0.02061  	0.00360  	-0.0297  	0.03257  	0.00561  	-0.0259  	0.02530  	0.00279  	-0.0002  	0.03497  	-0.0042  	-0.0069  	-0.0242  	0.03589  	-0.0073  	0.02253  	-0.2797  	
-0.2263  	-0.0384  	-0.0504  	0.42671  	-0.0079  	0.26704  	0.06023  	-0.6784  	0.15155  	0.00947  	0.21592  	0.31118  	-0.0468  	-0.6372  	-0.9721  	0.79304  	-0.0777  	0.28547  	-0.2768  	0.41767  	-0.0756  	-0.2360  	-0.5306  	0.20273  	-0.1924  	-0.1205  	-0.4631  	-0.0602  	-0.0787  	-0.1379  	-0.2005  	0.22078  	0.24150  	-0.0514  	0.14738  	0.24145  	0.12467  	0.00503  	-0.1790  	0.21052  	0.03689  	0.03920  	0.01802  	-0.0389  	-0.0702  	-0.0388  	0.04163  	-0.0153  	0.03600  	-0.0078  	0.00778  	0.01414  	-0.0022  	0.02304  	0.00123  	-0.0336  	0.03066  	0.00362  	-0.0283  	0.02189  	0.00457  	0.00194  	0.03278  	-0.0044  	-0.0069  	-0.0242  	0.03589  	-0.0073  	0.02253  	-0.2797  	
-0.2150  	-0.0307  	-0.0440  	0.37193  	-0.0497  	0.24777  	0.08312  	-0.6759  	0.15574  	0.03005  	0.29189  	0.32355  	-0.0638  	-0.6522  	-1.0171  	0.79731  	-0.0789  	0.29458  	-0.2900  	0.43454  	-0.0550  	-0.2398  	-0.5271  	0.21827  	-0.2375  	-0.1121  	-0.4617  	-0.0836  	-0.0925  	-0.1579  	-0.1969  	0.22429  	0.25783  	-0.0604  	0.14317  	0.23944  	0.13537  	0.01550  	-0.1959  	0.21485  	0.05148  	0.03158  	0.02391  	-0.0300  	-0.0677  	-0.0441  	0.04389  	-0.0130  	0.03837  	-0.0086  	0.00351  	0.01527  	-0.0001  	0.02384  	0.00305  	-0.0365  	0.02974  	0.00372  	-0.0295  	0.02585  	0.00479  	0.00077  	0.03256  	-0.0023  	-0.0069  	-0.0242  	0.03589  	-0.0073  	0.02253  	-0.2797  	
-0.2396  	-0.0381  	-0.0450  	0.38601  	-0.0497  	0.25110  	0.08521  	-0.6832  	0.14858  	0.04369  	0.30390  	0.31917  	-0.0800  	-0.6512  	-1.0145  	0.79262  	-0.0773  	0.28727  	-0.2993  	0.41756  	-0.0406  	-0.2364  	-0.5198  	0.22139  	-0.2460  	-0.1112  	-0.4563  	-0.0975  	-0.1014  	-0.1510  	-0.1892  	0.22752  	0.25487  	-0.0619  	0.14844  	0.23672  	0.14122  	0.01623  	-0.1997  	0.21094  	0.05438  	0.03094  	0.02347  	-0.0292  	-0.0668  	-0.0460  	0.04322  	-0.0147  	0.03307  	-0.0078  	0.00079  	0.01651  	0.00032  	0.02475  	0.00484  	-0.0354  	0.02966  	0.00387  	-0.0313  	0.02630  	0.00507  	0.00168  	0.03369  	-0.0008  	-0.0069  	-0.0242  	0.03589  	-0.0073  	0.02253  	-0.2797  	
-0.2304  	-0.0307  	-0.0333  	0.39202  	-0.0474  	0.26054  	0.08043  	-0.6713  	0.15560  	0.03829  	0.31099  	0.32793  	-0.0729  	-0.6367  	-1.0027  	0.80740  	-0.0771  	0.27970  	-0.2964  	0.42455  	-0.0186  	-0.2381  	-0.5231  	0.23024  	-0.2566  	-0.1109  	-0.4565  	-0.1117  	-0.1193  	-0.1564  	-0.1855  	0.22873  	0.26016  	-0.0581  	0.15961  	0.22275  	0.15181  	0.01597  	-0.2066  	0.20544  	0.05565  	0.02882  	0.01993  	-0.0278  	-0.0689  	-0.0446  	0.04268  	-0.0142  	0.03037  	-0.0091  	-0.0002  	0.01760  	0.00024  	0.02393  	0.00497  	-0.0336  	0.02710  	0.00301  	-0.0335  	0.02578  	0.00749  	0.00217  	0.03228  	-0.0015  	-0.0069  	-0.0242  	0.03589  	-0.0073  	0.02253  	-0.2797  	
-0.1323  	0.01197  	0.02912  	0.44220  	-0.0517  	0.31862  	0.07426  	-0.6161  	0.18309  	0.01146  	0.31024  	0.34430  	-0.0409  	-0.5647  	-0.9445  	0.84231  	-0.0828  	0.25050  	-0.2937  	0.41891  	0.05200  	-0.2415  	-0.5199  	0.26543  	-0.2766  	-0.1153  	-0.4321  	-0.1708  	-0.1848  	-0.1661  	-0.1798  	0.23342  	0.27056  	-0.0528  	0.20882  	0.17539  	0.19289  	0.02852  	-0.2286  	0.19488  	0.04381  	0.03208  	0.01610  	-0.0282  	-0.0726  	-0.0448  	0.04127  	-0.0168  	0.03089  	-0.0035  	-0.0002  	0.01763  	0.00223  	0.02703  	0.00248  	-0.0322  	0.02270  	-0.0009  	-0.0323  	0.03074  	0.00788  	0.00273  	0.02839  	-0.0028  	-0.0069  	-0.0242  	0.03589  	-0.0073  	0.02253  	-0.2797  	
-0.0103  	0.07363  	0.09034  	0.49685  	-0.0426  	0.36074  	0.09191  	-0.5612  	0.20344  	-0.0136  	0.31737  	0.34914  	-0.0193  	-0.4688  	-0.8954  	0.87437  	-0.0825  	0.23906  	-0.2880  	0.38273  	0.13485  	-0.2431  	-0.5052  	0.27960  	-0.2900  	-0.1297  	-0.3834  	-0.2373  	-0.2554  	-0.1700  	-0.1868  	0.25542  	0.27591  	-0.0597  	0.25000  	0.13057  	0.23807  	0.04755  	-0.2416  	0.18254  	0.00752  	0.03312  	0.01629  	-0.0361  	-0.0744  	-0.0387  	0.04284  	-0.0083  	0.03350  	0.00147  	-0.0002  	0.01740  	0.00135  	0.02746  	0.00316  	-0.0306  	0.01875  	0.00266  	-0.0325  	0.02575  	0.00759  	0.00750  	0.02709  	-0.0090  	-0.0069  	-0.0242  	0.03589  	-0.0073  	0.02253  	-0.2797  	
-0.1363  	0.04858  	0.02258  	0.40356  	-0.0524  	0.29405  	0.08511  	-0.6154  	0.21564  	0.05360  	0.29800  	0.37384  	-0.0027  	-0.5146  	-1.0263  	0.85939  	-0.0979  	0.29746  	-0.2878  	0.46837  	0.00538  	-0.2587  	-0.5394  	0.23234  	-0.2822  	-0.1091  	-0.4864  	-0.0672  	-0.1417  	-0.1780  	-0.1563  	0.20648  	0.30947  	-0.0490  	0.17552  	0.18809  	0.12669  	-0.0124  	-0.1890  	0.21734  	0.04874  	0.02638  	0.02850  	-0.0347  	-0.0812  	-0.0454  	0.04605  	-0.0056  	0.03650  	0.00039  	0.00487  	0.01360  	2.74013  	0.02484  	0.00261  	-0.0293  	0.02476  	0.00108  	-0.0311  	0.02711  	0.00493  	0.01260  	0.02965  	0.00045  	-0.0069  	-0.0242  	0.03589  	-0.0073  	0.02253  	-0.2797  	
-0.2296  	-0.0310  	-0.0261  	0.31822  	-0.0505  	0.24254  	0.09840  	-0.6843  	0.17072  	0.08097  	0.28719  	0.31951  	-0.0306  	-0.6043  	-1.1077  	0.80503  	-0.0810  	0.31460  	-0.2859  	0.46713  	-0.0991  	-0.2492  	-0.5557  	0.20339  	-0.2529  	-0.1045  	-0.4951  	-0.0443  	-0.0894  	-0.1688  	-0.1795  	0.21481  	0.27624  	-0.0615  	0.11403  	0.24828  	0.09641  	-0.0070  	-0.1687  	0.22663  	0.06452  	0.01985  	0.03475  	-0.0231  	-0.0792  	-0.0475  	0.04320  	-0.0011  	0.03976  	-0.0085  	0.00597  	0.01605  	-0.0056  	0.02188  	0.00579  	-0.0323  	0.02670  	0.00078  	-0.0342  	0.02680  	0.00405  	0.00242  	0.02921  	-0.0018  	-0.0069  	-0.0242  	0.03589  	-0.0073  	0.02253  	-0.2797  	
-0.3322  	-0.0954  	-0.1056  	0.24965  	-0.0896  	0.18888  	0.11183  	-0.7250  	0.14654  	0.09372  	0.28145  	0.27993  	-0.0617  	-0.7107  	-1.1779  	0.78208  	-0.0708  	0.33302  	-0.2874  	0.47639  	-0.1519  	-0.2689  	-0.5621  	0.20288  	-0.1968  	-0.1107  	-0.4802  	-0.0029  	-0.0202  	-0.1565  	-0.1923  	0.22043  	0.23660  	-0.0580  	0.08497  	0.29745  	0.05606  	-0.0042  	-0.1518  	0.23001  	0.06046  	0.02810  	0.03128  	-0.0193  	-0.0767  	-0.0488  	0.04246  	-0.0047  	0.04188  	-0.0117  	0.00638  	0.01709  	0.00094  	0.02529  	0.00780  	-0.0389  	0.03006  	0.00661  	-0.0313  	0.02941  	0.00753  	0.00128  	0.03526  	-0.0030  	-0.0069  	-0.0242  	0.03589  	-0.0073  	0.02253  	-0.2797  	
-0.3873  	-0.0937  	-0.1100  	0.26375  	-0.1037  	0.20392  	0.09636  	-0.7296  	0.12663  	0.06374  	0.29537  	0.24690  	-0.0814  	-0.7262  	-1.1212  	0.77806  	-0.0612  	0.30544  	-0.2823  	0.43710  	-0.1301  	-0.2476  	-0.5299  	0.24852  	-0.1940  	-0.1066  	-0.4431  	-0.0273  	-0.0384  	-0.1538  	-0.1690  	0.22347  	0.23506  	-0.0537  	0.09861  	0.27763  	0.06244  	-0.0105  	-0.1554  	0.22912  	0.05594  	0.02943  	0.02565  	-0.0254  	-0.0777  	-0.0515  	0.03869  	-0.0123  	0.03419  	-0.0107  	0.01199  	0.01854  	-0.0037  	0.02746  	0.00734  	-0.0376  	0.03034  	0.00512  	-0.0298  	0.03130  	0.00514  	0.00235  	0.03648  	-0.0009  	-0.0069  	-0.0242  	0.03589  	-0.0073  	0.02253  	-0.2797  	
-0.2283  	-0.0548  	-0.0133  	0.36577  	-0.0326  	0.30222  	0.11784  	-0.6860  	0.15834  	0.02073  	0.20729  	0.27521  	-0.0462  	-0.7014  	-1.0565  	0.81330  	-0.0725  	0.30152  	-0.2827  	0.44055  	-0.1432  	-0.2521  	-0.5485  	0.23844  	-0.1949  	-0.1143  	-0.4445  	-0.0098  	-0.0386  	-0.1599  	-0.1879  	0.23252  	0.25389  	-0.0526  	0.12659  	0.28993  	0.08106  	-0.0198  	-0.1636  	0.23893  	0.06084  	0.02017  	0.02577  	-0.0173  	-0.0733  	-0.0468  	0.03848  	0.00477  	0.04082  	-0.0131  	0.01586  	0.01515  	-0.0002  	0.02118  	0.00693  	-0.0382  	0.03381  	0.00397  	-0.0338  	0.02729  	0.00391  	-0.0052  	0.03844  	0.00373  	-0.0069  	-0.0242  	0.03589  	-0.0073  	0.02253  	-0.2797  	
-0.1180  	-0.0246  	0.04767  	0.41561  	-0.0086  	0.30640  	0.12932  	-0.6856  	0.16365  	0.12389  	0.24572  	0.31744  	-0.0403  	-0.6878  	-1.1007  	0.89161  	-0.1217  	0.34323  	-0.2779  	0.53663  	-0.1757  	-0.2741  	-0.6360  	0.18692  	-0.2000  	-0.1425  	-0.4868  	0.02583  	-0.0269  	-0.1417  	-0.1980  	0.24253  	0.25164  	-0.0387  	0.15489  	0.31808  	0.05117  	-0.0103  	-0.1550  	0.25438  	0.03841  	0.02693  	0.01827  	-0.0236  	-0.0851  	-0.0478  	0.03714  	0.00104  	0.04741  	-0.0192  	0.01848  	0.01451  	0.00206  	0.02332  	0.01181  	-0.0333  	0.03433  	0.00458  	-0.0296  	0.02946  	0.00196  	-0.0003  	0.03770  	-0.0007  	-0.0069  	-0.0242  	0.03589  	-0.0073  	0.02253  	-0.2797  	
-0.1250  	-0.0436  	0.05458  	0.34323  	-0.0511  	0.30523  	0.13024  	-0.7171  	0.16503  	0.12409  	0.24365  	0.29308  	-0.0371  	-0.7385  	-1.2018  	0.92087  	-0.1220  	0.36732  	-0.2690  	0.53955  	-0.2135  	-0.2861  	-0.6546  	0.18390  	-0.1924  	-0.1350  	-0.4951  	0.03095  	-0.0339  	-0.1472  	-0.1896  	0.23037  	0.25376  	-0.0435  	0.14399  	0.34221  	0.04120  	-0.0118  	-0.1511  	0.26446  	0.04184  	0.03362  	0.02089  	-0.0278  	-0.0860  	-0.0456  	0.03897  	0.00430  	0.04835  	-0.0092  	0.02499  	0.01641  	0.00107  	0.02582  	0.00967  	-0.0344  	0.03371  	0.00505  	-0.0308  	0.02797  	0.00132  	-0.0028  	0.03668  	-0.0047  	-0.0069  	-0.0242  	0.03589  	-0.0073  	0.02253  	-0.2797  	
-0.2237  	-0.0552  	-0.0253  	0.31551  	-0.0894  	0.25516  	0.11401  	-0.7328  	0.13587  	0.12375  	0.22802  	0.24804  	-0.0681  	-0.7565  	-1.1608  	0.85300  	-0.1117  	0.34128  	-0.2665  	0.47930  	-0.1724  	-0.2572  	-0.5899  	0.20807  	-0.1777  	-0.1120  	-0.4768  	0.01231  	-0.0182  	-0.1450  	-0.1901  	0.23682  	0.23354  	-0.0531  	0.13587  	0.33657  	0.06301  	-0.0190  	-0.1615  	0.25576  	0.05105  	0.03663  	0.02595  	-0.0127  	-0.0781  	-0.0487  	0.03848  	-0.0063  	0.04379  	-0.0128  	0.01652  	0.01579  	0.00061  	0.02755  	0.00992  	-0.0382  	0.03213  	0.00646  	-0.0267  	0.03104  	-5.2152  	-0.0055  	0.03367  	0.00116  	-0.0069  	-0.0242  	0.03589  	-0.0073  	0.02253  	-0.2797  	
-0.3197  	-0.0785  	-0.0772  	0.29179  	-0.1089  	0.29293  	0.11416  	-0.7465  	0.10855  	0.05390  	0.23710  	0.21531  	-0.0864  	-0.7752  	-1.1136  	0.80304  	-0.0615  	0.27982  	-0.2772  	0.43249  	-0.1097  	-0.2572  	-0.5638  	0.25870  	-0.1308  	-0.1348  	-0.3885  	-0.0744  	-0.0647  	-0.1486  	-0.1973  	0.24872  	0.21408  	-0.0577  	0.15129  	0.31720  	0.12386  	0.00310  	-0.1970  	0.22452  	0.04676  	0.03720  	0.01383  	-0.0245  	-0.0604  	-0.0461  	0.03882  	-0.0272  	0.03668  	-0.0054  	0.02010  	0.01600  	0.00142  	0.02924  	0.00550  	-0.0355  	0.03396  	0.00848  	-0.0266  	0.02318  	0.00266  	-0.0139  	0.03943  	-0.0028  	-0.0069  	-0.0242  	0.03589  	-0.0073  	0.02253  	-0.2797  	
-0.2971  	-0.0778  	-0.0577  	0.26966  	-0.1094  	0.29010  	0.07062  	-0.7273  	0.12420  	0.01790  	0.20870  	0.22223  	-0.0854  	-0.7654  	-1.0743  	0.78823  	-0.0530  	0.27876  	-0.2626  	0.42138  	-0.1071  	-0.2428  	-0.4806  	0.21702  	-0.1884  	-0.1160  	-0.4231  	-0.0873  	-0.0946  	-0.1589  	-0.1887  	0.25238  	0.22667  	-0.0535  	0.12853  	0.27146  	0.13770  	0.02735  	-0.1903  	0.20383  	0.05766  	0.02156  	0.01775  	-0.0205  	-0.0731  	-0.0482  	0.03824  	-0.0136  	0.03403  	-0.0108  	0.01505  	0.01675  	0.00323  	0.03156  	0.00602  	-0.0387  	0.03259  	0.00502  	-0.0246  	0.02922  	0.00504  	-0.0095  	0.03943  	-0.0024  	-0.0069  	-0.0242  	0.03589  	-0.0073  	0.02253  	-0.2797  	
-0.2869  	-0.0595  	-0.0425  	0.29207  	-0.0795  	0.26290  	0.09869  	-0.7133  	0.15373  	0.04903  	0.22257  	0.26586  	-0.0241  	-0.7039  	-1.0747  	0.77945  	-0.0765  	0.31222  	-0.2733  	0.43008  	-0.1431  	-0.2362  	-0.5297  	0.19189  	-0.2132  	-0.1087  	-0.4878  	-0.0397  	-0.0437  	-0.1605  	-0.1908  	0.21624  	0.26048  	-0.0545  	0.08639  	0.26566  	0.08998  	0.00239  	-0.1744  	0.22618  	0.07586  	0.02504  	0.03484  	-0.0263  	-0.0770  	-0.0490  	0.04236  	-0.0058  	0.04084  	-0.0118  	0.01058  	0.01221  	0.00117  	0.02745  	0.00763  	-0.0395  	0.03068  	0.00442  	-0.0307  	0.02605  	0.00509  	-0.0032  	0.03970  	0.00207  	-0.0069  	-0.0242  	0.03589  	-0.0073  	0.02253  	-0.2797  	
-0.3177  	-0.0638  	-0.0660  	0.29432  	-0.0744  	0.24361  	0.09228  	-0.7194  	0.15079  	0.06563  	0.21975  	0.26256  	-0.0530  	-0.7408  	-1.1171  	0.78833  	-0.0533  	0.31262  	-0.2849  	0.43002  	-0.1476  	-0.2455  	-0.5236  	0.18606  	-0.2119  	-0.1024  	-0.4681  	-0.0196  	-0.0222  	-0.1620  	-0.1788  	0.22577  	0.24075  	-0.0484  	0.06790  	0.26965  	0.07712  	0.00117  	-0.1618  	0.23519  	0.07948  	0.01418  	0.04293  	-0.0211  	-0.0773  	-0.0494  	0.04113  	-0.0005  	0.03897  	-0.0089  	0.00766  	0.01563  	-0.0010  	0.02431  	0.00489  	-0.0373  	0.02730  	0.00332  	-0.0271  	0.02579  	0.00322  	-0.0001  	0.03500  	-0.0028  	-0.0069  	-0.0242  	0.03589  	-0.0073  	0.02253  	-0.2797  	
-0.2861  	-0.0461  	-0.0300  	0.32290  	-0.0721  	0.26076  	0.03208  	-0.6379  	0.12561  	0.01570  	0.24604  	0.29774  	-0.0077  	-0.7609  	-1.0085  	0.73468  	0.02010  	0.14181  	-0.2120  	0.21035  	-0.0460  	-0.4149  	-0.7070  	0.23417  	-0.2544  	-0.0320  	-0.4426  	-0.1352  	-0.0215  	-0.1738  	-0.0862  	0.19644  	0.17548  	-0.1879  	0.06341  	0.23402  	0.03564  	0.00908  	-0.2754  	0.15303  	0.11373  	0.12690  	-0.0661  	0.03472  	-0.1252  	-0.0301  	0.02280  	0.00469  	0.02517  	-0.0208  	0.01628  	0.01930  	-0.0028  	0.04039  	0.00778  	-0.0408  	0.03028  	-0.0031  	-0.0265  	0.03230  	0.00704  	-0.0093  	0.02628  	-0.0033  	-0.0069  	-0.0242  	0.03589  	-0.0073  	0.02253  	-0.2797  	
-0.2117  	-0.0178  	0.03209  	0.44800  	0.01180  	0.26777  	0.08361  	-0.5764  	0.13380  	-0.0112  	0.21114  	0.31614  	0.03436  	-0.7451  	-0.9413  	0.72896  	0.02931  	0.06987  	-0.1918  	0.09026  	-0.0688  	-0.5747  	-0.9480  	0.22378  	-0.2848  	0.03262  	-0.4521  	-0.1230  	0.11853  	-0.1812  	-0.0183  	0.16183  	0.12307  	-0.2836  	0.04245  	0.26775  	-0.0864  	-0.0277  	-0.3211  	0.12993  	0.14866  	0.22002  	-0.1484  	0.08520  	-0.1638  	-0.0182  	0.00817  	0.03072  	0.01605  	-0.0326  	0.02846  	0.02045  	0.00237  	0.04297  	0.01801  	-0.0372  	0.03207  	-0.0114  	-0.0311  	0.04060  	0.00560  	-0.0117  	0.01124  	0.00331  	-0.0069  	-0.0242  	0.03589  	-0.0073  	0.02253  	-0.2797  	
-0.0856  	0.00141  	0.10523  	0.49733  	0.05017  	0.29395  	0.09763  	-0.5985  	0.14039  	0.06394  	0.22340  	0.37658  	0.06483  	-0.7306  	-0.9583  	0.78581  	0.02742  	0.07697  	-0.1591  	0.11359  	-0.0920  	-0.6237  	-1.0663  	0.17700  	-0.2982  	0.02097  	-0.5035  	-0.0863  	0.13822  	-0.1659  	-0.0122  	0.15420  	0.09922  	-0.3010  	0.03363  	0.27138  	-0.1080  	-0.0305  	-0.3155  	0.13134  	0.15663  	0.24340  	-0.1725  	0.09966  	-0.1699  	-0.0136  	-0.0012  	0.03467  	0.02296  	-0.0328  	0.03279  	0.02346  	0.00271  	0.04797  	0.02558  	-0.0347  	0.03160  	-0.0137  	-0.0284  	0.04335  	0.01008  	-0.0109  	0.00792  	-3.4763  	-0.0069  	-0.0242  	0.03589  	-0.0073  	0.02253  	-0.2797  	
-0.0882  	-0.0111  	0.09922  	0.48679  	0.02500  	0.29312  	0.09173  	-0.6241  	0.11112  	0.02749  	0.21352  	0.29282  	0.01412  	-0.7518  	-0.9827  	0.79676  	0.01040  	0.12532  	-0.1805  	0.15615  	-0.0646  	-0.5987  	-1.0144  	0.21895  	-0.2522  	0.00415  	-0.4517  	-0.0905  	0.11079  	-0.1589  	-0.0357  	0.17432  	0.10771  	-0.2779  	0.04721  	0.29472  	-0.0754  	-0.0322  	-0.3152  	0.14823  	0.11414  	0.21471  	-0.1519  	0.09704  	-0.1570  	-0.0190  	0.00475  	0.03664  	0.02353  	-0.0335  	0.03458  	0.01897  	0.00567  	0.04497  	0.02052  	-0.0357  	0.03211  	-0.0101  	-0.0300  	0.04282  	0.00820  	-0.0176  	0.01428  	-0.0017  	-0.0069  	-0.0242  	0.03589  	-0.0073  	0.02253  	-0.2797  	
-0.1780  	-0.0167  	-0.0001  	0.62049  	0.08099  	0.35860  	0.07682  	-0.6315  	0.12211  	-0.0676  	0.08099  	0.29631  	-0.0116  	-0.6146  	-0.8267  	0.71924  	-0.0076  	0.14587  	-0.2113  	0.21474  	-0.0114  	-0.3879  	-0.7860  	0.29304  	-0.1798  	-0.0673  	-0.3479  	-0.1540  	0.00043  	-0.1196  	-0.1378  	0.21513  	0.16864  	-0.1905  	0.14866  	0.26428  	0.04222  	-0.0206  	-0.2654  	0.18357  	0.04787  	0.14879  	-0.0891  	0.04022  	-0.1249  	-0.0327  	0.01886  	0.00895  	0.03804  	-0.0282  	0.02587  	0.01598  	0.00365  	0.03777  	0.01172  	-0.0339  	0.03216  	-0.0029  	-0.0242  	0.03979  	-0.0013  	-0.0045  	0.01665  	-0.0039  	-0.0069  	-0.0242  	0.03589  	-0.0073  	0.02253  	-0.2797  	
-0.1234  	-0.0241  	0.02208  	0.55380  	0.04471  	0.36500  	0.10055  	-0.6629  	0.14094  	-0.0170  	0.10469  	0.24979  	-0.0496  	-0.5704  	-0.8852  	0.81947  	-0.1103  	0.28609  	-0.2642  	0.43963  	-0.0320  	-0.2172  	-0.5799  	0.28010  	-0.1355  	-0.1513  	-0.3546  	-0.1423  	-0.1064  	-0.1157  	-0.2220  	0.25663  	0.23132  	-0.0437  	0.22808  	0.29280  	0.16004  	0.01559  	-0.2017  	0.24330  	-0.0157  	0.03451  	-0.0091  	-0.0183  	-0.0780  	-0.0517  	0.03581  	-0.0122  	0.04277  	-0.0249  	0.01420  	0.01339  	0.00080  	0.02694  	0.00790  	-0.0318  	0.03116  	0.00684  	-0.0249  	0.03151  	-0.0034  	-0.0085  	0.02914  	-0.0109  	-0.0069  	-0.0242  	0.03589  	-0.0073  	0.02253  	-0.2797  	
-0.0259  	-0.0208  	0.02138  	0.58654  	0.06885  	0.36715  	0.12420  	-0.6710  	0.14256  	0.07147  	0.14970  	0.30624  	-0.0410  	-0.6266  	-1.0117  	0.89804  	-0.1226  	0.33297  	-0.2638  	0.48702  	-0.1210  	-0.2270  	-0.6410  	0.26231  	-0.1167  	-0.1635  	-0.4066  	-0.0444  	-0.0428  	-0.1133  	-0.2258  	0.24996  	0.22706  	-0.0522  	0.18427  	0.31931  	0.09512  	-0.0139  	-0.1642  	0.26664  	0.00270  	0.03635  	0.01197  	-0.0167  	-0.0763  	-0.0449  	0.03550  	0.00617  	0.05044  	-0.0200  	0.02429  	0.01445  	0.00394  	0.02223  	0.01028  	-0.0306  	0.03810  	0.00558  	-0.0265  	0.03417  	-0.0022  	-0.0110  	0.03447  	-0.0061  	-0.0069  	-0.0242  	0.03589  	-0.0073  	0.02253  	-0.2797  	
0.01495  	-0.0287  	0.06803  	0.53218  	0.07137  	0.39113  	0.15378  	-0.6845  	0.15171  	0.08417  	0.15904  	0.27225  	-0.0423  	-0.6282  	-1.0652  	0.90999  	-0.1503  	0.32886  	-0.2849  	0.49475  	-0.1144  	-0.2326  	-0.6481  	0.25644  	-0.1186  	-0.1696  	-0.3727  	-0.0419  	-0.0508  	-0.1028  	-0.2197  	0.27318  	0.23435  	-0.0526  	0.18864  	0.33672  	0.09703  	-0.0153  	-0.1790  	0.27523  	0.00362  	0.04611  	0.01887  	-0.0183  	-0.0800  	-0.0480  	0.03369  	0.00985  	0.05503  	-0.0237  	0.02027  	0.01283  	0.00357  	0.02195  	0.01003  	-0.0327  	0.04040  	0.00608  	-0.0276  	0.03078  	-0.0022  	-0.0121  	0.03878  	-0.0050  	-0.0069  	-0.0242  	0.03589  	-0.0073  	0.02253  	-0.2797  	
-0.0587  	-0.0505  	-0.0002  	0.50994  	0.05587  	0.42152  	0.13152  	-0.7374  	0.12383  	0.05476  	0.13204  	0.31046  	-0.0476  	-0.6742  	-1.1096  	0.87757  	-0.1219  	0.33755  	-0.2676  	0.50875  	-0.1527  	-0.2225  	-0.6559  	0.25408  	-0.1021  	-0.1552  	-0.3828  	0.01565  	-0.0248  	-0.1019  	-0.2247  	0.26694  	0.23326  	-0.0491  	0.16812  	0.33284  	0.06516  	-0.0175  	-0.1396  	0.26910  	0.03222  	0.03360  	0.01947  	-0.0184  	-0.0719  	-0.0500  	0.02697  	0.00441  	0.04910  	-0.0215  	0.03056  	0.01415  	0.00291  	0.01890  	0.00920  	-0.0329  	0.04004  	0.00763  	-0.0287  	0.02824  	0.00368  	-0.0199  	0.03656  	-0.0039  	-0.0069  	-0.0242  	0.03589  	-0.0073  	0.02253  	-0.2797  	
-0.1078  	-0.0376  	-0.0376  	0.61264  	0.07655  	0.40269  	0.12660  	-0.7594  	0.11395  	0.02390  	0.02411  	0.31314  	-0.0726  	-0.6288  	-1.0779  	0.81796  	-0.1054  	0.33261  	-0.2732  	0.53086  	-0.1822  	-0.2173  	-0.6519  	0.25335  	-0.0600  	-0.1439  	-0.3524  	0.04865  	0.01571  	-0.0698  	-0.2535  	0.25193  	0.21965  	-0.0503  	0.16058  	0.35523  	0.05091  	-0.0318  	-0.1189  	0.26293  	-0.0013  	0.02945  	0.02736  	-0.0135  	-0.0638  	-0.0469  	0.03003  	0.02227  	0.04778  	-0.0234  	0.03920  	0.01302  	-0.0025  	0.02248  	0.00735  	-0.0242  	0.04109  	0.00832  	-0.0243  	0.04080  	-0.0007  	-0.0181  	0.03431  	-0.0026  	-0.0069  	-0.0242  	0.03589  	-0.0073  	0.02253  	-0.2797  	
-0.1494  	-0.0502  	-0.1229  	0.70719  	0.21573  	0.33755  	0.12454  	-0.6770  	0.13470  	0.01464  	0.06066  	0.40312  	0.01863  	-0.4888  	-0.9159  	0.77414  	-0.1083  	0.33694  	-0.3088  	0.51068  	-0.1917  	-0.2099  	-0.6592  	0.25169  	-0.1193  	-0.1466  	-0.4299  	0.10406  	0.08970  	-0.0777  	-0.2461  	0.22944  	0.24954  	-0.0445  	0.14745  	0.31156  	-0.0067  	-0.0528  	-0.1363  	0.25154  	-0.0287  	0.03128  	0.02791  	-0.0398  	-0.0599  	-0.0430  	0.03892  	0.00198  	0.05934  	-0.0303  	0.02023  	0.00850  	-0.0088  	0.02111  	0.00940  	-0.0319  	0.03433  	0.00209  	-0.0307  	0.02298  	-0.0019  	-0.0092  	0.02838  	-0.0025  	-0.0069  	-0.0242  	0.03589  	-0.0073  	0.02253  	-0.2797  	
-0.1930  	-0.0830  	-0.1886  	0.72395  	0.23008  	0.28853  	0.11444  	-0.6472  	0.16159  	0.03073  	0.11957  	0.44610  	0.03109  	-0.4589  	-0.8885  	0.78148  	-0.1156  	0.33365  	-0.3081  	0.51079  	-0.1858  	-0.2384  	-0.6640  	0.21027  	-0.1737  	-0.1201  	-0.4954  	0.09521  	0.06848  	-0.1091  	-0.2210  	0.20280  	0.27062  	-0.0414  	0.17582  	0.26140  	-0.0122  	-0.0577  	-0.1183  	0.23724  	-0.0200  	0.03249  	0.01134  	-0.0508  	-0.0573  	-0.0394  	0.03772  	0.00164  	0.05511  	-0.0077  	0.01693  	0.01190  	-0.0034  	0.01878  	0.01063  	-0.0367  	0.03516  	0.00702  	-0.0265  	0.02780  	-0.0033  	-0.0127  	0.03354  	-0.0033  	-0.0069  	-0.0242  	0.03589  	-0.0073  	0.02253  	-0.2797  	
-0.2390  	-0.0807  	-0.2430  	0.71398  	0.25334  	0.23900  	0.12234  	-0.6315  	0.15991  	0.03310  	0.16302  	0.50204  	0.04120  	-0.4852  	-0.8594  	0.76715  	-0.1409  	0.31677  	-0.3017  	0.58010  	-0.1593  	-0.2615  	-0.6797  	0.22985  	-0.1438  	-0.1293  	-0.4793  	0.08915  	0.04174  	-0.1292  	-0.2141  	0.19466  	0.29076  	-0.0344  	0.19737  	0.27672  	-0.0289  	-0.0625  	-0.1165  	0.27848  	-0.0595  	0.05137  	-0.0329  	-0.0282  	-0.0627  	-0.0435  	0.04409  	-0.0041  	0.05327  	-0.0134  	0.01899  	0.00746  	-0.0075  	0.02057  	0.00788  	-0.0365  	0.03914  	0.00451  	-0.0284  	0.02628  	-0.0018  	-0.0072  	0.03732  	-0.0063  	-0.0069  	-0.0242  	0.03589  	-0.0073  	0.02253  	-0.2797  	
-0.1350  	-0.0484  	-0.1240  	0.76610  	0.26432  	0.29457  	0.10910  	-0.6296  	0.17028  	0.03453  	0.09288  	0.48879  	0.06045  	-0.3762  	-0.6990  	0.80489  	-0.1312  	0.28006  	-0.2964  	0.53688  	-0.1188  	-0.2532  	-0.6828  	0.30248  	-0.1866  	-0.1308  	-0.4358  	0.03179  	-0.0463  	-0.1141  	-0.2151  	0.22004  	0.27789  	-0.0383  	0.23363  	0.21418  	0.04440  	-0.0531  	-0.1654  	0.30077  	-0.0631  	0.05382  	-0.0172  	-0.0198  	-0.0604  	-0.0520  	0.03963  	-0.0042  	0.04033  	-0.0108  	0.01785  	0.00857  	-0.0095  	0.02460  	0.00377  	-0.0300  	0.03175  	-0.0033  	-0.0248  	0.03671  	0.00020  	-0.0004  	0.02682  	-0.0056  	-0.0069  	-0.0242  	0.03589  	-0.0073  	0.02253  	-0.2797  	
0.12243  	0.05700  	0.10133  	0.79115  	0.19439  	0.51405  	0.16135  	-0.5702  	0.16708  	0.01047  	-0.1573  	0.31689  	0.13040  	-0.2000  	-0.4573  	0.68415  	-0.0859  	0.23492  	-0.3187  	0.36102  	-0.0761  	-0.1251  	-0.5701  	0.32062  	-0.1452  	-0.1557  	-0.3265  	-0.1547  	-0.0365  	-0.0740  	-0.2065  	0.22791  	0.25904  	-0.0363  	0.21039  	0.19753  	0.05892  	-0.0392  	-0.1406  	0.28375  	-0.0585  	0.05907  	0.00133  	-0.0254  	-0.0745  	-0.0449  	0.03369  	0.01943  	0.06619  	-0.0261  	0.01068  	0.01167  	-0.0060  	0.01539  	-0.0002  	-0.0209  	0.03060  	-0.0030  	-0.0267  	0.02821  	0.00976  	0.00664  	0.02766  	-0.0085  	-0.0069  	-0.0242  	0.03589  	-0.0073  	0.02253  	-0.2797  	
0.20882  	0.07633  	0.14476  	0.80286  	0.14371  	0.57570  	0.16673  	-0.5662  	0.21051  	0.00752  	-0.1805  	0.22403  	0.15789  	-0.2392  	-0.5784  	0.72638  	-0.0610  	0.20905  	-0.2931  	0.32905  	-0.0679  	-0.1084  	-0.5084  	0.27627  	-0.0763  	-0.1532  	-0.3079  	-0.1841  	-0.0202  	-0.0529  	-0.2112  	0.21978  	0.25136  	-0.0474  	0.18326  	0.19106  	0.08822  	-0.0345  	-0.1265  	0.26777  	-0.0226  	0.04189  	0.03149  	-0.0099  	-0.0851  	-0.0425  	0.02322  	0.04032  	0.06891  	-0.0154  	0.01519  	0.01563  	-0.0048  	0.02359  	0.00560  	-0.0145  	0.02208  	0.00208  	-0.0290  	0.03361  	0.00345  	0.00015  	0.02822  	-0.0139  	-0.0069  	-0.0242  	0.03589  	-0.0073  	0.02253  	-0.2797  	
0.08724  	0.04832  	0.04149  	0.66575  	0.10687  	0.38467  	0.14804  	-0.6074  	0.16301  	0.04049  	-0.0194  	0.24498  	0.08592  	-0.3345  	-0.6796  	0.71401  	-0.0802  	0.21923  	-0.2686  	0.35079  	-0.0158  	-0.1615  	-0.5261  	0.32064  	-0.1179  	-0.1599  	-0.2747  	-0.2367  	-0.1061  	-0.0937  	-0.1931  	0.23218  	0.25595  	-0.0536  	0.25254  	0.19251  	0.13216  	-0.0168  	-0.1770  	0.27059  	-0.0389  	0.03957  	0.01294  	-0.0104  	-0.0795  	-0.0428  	0.03176  	0.01834  	0.05315  	-0.0180  	0.01656  	0.01860  	-0.0043  	0.01998  	0.00360  	-0.0294  	0.01841  	-0.0030  	-0.0306  	0.03383  	0.00480  	0.00116  	0.02743  	-0.0073  	-0.0069  	-0.0242  	0.03589  	-0.0073  	0.02253  	-0.2797  	
-0.1738  	-0.0224  	-0.0404  	0.44268  	0.05117  	0.27315  	0.12588  	-0.6661  	0.14727  	0.04209  	0.23454  	0.31993  	-0.0269  	-0.5924  	-0.8990  	0.78181  	-0.0870  	0.28642  	-0.2724  	0.45220  	0.01685  	-0.2341  	-0.5419  	0.30992  	-0.1912  	-0.1366  	-0.3911  	-0.1511  	-0.1301  	-0.1426  	-0.1920  	0.22330  	0.25309  	-0.0676  	0.20361  	0.22020  	0.16803  	-0.0060  	-0.1876  	0.24797  	0.00805  	0.03080  	-0.0058  	-0.0249  	-0.0708  	-0.0413  	0.03673  	-0.0056  	0.03788  	-0.0156  	0.00543  	0.01441  	-0.0037  	0.02120  	0.00099  	-0.0354  	0.03213  	0.00075  	-0.0303  	0.03572  	0.00124  	-0.0014  	0.03162  	-0.0059  	-0.0069  	-0.0242  	0.03589  	-0.0073  	0.02253  	-0.2797  	
-0.2080  	-0.0939  	-0.0468  	0.47181  	0.01295  	0.32273  	0.11016  	-0.7335  	0.11345  	0.02056  	0.18577  	0.29677  	-0.0613  	-0.6966  	-1.0257  	0.83096  	-0.0819  	0.31443  	-0.2842  	0.44156  	-0.1388  	-0.2312  	-0.5664  	0.27961  	-0.1549  	-0.1256  	-0.3896  	-0.0417  	-0.0664  	-0.1251  	-0.2063  	0.26397  	0.22185  	-0.0570  	0.13443  	0.29757  	0.09406  	-0.0047  	-0.1774  	0.25537  	0.01857  	0.03076  	0.01373  	-0.0184  	-0.0796  	-0.0450  	0.03698  	-0.0051  	0.03710  	-0.0199  	0.01014  	0.01853  	0.00296  	0.02509  	0.00979  	-0.0362  	0.03561  	0.00719  	-0.0280  	0.02618  	0.00235  	-0.0067  	0.03595  	-0.0036  	-0.0069  	-0.0242  	0.03589  	-0.0073  	0.02253  	-0.2797  	
-0.1269  	-0.0694  	-0.0076  	0.56587  	0.10739  	0.26229  	0.14686  	-0.7471  	0.13408  	0.12103  	0.15019  	0.34629  	-0.0641  	-0.7269  	-1.0800  	0.92372  	-0.1228  	0.35915  	-0.2854  	0.49979  	-0.2413  	-0.2370  	-0.6450  	0.22268  	-0.1282  	-0.1394  	-0.4641  	0.04781  	0.00691  	-0.1087  	-0.2140  	0.23911  	0.21341  	-0.0503  	0.12056  	0.35024  	0.03521  	-0.0270  	-0.1519  	0.27173  	0.04355  	0.02629  	0.02700  	-0.0165  	-0.0797  	-0.0436  	0.03664  	0.01146  	0.04874  	-0.0152  	0.02007  	0.01651  	0.00302  	0.02403  	0.01064  	-0.0368  	0.03944  	0.00645  	-0.0297  	0.03432  	-0.0039  	-0.0115  	0.03333  	-0.0071  	-0.0069  	-0.0242  	0.03589  	-0.0073  	0.02253  	-0.2797  	
-0.1150  	-0.0703  	-0.0085  	0.54248  	0.11924  	0.29068  	0.16029  	-0.7284  	0.16921  	0.15220  	0.14499  	0.34548  	-0.0360  	-0.7237  	-1.1002  	0.95774  	-0.1457  	0.37908  	-0.2787  	0.50988  	-0.2754  	-0.2314  	-0.6812  	0.19604  	-0.0886  	-0.1449  	-0.4512  	0.09273  	0.08089  	-0.0884  	-0.2208  	0.23994  	0.21518  	-0.0385  	0.10747  	0.37416  	-0.0013  	-0.0296  	-0.1388  	0.28833  	0.02122  	0.03580  	0.02960  	-0.0087  	-0.0870  	-0.0418  	0.03262  	0.01517  	0.05492  	-0.0244  	0.03069  	0.01359  	0.00155  	0.02406  	0.01160  	-0.0339  	0.03538  	0.00504  	-0.0227  	0.03399  	-0.0043  	-0.0120  	0.03541  	-0.0030  	-0.0069  	-0.0242  	0.03589  	-0.0073  	0.02253  	-0.2797  	
-0.1736  	-0.0787  	-0.0617  	0.46275  	0.03330  	0.33833  	0.13290  	-0.7296  	0.14314  	0.07009  	0.09423  	0.23772  	-0.0301  	-0.7219  	-1.0216  	0.85697  	-0.1069  	0.36109  	-0.2663  	0.46203  	-0.2005  	-0.2283  	-0.6131  	0.21349  	-0.0869  	-0.1425  	-0.4348  	0.06629  	0.04410  	-0.0933  	-0.2092  	0.25007  	0.20549  	-0.0495  	0.11074  	0.35500  	0.02570  	-0.0248  	-0.1452  	0.26362  	0.03169  	0.03170  	0.02201  	-0.0165  	-0.0886  	-0.0399  	0.03711  	-0.0060  	0.04007  	-0.0179  	0.02516  	0.01548  	0.00367  	0.02543  	0.00962  	-0.0371  	0.03912  	0.00683  	-0.0218  	0.03260  	-0.0014  	-0.0142  	0.03312  	-0.0048  	-0.0069  	-0.0242  	0.03589  	-0.0073  	0.02253  	-0.2797  	
-0.1898  	-0.0783  	-0.0866  	0.47878  	0.04189  	0.32232  	0.13098  	-0.7417  	0.11717  	-0.0038  	0.05276  	0.22607  	-0.0460  	-0.6915  	-0.9687  	0.79318  	-0.0892  	0.31616  	-0.2731  	0.42489  	-0.1798  	-0.2472  	-0.5606  	0.25318  	-0.0964  	-0.1434  	-0.3935  	0.02226  	0.00227  	-0.1028  	-0.2157  	0.24795  	0.19149  	-0.0589  	0.13316  	0.34470  	0.05184  	-0.0158  	-0.1719  	0.26663  	0.02276  	0.02912  	0.01948  	-0.0170  	-0.0879  	-0.0413  	0.03098  	-0.0118  	0.03478  	-0.0151  	0.02215  	0.01761  	0.00076  	0.02104  	0.01113  	-0.0331  	0.04143  	0.00723  	-0.0197  	0.02635  	-0.0070  	-0.0045  	0.03276  	-0.0036  	-0.0069  	-0.0242  	0.03589  	-0.0073  	0.02253  	-0.2797  	
-0.1442  	-0.0416  	-0.0430  	0.47330  	0.02187  	0.31967  	0.12327  	-0.7150  	0.12541  	-0.0117  	0.14170  	0.24035  	-0.0538  	-0.6475  	-0.9044  	0.75567  	-0.1053  	0.31339  	-0.2817  	0.45028  	-0.0789  	-0.2199  	-0.5604  	0.23217  	-0.1425  	-0.1434  	-0.3864  	-0.0652  	-0.0869  	-0.1125  	-0.2100  	0.25428  	0.23138  	-0.0456  	0.20360  	0.30040  	0.12002  	0.00614  	-0.1900  	0.22928  	-0.0080  	0.03820  	0.00763  	-0.0274  	-0.0779  	-0.0528  	0.03391  	-0.0181  	0.03920  	-0.0226  	0.01890  	0.01566  	0.00148  	0.02389  	0.01125  	-0.0345  	0.03776  	0.00825  	-0.0278  	0.03124  	-0.0032  	-0.0056  	0.04044  	-0.0039  	-0.0069  	-0.0242  	0.03589  	-0.0073  	0.02253  	-0.2797  	
-0.0985  	-0.0380  	-0.0224  	0.48463  	0.03261  	0.33605  	0.16043  	-0.6826  	0.14768  	0.01846  	0.18948  	0.28385  	-0.0398  	-0.6214  	-0.9508  	0.80450  	-0.1195  	0.33785  	-0.2933  	0.47891  	-0.0932  	-0.2465  	-0.5999  	0.22379  	-0.1679  	-0.1475  	-0.4233  	-0.0121  	-0.0512  	-0.1273  	-0.2049  	0.24261  	0.23884  	-0.0517  	0.19300  	0.29939  	0.09862  	-0.0100  	-0.1788  	0.23386  	-0.0004  	0.03490  	0.00716  	-0.0227  	-0.0740  	-0.0527  	0.03716  	-0.0152  	0.04476  	-0.0208  	0.02562  	0.01500  	0.00394  	0.02157  	0.01301  	-0.0336  	0.03820  	0.00797  	-0.0272  	0.03080  	-0.0046  	-0.0056  	0.03676  	-0.0022  	-0.0069  	-0.0242  	0.03589  	-0.0073  	0.02253  	-0.2797  	
-0.0653  	-0.0273  	0.02479  	0.48118  	0.02023  	0.36832  	0.15937  	-0.6673  	0.17023  	0.05060  	0.19605  	0.27597  	-0.0300  	-0.6142  	-1.0045  	0.84390  	-0.1212  	0.33598  	-0.2915  	0.50902  	-0.1046  	-0.2586  	-0.6439  	0.19557  	-0.1562  	-0.1497  	-0.4430  	0.00822  	-0.0115  	-0.1251  	-0.1996  	0.23728  	0.24143  	-0.0475  	0.17515  	0.31390  	0.07588  	-0.0138  	-0.1597  	0.24951  	0.00311  	0.03961  	0.01393  	-0.0218  	-0.0751  	-0.0463  	0.03750  	-0.0027  	0.04192  	-0.0178  	0.02552  	0.01754  	0.00175  	0.01902  	0.01238  	-0.0339  	0.04037  	0.00845  	-0.0275  	0.02770  	-0.0015  	-0.0108  	0.03873  	-0.0044  	-0.0069  	-0.0242  	0.03589  	-0.0073  	0.02253  	-0.2797  	
-0.0540  	-0.0314  	0.04007  	0.46800  	0.03367  	0.36451  	0.15684  	-0.6815  	0.16700  	0.08660  	0.21010  	0.26082  	-0.0439  	-0.6434  	-1.0388  	0.87712  	-0.1467  	0.32158  	-0.2889  	0.49983  	-0.1095  	-0.2394  	-0.6479  	0.19979  	-0.1307  	-0.1530  	-0.4380  	-0.0035  	-0.0126  	-0.1138  	-0.1988  	0.24739  	0.23395  	-0.0472  	0.17121  	0.32789  	0.08500  	-0.0080  	-0.1652  	0.26087  	0.00800  	0.03739  	0.02269  	-0.0169  	-0.0788  	-0.0429  	0.03650  	0.00323  	0.04195  	-0.0164  	0.02656  	0.01758  	0.00066  	0.01946  	0.01381  	-0.0360  	0.04010  	0.00944  	-0.0289  	0.02823  	-0.0023  	-0.0125  	0.03631  	-0.0065  	-0.0069  	-0.0242  	0.03589  	-0.0073  	0.02253  	-0.2797  	
-0.0438  	-0.0367  	0.02955  	0.43569  	0.01065  	0.36059  	0.15266  	-0.7053  	0.15249  	0.06547  	0.21544  	0.25059  	-0.0411  	-0.6539  	-1.0784  	0.86914  	-0.1335  	0.30645  	-0.2898  	0.49116  	-0.1077  	-0.2419  	-0.6107  	0.21684  	-0.1565  	-0.1435  	-0.4323  	-0.0366  	-0.0417  	-0.1305  	-0.1984  	0.24740  	0.23925  	-0.0507  	0.17660  	0.33047  	0.09675  	-0.0023  	-0.1749  	0.25810  	0.01694  	0.04322  	0.02206  	-0.0210  	-0.0768  	-0.0454  	0.03898  	0.00643  	0.04463  	-0.0127  	0.02403  	0.01559  	0.00436  	0.02136  	0.01250  	-0.0365  	0.03825  	0.00720  	-0.0290  	0.02939  	-0.0020  	-0.0128  	0.03696  	-0.0031  	-0.0069  	-0.0242  	0.03589  	-0.0073  	0.02253  	-0.2797  	
-0.0834  	-0.0119  	-0.0011  	0.45050  	0.00955  	0.36676  	0.14564  	-0.6975  	0.12970  	0.01706  	0.21230  	0.22744  	-0.0548  	-0.6441  	-0.9929  	0.78735  	-0.1204  	0.29460  	-0.2876  	0.45988  	-0.0481  	-0.2380  	-0.5495  	0.24340  	-0.1746  	-0.1361  	-0.4312  	-0.0728  	-0.0581  	-0.1369  	-0.2079  	0.24826  	0.23324  	-0.0548  	0.19226  	0.29169  	0.12225  	0.00498  	-0.1945  	0.24419  	0.02321  	0.04092  	0.01684  	-0.0209  	-0.0798  	-0.0442  	0.03618  	-0.0070  	0.04216  	-0.0218  	0.02169  	0.01441  	0.00704  	0.02216  	0.00998  	-0.0365  	0.03811  	0.00617  	-0.0273  	0.02998  	-0.0001  	-0.0096  	0.03949  	-0.0012  	-0.0069  	-0.0242  	0.03589  	-0.0073  	0.02253  	-0.2797  	
-0.0748  	-0.0007  	0.01365  	0.46735  	-0.0131  	0.35111  	0.11896  	-0.6497  	0.15634  	-0.0238  	0.25087  	0.25729  	-0.0601  	-0.6060  	-0.8939  	0.78224  	-0.1041  	0.26142  	-0.2764  	0.41516  	0.02286  	-0.2254  	-0.5235  	0.28551  	-0.1803  	-0.1408  	-0.3899  	-0.1694  	-0.1488  	-0.1405  	-0.1953  	0.26346  	0.25260  	-0.0653  	0.22747  	0.24040  	0.18394  	0.02449  	-0.2257  	0.21856  	0.01646  	0.03629  	0.00208  	-0.0319  	-0.0825  	-0.0427  	0.03789  	-0.0087  	0.03469  	-0.0177  	0.00548  	0.01666  	-0.0002  	0.02720  	0.00856  	-0.0400  	0.03544  	0.00600  	-0.0312  	0.02934  	0.00339  	-0.0053  	0.03993  	-0.0032  	-0.0069  	-0.0242  	0.03589  	-0.0073  	0.02253  	-0.2797  	
0.04950  	0.06180  	0.09409  	0.53219  	-0.0305  	0.40555  	0.11346  	-0.5614  	0.20741  	-0.0470  	0.28451  	0.29780  	-0.0167  	-0.4770  	-0.8285  	0.84101  	-0.0747  	0.23114  	-0.2784  	0.35344  	0.13755  	-0.2286  	-0.5154  	0.31844  	-0.2279  	-0.1454  	-0.3263  	-0.2821  	-0.2604  	-0.1549  	-0.2027  	0.27297  	0.27109  	-0.0593  	0.29086  	0.15890  	0.26355  	0.04664  	-0.2553  	0.19260  	-0.0121  	0.02987  	0.00964  	-0.0278  	-0.0808  	-0.0414  	0.03908  	-0.0115  	0.03847  	-0.0093  	6.87978  	0.01656  	0.00180  	0.02980  	0.00581  	-0.0297  	0.02031  	0.00350  	-0.0339  	0.02781  	0.00796  	0.00159  	0.02926  	-0.0083  	-0.0069  	-0.0242  	0.03589  	-0.0073  	0.02253  	-0.2797  	
0.12492  	0.10509  	0.16491  	0.55922  	-0.0435  	0.47582  	0.11525  	-0.4897  	0.25200  	-0.0677  	0.29490  	0.35552  	-0.0027  	-0.4076  	-0.7958  	0.90210  	-0.0704  	0.19302  	-0.2696  	0.32952  	0.19946  	-0.2072  	-0.4580  	0.34758  	-0.2589  	-0.1524  	-0.2871  	-0.3467  	-0.3271  	-0.1568  	-0.1955  	0.27553  	0.28178  	-0.0677  	0.30208  	0.12017  	0.30747  	0.06053  	-0.2572  	0.16693  	-0.0264  	0.02869  	0.01755  	-0.0297  	-0.0839  	-0.0421  	0.03517  	0.00454  	0.04646  	-0.0073  	-0.0016  	0.01783  	-0.0004  	0.03098  	0.00303  	-0.0228  	0.02060  	0.00420  	-0.0354  	0.03239  	0.00789  	0.00304  	0.03076  	-0.0064  	-0.0069  	-0.0242  	0.03589  	-0.0073  	0.02253  	-0.2797  	
0.13929  	0.09722  	0.17708  	0.56548  	-0.0304  	0.49116  	0.11117  	-0.4824  	0.25304  	-0.0565  	0.29280  	0.36116  	0.00424  	-0.3990  	-0.7991  	0.91522  	-0.0656  	0.19290  	-0.2722  	0.33399  	0.19078  	-0.2090  	-0.4516  	0.35314  	-0.2619  	-0.1502  	-0.2931  	-0.3452  	-0.3278  	-0.1541  	-0.1994  	0.27424  	0.28259  	-0.0645  	0.29931  	0.12135  	0.30285  	0.06377  	-0.2490  	0.16482  	-0.0346  	0.03051  	0.01804  	-0.0294  	-0.0833  	-0.0424  	0.03455  	0.00584  	0.04842  	-0.0091  	0.00028  	0.01876  	0.00170  	0.03202  	0.00279  	-0.0219  	0.01910  	0.00490  	-0.0349  	0.03384  	0.00814  	0.00331  	0.03168  	-0.0051  	-0.0069  	-0.0242  	0.03589  	-0.0073  	0.02253  	-0.2797  	
0.13929  	0.09722  	0.17708  	0.56548  	-0.0304  	0.49116  	0.11117  	-0.4824  	0.25304  	-0.0565  	0.29280  	0.36116  	0.00424  	-0.3990  	-0.7991  	0.91522  	-0.0656  	0.19290  	-0.2722  	0.33399  	0.19078  	-0.2090  	-0.4516  	0.35314  	-0.2619  	-0.1502  	-0.2931  	-0.3452  	-0.3278  	-0.1541  	-0.1994  	0.27424  	0.28259  	-0.0645  	0.29931  	0.12135  	0.30285  	0.06377  	-0.2490  	0.16482  	-0.0346  	0.03051  	0.01804  	-0.0294  	-0.0833  	-0.0424  	0.03455  	0.00584  	0.04842  	-0.0091  	0.00028  	0.01876  	0.00170  	0.03202  	0.00279  	-0.0219  	0.01910  	0.00490  	-0.0349  	0.03384  	0.00814  	0.00331  	0.03168  	-0.0051  	-0.0069  	-0.0242  	0.03589  	-0.0073  	0.02253  	-0.2797  	
0.13929  	0.09722  	0.17708  	0.56548  	-0.0304  	0.49116  	0.11117  	-0.4824  	0.25304  	-0.0565  	0.29280  	0.36116  	0.00424  	-0.3990  	-0.7991  	0.91522  	-0.0656  	0.19290  	-0.2722  	0.33399  	0.19078  	-0.2090  	-0.4516  	0.35314  	-0.2619  	-0.1502  	-0.2931  	-0.3452  	-0.3278  	-0.1541  	-0.1994  	0.27424  	0.28259  	-0.0645  	0.29931  	0.12135  	0.30285  	0.06377  	-0.2490  	0.16482  	-0.0346  	0.03051  	0.01804  	-0.0294  	-0.0833  	-0.0424  	0.03455  	0.00584  	0.04842  	-0.0091  	0.00028  	0.01876  	0.00170  	0.03202  	0.00279  	-0.0219  	0.01910  	0.00490  	-0.0349  	0.03384  	0.00814  	0.00331  	0.03168  	-0.0051  	-0.0069  	-0.0242  	0.03589  	-0.0073  	0.02253  	-0.2797  	
