0.13932  	0.09724  	0.17709  	0.56552  	-0.0303  	0.49116  	0.11117  	-0.4824  	0.25303  	-0.0565  	0.29278  	0.36116  	0.00425  	-0.3990  	-0.7991  	0.91521  	-0.0657  	0.19290  	-0.2722  	0.33400  	0.19078  	-0.2090  	-0.4516  	0.35313  	-0.2618  	-0.1502  	-0.2931  	-0.3452  	-0.3278  	-0.1541  	-0.1994  	0.27423  	0.28261  	-0.0645  	0.29929  	0.12135  	0.30283  	0.06377  	-0.2490  	0.16484  	-0.0345  	0.03053  	0.01804  	-0.0294  	-0.0833  	-0.0424  	0.03456  	0.00585  	0.04840  	-0.0091  	0.00028  	0.01875  	0.00170  	0.03200  	0.00279  	-0.0219  	0.01912  	0.00490  	-0.0349  	0.03383  	0.00814  	0.00330  	0.03167  	-0.0051  	-0.0069  	-0.0242  	0.03589  	-0.0073  	0.02253  	-0.2797  	
0.11519  	0.09259  	0.16072  	0.56105  	-0.0060  	0.45448  	0.10684  	-0.5144  	0.24060  	-0.0335  	0.28675  	0.39127  	0.00807  	-0.4183  	-0.8528  	0.91898  	-0.0807  	0.22190  	-0.2874  	0.37746  	0.15657  	-0.2288  	-0.4926  	0.32346  	-0.2620  	-0.1444  	-0.3444  	-0.2757  	-0.2762  	-0.1589  	-0.1912  	0.25588  	0.29571  	-0.0624  	0.27665  	0.14052  	0.26369  	0.04618  	-0.2333  	0.16900  	-0.0086  	0.03142  	0.02130  	-0.0328  	-0.0840  	-0.0437  	0.03842  	0.00614  	0.04511  	-0.0093  	0.00218  	0.01720  	0.00097  	0.02946  	0.00382  	-0.0231  	0.02201  	0.00286  	-0.0346  	0.03104  	0.00769  	0.00182  	0.03091  	-0.0049  	-0.0069  	-0.0242  	0.03589  	-0.0073  	0.02253  	-0.2797  	
-0.0460  	0.05848  	0.08862  	0.44180  	0.00589  	0.37567  	0.11673  	-0.5722  	0.20998  	0.05223  	0.28179  	0.37635  	0.02704  	-0.4794  	-1.0240  	0.90775  	-0.1170  	0.29723  	-0.2748  	0.47122  	-0.0316  	-0.2690  	-0.5804  	0.23839  	-0.2155  	-0.1388  	-0.4349  	-0.0645  	-0.1180  	-0.1578  	-0.1731  	0.20493  	0.31095  	-0.0516  	0.17836  	0.21364  	0.14937  	0.00140  	-0.1746  	0.22543  	0.04454  	0.02348  	0.03357  	-0.0401  	-0.0929  	-0.0442  	0.03942  	0.02060  	0.04273  	-0.0174  	0.01180  	0.01661  	-0.0049  	0.02165  	0.00251  	-0.0318  	0.02970  	-0.0006  	-0.0337  	0.02816  	0.00591  	-0.0005  	0.04415  	0.00439  	-0.0069  	-0.0242  	0.03589  	-0.0073  	0.02253  	-0.2797  	
-0.2031  	-0.0117  	-0.0402  	0.36473  	-0.0216  	0.25047  	0.11771  	-0.6979  	0.16312  	0.08730  	0.28044  	0.32438  	-0.0012  	-0.5544  	-1.1029  	0.80424  	-0.0999  	0.31784  	-0.2790  	0.50561  	-0.1142  	-0.2648  	-0.5782  	0.24903  	-0.1845  	-0.1350  	-0.4796  	-0.0515  	-0.0819  	-0.1470  	-0.1698  	0.20628  	0.29630  	-0.0526  	0.13528  	0.24830  	0.09228  	-0.0185  	-0.1586  	0.24455  	0.04411  	0.02338  	0.02945  	-0.0244  	-0.0763  	-0.0426  	0.04497  	0.01011  	0.04144  	-0.0145  	0.01102  	0.01492  	-0.0060  	0.02515  	0.00213  	-0.0400  	0.02532  	0.00438  	-0.0342  	0.02844  	0.00763  	-0.0049  	0.04025  	-0.0042  	-0.0069  	-0.0242  	0.03589  	-0.0073  	0.02253  	-0.2797  	
-0.4393  	-0.1488  	-0.1674  	0.23690  	-0.0499  	0.11126  	0.12568  	-0.6993  	0.14882  	0.06932  	0.38038  	0.27769  	-0.0724  	-0.6872  	-1.1407  	0.73924  	-0.0958  	0.30926  	-0.2889  	0.51657  	-0.0962  	-0.2815  	-0.5935  	0.27345  	-0.1860  	-0.1129  	-0.4698  	-0.0578  	-0.0744  	-0.1769  	-0.1987  	0.21522  	0.26236  	-0.0467  	0.16625  	0.27143  	0.11155  	-0.0089  	-0.1841  	0.20885  	0.03101  	0.03422  	0.00173  	-0.0364  	-0.0664  	-0.0408  	0.04255  	-0.0116  	0.03606  	-0.0141  	0.00161  	0.01615  	-0.0012  	0.02713  	0.00329  	-0.0410  	0.03073  	0.00758  	-0.0304  	0.02725  	0.00584  	-0.0014  	0.03075  	-0.0036  	-0.0069  	-0.0242  	0.03589  	-0.0073  	0.02253  	-0.2797  	
-0.5014  	-0.1559  	-0.2199  	0.23494  	-0.0620  	0.05499  	0.10613  	-0.7308  	0.14270  	0.10880  	0.36831  	0.29357  	-0.0778  	-0.7593  	-1.1221  	0.75847  	-0.0817  	0.32021  	-0.2870  	0.51027  	-0.1039  	-0.2579  	-0.5711  	0.23611  	-0.2315  	-0.1111  	-0.4902  	-0.0443  	-0.0711  	-0.1626  	-0.1784  	0.22004  	0.25104  	-0.0469  	0.13469  	0.27982  	0.07797  	-0.0067  	-0.1818  	0.21548  	0.04012  	0.03067  	0.00435  	-0.0426  	-0.0694  	-0.0428  	0.04384  	-0.0151  	0.03006  	-0.0119  	0.00642  	0.01741  	-0.0025  	0.02562  	0.00459  	-0.0424  	0.03247  	0.00699  	-0.0327  	0.03079  	0.00665  	-0.0058  	0.03511  	-0.0018  	-0.0069  	-0.0242  	0.03589  	-0.0073  	0.02253  	-0.2797  	
-0.4885  	-0.1301  	-0.2051  	0.25232  	-0.0480  	0.10273  	0.12051  	-0.7251  	0.14797  	0.10794  	0.33750  	0.30058  	-0.0746  	-0.7562  	-1.1606  	0.76429  	-0.0809  	0.33017  	-0.2838  	0.51600  	-0.0938  	-0.2634  	-0.5654  	0.22395  	-0.2322  	-0.1136  	-0.5011  	-0.0069  	-0.0450  	-0.1642  	-0.1849  	0.21490  	0.24225  	-0.0501  	0.12377  	0.27087  	0.06037  	-0.0151  	-0.1642  	0.22180  	0.03305  	0.03152  	0.01124  	-0.0338  	-0.0693  	-0.0449  	0.04212  	-0.0085  	0.02823  	-0.0085  	0.01125  	0.01587  	-0.0003  	0.02506  	0.00518  	-0.0404  	0.03488  	0.00798  	-0.0335  	0.02993  	0.00452  	-0.0050  	0.03104  	-0.0011  	-0.0069  	-0.0242  	0.03589  	-0.0073  	0.02253  	-0.2797  	
-0.4246  	-0.0958  	-0.1552  	0.27357  	-0.0236  	0.13014  	0.12986  	-0.7142  	0.14272  	0.11053  	0.30065  	0.29982  	-0.0627  	-0.7265  	-1.1630  	0.76235  	-0.0863  	0.33131  	-0.2755  	0.49566  	-0.1126  	-0.2686  	-0.5551  	0.22397  	-0.2075  	-0.1270  	-0.4842  	-0.0081  	-0.0221  	-0.1547  	-0.1873  	0.21488  	0.23982  	-0.0508  	0.11245  	0.26908  	0.05739  	-0.0199  	-0.1508  	0.23076  	0.05044  	0.02608  	0.01812  	-0.0201  	-0.0690  	-0.0418  	0.03734  	-0.0043  	0.03683  	-0.0119  	0.00609  	0.01377  	0.00141  	0.02251  	0.00602  	-0.0378  	0.03084  	0.00570  	-0.0290  	0.03009  	0.00738  	-0.0031  	0.02949  	-0.0023  	-0.0069  	-0.0242  	0.03589  	-0.0073  	0.02253  	-0.2797  	
-0.3546  	-0.0620  	-0.1180  	0.31813  	-0.0251  	0.18908  	0.10815  	-0.6799  	0.15388  	0.10087  	0.22940  	0.31453  	-0.0263  	-0.6823  	-1.0829  	0.75339  	-0.0846  	0.30490  	-0.2642  	0.46388  	-0.1313  	-0.2259  	-0.5207  	0.20488  	-0.2118  	-0.1153  	-0.4837  	-0.0294  	-0.0186  	-0.1382  	-0.1803  	0.20307  	0.25295  	-0.0505  	0.08526  	0.25872  	0.05895  	-0.0248  	-0.1404  	0.23895  	0.06190  	0.02640  	0.03473  	-0.0134  	-0.0797  	-0.0416  	0.04103  	0.00383  	0.04704  	-0.0180  	0.00505  	0.01501  	-0.0048  	0.02582  	0.00105  	-0.0394  	0.02920  	-6.4950  	-0.0266  	0.02880  	0.00641  	-0.0018  	0.03073  	-0.0019  	-0.0069  	-0.0242  	0.03589  	-0.0073  	0.02253  	-0.2797  	
-0.2005  	-0.0059  	-0.0580  	0.40823  	-0.0289  	0.30409  	0.10485  	-0.6338  	0.17778  	0.04520  	0.11607  	0.32903  	-0.0031  	-0.5862  	-0.9724  	0.73139  	-0.0713  	0.30299  	-0.2791  	0.45869  	-0.0848  	-0.2063  	-0.5388  	0.21738  	-0.2368  	-0.1111  	-0.4573  	-0.0538  	-0.0662  	-0.1454  	-0.1833  	0.19837  	0.26999  	-0.0468  	0.11241  	0.22806  	0.07394  	-0.0265  	-0.1471  	0.24156  	0.03720  	0.02316  	0.03585  	-0.0118  	-0.0829  	-0.0459  	0.03806  	-0.0022  	0.04026  	-0.0111  	0.00833  	0.01388  	-0.0063  	0.02340  	-0.0015  	-0.0295  	0.03074  	-0.0004  	-0.0309  	0.02577  	0.00486  	0.00228  	0.03244  	-0.0054  	-0.0069  	-0.0242  	0.03589  	-0.0073  	0.02253  	-0.2797  	
-0.1227  	-0.0325  	0.00417  	0.50152  	0.03204  	0.34780  	0.12715  	-0.6483  	0.15626  	0.04740  	0.16992  	0.33148  	-0.0163  	-0.5825  	-0.9461  	0.80351  	-0.1019  	0.33363  	-0.2839  	0.46747  	-0.1290  	-0.2141  	-0.5762  	0.19415  	-0.2095  	-0.1268  	-0.4848  	-0.0230  	-0.0426  	-0.1495  	-0.1898  	0.21628  	0.26265  	-0.0485  	0.13009  	0.27094  	0.08764  	-0.0122  	-0.1585  	0.25098  	0.04449  	0.03363  	0.04035  	-0.0266  	-0.0810  	-0.0477  	0.03999  	0.00514  	0.04367  	-0.0136  	0.01252  	0.01264  	-0.0015  	0.02331  	0.00234  	-0.0316  	0.03331  	0.00351  	-0.0285  	0.02854  	0.00269  	0.00064  	0.03158  	-0.0050  	-0.0069  	-0.0242  	0.03589  	-0.0073  	0.02253  	-0.2797  	
-0.0809  	-0.0027  	0.03239  	0.51979  	0.10645  	0.35839  	0.14283  	-0.6711  	0.15695  	0.06806  	0.20861  	0.33826  	-0.0203  	-0.5835  	-0.9818  	0.88234  	-0.1367  	0.33710  	-0.2931  	0.50935  	-0.1265  	-0.2457  	-0.6309  	0.21573  	-0.1900  	-0.1337  	-0.4693  	0.01164  	-0.0415  	-0.1435  	-0.1985  	0.22378  	0.27584  	-0.0373  	0.18146  	0.29047  	0.08319  	-0.0203  	-0.1566  	0.24544  	0.00925  	0.03344  	0.01709  	-0.0274  	-0.0777  	-0.0519  	0.04260  	-0.0008  	0.04636  	-0.0205  	0.01919  	0.01186  	0.00095  	0.02530  	0.01013  	-0.0360  	0.03448  	0.00405  	-0.0308  	0.03182  	-0.0012  	-0.0048  	0.03406  	-0.0020  	-0.0069  	-0.0242  	0.03589  	-0.0073  	0.02253  	-0.2797  	
-0.0609  	-0.0335  	0.04691  	0.48792  	0.04127  	0.36162  	0.15063  	-0.6920  	0.16893  	0.10938  	0.23740  	0.31070  	-0.0325  	-0.6573  	-1.0713  	0.91256  	-0.1444  	0.34309  	-0.2700  	0.52849  	-0.1515  	-0.2498  	-0.6816  	0.21213  	-0.1404  	-0.1576  	-0.4639  	0.02337  	-0.0217  	-0.1191  	-0.2011  	0.24305  	0.23814  	-0.0447  	0.16243  	0.33234  	0.07406  	-0.0126  	-0.1617  	0.26351  	0.01722  	0.02597  	0.02154  	-0.0286  	-0.0785  	-0.0452  	0.03608  	0.00321  	0.04676  	-0.0186  	0.02571  	0.01510  	0.00072  	0.01959  	0.01469  	-0.0351  	0.03661  	0.00523  	-0.0277  	0.03174  	-0.0007  	-0.0137  	0.03612  	-0.0046  	-0.0069  	-0.0242  	0.03589  	-0.0073  	0.02253  	-0.2797  	
-0.0455  	-0.0233  	0.08600  	0.37776  	-0.0259  	0.34138  	0.14800  	-0.7081  	0.14821  	0.11913  	0.19127  	0.25025  	-0.0342  	-0.6648  	-1.1643  	0.91831  	-0.1391  	0.35322  	-0.2762  	0.52115  	-0.1896  	-0.2540  	-0.6527  	0.18217  	-0.1593  	-0.1388  	-0.4668  	0.00680  	-0.0007  	-0.1190  	-0.1940  	0.23304  	0.24365  	-0.0361  	0.13867  	0.35191  	0.05682  	-0.0155  	-0.1487  	0.26969  	0.03934  	0.02831  	0.02935  	-0.0242  	-0.0791  	-0.0463  	0.03472  	0.01076  	0.05063  	-0.0153  	0.02489  	0.01366  	-0.0006  	0.01861  	0.01008  	-0.0384  	0.03555  	0.00758  	-0.0345  	0.02626  	-0.0034  	-0.0117  	0.03936  	-0.0032  	-0.0069  	-0.0242  	0.03589  	-0.0073  	0.02253  	-0.2797  	
-0.2820  	-0.0923  	-0.0790  	0.40856  	-0.0351  	0.21522  	0.13653  	-0.7086  	0.14189  	0.09354  	0.29072  	0.24373  	-0.0350  	-0.6698  	-1.1567  	0.83076  	-0.1261  	0.29685  	-0.2865  	0.49316  	-0.1372  	-0.2577  	-0.6476  	0.28858  	-0.1140  	-0.1480  	-0.4291  	-0.0098  	-0.0270  	-0.1139  	-0.2029  	0.25690  	0.23428  	-0.0583  	0.17349  	0.36244  	0.09043  	-0.0197  	-0.1802  	0.27001  	0.00295  	0.02799  	0.00133  	-0.0283  	-0.0732  	-0.0484  	0.03992  	-0.0058  	0.04433  	-0.0282  	0.01875  	0.01553  	-0.0017  	0.02188  	0.00687  	-0.0369  	0.03158  	0.00629  	-0.0283  	0.03067  	-0.0023  	-0.0117  	0.03242  	0.00075  	-0.0069  	-0.0242  	0.03589  	-0.0073  	0.02253  	-0.2797  	
-0.2729  	-0.0875  	-0.1320  	0.48647  	0.02754  	0.23668  	0.06769  	-0.6712  	0.15121  	-0.0152  	0.20458  	0.33791  	-0.0475  	-0.5783  	-0.8566  	0.76234  	-0.0868  	0.24864  	-0.2618  	0.42993  	-0.0357  	-0.2430  	-0.5576  	0.29739  	-0.1761  	-0.1445  	-0.3560  	-0.1099  	-0.1393  	-0.1332  	-0.2110  	0.25184  	0.23305  	-0.0679  	0.22189  	0.22092  	0.12861  	-0.0074  	-0.2036  	0.23587  	-0.0347  	0.03663  	-0.0251  	-0.0232  	-0.0677  	-0.0464  	0.03388  	-0.0135  	0.02864  	-0.0171  	0.00715  	0.01415  	-0.0005  	0.02249  	-0.0009  	-0.0376  	0.03705  	0.01132  	-0.0267  	0.02982  	0.00429  	-0.0112  	0.03836  	-0.0017  	-0.0069  	-0.0242  	0.03589  	-0.0073  	0.02253  	-0.2797  	
0.11493  	0.07464  	0.17182  	0.61627  	0.03467  	0.50938  	0.15041  	-0.5551  	0.19983  	0.00889  	0.05520  	0.31307  	0.06991  	-0.3794  	-0.6882  	0.79102  	-0.0776  	0.21042  	-0.2673  	0.33503  	0.07580  	-0.1831  	-0.5068  	0.35153  	-0.1971  	-0.1522  	-0.2901  	-0.2786  	-0.2196  	-0.1329  	-0.2019  	0.26377  	0.25845  	-0.0676  	0.28223  	0.19156  	0.20265  	-0.0023  	-0.2148  	0.23865  	-0.0422  	0.04566  	0.01524  	-0.0248  	-0.0867  	-0.0435  	0.03091  	0.00636  	0.05097  	-0.0116  	0.01744  	0.01551  	-0.0051  	0.02163  	0.00282  	-0.0236  	0.02254  	0.00104  	-0.0348  	0.03092  	0.00368  	0.00214  	0.03015  	-0.0093  	-0.0069  	-0.0242  	0.03589  	-0.0073  	0.02253  	-0.2797  	
0.22404  	0.06139  	0.15299  	0.68357  	0.09524  	0.41051  	0.16901  	-0.5552  	0.19463  	0.01623  	0.19063  	0.30052  	0.02849  	-0.4921  	-0.8146  	0.83070  	-0.0782  	0.19466  	-0.2697  	0.39290  	0.09639  	-0.1806  	-0.5378  	0.38170  	-0.1662  	-0.1535  	-0.3132  	-0.2649  	-0.2348  	-0.1181  	-0.2134  	0.26496  	0.24410  	-0.0584  	0.29240  	0.20384  	0.21011  	0.02289  	-0.2191  	0.23184  	-0.0466  	0.05898  	0.02187  	-0.0166  	-0.0932  	-0.0332  	0.02614  	0.01322  	0.05625  	-0.0128  	0.01646  	0.01881  	-0.0014  	0.02637  	0.00516  	-0.0260  	0.02757  	0.00689  	-0.0328  	0.02853  	-0.0011  	0.00265  	0.03297  	-0.0116  	-0.0069  	-0.0242  	0.03589  	-0.0073  	0.02253  	-0.2797  	
0.04300  	-0.0257  	0.14932  	0.55839  	0.03385  	0.41495  	0.10305  	-0.6504  	0.17052  	0.07553  	0.21914  	0.33313  	-0.0290  	-0.6481  	-1.0707  	0.94567  	-0.0886  	0.27899  	-0.2579  	0.47162  	-0.0145  	-0.2079  	-0.6452  	0.33424  	-0.1094  	-0.1719  	-0.3366  	-0.1320  	-0.1376  	-0.1245  	-0.2304  	0.27332  	0.22617  	-0.0568  	0.20496  	0.28396  	0.14114  	0.00271  	-0.1787  	0.27164  	-0.0108  	0.03728  	0.02327  	-0.0211  	-0.0853  	-0.0465  	0.03013  	0.01117  	0.05621  	-0.0184  	0.01964  	0.01165  	-0.0029  	0.02638  	0.00525  	-0.0343  	0.03452  	0.00145  	-0.0306  	0.03296  	0.00098  	-0.0117  	0.03150  	-0.0020  	-0.0069  	-0.0242  	0.03589  	-0.0073  	0.02253  	-0.2797  	
-0.1329  	-0.0762  	0.02098  	0.48407  	0.01827  	0.38139  	0.12903  	-0.7114  	0.14348  	0.04222  	0.11394  	0.24865  	-0.0629  	-0.6734  	-1.0678  	0.87551  	-0.0919  	0.31274  	-0.2712  	0.48266  	-0.0979  	-0.2385  	-0.6169  	0.30934  	-0.0622  	-0.1569  	-0.3223  	-0.0880  	-0.0667  	-0.0926  	-0.2189  	0.27810  	0.21902  	-0.0530  	0.17816  	0.33009  	0.12545  	0.00308  	-0.1816  	0.25773  	0.01216  	0.02839  	0.01031  	-0.0148  	-0.0732  	-0.0434  	0.02905  	-0.0067  	0.04570  	-0.0157  	0.02453  	0.01573  	-0.0010  	0.02683  	0.00776  	-0.0376  	0.04086  	0.00908  	-0.0280  	0.02727  	-0.0064  	-0.0138  	0.03945  	-0.0054  	-0.0069  	-0.0242  	0.03589  	-0.0073  	0.02253  	-0.2797  	
-0.1683  	-0.0762  	-0.0400  	0.55525  	0.04454  	0.38144  	0.10066  	-0.7122  	0.12405  	-0.0283  	0.04918  	0.26809  	-0.0518  	-0.6703  	-1.0251  	0.82591  	-0.0910  	0.31219  	-0.2506  	0.46789  	-0.1622  	-0.2420  	-0.5757  	0.28868  	-0.0844  	-0.1439  	-0.3075  	-0.0163  	-0.0358  	-0.0900  	-0.2418  	0.25380  	0.19325  	-0.0557  	0.17408  	0.33914  	0.09024  	-0.0073  	-0.1618  	0.25117  	-0.0031  	0.03601  	0.01038  	-0.0122  	-0.0740  	-0.0522  	0.02551  	0.00481  	0.04124  	-0.0165  	0.02436  	0.01384  	-0.0008  	0.02120  	0.00818  	-0.0315  	0.04548  	0.01455  	-0.0229  	0.02685  	-0.0040  	-0.0122  	0.03755  	0.00283  	-0.0069  	-0.0242  	0.03589  	-0.0073  	0.02253  	-0.2797  	
-0.0200  	-0.0281  	-0.0554  	0.80525  	0.14617  	0.45051  	0.10088  	-0.6407  	0.12120  	-0.0157  	0.02420  	0.38385  	-0.0178  	-0.5024  	-0.8518  	0.80339  	-0.0956  	0.29555  	-0.2731  	0.46312  	-0.1526  	-0.1860  	-0.6041  	0.31262  	-0.1112  	-0.1421  	-0.3573  	0.00260  	-0.0102  	-0.0828  	-0.2456  	0.25231  	0.24153  	-0.0509  	0.19405  	0.27307  	0.04154  	-0.0343  	-0.1446  	0.26540  	-0.0295  	0.03358  	0.01278  	-0.0083  	-0.0683  	-0.0440  	0.03512  	0.00853  	0.04864  	-0.0099  	0.03415  	0.01056  	-0.0040  	0.01946  	0.01035  	-0.0244  	0.03858  	0.00669  	-0.0162  	0.02944  	-0.0037  	-0.0093  	0.03291  	-0.0082  	-0.0069  	-0.0242  	0.03589  	-0.0073  	0.02253  	-0.2797  	
0.06971  	0.04411  	-0.0123  	0.96261  	0.27166  	0.48472  	0.13518  	-0.5951  	0.19185  	0.00530  	-0.0682  	0.34959  	0.08799  	-0.3005  	-0.5928  	0.78692  	-0.1052  	0.26186  	-0.2926  	0.44941  	-0.1170  	-0.1565  	-0.6118  	0.24229  	-0.0850  	-0.1624  	-0.3745  	-0.0941  	0.02335  	-0.0337  	-0.2480  	0.23275  	0.25338  	-0.0351  	0.22585  	0.23873  	0.02300  	-0.0417  	-0.1332  	0.26157  	-0.0488  	0.04180  	0.00310  	-0.0340  	-0.0700  	-0.0413  	0.03089  	0.02247  	0.06248  	-0.0266  	0.01993  	0.01390  	-0.0025  	0.01579  	0.00541  	-0.0213  	0.02771  	0.00979  	-0.0224  	0.03143  	0.00344  	-0.0103  	0.02579  	-0.0111  	-0.0069  	-0.0242  	0.03589  	-0.0073  	0.02253  	-0.2797  	
-0.0473  	-0.0076  	-0.0428  	0.79522  	0.23684  	0.37016  	0.13248  	-0.6374  	0.18012  	0.00185  	-0.0168  	0.41916  	0.06413  	-0.3658  	-0.7278  	0.81931  	-0.1042  	0.27285  	-0.2831  	0.43609  	-0.0907  	-0.1813  	-0.6098  	0.29880  	-0.1469  	-0.1461  	-0.3597  	-0.0444  	-0.0376  	-0.0763  	-0.2230  	0.22391  	0.27019  	-0.0422  	0.21910  	0.21372  	0.07959  	-0.0428  	-0.1550  	0.27213  	-0.0480  	0.04516  	-0.0033  	-0.0219  	-0.0724  	-0.0436  	0.03278  	0.00700  	0.05154  	-0.0140  	0.01434  	0.00866  	-0.0023  	0.02221  	-0.0022  	-0.0247  	0.03124  	0.00099  	-0.0208  	0.03789  	0.00081  	-0.0030  	0.02414  	-0.0068  	-0.0069  	-0.0242  	0.03589  	-0.0073  	0.02253  	-0.2797  	
-0.1154  	-0.0072  	-0.0371  	0.63309  	0.10497  	0.40943  	0.13832  	-0.6400  	0.15146  	-0.0434  	0.08942  	0.37550  	-0.0023  	-0.4964  	-0.7826  	0.78617  	-0.0611  	0.30094  	-0.2798  	0.43343  	-0.0346  	-0.1873  	-0.5463  	0.33257  	-0.1895  	-0.1291  	-0.3846  	-0.1042  	-0.0920  	-0.1212  	-0.2241  	0.23431  	0.25237  	-0.0569  	0.19067  	0.20779  	0.12848  	-0.0122  	-0.1745  	0.24997  	-0.0406  	0.03534  	0.00620  	-0.0245  	-0.0714  	-0.0416  	0.03364  	-0.0024  	0.04234  	-0.0095  	0.01304  	0.01360  	-0.0044  	0.01853  	0.00702  	-0.0318  	0.02898  	0.00144  	-0.0263  	0.03285  	0.00064  	-0.0034  	0.02755  	-0.0073  	-0.0069  	-0.0242  	0.03589  	-0.0073  	0.02253  	-0.2797  	
0.08129  	0.04234  	0.07586  	0.66916  	0.08917  	0.45498  	0.13406  	-0.5574  	0.20225  	-0.0169  	0.06673  	0.28284  	0.04937  	-0.3689  	-0.6673  	0.79623  	-0.0853  	0.24595  	-0.2879  	0.40942  	0.01880  	-0.1697  	-0.5468  	0.31052  	-0.1401  	-0.1441  	-0.3167  	-0.2015  	-0.1171  	-0.1142  	-0.2282  	0.25486  	0.25264  	-0.0534  	0.25371  	0.20054  	0.16064  	0.01149  	-0.1808  	0.25872  	-0.0319  	0.04435  	0.01147  	-0.0267  	-0.0809  	-0.0439  	0.02975  	0.00623  	0.04859  	-0.0108  	0.01394  	0.01800  	-0.0016  	0.02704  	0.00563  	-0.0218  	0.02441  	0.00089  	-0.0252  	0.03622  	0.00782  	0.00286  	0.02925  	-0.0109  	-0.0069  	-0.0242  	0.03589  	-0.0073  	0.02253  	-0.2797  	
0.24726  	0.05942  	0.21861  	0.78580  	0.13581  	0.54564  	0.17826  	-0.5484  	0.21170  	0.04777  	-0.1352  	0.15897  	0.13357  	-0.2531  	-0.6074  	0.73140  	-0.0803  	0.24217  	-0.2916  	0.37063  	-0.0225  	-0.1167  	-0.5410  	0.25750  	-0.0366  	-0.1715  	-0.2955  	-0.2326  	-0.0164  	-0.0504  	-0.2147  	0.23561  	0.23101  	-0.0504  	0.17414  	0.21586  	0.10108  	-0.0144  	-0.1342  	0.27466  	-0.0269  	0.04646  	0.03782  	-0.0144  	-0.0836  	-0.0398  	0.02292  	0.04204  	0.07306  	-0.0190  	0.01426  	0.01220  	-0.0014  	0.02261  	0.00819  	-0.0185  	0.02200  	0.00251  	-0.0330  	0.03745  	0.00229  	-0.0066  	0.02625  	-0.0155  	-0.0069  	-0.0242  	0.03589  	-0.0073  	0.02253  	-0.2797  	
0.01196  	0.04311  	-0.0074  	0.71124  	0.13525  	0.38682  	0.15967  	-0.6034  	0.16735  	0.04664  	-0.0037  	0.24892  	0.08092  	-0.2908  	-0.6481  	0.74787  	-0.1002  	0.23853  	-0.3180  	0.38617  	-0.0273  	-0.1439  	-0.5602  	0.36044  	-0.1103  	-0.1561  	-0.2977  	-0.1802  	-0.1118  	-0.0811  	-0.1986  	0.22746  	0.26849  	-0.0621  	0.25933  	0.18731  	0.13073  	-0.0539  	-0.1853  	0.26406  	-0.0555  	0.06795  	-0.0204  	-0.0308  	-0.0923  	-0.0387  	0.02539  	0.01043  	0.04949  	-0.0223  	0.01650  	0.02333  	-0.0115  	0.01544  	-0.0023  	-0.0309  	0.01892  	-0.0003  	-0.0298  	0.01999  	0.00151  	0.00374  	0.01542  	-0.0102  	-0.0069  	-0.0242  	0.03589  	-0.0073  	0.02253  	-0.2797  	
-0.1817  	-0.0207  	-0.0507  	0.47166  	0.04732  	0.28234  	0.15739  	-0.6947  	0.16869  	-0.0018  	0.25601  	0.28907  	-0.0305  	-0.5966  	-0.9528  	0.80369  	-0.1209  	0.29628  	-0.3033  	0.47391  	0.00140  	-0.2608  	-0.5542  	0.30083  	-0.2450  	-0.1196  	-0.4570  	-0.0579  	-0.1331  	-0.1552  	-0.2000  	0.21854  	0.28805  	-0.0552  	0.19364  	0.22445  	0.13584  	-0.0341  	-0.1762  	0.23246  	0.03540  	0.03290  	-0.0001  	-0.0276  	-0.0825  	-0.0316  	0.04288  	-0.0009  	0.04283  	-0.0024  	0.01167  	0.00833  	-0.0004  	0.02418  	-0.0044  	-0.0299  	0.02519  	0.00313  	-0.0275  	0.02623  	0.01006  	-0.0086  	0.01468  	-0.0135  	-0.0069  	-0.0242  	0.03589  	-0.0073  	0.02253  	-0.2797  	
-0.2731  	-0.0850  	-0.0477  	0.33296  	-0.0747  	0.31051  	0.10525  	-0.6792  	0.12183  	0.02557  	0.22538  	0.26226  	-0.0539  	-0.7374  	-1.0957  	0.76397  	-0.0792  	0.33865  	-0.2682  	0.46715  	-0.0689  	-0.2253  	-0.5069  	0.24993  	-0.1717  	-0.1421  	-0.4220  	-0.0830  	-0.0578  	-0.1446  	-0.1909  	0.22345  	0.22136  	-0.0662  	0.12935  	0.26628  	0.11095  	-0.0110  	-0.1665  	0.24069  	0.05017  	0.01506  	0.00696  	-0.0143  	-0.0732  	-0.0438  	0.04339  	-0.0156  	0.03625  	-0.0123  	0.01426  	0.01249  	0.00231  	0.02326  	0.00316  	-0.0365  	0.03718  	0.00619  	-0.0253  	0.03524  	0.00287  	-0.0094  	0.02775  	-0.0038  	-0.0069  	-0.0242  	0.03589  	-0.0073  	0.02253  	-0.2797  	
-0.2890  	-0.0775  	-0.0781  	0.43354  	-0.0372  	0.32627  	0.07882  	-0.6909  	0.13978  	0.00906  	0.15045  	0.28502  	-0.0560  	-0.7024  	-1.0053  	0.76281  	-0.0580  	0.29998  	-0.2911  	0.44601  	-0.1240  	-0.2127  	-0.5041  	0.22067  	-0.1735  	-0.1108  	-0.4257  	-0.0424  	-0.0470  	-0.1256  	-0.1767  	0.22394  	0.23632  	-0.0585  	0.10254  	0.26727  	0.07516  	-0.0125  	-0.1566  	0.23909  	0.03816  	0.02723  	0.02577  	-0.0110  	-0.0712  	-0.0471  	0.04018  	-0.0109  	0.03661  	-0.0141  	0.01002  	0.01461  	-0.0017  	0.02437  	0.00540  	-0.0348  	0.03347  	0.00515  	-0.0312  	0.02820  	0.00474  	-0.0051  	0.03286  	-0.0028  	-0.0069  	-0.0242  	0.03589  	-0.0073  	0.02253  	-0.2797  	
-0.1754  	-0.0345  	-0.0713  	0.50191  	0.02973  	0.33235  	0.09210  	-0.6990  	0.14612  	0.02519  	0.12571  	0.31912  	-0.0160  	-0.6632  	-1.0139  	0.80514  	-0.0978  	0.32832  	-0.2734  	0.49235  	-0.1588  	-0.2322  	-0.5931  	0.21274  	-0.1673  	-0.1243  	-0.4612  	0.02009  	-0.0047  	-0.1187  	-0.2055  	0.22802  	0.24855  	-0.0465  	0.12169  	0.29410  	0.04719  	-0.0182  	-0.1545  	0.24399  	0.03722  	0.02983  	0.03585  	-0.0207  	-0.0746  	-0.0489  	0.03334  	0.00088  	0.04281  	-0.0171  	0.01661  	0.01344  	0.00334  	0.02262  	0.00768  	-0.0328  	0.03664  	0.00336  	-0.0249  	0.02869  	0.00106  	-0.0095  	0.03048  	-0.0008  	-0.0069  	-0.0242  	0.03589  	-0.0073  	0.02253  	-0.2797  	
-0.0539  	-0.0086  	0.02116  	0.61720  	0.09628  	0.35111  	0.09418  	-0.6439  	0.14008  	0.04312  	0.14794  	0.38120  	0.01013  	-0.6932  	-0.9703  	0.81520  	-0.0229  	0.18412  	-0.2026  	0.27532  	-0.1012  	-0.3919  	-0.8468  	0.24797  	-0.1519  	-0.0798  	-0.4138  	-0.0717  	0.06812  	-0.1127  	-0.1361  	0.19460  	0.14393  	-0.1770  	0.10155  	0.29969  	-0.0109  	-0.0270  	-0.2386  	0.18590  	0.06815  	0.13658  	-0.0638  	0.03617  	-0.1218  	-0.0243  	0.01296  	0.02516  	0.03463  	-0.0271  	0.02822  	0.01940  	0.00354  	0.03591  	0.01360  	-0.0296  	0.03968  	0.00067  	-0.0225  	0.03686  	0.00088  	-0.0147  	0.01843  	-0.0047  	-0.0069  	-0.0242  	0.03589  	-0.0073  	0.02253  	-0.2797  	
-0.1440  	-0.0084  	0.00999  	0.54413  	0.06790  	0.28505  	0.07869  	-0.6272  	0.12832  	0.01155  	0.15304  	0.37233  	0.03694  	-0.7151  	-0.9712  	0.74916  	0.03792  	0.09656  	-0.1674  	0.10943  	-0.0937  	-0.5609  	-0.9869  	0.22292  	-0.1982  	-0.0027  	-0.4632  	-0.1041  	0.15819  	-0.1300  	-0.0558  	0.15311  	0.07829  	-0.2835  	0.01369  	0.30025  	-0.0996  	-0.0218  	-0.3027  	0.13024  	0.14479  	0.21658  	-0.1382  	0.09254  	-0.1644  	-0.0142  	-0.0032  	0.04041  	0.02568  	-0.0368  	0.02835  	0.02537  	0.00697  	0.04908  	0.02313  	-0.0348  	0.03478  	-0.0093  	-0.0246  	0.03966  	0.00679  	-0.0235  	0.01296  	-0.0046  	-0.0069  	-0.0242  	0.03589  	-0.0073  	0.02253  	-0.2797  	
-0.1783  	-0.0282  	-0.0040  	0.56981  	0.05794  	0.28179  	0.05373  	-0.6195  	0.11066  	-6.8188  	0.17106  	0.36538  	0.01936  	-0.7202  	-0.9595  	0.72531  	0.04798  	0.06460  	-0.1600  	0.07365  	-0.0219  	-0.6039  	-1.0245  	0.26955  	-0.2092  	0.02503  	-0.4278  	-0.1611  	0.12109  	-0.1463  	-0.0283  	0.16359  	0.05865  	-0.3111  	0.02159  	0.27546  	-0.0732  	-0.0002  	-0.3426  	0.10859  	0.14444  	0.23755  	-0.1634  	0.11199  	-0.1730  	-0.0142  	-0.0107  	0.03658  	0.01577  	-0.0447  	0.02924  	0.02253  	0.00675  	0.05159  	0.02250  	-0.0355  	0.03816  	-0.0100  	-0.0251  	0.04204  	0.00453  	-0.0209  	0.00363  	-0.0019  	-0.0069  	-0.0242  	0.03589  	-0.0073  	0.02253  	-0.2797  	
-0.2947  	-0.0506  	-0.0223  	0.44840  	-0.0157  	0.22512  	0.07092  	-0.6515  	0.08899  	-0.0088  	0.19383  	0.27436  	0.00713  	-0.7993  	-0.9570  	0.67546  	0.04459  	0.11460  	-0.1798  	0.10926  	-0.0217  	-0.5687  	-0.9330  	0.23043  	-0.2227  	0.01898  	-0.4397  	-0.1451  	0.12186  	-0.1604  	-0.0367  	0.17126  	0.08127  	-0.2895  	0.01422  	0.26409  	-0.0568  	-0.0087  	-0.3322  	0.12005  	0.15584  	0.21866  	-0.1450  	0.09479  	-0.1524  	-0.0159  	0.00148  	0.01512  	0.01276  	-0.0423  	0.02159  	0.02270  	0.00606  	0.05116  	0.01692  	-0.0376  	0.03259  	-0.0094  	-0.0263  	0.04407  	0.00962  	-0.0129  	0.00636  	-0.0006  	-0.0069  	-0.0242  	0.03589  	-0.0073  	0.02253  	-0.2797  	
-0.3509  	-0.0831  	-0.0662  	0.33423  	-0.0386  	0.22194  	0.07994  	-0.6951  	0.09679  	0.03992  	0.22951  	0.26718  	-0.0251  	-0.7823  	-1.0822  	0.72389  	-0.0078  	0.22242  	-0.2164  	0.27770  	-0.0936  	-0.4378  	-0.7631  	0.21667  	-0.2187  	-0.0440  	-0.4682  	-0.0668  	0.07321  	-0.1529  	-0.0989  	0.18237  	0.14093  	-0.1793  	0.02474  	0.28169  	-0.0148  	-0.0200  	-0.2432  	0.15907  	0.11333  	0.12643  	-0.0812  	0.03750  	-0.1214  	-0.0297  	0.01865  	0.00667  	0.02128  	-0.0293  	0.01507  	0.02071  	0.00349  	0.03609  	0.00936  	-0.0411  	0.03366  	-0.0047  	-0.0260  	0.03420  	0.00885  	-0.0099  	0.01822  	-0.0017  	-0.0069  	-0.0242  	0.03589  	-0.0073  	0.02253  	-0.2797  	
-0.4298  	-0.1105  	-0.1636  	0.28169  	-0.0228  	0.16780  	0.12556  	-0.7429  	0.12044  	0.09274  	0.28056  	0.28136  	-0.0575  	-0.7317  	-1.1602  	0.77157  	-0.0895  	0.34013  	-0.2963  	0.48883  	-0.1834  	-0.2607  	-0.5515  	0.20568  	-0.1918  	-0.1162  	-0.4893  	0.02733  	0.01963  	-0.1453  	-0.1816  	0.22055  	0.23214  	-0.0462  	0.07944  	0.30190  	0.05069  	-0.0152  	-0.1513  	0.23031  	0.06592  	0.01585  	0.01891  	-0.0168  	-0.0719  	-0.0446  	0.04051  	-0.0110  	0.03669  	-0.0177  	0.00516  	0.01444  	0.00160  	0.02074  	0.00821  	-0.0390  	0.02667  	0.00264  	-0.0253  	0.02789  	0.00739  	-0.0003  	0.03558  	-0.0017  	-0.0069  	-0.0242  	0.03589  	-0.0073  	0.02253  	-0.2797  	
-0.4280  	-0.0984  	-0.1424  	0.30511  	-0.0122  	0.18221  	0.10914  	-0.7351  	0.12833  	0.09080  	0.25105  	0.28221  	-0.0612  	-0.7368  	-1.1259  	0.78231  	-0.0837  	0.32967  	-0.2859  	0.47740  	-0.1774  	-0.2505  	-0.5497  	0.21008  	-0.2008  	-0.1129  	-0.4976  	0.01239  	0.00906  	-0.1398  	-0.1725  	0.21636  	0.23455  	-0.0449  	0.07609  	0.28548  	0.04720  	-0.0184  	-0.1440  	0.23003  	0.06695  	0.01531  	0.02759  	-0.0169  	-0.0757  	-0.0441  	0.04078  	-0.0092  	0.04024  	-0.0182  	0.00497  	0.01517  	-4.2289  	0.02092  	0.00672  	-0.0386  	0.02750  	0.00388  	-0.0275  	0.02848  	0.00718  	-0.0009  	0.03549  	-0.0012  	-0.0069  	-0.0242  	0.03589  	-0.0073  	0.02253  	-0.2797  	
-0.3295  	-0.0794  	-0.0644  	0.36951  	-0.0246  	0.24304  	0.07957  	-0.6984  	0.14110  	0.04933  	0.19343  	0.30062  	-0.0366  	-0.6951  	-1.0438  	0.80979  	-0.0523  	0.30699  	-0.2795  	0.44423  	-0.1333  	-0.2360  	-0.5351  	0.23247  	-0.1853  	-0.1099  	-0.4550  	0.00372  	-0.0481  	-0.1460  	-0.1727  	0.23038  	0.23705  	-0.0530  	0.10533  	0.26648  	0.06868  	-0.0206  	-0.1541  	0.22552  	0.03051  	0.01994  	0.01504  	-0.0308  	-0.0736  	-0.0472  	0.04034  	-0.0068  	0.04031  	-0.0114  	0.01096  	0.01697  	-0.0001  	0.02287  	0.00731  	-0.0394  	0.03280  	0.00594  	-0.0288  	0.02967  	0.00275  	-0.0036  	0.03724  	-0.0014  	-0.0069  	-0.0242  	0.03589  	-0.0073  	0.02253  	-0.2797  	
-0.1883  	-0.0453  	0.00310  	0.44828  	0.01610  	0.33378  	0.12420  	-0.6836  	0.13965  	0.04538  	0.17987  	0.34655  	-0.0467  	-0.6517  	-1.0409  	0.87047  	-0.0938  	0.30628  	-0.2912  	0.45779  	-0.1674  	-0.2431  	-0.5960  	0.23639  	-0.1920  	-0.1296  	-0.4736  	0.03280  	-0.0228  	-0.1480  	-0.1938  	0.23477  	0.24290  	-0.0532  	0.12980  	0.30196  	0.05508  	-0.0386  	-0.1557  	0.26190  	0.04199  	0.01910  	0.01805  	-0.0240  	-0.0814  	-0.0406  	0.03345  	0.00034  	0.04102  	-0.0140  	0.01999  	0.01313  	-0.0008  	0.01701  	0.00671  	-0.0356  	0.04008  	0.00217  	-0.0348  	0.02829  	0.00101  	-0.0022  	0.03331  	0.00237  	-0.0069  	-0.0242  	0.03589  	-0.0073  	0.02253  	-0.2797  	
0.02595  	-0.0223  	0.05504  	0.57059  	0.07787  	0.46534  	0.10641  	-0.6361  	0.15639  	0.02990  	0.13917  	0.36395  	0.00436  	-0.6004  	-0.9813  	0.94417  	-0.1174  	0.30805  	-0.2711  	0.49498  	-0.0433  	-0.2504  	-0.6221  	0.27002  	-0.2078  	-0.1371  	-0.4020  	-0.0507  	-0.0802  	-0.1384  	-0.2122  	0.24205  	0.25572  	-0.0624  	0.19946  	0.28071  	0.08888  	-0.0153  	-0.1807  	0.25837  	0.01536  	0.03063  	0.02513  	-0.0146  	-0.0809  	-0.0460  	0.03807  	0.00436  	0.04608  	-0.0219  	0.02111  	0.00920  	0.00128  	0.01787  	0.00432  	-0.0323  	0.04356  	0.00302  	-0.0297  	0.03377  	-0.0048  	-0.0080  	0.03404  	-0.0035  	-0.0069  	-0.0242  	0.03589  	-0.0073  	0.02253  	-0.2797  	
0.17521  	0.01706  	0.16910  	0.67930  	0.13781  	0.43650  	0.15623  	-0.5610  	0.17834  	0.07610  	0.19070  	0.34651  	-0.0073  	-0.5361  	-0.9301  	0.98258  	-0.1181  	0.26933  	-0.2628  	0.45860  	-0.0294  	-0.2292  	-0.6507  	0.34894  	-0.1324  	-0.1713  	-0.3576  	-0.1385  	-0.1500  	-0.1321  	-0.2282  	0.27603  	0.24146  	-0.0614  	0.25841  	0.25735  	0.16854  	-0.0172  	-0.1740  	0.25910  	-0.0295  	0.04821  	0.01276  	-0.0166  	-0.0892  	-0.0417  	0.03090  	0.01153  	0.06660  	-0.0248  	0.02674  	0.01119  	0.00711  	0.02176  	0.00392  	-0.0205  	0.03639  	0.00541  	-0.0318  	0.03487  	-0.0011  	-0.0044  	0.03845  	-0.0078  	-0.0069  	-0.0242  	0.03589  	-0.0073  	0.02253  	-0.2797  	
0.17539  	0.02800  	0.15506  	0.63675  	0.12969  	0.45895  	0.17604  	-0.5514  	0.19916  	0.04747  	0.20744  	0.42400  	-0.0119  	-0.5478  	-1.0236  	1.02581  	-0.1303  	0.31884  	-0.2620  	0.50923  	-0.0357  	-0.2261  	-0.6618  	0.28905  	-0.0909  	-0.1755  	-0.3785  	-0.0734  	-0.0950  	-0.1180  	-0.2331  	0.25447  	0.23948  	-0.0569  	0.21429  	0.27463  	0.13192  	-0.0040  	-0.1671  	0.23978  	-0.0151  	0.02946  	0.02334  	-0.0143  	-0.0844  	-0.0516  	0.02736  	0.01087  	0.06874  	-0.0318  	0.02938  	0.00910  	0.00842  	0.02422  	0.00344  	-0.0216  	0.03601  	-0.0009  	-0.0313  	0.03330  	-0.0066  	-0.0037  	0.04639  	-0.0085  	-0.0069  	-0.0242  	0.03589  	-0.0073  	0.02253  	-0.2797  	
0.03227  	0.03184  	0.09190  	0.61084  	0.07336  	0.43217  	0.11684  	-0.6049  	0.20318  	0.04712  	0.17388  	0.35489  	0.04967  	-0.4393  	-1.0227  	0.91384  	-0.1520  	0.28995  	-0.2745  	0.47051  	-0.0235  	-0.2215  	-0.6732  	0.29628  	-0.0749  	-0.1823  	-0.3628  	-0.1167  	-0.1139  	-0.0927  	-0.2209  	0.23088  	0.24574  	-0.0568  	0.22433  	0.26304  	0.13172  	-0.0242  	-0.1606  	0.22949  	-0.0207  	0.04495  	0.03020  	-0.0241  	-0.0886  	-0.0520  	0.03226  	0.00485  	0.05456  	-0.0233  	0.01754  	0.01165  	0.00597  	0.03025  	-0.0009  	-0.0253  	0.03784  	0.00139  	-0.0315  	0.02887  	0.00080  	-0.0081  	0.03518  	-0.0013  	-0.0069  	-0.0242  	0.03589  	-0.0073  	0.02253  	-0.2797  	
-0.2881  	-0.0651  	-0.1642  	0.50949  	0.10603  	0.20106  	0.12857  	-0.6843  	0.14457  	0.03939  	0.27394  	0.38799  	-0.0241  	-0.5562  	-0.9809  	0.73859  	-0.1190  	0.35404  	-0.2827  	0.50603  	-0.0724  	-0.2345  	-0.6397  	0.29017  	-0.1695  	-0.1577  	-0.4171  	-0.0386  	-0.0596  	-0.1429  	-0.2023  	0.21883  	0.28003  	-0.0533  	0.18834  	0.25328  	0.07835  	-0.0377  	-0.1738  	0.24831  	-0.0196  	0.03695  	-0.0238  	-0.0415  	-0.0599  	-0.0433  	0.03493  	-0.0076  	0.03946  	-0.0166  	0.01551  	0.01345  	0.00168  	0.02082  	0.00902  	-0.0318  	0.03567  	-0.0003  	-0.0282  	0.03168  	0.00144  	-0.0072  	0.02466  	-0.0075  	-0.0069  	-0.0242  	0.03589  	-0.0073  	0.02253  	-0.2797  	
-0.4410  	-0.1185  	-0.1653  	0.25871  	-0.0278  	0.14576  	0.10672  	-0.7218  	0.12375  	0.09561  	0.35772  	0.27961  	-0.0709  	-0.7060  	-1.1273  	0.70725  	-0.0972  	0.32997  	-0.2859  	0.50522  	-0.0849  	-0.2686  	-0.5679  	0.24986  	-0.2150  	-0.1269  	-0.4520  	-0.0083  	-0.0346  	-0.1748  	-0.2053  	0.22425  	0.24746  	-0.0485  	0.13484  	0.27593  	0.07328  	-0.0209  	-0.1670  	0.21853  	0.00940  	0.03024  	-0.0086  	-0.0389  	-0.0650  	-0.0449  	0.03819  	-0.0229  	0.03286  	-0.0153  	0.00883  	0.01454  	-0.0017  	0.02662  	0.00678  	-0.0386  	0.03664  	0.00515  	-0.0289  	0.03178  	0.00364  	-0.0026  	0.03264  	-0.0016  	-0.0069  	-0.0242  	0.03589  	-0.0073  	0.02253  	-0.2797  	
-0.3658  	-0.0741  	-0.0954  	0.29506  	-0.0281  	0.28421  	0.10810  	-0.6936  	0.14802  	0.05310  	0.19211  	0.29166  	-0.0367  	-0.6967  	-1.0665  	0.77666  	-0.0706  	0.33484  	-0.2775  	0.48849  	-0.1848  	-0.2289  	-0.5103  	0.20956  	-0.1965  	-0.1062  	-0.4960  	0.03266  	0.00958  	-0.1398  	-0.1730  	0.20134  	0.24337  	-0.0510  	0.05402  	0.27631  	0.02284  	-0.0363  	-0.1235  	0.24311  	0.05519  	0.02169  	0.03503  	-0.0220  	-0.0803  	-0.0453  	0.03618  	0.00876  	0.04465  	-0.0148  	0.00928  	0.01774  	-0.0078  	0.02209  	0.00666  	-0.0372  	0.03222  	0.00283  	-0.0256  	0.02883  	0.00301  	-0.0017  	0.03385  	-0.0034  	-0.0069  	-0.0242  	0.03589  	-0.0073  	0.02253  	-0.2797  	
-0.2102  	-0.0492  	-0.0439  	0.43270  	0.00528  	0.34615  	0.08936  	-0.6507  	0.15837  	0.00267  	0.12549  	0.33763  	0.00316  	-0.6692  	-0.9875  	0.81588  	-0.0882  	0.32382  	-0.2850  	0.46209  	-0.2054  	-0.2171  	-0.5583  	0.20166  	-0.1867  	-0.1086  	-0.4837  	0.03552  	-0.0170  	-0.1519  	-0.1865  	0.22011  	0.27432  	-0.0524  	0.08618  	0.27103  	0.03644  	-0.0233  	-0.1215  	0.26158  	0.04880  	0.02292  	0.04858  	-0.0161  	-0.0855  	-0.0438  	0.04107  	0.01575  	0.04303  	-0.0117  	0.01628  	0.01772  	-0.0045  	0.01952  	0.00354  	-0.0385  	0.03740  	0.00456  	-0.0302  	0.02941  	0.00715  	-0.0083  	0.03883  	-0.0045  	-0.0069  	-0.0242  	0.03589  	-0.0073  	0.02253  	-0.2797  	
-0.0882  	-0.0112  	0.00210  	0.50595  	0.06993  	0.35414  	0.12796  	-0.6695  	0.14363  	0.05545  	0.13735  	0.34195  	-0.0151  	-0.6501  	-0.9822  	0.84344  	-0.1272  	0.35349  	-0.2950  	0.50220  	-0.1892  	-0.2424  	-0.6049  	0.18221  	-0.1962  	-0.1379  	-0.5039  	0.06072  	0.00133  	-0.1472  	-0.2030  	0.21784  	0.27066  	-0.0452  	0.14409  	0.29433  	0.02412  	-0.0247  	-0.1157  	0.27054  	0.04058  	0.03607  	0.04062  	-0.0231  	-0.0813  	-0.0513  	0.04157  	0.00812  	0.04931  	-0.0210  	0.02230  	0.01240  	0.00311  	0.01734  	0.00996  	-0.0357  	0.04024  	0.00772  	-0.0290  	0.03758  	0.00102  	-0.0025  	0.03997  	0.00017  	-0.0069  	-0.0242  	0.03589  	-0.0073  	0.02253  	-0.2797  	
-0.0788  	-0.0313  	0.01254  	0.51471  	0.05008  	0.33090  	0.14189  	-0.7044  	0.16153  	0.11113  	0.18644  	0.34307  	-0.0327  	-0.6486  	-1.0650  	0.88487  	-0.1210  	0.35876  	-0.2922  	0.52652  	-0.1744  	-0.2569  	-0.6545  	0.18096  	-0.1695  	-0.1478  	-0.4882  	0.04951  	0.00658  	-0.1282  	-0.2134  	0.23882  	0.24358  	-0.0383  	0.16377  	0.31977  	0.03579  	-0.0290  	-0.1404  	0.25827  	0.01724  	0.03774  	0.01771  	-0.0259  	-0.0732  	-0.0467  	0.04064  	0.00434  	0.04829  	-0.0176  	0.02720  	0.01499  	0.00260  	0.01788  	0.01109  	-0.0331  	0.03848  	0.00639  	-0.0279  	0.02954  	0.00064  	-0.0098  	0.03505  	-0.0030  	-0.0069  	-0.0242  	0.03589  	-0.0073  	0.02253  	-0.2797  	
-0.0541  	-0.0373  	0.01953  	0.49868  	0.05342  	0.35537  	0.14688  	-0.6843  	0.15755  	0.09991  	0.17994  	0.28148  	-0.0572  	-0.6609  	-1.0481  	0.89629  	-0.1380  	0.33483  	-0.2908  	0.48625  	-0.1327  	-0.2325  	-0.6351  	0.19230  	-0.1266  	-0.1589  	-0.4364  	0.01788  	0.00226  	-0.1078  	-0.2138  	0.25542  	0.22365  	-0.0503  	0.17149  	0.33761  	0.06844  	-0.0158  	-0.1503  	0.25310  	-0.0020  	0.04045  	0.02100  	-0.0117  	-0.0737  	-0.0440  	0.03533  	0.00589  	0.04725  	-0.0182  	0.02620  	0.01763  	0.00357  	0.01838  	0.01325  	-0.0349  	0.04037  	0.00752  	-0.0277  	0.02710  	-0.0003  	-0.0146  	0.03757  	-0.0037  	-0.0069  	-0.0242  	0.03589  	-0.0073  	0.02253  	-0.2797  	
-0.0649  	-0.0362  	0.01459  	0.44025  	0.02335  	0.35752  	0.15108  	-0.7114  	0.14402  	0.06947  	0.19711  	0.26752  	-0.0507  	-0.6554  	-1.0617  	0.86187  	-0.1309  	0.30953  	-0.2917  	0.47527  	-0.1110  	-0.2338  	-0.6045  	0.20821  	-0.1497  	-0.1536  	-0.4383  	-0.0206  	-0.0276  	-0.1191  	-0.2054  	0.25366  	0.22400  	-0.0505  	0.17582  	0.33650  	0.09462  	-0.0078  	-0.1636  	0.25452  	0.01648  	0.04725  	0.02025  	-0.0221  	-0.0752  	-0.0444  	0.03762  	0.00233  	0.04556  	-0.0138  	0.02353  	0.01744  	0.00345  	0.02113  	0.01059  	-0.0361  	0.04053  	0.00843  	-0.0277  	0.02752  	-0.0034  	-0.0110  	0.03576  	-0.0043  	-0.0069  	-0.0242  	0.03589  	-0.0073  	0.02253  	-0.2797  	
-0.0693  	-0.0186  	-0.0034  	0.42833  	-0.0010  	0.36943  	0.14662  	-0.7008  	0.12817  	0.03777  	0.22780  	0.25143  	-0.0570  	-0.6476  	-1.0104  	0.80664  	-0.1204  	0.30640  	-0.2977  	0.46817  	-0.0566  	-0.2437  	-0.5595  	0.22408  	-0.1839  	-0.1437  	-0.4559  	-0.0427  	-0.0362  	-0.1368  	-0.2127  	0.24587  	0.22692  	-0.0557  	0.18411  	0.31215  	0.10871  	0.00392  	-0.1820  	0.25008  	0.02388  	0.04835  	0.01822  	-0.0273  	-0.0786  	-0.0459  	0.03803  	-0.0057  	0.04555  	-0.0195  	0.02172  	0.01490  	0.00839  	0.02057  	0.01213  	-0.0368  	0.03987  	0.00733  	-0.0274  	0.02960  	0.00055  	-0.0093  	0.03870  	-0.0002  	-0.0069  	-0.0242  	0.03589  	-0.0073  	0.02253  	-0.2797  	
-0.0585  	0.00267  	-0.0028  	0.44498  	-0.0051  	0.36433  	0.14299  	-0.6677  	0.13433  	0.00328  	0.26725  	0.25300  	-0.0648  	-0.6111  	-0.9279  	0.78723  	-0.1139  	0.27536  	-0.2799  	0.43909  	0.00514  	-0.2279  	-0.5451  	0.26614  	-0.1877  	-0.1430  	-0.4217  	-0.1171  	-0.1171  	-0.1471  	-0.2079  	0.26386  	0.24637  	-0.0574  	0.21924  	0.26042  	0.16227  	0.01817  	-0.2072  	0.22327  	0.02381  	0.04366  	0.00676  	-0.0376  	-0.0825  	-0.0436  	0.03845  	-0.0039  	0.04248  	-0.0147  	0.00882  	0.01703  	0.00169  	0.02710  	0.01174  	-0.0392  	0.03561  	0.00615  	-0.0287  	0.02948  	0.00505  	-0.0038  	0.04053  	-0.0031  	-0.0069  	-0.0242  	0.03589  	-0.0073  	0.02253  	-0.2797  	
0.01463  	0.04265  	0.06818  	0.50696  	-0.0205  	0.37636  	0.11550  	-0.6000  	0.18420  	-0.0382  	0.28887  	0.29386  	-0.0336  	-0.5067  	-0.8526  	0.83244  	-0.0905  	0.24260  	-0.2735  	0.37519  	0.09147  	-0.2209  	-0.5248  	0.32250  	-0.2035  	-0.1566  	-0.3535  	-0.2502  	-0.2206  	-0.1564  	-0.2012  	0.26763  	0.26242  	-0.0555  	0.27714  	0.19113  	0.23536  	0.04117  	-0.2410  	0.21407  	-0.0007  	0.03546  	0.00305  	-0.0321  	-0.0868  	-0.0399  	0.03764  	-0.0087  	0.03588  	-0.0043  	0.00034  	0.01917  	0.00291  	0.03284  	0.00779  	-0.0359  	0.02426  	0.00278  	-0.0309  	0.03152  	0.00774  	-0.0001  	0.03070  	-0.0062  	-0.0069  	-0.0242  	0.03589  	-0.0073  	0.02253  	-0.2797  	
0.11069  	0.09784  	0.14897  	0.55362  	-0.0454  	0.45825  	0.10919  	-0.5034  	0.24458  	-0.0585  	0.30451  	0.34064  	-0.0044  	-0.4160  	-0.8128  	0.89684  	-0.0684  	0.19852  	-0.2743  	0.32653  	0.18703  	-0.2178  	-0.4726  	0.35036  	-0.2581  	-0.1536  	-0.2935  	-0.3435  	-0.3282  	-0.1598  	-0.1941  	0.27667  	0.28183  	-0.0697  	0.30525  	0.12193  	0.30105  	0.05791  	-0.2626  	0.16636  	-0.0210  	0.02678  	0.01634  	-0.0312  	-0.0848  	-0.0417  	0.03514  	-0.0014  	0.04459  	-0.0076  	-0.0020  	0.01801  	-0.0005  	0.03117  	0.00320  	-0.0249  	0.02025  	0.00362  	-0.0347  	0.03176  	0.00804  	0.00389  	0.03042  	-0.0079  	-0.0069  	-0.0242  	0.03589  	-0.0073  	0.02253  	-0.2797  	
0.12785  	0.09714  	0.17005  	0.55885  	-0.0360  	0.47620  	0.10851  	-0.4882  	0.25083  	-0.0523  	0.30148  	0.36617  	-0.0012  	-0.4035  	-0.8063  	0.90943  	-0.0657  	0.19545  	-0.2752  	0.33393  	0.18865  	-0.2127  	-0.4509  	0.34811  	-0.2657  	-0.1485  	-0.3031  	-0.3372  	-0.3259  	-0.1595  	-0.1965  	0.27123  	0.28484  	-0.0651  	0.29559  	0.11960  	0.30295  	0.06239  	-0.2515  	0.16037  	-0.0267  	0.02826  	0.01883  	-0.0298  	-0.0835  	-0.0424  	0.03492  	0.00484  	0.04644  	-0.0067  	-0.0002  	0.01931  	0.00160  	0.03199  	0.00212  	-0.0224  	0.01873  	0.00475  	-0.0339  	0.03341  	0.00845  	0.00382  	0.03008  	-0.0057  	-0.0069  	-0.0242  	0.03589  	-0.0073  	0.02253  	-0.2797  	
0.08789  	0.09935  	0.14907  	0.54437  	-0.0359  	0.44778  	0.10038  	-0.5099  	0.24514  	-0.0433  	0.30575  	0.37162  	-0.0066  	-0.4196  	-0.8361  	0.89873  	-0.0639  	0.20720  	-0.2848  	0.34934  	0.17607  	-0.2231  	-0.4637  	0.32937  	-0.2752  	-0.1437  	-0.3313  	-0.3077  	-0.3076  	-0.1639  	-0.1905  	0.26266  	0.28755  	-0.0656  	0.28129  	0.11741  	0.28532  	0.05825  	-0.2575  	0.16555  	-0.0104  	0.02259  	0.01564  	-0.0312  	-0.0864  	-0.0404  	0.03547  	-2.2608  	0.04062  	-0.0018  	0.00202  	0.01853  	0.00217  	0.02986  	0.00114  	-0.0242  	0.01886  	0.00369  	-0.0317  	0.03108  	0.00831  	0.00629  	0.02959  	-0.0083  	-0.0069  	-0.0242  	0.03589  	-0.0073  	0.02253  	-0.2797  	
-0.0195  	0.07369  	0.08486  	0.47592  	-0.0505  	0.37068  	0.08777  	-0.5488  	0.20872  	-0.0151  	0.31501  	0.35313  	-0.0199  	-0.4659  	-0.9001  	0.86906  	-0.0724  	0.25075  	-0.2884  	0.37643  	0.12648  	-0.2367  	-0.4922  	0.29654  	-0.2714  	-0.1294  	-0.3698  	-0.2295  	-0.2437  	-0.1648  	-0.1782  	0.24944  	0.28008  	-0.0600  	0.24850  	0.13640  	0.23986  	0.04167  	-0.2396  	0.18710  	0.01360  	0.02986  	0.01956  	-0.0381  	-0.0791  	-0.0410  	0.03901  	-0.0106  	0.03380  	0.00087  	0.00048  	0.01881  	0.00162  	0.02539  	0.00316  	-0.0318  	0.02077  	0.00263  	-0.0300  	0.02812  	0.00766  	0.00833  	0.03065  	-0.0056  	-0.0069  	-0.0242  	0.03589  	-0.0073  	0.02253  	-0.2797  	
-0.0606  	0.04501  	0.05464  	0.46790  	-0.0428  	0.34465  	0.08093  	-0.5781  	0.19908  	-0.0047  	0.30599  	0.35029  	-0.0286  	-0.5044  	-0.9029  	0.85787  	-0.0788  	0.25089  	-0.2905  	0.38623  	0.09559  	-0.2345  	-0.5022  	0.29343  	-0.2711  	-0.1231  	-0.3894  	-0.2084  	-0.2232  	-0.1615  	-0.1772  	0.24625  	0.26810  	-0.0558  	0.23523  	0.15448  	0.22031  	0.03055  	-0.2381  	0.19390  	0.02332  	0.03578  	0.01480  	-0.0336  	-0.0739  	-0.0424  	0.03992  	-0.0151  	0.03246  	0.00151  	-0.0012  	0.01821  	0.00315  	0.02533  	0.00121  	-0.0325  	0.02336  	0.00166  	-0.0294  	0.02814  	0.00707  	0.00780  	0.02838  	-0.0031  	-0.0069  	-0.0242  	0.03589  	-0.0073  	0.02253  	-0.2797  	
-0.0457  	0.04247  	0.06311  	0.49123  	-0.0364  	0.35466  	0.08549  	-0.5833  	0.19006  	-0.0076  	0.30321  	0.34196  	-0.0294  	-0.5078  	-0.8817  	0.85467  	-0.0787  	0.24212  	-0.2906  	0.38219  	0.09728  	-0.2359  	-0.5087  	0.29522  	-0.2618  	-0.1297  	-0.3725  	-0.2268  	-0.2268  	-0.1560  	-0.1848  	0.25002  	0.26318  	-0.0573  	0.24457  	0.15414  	0.22818  	0.03736  	-0.2419  	0.19212  	0.01603  	0.03761  	0.01096  	-0.0324  	-0.0739  	-0.0417  	0.04000  	-0.0143  	0.03247  	-0.0012  	-0.0001  	0.01878  	0.00504  	0.02670  	0.00206  	-0.0328  	0.02138  	0.00152  	-0.0293  	0.02873  	0.00791  	0.00437  	0.02878  	-0.0059  	-0.0069  	-0.0242  	0.03589  	-0.0073  	0.02253  	-0.2797  	
0.06224  	0.08061  	0.11828  	0.54183  	-0.0209  	0.41889  	0.10196  	-0.5304  	0.22739  	-0.0301  	0.30035  	0.34803  	-0.0101  	-0.4435  	-0.8436  	0.87988  	-0.0641  	0.22017  	-0.2840  	0.36406  	0.16366  	-0.2277  	-0.4889  	0.31404  	-0.2677  	-0.1442  	-0.3268  	-0.2858  	-0.2873  	-0.1630  	-0.1978  	0.26544  	0.26954  	-0.0659  	0.28030  	0.13008  	0.26958  	0.05470  	-0.2535  	0.17919  	-0.0158  	0.02606  	0.01006  	-0.0316  	-0.0809  	-0.0398  	0.03726  	-0.0050  	0.03763  	-0.0005  	0.00400  	0.01808  	0.00200  	0.02915  	0.00363  	-0.0249  	0.01931  	0.00298  	-0.0295  	0.02760  	0.00758  	0.00518  	0.02719  	-0.0081  	-0.0069  	-0.0242  	0.03589  	-0.0073  	0.02253  	-0.2797  	
-0.0404  	0.02846  	0.07819  	0.49712  	0.01059  	0.36630  	0.10338  	-0.6302  	0.17753  	0.00806  	0.28935  	0.34553  	-0.0387  	-0.5621  	-0.9504  	0.86904  	-0.1072  	0.28970  	-0.2949  	0.43515  	0.04897  	-0.2525  	-0.5564  	0.28104  	-0.2332  	-0.1379  	-0.4174  	-0.1399  	-0.1711  	-0.1655  	-0.1941  	0.24629  	0.26375  	-0.0642  	0.23244  	0.21375  	0.17471  	0.01612  	-0.2205  	0.22287  	-0.0032  	0.04293  	-0.0005  	-0.0312  	-0.0789  	-0.0479  	0.04354  	-0.0036  	0.03782  	-0.0108  	0.01423  	0.01712  	0.00074  	0.02531  	0.00502  	-0.0281  	0.03266  	0.00462  	-0.0318  	0.03227  	0.00661  	-0.0079  	0.02838  	-0.0035  	-0.0069  	-0.0242  	0.03589  	-0.0073  	0.02253  	-0.2797  	
-0.0232  	-0.0041  	0.06206  	0.51529  	0.02580  	0.37945  	0.10505  	-0.6454  	0.17159  	0.06020  	0.27074  	0.31333  	-0.0447  	-0.5820  	-0.9914  	0.89239  	-0.1197  	0.31101  	-0.2901  	0.45643  	-0.0092  	-0.2504  	-0.5865  	0.25614  	-0.2150  	-0.1431  	-0.4410  	-0.0910  	-0.1370  	-0.1463  	-0.2102  	0.24949  	0.26229  	-0.0587  	0.23467  	0.25236  	0.14173  	-0.0020  	-0.2039  	0.22349  	-0.0066  	0.04338  	0.00950  	-0.0332  	-0.0739  	-0.0452  	0.04237  	-0.0003  	0.04244  	-0.0100  	0.02247  	0.01550  	-0.0009  	0.02130  	0.00707  	-0.0317  	0.03405  	0.00641  	-0.0334  	0.03049  	7.66776  	-0.0115  	0.03411  	-0.0015  	-0.0069  	-0.0242  	0.03589  	-0.0073  	0.02253  	-0.2797  	
-0.0616  	-0.0322  	0.04658  	0.49803  	0.02207  	0.34990  	0.12784  	-0.6777  	0.16737  	0.11291  	0.25730  	0.31117  	-0.0521  	-0.6464  	-1.0781  	0.92795  	-0.1308  	0.35050  	-0.2816  	0.49755  	-0.1092  	-0.2569  	-0.6519  	0.21999  	-0.1696  	-0.1512  	-0.4483  	-0.0197  	-0.0646  	-0.1319  	-0.2117  	0.24888  	0.24596  	-0.0533  	0.19167  	0.31184  	0.09491  	-0.0099  	-0.1825  	0.24729  	0.01035  	0.03188  	0.01750  	-0.0246  	-0.0781  	-0.0478  	0.03713  	0.00217  	0.04639  	-0.0181  	0.02560  	0.01372  	0.00075  	0.02070  	0.01266  	-0.0339  	0.03600  	0.00590  	-0.0300  	0.03038  	9.59135  	-0.0088  	0.03963  	-0.0001  	-0.0069  	-0.0242  	0.03589  	-0.0073  	0.02253  	-0.2797  	
-0.0228  	-0.0305  	0.08804  	0.43218  	0.02227  	0.33814  	0.14223  	-0.7177  	0.14768  	0.12040  	0.22280  	0.29072  	-0.0573  	-0.6892  	-1.1274  	0.95039  	-0.1352  	0.36279  	-0.2820  	0.50457  	-0.1822  	-0.2561  	-0.6576  	0.19325  	-0.1574  	-0.1491  	-0.4770  	0.01585  	0.00288  	-0.1128  	-0.2024  	0.24196  	0.23743  	-0.0398  	0.15297  	0.34804  	0.06387  	-0.0208  	-0.1647  	0.26964  	0.03449  	0.03102  	0.02981  	-0.0222  	-0.0764  	-0.0469  	0.03180  	0.00934  	0.05120  	-0.0194  	0.02208  	0.01224  	0.00119  	0.01814  	0.01157  	-0.0364  	0.03885  	0.00423  	-0.0324  	0.02844  	0.00065  	-0.0096  	0.04205  	0.00127  	-0.0069  	-0.0242  	0.03589  	-0.0073  	0.02253  	-0.2797  	
-0.2922  	-0.0970  	-0.0800  	0.43906  	-0.0002  	0.21290  	0.12024  	-0.7173  	0.12421  	0.09052  	0.28227  	0.27426  	-0.0569  	-0.6906  	-1.1393  	0.85123  	-0.1138  	0.30961  	-0.2790  	0.48695  	-0.1472  	-0.2574  	-0.6386  	0.29497  	-0.1142  	-0.1452  	-0.4266  	-0.0036  	-0.0294  	-0.1118  	-0.2119  	0.25503  	0.22867  	-0.0653  	0.16474  	0.36234  	0.09075  	-0.0204  	-0.1797  	0.26573  	0.00073  	0.03066  	-0.0007  	-0.0244  	-0.0759  	-0.0482  	0.04163  	-0.0074  	0.04698  	-0.0224  	0.02163  	0.01641  	-0.0019  	0.02286  	0.00905  	-0.0367  	0.03351  	0.00639  	-0.0294  	0.03317  	-0.0008  	-0.0139  	0.03565  	-7.3574  	-0.0069  	-0.0242  	0.03589  	-0.0073  	0.02253  	-0.2797  	
-0.1881  	-0.0406  	-0.0851  	0.55263  	0.09597  	0.27286  	0.06094  	-0.6495  	0.14558  	-0.0128  	0.18977  	0.38164  	-0.0388  	-0.5131  	-0.7812  	0.78471  	-0.0860  	0.23726  	-0.2587  	0.45467  	0.01484  	-0.2402  	-0.5803  	0.34589  	-0.2094  	-0.1439  	-0.3344  	-0.1513  	-0.1861  	-0.1277  	-0.2023  	0.24503  	0.25532  	-0.0642  	0.28576  	0.20150  	0.17269  	-0.0138  	-0.2252  	0.24473  	-0.0499  	0.04787  	-0.0353  	-0.0274  	-0.0692  	-0.0438  	0.03881  	-0.0154  	0.02779  	-0.0134  	0.01732  	0.01234  	-0.0069  	0.01997  	-0.0029  	-0.0304  	0.03863  	0.00530  	-0.0295  	0.03409  	0.00914  	-0.0124  	0.03322  	-0.0060  	-0.0069  	-0.0242  	0.03589  	-0.0073  	0.02253  	-0.2797  	
0.12738  	0.06400  	0.13474  	0.67826  	0.08738  	0.48596  	0.14169  	-0.5972  	0.17339  	0.02022  	-0.0332  	0.30046  	0.10297  	-0.3240  	-0.5998  	0.73345  	-0.0878  	0.21467  	-0.2726  	0.31553  	0.01654  	-0.1578  	-0.5262  	0.36950  	-0.1921  	-0.1429  	-0.2962  	-0.2706  	-0.1913  	-0.1254  	-0.1898  	0.26258  	0.26119  	-0.0617  	0.29884  	0.20128  	0.16146  	-0.0210  	-0.2030  	0.25728  	-0.0564  	0.04430  	0.00885  	-0.0259  	-0.0814  	-0.0453  	0.03234  	0.00949  	0.05294  	-0.0156  	0.02002  	0.01459  	-0.0059  	0.01787  	0.00402  	-0.0255  	0.02092  	0.00132  	-0.0334  	0.02979  	-3.9202  	0.00524  	0.02431  	-0.0124  	-0.0069  	-0.0242  	0.03589  	-0.0073  	0.02253  	-0.2797  	
0.25324  	0.06171  	0.14863  	0.75896  	0.09098  	0.47994  	0.16637  	-0.5652  	0.19136  	0.00221  	-0.0321  	0.27198  	0.09095  	-0.3515  	-0.5783  	0.73071  	-0.0490  	0.16686  	-0.2802  	0.33087  	0.03576  	-0.0932  	-0.4720  	0.30130  	-0.1657  	-0.1445  	-0.2944  	-0.2720  	-0.1513  	-0.1013  	-0.1920  	0.24358  	0.25032  	-0.0384  	0.25570  	0.19687  	0.18918  	0.01039  	-0.1869  	0.22442  	-0.0458  	0.03259  	0.02123  	-0.0166  	-0.0765  	-0.0468  	0.02333  	0.03125  	0.06431  	-0.0095  	0.01713  	0.01361  	-0.0064  	0.02162  	0.00584  	-0.0155  	0.02331  	0.00572  	-0.0351  	0.02918  	-0.0001  	0.00143  	0.03601  	-0.0121  	-0.0069  	-0.0242  	0.03589  	-0.0073  	0.02253  	-0.2797  	
0.30991  	0.07679  	0.09810  	0.70922  	0.10176  	0.39296  	0.17540  	-0.5641  	0.17575  	0.06026  	0.11318  	0.25978  	0.03048  	-0.5406  	-0.7066  	0.84217  	-0.0514  	0.16729  	-0.2251  	0.38639  	0.07356  	-0.1420  	-0.5518  	0.34750  	-0.1389  	-0.1260  	-0.2786  	-0.2796  	-0.2400  	-0.1082  	-0.2245  	0.26129  	0.25229  	-0.0543  	0.29233  	0.24144  	0.18632  	0.04295  	-0.2186  	0.24743  	-0.0610  	0.04596  	0.02253  	-0.0114  	-0.0897  	-0.0315  	0.02592  	0.03268  	0.05953  	-0.0174  	0.01200  	0.02135  	0.00057  	0.03407  	0.01106  	-0.0328  	0.02726  	0.00379  	-0.0386  	0.02414  	-0.0020  	-0.0013  	0.02936  	-0.0206  	-0.0069  	-0.0242  	0.03589  	-0.0073  	0.02253  	-0.2797  	
-0.0713  	-0.0477  	0.09186  	0.47480  	0.00680  	0.40812  	0.11658  	-0.6664  	0.16196  	0.08972  	0.20660  	0.31631  	-0.0249  	-0.6436  	-1.0888  	0.96204  	-0.1091  	0.32849  	-0.2659  	0.48156  	-0.0683  	-0.2122  	-0.6490  	0.32726  	-0.1038  	-0.1595  	-0.3277  	-0.1413  	-0.1102  	-0.1300  	-0.1892  	0.26509  	0.24101  	-0.0552  	0.20675  	0.29764  	0.13972  	0.00599  	-0.1806  	0.27663  	0.00669  	0.02965  	0.02219  	-0.0237  	-0.0833  	-0.0476  	0.03240  	0.00276  	0.04462  	-0.0211  	0.02283  	0.01448  	-0.0023  	0.02971  	0.00715  	-0.0336  	0.03769  	0.00704  	-0.0209  	0.03436  	0.00118  	-0.0092  	0.03247  	-0.0054  	-0.0069  	-0.0242  	0.03589  	-0.0073  	0.02253  	-0.2797  	
-0.2879  	-0.1026  	-0.0444  	0.37184  	-0.0387  	0.30599  	0.13429  	-0.7279  	0.10486  	0.05314  	0.16038  	0.23198  	-0.0783  	-0.7253  	-1.1203  	0.81817  	-0.0772  	0.32747  	-0.2867  	0.44496  	-0.1561  	-0.2376  	-0.5941  	0.29360  	-0.0540  	-0.1530  	-0.3301  	-0.0797  	-0.0024  	-0.1170  	-0.2209  	0.25290  	0.21645  	-0.0709  	0.12379  	0.34305  	0.08281  	-0.0096  	-0.1673  	0.28834  	0.01428  	0.03386  	0.03513  	-0.0105  	-0.0731  	-0.0510  	0.04046  	-0.0121  	0.03807  	-0.0253  	0.01705  	0.01608  	0.00027  	0.02251  	0.00667  	-0.0391  	0.04434  	0.00988  	-0.0247  	0.02976  	-0.0011  	-0.0116  	0.03384  	0.00206  	-0.0069  	-0.0242  	0.03589  	-0.0073  	0.02253  	-0.2797  	
-0.2573  	-0.0636  	-0.0674  	0.33513  	-0.0876  	0.29073  	0.09870  	-0.7318  	0.09636  	0.00334  	0.15031  	0.20784  	-0.0919  	-0.7912  	-1.0378  	0.76887  	-0.0539  	0.30770  	-0.2799  	0.42253  	-0.1287  	-0.2298  	-0.5170  	0.23153  	-0.1118  	-0.1308  	-0.3459  	-0.0739  	-0.0209  	-0.1204  	-0.2140  	0.26327  	0.21169  	-0.0618  	0.12030  	0.30144  	0.11637  	0.01008  	-0.1786  	0.22520  	0.04911  	0.02721  	0.01795  	-0.0193  	-0.0708  	-0.0453  	0.03743  	-0.0119  	0.03477  	-0.0218  	0.01239  	0.02025  	0.00843  	0.02274  	0.00641  	-0.0360  	0.03183  	0.00242  	-0.0266  	0.02961  	0.00575  	-0.0173  	0.03539  	-0.0003  	-0.0069  	-0.0242  	0.03589  	-0.0073  	0.02253  	-0.2797  	
-0.2186  	-0.0586  	-0.0544  	0.40823  	-0.0234  	0.28274  	0.10128  	-0.7184  	0.13253  	0.00487  	0.13142  	0.27148  	-0.0448  	-0.7171  	-1.0225  	0.80116  	-0.0721  	0.30428  	-0.2728  	0.43668  	-0.1554  	-0.2107  	-0.5368  	0.21767  	-0.1537  	-0.1106  	-0.4269  	-0.0439  	-0.0421  	-0.1237  	-0.2076  	0.22780  	0.23083  	-0.0606  	0.10884  	0.28945  	0.07651  	0.00180  	-0.1732  	0.23912  	0.03643  	0.02483  	0.02168  	-0.0251  	-0.0822  	-0.0459  	0.03684  	0.00229  	0.03357  	-0.0158  	0.01459  	0.01767  	0.00286  	0.02681  	0.00708  	-0.0383  	0.03720  	0.00523  	-0.0261  	0.02896  	-0.0019  	-0.0097  	0.03603  	7.42085  	-0.0069  	-0.0242  	0.03589  	-0.0073  	0.02253  	-0.2797  	
-0.2452  	-0.0364  	-0.0717  	0.40994  	0.00972  	0.27670  	0.13999  	-0.7181  	0.15517  	0.03021  	0.14145  	0.29949  	-0.0283  	-0.6274  	-1.0229  	0.76565  	-0.0810  	0.34088  	-0.2783  	0.46050  	-0.1874  	-0.2057  	-0.5710  	0.19482  	-0.1723  	-0.1219  	-0.4857  	0.02970  	0.01982  	-0.1252  	-0.1947  	0.20440  	0.24372  	-0.0508  	0.09185  	0.29355  	0.04914  	-0.0200  	-0.1637  	0.24961  	0.05708  	0.02503  	0.03137  	-0.0158  	-0.0826  	-0.0502  	0.04037  	0.00046  	0.04463  	-0.0176  	0.01552  	0.01625  	-0.0005  	0.02409  	0.00993  	-0.0341  	0.03748  	0.00551  	-0.0312  	0.02490  	0.00180  	-0.0062  	0.03477  	0.00106  	-0.0069  	-0.0242  	0.03589  	-0.0073  	0.02253  	-0.2797  	
-0.0200  	0.03981  	0.05160  	0.63031  	0.11776  	0.37982  	0.06887  	-0.5838  	0.15042  	-0.0412  	0.15765  	0.35931  	0.01406  	-0.4635  	-0.7786  	0.84416  	-0.0784  	0.25500  	-0.2780  	0.46151  	0.05360  	-0.2468  	-0.5776  	0.39842  	-0.2613  	-0.1265  	-0.3381  	-0.1989  	-0.2128  	-0.1431  	-0.2131  	0.24408  	0.26217  	-0.0735  	0.27119  	0.20197  	0.18033  	-0.0091  	-0.2040  	0.24694  	-0.0360  	0.05933  	-0.0047  	-0.0297  	-0.0820  	-0.0439  	0.03565  	0.00343  	0.05216  	-0.0123  	0.01319  	0.01535  	-0.0027  	0.01945  	0.00078  	-0.0306  	0.03116  	0.00160  	-0.0280  	0.02997  	0.00056  	0.00434  	0.02455  	-0.0071  	-0.0069  	-0.0242  	0.03589  	-0.0073  	0.02253  	-0.2797  	
0.19007  	0.08155  	0.18638  	0.49784  	-0.0073  	0.45510  	0.14237  	-0.5229  	0.21114  	-0.0273  	0.20934  	0.35419  	0.02653  	-0.4604  	-0.8511  	0.93429  	-0.1147  	0.26213  	-0.2701  	0.44200  	0.08709  	-0.2136  	-0.5617  	0.27487  	-0.2130  	-0.1470  	-0.3566  	-0.2078  	-0.2085  	-0.1624  	-0.2090  	0.26363  	0.29412  	-0.0582  	0.22766  	0.18138  	0.20963  	0.03028  	-0.1957  	0.20761  	-0.0077  	0.04095  	0.03566  	-0.0227  	-0.0817  	-0.0416  	0.03202  	0.01469  	0.05244  	-0.0111  	0.01294  	0.01603  	0.00276  	0.02448  	0.00709  	-0.0237  	0.02604  	0.00086  	-0.0341  	0.03635  	0.00489  	-0.0033  	0.03021  	-0.0072  	-0.0069  	-0.0242  	0.03589  	-0.0073  	0.02253  	-0.2797  	
0.18618  	0.06000  	0.22461  	0.58027  	0.03723  	0.45260  	0.19137  	-0.5183  	0.22949  	0.05135  	0.28802  	0.41123  	-0.0224  	-0.4240  	-0.9237  	0.95931  	-0.1109  	0.24363  	-0.2722  	0.47178  	0.09769  	-0.2176  	-0.5560  	0.28023  	-0.1681  	-0.1635  	-0.3770  	-0.2075  	-0.1909  	-0.1538  	-0.2458  	0.25657  	0.27955  	-0.0617  	0.22525  	0.19326  	0.21982  	0.03558  	-0.1785  	0.21721  	-0.0170  	0.03343  	0.03956  	-0.0139  	-0.0725  	-0.0421  	0.02559  	0.02588  	0.06007  	-0.0179  	0.01520  	0.01092  	0.00251  	0.02694  	0.00372  	-0.0216  	0.02294  	0.00179  	-0.0304  	0.03530  	0.00347  	-0.0053  	0.03283  	-0.0045  	-0.0069  	-0.0242  	0.03589  	-0.0073  	0.02253  	-0.2797  	
-0.0283  	-0.0180  	0.12169  	0.62888  	0.10471  	0.40844  	0.13101  	-0.6276  	0.16551  	0.04396  	0.12392  	0.30879  	0.00745  	-0.4584  	-0.9333  	0.91017  	-0.0922  	0.27859  	-0.2820  	0.42838  	0.01899  	-0.2280  	-0.5930  	0.27715  	-0.1099  	-0.1661  	-0.3340  	-0.1789  	-0.1378  	-0.1103  	-0.2149  	0.24705  	0.24790  	-0.0717  	0.20514  	0.22568  	0.16802  	0.00584  	-0.1939  	0.22285  	-0.0068  	0.03592  	0.03088  	-0.0191  	-0.0845  	-0.0479  	0.04762  	0.00449  	0.06582  	-0.0179  	0.00203  	0.01225  	-0.0024  	0.02695  	0.01037  	-0.0362  	0.02438  	0.00694  	-0.0246  	0.03608  	-0.0011  	-0.0078  	0.03785  	-0.0091  	-0.0069  	-0.0242  	0.03589  	-0.0073  	0.02253  	-0.2797  	
-0.2836  	-0.0826  	-0.0162  	0.37445  	-0.0192  	0.30575  	0.11867  	-0.6997  	0.15053  	0.08367  	0.15455  	0.24574  	-0.0361  	-0.6996  	-1.0938  	0.81426  	-0.1022  	0.32993  	-0.2648  	0.50342  	-0.1247  	-0.2507  	-0.5705  	0.24764  	-0.1220  	-0.1308  	-0.4163  	-0.0928  	-0.0332  	-0.1152  	-0.2027  	0.22871  	0.24760  	-0.0436  	0.12628  	0.29426  	0.05731  	-0.0107  	-0.1548  	0.24807  	0.01219  	0.01647  	0.01491  	-0.0174  	-0.0744  	-0.0443  	0.03665  	-0.0038  	0.04864  	-0.0264  	0.01083  	0.01632  	-0.0012  	0.02140  	0.00326  	-0.0433  	0.03222  	0.00636  	-0.0338  	0.02460  	0.00098  	-0.0142  	0.03691  	-0.0049  	-0.0069  	-0.0242  	0.03589  	-0.0073  	0.02253  	-0.2797  	
-0.3797  	-0.1047  	-0.1289  	0.25084  	-0.0781  	0.23367  	0.10921  	-0.7382  	0.11668  	0.06521  	0.24116  	0.26172  	-0.0745  	-0.7299  	-1.1214  	0.73389  	-0.0681  	0.33613  	-0.2750  	0.45974  	-0.1546  	-0.2441  	-0.5474  	0.21556  	-0.1468  	-0.1261  	-0.4189  	-0.0417  	-0.0209  	-0.1343  	-0.1844  	0.20448  	0.21985  	-0.0529  	0.09614  	0.30192  	0.08674  	-0.0055  	-0.1625  	0.22826  	0.04876  	0.02782  	0.01587  	-0.0214  	-0.0720  	-0.0482  	0.03994  	-0.0111  	0.02962  	-0.0094  	0.00410  	0.01756  	-0.0012  	0.02566  	0.00696  	-0.0368  	0.03022  	0.00534  	-0.0300  	0.02833  	0.00127  	-0.0053  	0.03748  	-0.0031  	-0.0069  	-0.0242  	0.03589  	-0.0073  	0.02253  	-0.2797  	
-0.3709  	-0.0965  	-0.1454  	0.25948  	-0.0754  	0.22054  	0.08711  	-0.7243  	0.13855  	0.05535  	0.21907  	0.25806  	-0.0556  	-0.7530  	-1.0596  	0.76407  	-0.0537  	0.30294  	-0.2650  	0.44369  	-0.1394  	-0.2176  	-0.4809  	0.20840  	-0.1927  	-0.0941  	-0.4412  	-0.0657  	-0.0600  	-0.1395  	-0.1669  	0.20164  	0.23224  	-0.0512  	0.08767  	0.27894  	0.08002  	-0.0006  	-0.1678  	0.22636  	0.06035  	0.01985  	0.03336  	-0.0113  	-0.0801  	-0.0495  	0.04149  	-0.0038  	0.03015  	-0.0111  	0.00870  	0.01600  	5.89992  	0.02943  	0.00590  	-0.0347  	0.02550  	0.00485  	-0.0282  	0.03061  	0.00440  	0.00013  	0.03117  	-0.0031  	-0.0069  	-0.0242  	0.03589  	-0.0073  	0.02253  	-0.2797  	
-0.2738  	-0.0423  	-0.0520  	0.34435  	-0.0754  	0.28931  	0.10396  	-0.7219  	0.15417  	0.05177  	0.14791  	0.28566  	-0.0175  	-0.7010  	-1.0641  	0.75832  	-0.0619  	0.31875  	-0.2876  	0.46374  	-0.1674  	-0.2163  	-0.5279  	0.15694  	-0.2096  	-0.0960  	-0.5088  	0.01500  	0.00376  	-0.1562  	-0.1776  	0.20828  	0.25795  	-0.0427  	0.03827  	0.26646  	0.05350  	-0.0067  	-0.1365  	0.24289  	0.07354  	0.01388  	0.04793  	-0.0172  	-0.0847  	-0.0492  	0.03924  	0.00539  	0.04065  	-0.0103  	0.01034  	0.01386  	-0.0025  	0.02163  	0.00591  	-0.0393  	0.02988  	0.00488  	-0.0320  	0.02836  	0.00657  	-0.0021  	0.03632  	0.00016  	-0.0069  	-0.0242  	0.03589  	-0.0073  	0.02253  	-0.2797  	
-0.2475  	-0.0421  	-0.0321  	0.34682  	-0.0466  	0.25469  	0.11869  	-0.6910  	0.15202  	0.06144  	0.18198  	0.28640  	-0.0073  	-0.6701  	-1.0707  	0.80739  	-0.1083  	0.34884  	-0.2756  	0.50384  	-0.1870  	-0.2192  	-0.5830  	0.16854  	-0.2029  	-0.1121  	-0.5225  	0.04167  	0.01356  	-0.1554  	-0.1892  	0.20562  	0.25832  	-0.0513  	0.06827  	0.28672  	0.04075  	-0.0127  	-0.1403  	0.25348  	0.08324  	0.02758  	0.03741  	-0.0137  	-0.0870  	-0.0451  	0.04027  	0.01205  	0.04058  	-0.0159  	0.01040  	0.01479  	0.00095  	0.02432  	0.00821  	-0.0418  	0.03572  	0.00174  	-0.0310  	0.02849  	0.00360  	-0.0040  	0.03278  	0.00014  	-0.0069  	-0.0242  	0.03589  	-0.0073  	0.02253  	-0.2797  	
-0.2701  	-0.0562  	-0.0530  	0.37668  	-0.0235  	0.26166  	0.08796  	-0.7334  	0.13834  	0.04041  	0.18730  	0.27157  	-0.0624  	-0.7205  	-1.0692  	0.81511  	-0.0799  	0.33944  	-0.2728  	0.47760  	-0.1466  	-0.2636  	-0.5757  	0.19673  	-0.1731  	-0.1142  	-0.4613  	0.00293  	-0.0156  	-0.1465  	-0.1906  	0.23527  	0.23211  	-0.0475  	0.10126  	0.29751  	0.05911  	-0.0157  	-0.1546  	0.24002  	0.05417  	0.02775  	0.03073  	-0.0163  	-0.0755  	-0.0505  	0.03887  	-0.0018  	0.03824  	-0.0148  	0.01483  	0.01380  	-2.2451  	0.02265  	0.00753  	-0.0349  	0.03349  	0.00685  	-0.0255  	0.02683  	0.00220  	-0.0034  	0.03933  	-0.0026  	-0.0069  	-0.0242  	0.03589  	-0.0073  	0.02253  	-0.2797  	
-0.3013  	-0.0652  	-0.1118  	0.42565  	0.00372  	0.26448  	0.09425  	-0.7357  	0.12661  	-0.0025  	0.16428  	0.25655  	-0.0709  	-0.6970  	-0.9632  	0.75982  	-0.0567  	0.30182  	-0.2885  	0.44813  	-0.1081  	-0.2265  	-0.5451  	0.23146  	-0.1349  	-0.1242  	-0.4028  	-0.0319  	-0.0407  	-0.1174  	-0.2021  	0.23534  	0.21601  	-0.0503  	0.13495  	0.28456  	0.08625  	-0.0109  	-0.1832  	0.23398  	0.01918  	0.04341  	-0.0017  	-0.0278  	-0.0670  	-0.0512  	0.03990  	-0.0136  	0.03894  	-0.0179  	0.01316  	0.01693  	0.00075  	0.02670  	0.00702  	-0.0318  	0.03829  	0.00600  	-0.0264  	0.02871  	0.00140  	-0.0055  	0.03689  	-0.0050  	-0.0069  	-0.0242  	0.03589  	-0.0073  	0.02253  	-0.2797  	
-0.1895  	-0.0644  	-0.0531  	0.58539  	0.08054  	0.29849  	0.09260  	-0.7420  	0.11340  	0.03386  	0.12748  	0.31722  	-0.0523  	-0.6610  	-0.9698  	0.83965  	-0.0940  	0.31255  	-0.2893  	0.46060  	-0.1836  	-0.2273  	-0.5969  	0.26484  	-0.1426  	-0.1223  	-0.4278  	-0.0092  	-0.0149  	-0.1109  	-0.2160  	0.24484  	0.22228  	-0.0435  	0.14062  	0.31540  	0.04163  	-0.0123  	-0.1679  	0.25239  	0.01120  	0.03119  	0.02136  	-0.0169  	-0.0748  	-0.0528  	0.03650  	-0.0011  	0.04525  	-0.0234  	0.01984  	0.01564  	0.00414  	0.02559  	0.01293  	-0.0378  	0.03731  	0.00558  	-0.0235  	0.03246  	-0.0027  	-0.0167  	0.03363  	-0.0029  	-0.0069  	-0.0242  	0.03589  	-0.0073  	0.02253  	-0.2797  	
-0.0940  	-0.0700  	-0.0241  	0.60944  	0.12318  	0.28925  	0.16419  	-0.7503  	0.13272  	0.11919  	0.11494  	0.36156  	-0.0484  	-0.6929  	-1.0561  	0.90660  	-0.1344  	0.35869  	-0.2904  	0.50322  	-0.2766  	-0.2225  	-0.6721  	0.22568  	-0.1032  	-0.1460  	-0.4582  	0.07568  	0.04641  	-0.0960  	-0.2194  	0.23807  	0.21567  	-0.0462  	0.11271  	0.35997  	0.00650  	-0.0347  	-0.1353  	0.27479  	0.04316  	0.03115  	0.02577  	-0.0214  	-0.0803  	-0.0435  	0.03209  	0.01242  	0.05348  	-0.0139  	0.02087  	0.01525  	0.00165  	0.02296  	0.00988  	-0.0353  	0.04251  	0.01090  	-0.0277  	0.03401  	-0.0055  	-0.0110  	0.03599  	-0.0074  	-0.0069  	-0.0242  	0.03589  	-0.0073  	0.02253  	-0.2797  	
-0.0834  	-0.0785  	-0.0072  	0.61018  	0.14250  	0.31193  	0.16917  	-0.7301  	0.15325  	0.14226  	0.13330  	0.37432  	-0.0320  	-0.7024  	-1.1071  	0.97670  	-0.1479  	0.36714  	-0.2792  	0.50087  	-0.2909  	-0.2283  	-0.7043  	0.23682  	-0.0650  	-0.1450  	-0.4075  	0.07359  	0.07291  	-0.0743  	-0.2285  	0.24520  	0.21490  	-0.0429  	0.12095  	0.38869  	-0.0069  	-0.0264  	-0.1406  	0.27940  	0.01213  	0.04511  	0.02848  	-0.0186  	-0.0864  	-0.0453  	0.02739  	0.02139  	0.06012  	-0.0237  	0.03118  	0.01115  	-0.0007  	0.02815  	0.00932  	-0.0308  	0.03728  	0.00657  	-0.0229  	0.03243  	-0.0052  	-0.0137  	0.04041  	-0.0026  	-0.0069  	-0.0242  	0.03589  	-0.0073  	0.02253  	-0.2797  	
-0.0977  	-0.0664  	-0.0781  	0.58218  	0.11450  	0.35746  	0.14004  	-0.7537  	0.14012  	0.07137  	0.07295  	0.30463  	-0.0268  	-0.7063  	-1.0756  	0.89000  	-0.1048  	0.33414  	-0.2700  	0.48336  	-0.2331  	-0.2282  	-0.6758  	0.27005  	-0.0392  	-0.1437  	-0.3990  	0.06156  	0.05196  	-0.0743  	-0.2292  	0.25007  	0.19805  	-0.0560  	0.13086  	0.38838  	0.00553  	-0.0301  	-0.1384  	0.26917  	0.00791  	0.03961  	0.02099  	-0.0214  	-0.0823  	-0.0463  	0.02787  	0.01457  	0.05002  	-0.0234  	0.03377  	0.01304  	-0.0038  	0.02186  	0.01222  	-0.0305  	0.04333  	0.00913  	-0.0212  	0.02783  	-0.0047  	-0.0200  	0.03784  	-0.0054  	-0.0069  	-0.0242  	0.03589  	-0.0073  	0.02253  	-0.2797  	
0.02329  	0.03586  	-0.0554  	0.74549  	0.18105  	0.38396  	0.17183  	-0.6817  	0.14017  	0.01156  	-0.0224  	0.33796  	0.03820  	-0.4731  	-0.8455  	0.73521  	-0.1218  	0.27425  	-0.2808  	0.45978  	-0.1403  	-0.1695  	-0.6326  	0.27634  	-0.0196  	-0.1639  	-0.3188  	-0.0110  	0.03451  	-0.0585  	-0.2458  	0.22812  	0.23884  	-0.0361  	0.22180  	0.28812  	0.03055  	-0.0614  	-0.1065  	0.28760  	-0.0344  	0.06674  	-0.0048  	-0.0097  	-0.0689  	-0.0439  	0.02917  	0.02074  	0.05511  	-0.0296  	0.02460  	0.01590  	0.00367  	0.02167  	0.00356  	-0.0312  	0.03466  	0.00675  	-0.0228  	0.02549  	-0.0027  	-0.0147  	0.03028  	-0.0044  	-0.0069  	-0.0242  	0.03589  	-0.0073  	0.02253  	-0.2797  	
0.07968  	0.02911  	0.00154  	0.80598  	0.16722  	0.47427  	0.14839  	-0.6020  	0.15900  	-0.0532  	-0.0374  	0.30339  	0.04065  	-0.4228  	-0.7055  	0.75766  	-0.0993  	0.26335  	-0.2986  	0.43737  	-0.0328  	-0.1685  	-0.5954  	0.23920  	-0.0659  	-0.1670  	-0.3187  	-0.1033  	-0.0164  	-0.0538  	-0.2500  	0.24126  	0.23558  	-0.0370  	0.23907  	0.22585  	0.09562  	-0.0281  	-0.1445  	0.26161  	-0.0503  	0.05458  	0.00954  	-0.0017  	-0.0731  	-0.0477  	0.03243  	0.00590  	0.05057  	-0.0212  	0.01851  	0.01204  	0.00322  	0.02898  	0.00740  	-0.0238  	0.03154  	0.00361  	-0.0320  	0.02982  	-0.0010  	-0.0072  	0.02781  	-0.0085  	-0.0069  	-0.0242  	0.03589  	-0.0073  	0.02253  	-0.2797  	
0.09535  	0.03399  	0.08499  	0.75841  	0.18357  	0.49570  	0.15168  	-0.5370  	0.18661  	-0.0246  	0.06152  	0.33291  	-0.0044  	-0.4417  	-0.7751  	0.86958  	-0.1086  	0.26503  	-0.3006  	0.41801  	0.02725  	-0.1423  	-0.5816  	0.31978  	-0.1244  	-0.1674  	-0.3353  	-0.1416  	-0.0824  	-0.1042  	-0.2586  	0.25192  	0.24648  	-0.0606  	0.22871  	0.22214  	0.14926  	-0.0238  	-0.1723  	0.27017  	-0.0449  	0.06025  	0.00880  	-0.0048  	-0.0852  	-0.0438  	0.02539  	0.00910  	0.05814  	-0.0150  	0.02269  	0.01165  	0.00033  	0.02793  	0.01082  	-0.0283  	0.03148  	0.00168  	-0.0345  	0.03267  	-0.0069  	-0.0045  	0.02392  	-0.0140  	-0.0069  	-0.0242  	0.03589  	-0.0073  	0.02253  	-0.2797  	
0.06979  	-0.0231  	0.05904  	0.60793  	0.09310  	0.40901  	0.15734  	-0.6315  	0.16262  	0.05492  	0.13315  	0.32607  	-0.0219  	-0.5769  	-0.9717  	0.87252  	-0.1161  	0.33724  	-0.2799  	0.48174  	-0.0869  	-0.2147  	-0.6361  	0.28372  	-0.1221  	-0.1725  	-0.3728  	-0.0641  	-0.0370  	-0.1140  	-0.2364  	0.26201  	0.24934  	-0.0606  	0.19119  	0.29478  	0.10912  	-0.0275  	-0.1577  	0.29757  	-0.0038  	0.03225  	0.01105  	-0.0098  	-0.0767  	-0.0479  	0.03809  	0.01798  	0.05683  	-0.0165  	0.01862  	0.01298  	0.00163  	0.02199  	0.01166  	-0.0326  	0.03764  	0.00376  	-0.0328  	0.03442  	-0.0028  	-0.0163  	0.03385  	-0.0068  	-0.0069  	-0.0242  	0.03589  	-0.0073  	0.02253  	-0.2797  	
-0.0164  	-0.0214  	0.05645  	0.53062  	0.07018  	0.38289  	0.11878  	-0.6530  	0.13222  	0.06109  	0.16401  	0.30598  	0.01467  	-0.6951  	-1.0768  	0.85434  	-0.0614  	0.21379  	-0.2160  	0.31703  	-0.0787  	-0.4103  	-0.8772  	0.25750  	-0.1600  	-0.0807  	-0.3842  	-0.0860  	0.03573  	-0.1318  	-0.1233  	0.23061  	0.16193  	-0.1822  	0.11432  	0.30797  	0.01531  	-0.0151  	-0.2475  	0.19905  	0.09336  	0.13426  	-0.0689  	0.03984  	-0.1180  	-0.0332  	0.01185  	0.02405  	0.04341  	-0.0330  	0.03014  	0.01644  	0.00283  	0.03519  	0.01463  	-0.0353  	0.03735  	-0.0022  	-0.0284  	0.03621  	0.00294  	-0.0185  	0.01868  	-0.0055  	-0.0069  	-0.0242  	0.03589  	-0.0073  	0.02253  	-0.2797  	
-0.1115  	0.01651  	0.00679  	0.68308  	0.11690  	0.34438  	0.08523  	-0.6130  	0.08284  	-0.0539  	0.04388  	0.31776  	0.03624  	-0.6337  	-0.8466  	0.66334  	0.03653  	0.05972  	-0.1860  	0.07875  	-0.0321  	-0.5263  	-0.9613  	0.28770  	-0.1738  	-0.0062  	-0.3206  	-0.1536  	0.12700  	-0.0992  	-0.0773  	0.17582  	0.09876  	-0.2892  	0.05727  	0.27017  	-0.0646  	-0.0187  	-0.3206  	0.14185  	0.08284  	0.21631  	-0.1565  	0.10761  	-0.1611  	-0.0191  	0.00542  	0.02789  	0.02909  	-0.0452  	0.03001  	0.01821  	0.00136  	0.05704  	0.01380  	-0.0356  	0.03139  	-0.0124  	-0.0215  	0.04773  	-0.0003  	-0.0114  	0.00850  	-0.0025  	-0.0069  	-0.0242  	0.03589  	-0.0073  	0.02253  	-0.2797  	
-0.0055  	0.03892  	0.07180  	0.74768  	0.12217  	0.43007  	0.07309  	-0.5481  	0.12505  	-0.1118  	0.05301  	0.35795  	0.08416  	-0.5945  	-0.6687  	0.68896  	0.07935  	0.00487  	-0.1641  	-0.0049  	0.07967  	-0.5628  	-0.9345  	0.28866  	-0.2353  	0.01654  	-0.3402  	-0.2716  	0.07233  	-0.1223  	-0.0496  	0.15711  	0.09363  	-0.3093  	0.09551  	0.18126  	-0.0249  	-0.0035  	-0.3552  	0.12295  	0.08731  	0.24661  	-0.1806  	0.11923  	-0.1786  	-0.0123  	-0.0024  	0.03530  	0.02514  	-0.0282  	0.02989  	0.02014  	0.00051  	0.05564  	0.01919  	-0.0279  	0.02560  	-0.0123  	-0.0236  	0.04608  	0.00828  	-0.0135  	0.00423  	-0.0047  	-0.0069  	-0.0242  	0.03589  	-0.0073  	0.02253  	-0.2797  	
0.06462  	0.05203  	0.12621  	0.75738  	0.13629  	0.44281  	0.09261  	-0.5335  	0.14593  	-0.0374  	0.10402  	0.37328  	0.09622  	-0.5924  	-0.7246  	0.78939  	0.01448  	0.03626  	-0.1927  	0.05868  	0.09227  	-0.5436  	-0.9545  	0.29823  	-0.2211  	-0.0182  	-0.3529  	-0.2634  	0.01471  	-0.1274  	-0.0677  	0.19193  	0.11035  	-0.2872  	0.13939  	0.20728  	0.00019  	-0.0024  	-0.3513  	0.12958  	0.06216  	0.22992  	-0.1618  	0.08505  	-0.1607  	-0.0156  	-0.0113  	0.02948  	0.03046  	-0.0337  	0.03340  	0.01856  	0.00155  	0.04431  	0.01585  	-0.0260  	0.02810  	-0.0098  	-0.0245  	0.04007  	0.00735  	-0.0126  	0.01060  	-0.0053  	-0.0069  	-0.0242  	0.03589  	-0.0073  	0.02253  	-0.2797  	
0.09356  	-0.0118  	0.12140  	0.77156  	0.15573  	0.41342  	0.12228  	-0.5743  	0.13368  	0.04530  	0.18372  	0.40422  	0.01905  	-0.6463  	-0.9308  	0.89556  	-0.0652  	0.16706  	-0.1870  	0.27439  	-0.0434  	-0.3472  	-0.8466  	0.33020  	-0.1178  	-0.1014  	-0.3387  	-0.1333  	0.00741  	-0.1190  	-0.1457  	0.20768  	0.16087  	-0.1905  	0.15240  	0.28217  	0.04668  	-0.0218  	-0.2464  	0.20242  	0.03974  	0.13758  	-0.0711  	0.04965  	-0.1196  	-0.0330  	0.00480  	0.03454  	0.04097  	-0.0271  	0.03363  	0.01419  	0.00349  	0.03367  	0.01354  	-0.0236  	0.03981  	-0.0055  	-0.0261  	0.04426  	0.00185  	-0.0133  	0.02293  	-0.0053  	-0.0069  	-0.0242  	0.03589  	-0.0073  	0.02253  	-0.2797  	
0.02131  	-0.0348  	0.05029  	0.63897  	0.09707  	0.42624  	0.12531  	-0.6710  	0.14070  	0.07662  	0.18325  	0.37704  	-0.0632  	-0.6390  	-1.0079  	0.92892  	-0.1046  	0.28484  	-0.2714  	0.50617  	-0.0612  	-0.1977  	-0.6696  	0.32967  	-0.0666  	-0.1742  	-0.3583  	-0.0685  	-0.0987  	-0.1087  	-0.2434  	0.26265  	0.22105  	-0.0679  	0.19832  	0.31895  	0.13351  	-0.0277  	-0.1734  	0.25944  	-0.0353  	0.04040  	0.00927  	-0.0093  	-0.0699  	-0.0502  	0.02684  	0.00972  	0.06021  	-0.0160  	0.03166  	0.01200  	-0.0014  	0.02224  	0.00557  	-0.0250  	0.03885  	-0.0002  	-0.0326  	0.03914  	-0.0032  	-0.0185  	0.03527  	-0.0058  	-0.0069  	-0.0242  	0.03589  	-0.0073  	0.02253  	-0.2797  	
0.09350  	0.02750  	0.04230  	0.79255  	0.20934  	0.45122  	0.15876  	-0.6351  	0.14157  	0.02043  	-0.0746  	0.29281  	0.11802  	-0.3410  	-0.5437  	0.70965  	-0.1141  	0.22695  	-0.2891  	0.38281  	-0.0846  	-0.1570  	-0.5821  	0.35260  	-0.2131  	-0.1575  	-0.2808  	-0.1658  	-0.1056  	-0.1009  	-0.2345  	0.23608  	0.25718  	-0.0537  	0.28769  	0.22627  	0.07302  	-0.0560  	-0.1773  	0.29417  	-0.0893  	0.07636  	-0.0235  	-0.0297  	-0.0659  	-0.0504  	0.02517  	0.00875  	0.05590  	-0.0140  	0.02193  	0.01724  	-0.0095  	0.02597  	0.00305  	-0.0343  	0.03615  	-0.0023  	-0.0291  	0.02423  	0.00454  	0.00132  	0.02785  	-0.0111  	-0.0069  	-0.0242  	0.03589  	-0.0073  	0.02253  	-0.2797  	
0.20595  	0.08727  	0.20811  	0.74442  	0.15167  	0.49757  	0.19519  	-0.5715  	0.20723  	0.04173  	-0.1376  	0.21447  	0.17439  	-0.2157  	-0.5463  	0.71963  	-0.1125  	0.25601  	-0.3023  	0.35459  	-0.1026  	-0.1322  	-0.5532  	0.17677  	-0.0896  	-0.1486  	-0.3573  	-0.1710  	0.02552  	-0.0545  	-0.1895  	0.21463  	0.26659  	-0.0268  	0.17276  	0.23877  	0.04256  	-0.0386  	-0.0961  	0.25064  	-0.0091  	0.05354  	0.02875  	-0.0168  	-0.0809  	-0.0491  	0.02250  	0.03537  	0.06914  	-0.0189  	0.01918  	0.01198  	0.00777  	0.02728  	0.01298  	-0.0194  	0.02944  	0.00099  	-0.0331  	0.03198  	0.00710  	0.00604  	0.02853  	-0.0117  	-0.0069  	-0.0242  	0.03589  	-0.0073  	0.02253  	-0.2797  	
0.11820  	0.05536  	0.11104  	0.77757  	0.17014  	0.48028  	0.18435  	-0.6061  	0.19992  	0.07315  	-0.1318  	0.21101  	0.13350  	-0.2199  	-0.5743  	0.67645  	-0.0615  	0.19637  	-0.3132  	0.37264  	-0.0606  	-0.1271  	-0.5472  	0.26842  	-0.0449  	-0.1574  	-0.2836  	-0.1918  	-0.0328  	-0.0478  	-0.2166  	0.22970  	0.22884  	-0.0402  	0.20835  	0.21386  	0.08597  	-0.0407  	-0.1101  	0.27767  	-0.0419  	0.05291  	0.01570  	-0.0253  	-0.0749  	-0.0412  	0.02153  	0.02636  	0.07034  	-0.0170  	0.01882  	0.01378  	-0.0036  	0.02000  	0.00493  	-0.0247  	0.02772  	0.00332  	-0.0306  	0.03063  	0.00414  	-0.0021  	0.03860  	-0.0109  	-0.0069  	-0.0242  	0.03589  	-0.0073  	0.02253  	-0.2797  	
-0.0328  	-0.0196  	0.00159  	0.72643  	0.19040  	0.38164  	0.13230  	-0.6548  	0.16424  	0.01850  	0.02124  	0.31804  	0.05031  	-0.4440  	-0.6983  	0.80765  	-0.0846  	0.26151  	-0.2748  	0.43579  	-0.0199  	-0.2019  	-0.5558  	0.29801  	-0.1453  	-0.1459  	-0.3218  	-0.1585  	-0.1045  	-0.1008  	-0.2095  	0.25604  	0.23779  	-0.0381  	0.23549  	0.19732  	0.13110  	-0.0101  	-0.1666  	0.26272  	-0.0470  	0.04450  	0.00749  	-0.0088  	-0.0834  	-0.0538  	0.02831  	0.00956  	0.05771  	-0.0156  	0.00889  	0.00850  	-0.0047  	0.02126  	0.00681  	-0.0235  	0.03175  	0.00294  	-0.0316  	0.03034  	0.00362  	-0.0037  	0.02919  	-0.0033  	-0.0069  	-0.0242  	0.03589  	-0.0073  	0.02253  	-0.2797  	
-0.0692  	-0.0209  	0.03206  	0.48091  	0.04022  	0.37003  	0.13517  	-0.6728  	0.16176  	-0.0069  	0.17425  	0.31127  	-0.0308  	-0.6219  	-0.9735  	0.86395  	-0.1143  	0.29292  	-0.2744  	0.47038  	-0.0505  	-0.2136  	-0.5865  	0.27676  	-0.1869  	-0.1359  	-0.3764  	-0.1204  	-0.1164  	-0.1340  	-0.2249  	0.25934  	0.25417  	-0.0555  	0.19402  	0.25787  	0.15170  	0.00124  	-0.1861  	0.25307  	0.00222  	0.04389  	0.00656  	-0.0253  	-0.0843  	-0.0520  	0.04190  	0.00555  	0.04887  	-0.0119  	0.01352  	0.01599  	-0.0045  	0.03140  	0.00531  	-0.0321  	0.03358  	0.00258  	-0.0238  	0.02751  	-0.0059  	-0.0105  	0.03870  	-0.0075  	-0.0069  	-0.0242  	0.03589  	-0.0073  	0.02253  	-0.2797  	
-0.1337  	-0.0575  	0.00237  	0.47496  	0.03413  	0.34904  	0.12480  	-0.6970  	0.15985  	0.05477  	0.16399  	0.31788  	-0.0509  	-0.6708  	-1.0532  	0.86243  	-0.1080  	0.33400  	-0.2811  	0.50001  	-0.1258  	-0.2285  	-0.6182  	0.25759  	-0.1409  	-0.1468  	-0.4079  	-0.0436  	-0.0425  	-0.1167  	-0.2153  	0.23068  	0.23693  	-0.0508  	0.16701  	0.30463  	0.09292  	-0.0185  	-0.1710  	0.25721  	0.01892  	0.03749  	0.02540  	-0.0127  	-0.0788  	-0.0443  	0.03758  	-0.0005  	0.04530  	-0.0230  	0.02174  	0.01568  	0.00246  	0.02237  	0.00723  	-0.0331  	0.03912  	0.00466  	-0.0281  	0.03268  	-0.0027  	-0.0101  	0.03961  	-0.0022  	-0.0069  	-0.0242  	0.03589  	-0.0073  	0.02253  	-0.2797  	
-0.2713  	-0.0750  	-0.0745  	0.40389  	-0.0331  	0.30655  	0.11862  	-0.7448  	0.11078  	0.03943  	0.18035  	0.26652  	-0.1005  	-0.7401  	-1.0807  	0.79772  	-0.0759  	0.32332  	-0.2709  	0.44597  	-0.1478  	-0.2508  	-0.5794  	0.24590  	-0.0990  	-0.1335  	-0.3636  	-0.0372  	-0.0034  	-0.1133  	-0.2097  	0.25212  	0.21295  	-0.0559  	0.11430  	0.33309  	0.08945  	-0.0065  	-0.1605  	0.25388  	0.03225  	0.02136  	0.03005  	-0.0083  	-0.0719  	-0.0509  	0.03284  	-0.0108  	0.03592  	-0.0216  	0.01985  	0.01635  	0.00472  	0.02297  	0.00903  	-0.0348  	0.03633  	0.00822  	-0.0276  	0.02952  	0.00313  	-0.0115  	0.03873  	0.00031  	-0.0069  	-0.0242  	0.03589  	-0.0073  	0.02253  	-0.2797  	
-0.2650  	-0.0700  	-0.0689  	0.40564  	-0.0437  	0.30900  	0.08771  	-0.6989  	0.12498  	-0.0277  	0.15202  	0.25279  	-0.0694  	-0.7275  	-1.0003  	0.76411  	-0.0580  	0.31067  	-0.2803  	0.44896  	-0.1178  	-0.2124  	-0.5018  	0.23880  	-0.1519  	-0.1207  	-0.3906  	-0.0397  	-0.0201  	-0.1307  	-0.1961  	0.23704  	0.21982  	-0.0567  	0.11073  	0.28196  	0.09587  	0.00433  	-0.1794  	0.22548  	0.03231  	0.03963  	0.01214  	-0.0247  	-0.0675  	-0.0473  	0.03695  	-0.0147  	0.03867  	-0.0164  	0.01050  	0.01805  	0.00234  	0.01918  	0.00827  	-0.0337  	0.03397  	0.00545  	-0.0271  	0.02599  	0.00406  	-0.0062  	0.03512  	0.00018  	-0.0069  	-0.0242  	0.03589  	-0.0073  	0.02253  	-0.2797  	
-0.2028  	-0.0491  	-0.0701  	0.49406  	0.01161  	0.32581  	0.10103  	-0.6972  	0.14410  	-0.0174  	0.11538  	0.31911  	-0.0255  	-0.6606  	-0.9373  	0.75770  	-0.0749  	0.31125  	-0.2900  	0.45889  	-0.1409  	-0.1971  	-0.5425  	0.22718  	-0.1788  	-0.1135  	-0.4453  	-0.0061  	-0.0172  	-0.1205  	-0.1982  	0.22307  	0.24659  	-0.0522  	0.11040  	0.26968  	0.05964  	-0.0138  	-0.1692  	0.24828  	0.02493  	0.03604  	0.03006  	-0.0207  	-0.0766  	-0.0530  	0.03746  	-0.0056  	0.04440  	-0.0118  	0.01365  	0.01618  	0.00118  	0.02190  	0.00669  	-0.0367  	0.03487  	0.00514  	-0.0266  	0.02697  	-0.0008  	-0.0046  	0.03424  	0.00033  	-0.0069  	-0.0242  	0.03589  	-0.0073  	0.02253  	-0.2797  	
-0.0511  	-0.0114  	-0.0111  	0.62732  	0.11481  	0.38234  	0.12228  	-0.6922  	0.16729  	0.04974  	0.06718  	0.37237  	-0.0061  	-0.6200  	-0.9498  	0.86000  	-0.1123  	0.32878  	-0.2636  	0.49223  	-0.1705  	-0.2177  	-0.6421  	0.23898  	-0.1238  	-0.1513  	-0.4402  	0.02326  	0.01246  	-0.0974  	-0.2332  	0.23637  	0.24585  	-0.0431  	0.14644  	0.30184  	0.03645  	-0.0251  	-0.1295  	0.27996  	0.02289  	0.03025  	0.03348  	-0.0192  	-0.0764  	-0.0429  	0.02975  	0.00577  	0.04750  	-0.0188  	0.02090  	0.01421  	-0.0016  	0.02321  	0.00718  	-0.0310  	0.04106  	0.00847  	-0.0239  	0.02992  	-0.0033  	-0.0077  	0.02812  	-0.0075  	-0.0069  	-0.0242  	0.03589  	-0.0073  	0.02253  	-0.2797  	
0.00784  	0.00900  	0.03617  	0.71653  	0.14424  	0.43803  	0.12987  	-0.6284  	0.15278  	0.02736  	0.07431  	0.31658  	-0.0130  	-0.5245  	-0.8865  	0.86414  	-0.1048  	0.27498  	-0.2928  	0.45954  	-0.0624  	-0.1928  	-0.6002  	0.30158  	-0.0764  	-0.1646  	-0.3262  	-0.0881  	-0.0555  	-0.0908  	-0.2288  	0.25058  	0.22957  	-0.0463  	0.19726  	0.26694  	0.12401  	-0.0227  	-0.1438  	0.25619  	-0.0416  	0.04332  	0.01752  	-0.0250  	-0.0774  	-0.0416  	0.02472  	0.01520  	0.04970  	-0.0166  	0.02800  	0.01639  	-0.0005  	0.02490  	0.00879  	-0.0277  	0.03640  	0.00280  	-0.0270  	0.02898  	-0.0010  	-0.0177  	0.03249  	-0.0047  	-0.0069  	-0.0242  	0.03589  	-0.0073  	0.02253  	-0.2797  	
-0.0124  	-0.0064  	0.04901  	0.66134  	0.07382  	0.42686  	0.14478  	-0.6486  	0.14722  	-0.0418  	0.06178  	0.30290  	-0.0071  	-0.4998  	-0.8074  	0.80742  	-0.0845  	0.29466  	-0.2779  	0.42467  	0.00251  	-0.2013  	-0.5550  	0.29333  	-0.0950  	-0.1602  	-0.3392  	-0.1502  	-0.0818  	-0.1036  	-0.2149  	0.26219  	0.22669  	-0.0486  	0.21807  	0.25621  	0.15383  	0.01005  	-0.1744  	0.23864  	-0.0311  	0.03586  	0.01338  	-0.0122  	-0.0812  	-0.0487  	0.02762  	0.00021  	0.04660  	-0.0188  	0.01762  	0.01435  	-0.0007  	0.02698  	0.01207  	-0.0256  	0.03179  	0.00576  	-0.0283  	0.02983  	0.00070  	-0.0114  	0.03112  	-0.0058  	-0.0069  	-0.0242  	0.03589  	-0.0073  	0.02253  	-0.2797  	
0.06719  	0.02914  	0.06945  	0.63902  	0.10718  	0.46056  	0.14404  	-0.5789  	0.17377  	-0.0249  	0.11463  	0.35867  	0.02995  	-0.4682  	-0.8519  	0.89895  	-0.1202  	0.31182  	-0.2759  	0.44976  	-0.0057  	-0.2290  	-0.5808  	0.27200  	-0.1382  	-0.1583  	-0.3900  	-0.1325  	-0.0705  	-0.1165  	-0.2183  	0.23203  	0.26574  	-0.0619  	0.23367  	0.24207  	0.12848  	0.00560  	-0.1759  	0.23080  	-0.0235  	0.04037  	0.01308  	-0.0217  	-0.0753  	-0.0445  	0.02957  	0.00107  	0.05115  	-0.0125  	0.01954  	0.01086  	-0.0009  	0.02153  	0.00977  	-0.0266  	0.03146  	0.00500  	-0.0295  	0.02720  	-0.0028  	-0.0088  	0.03744  	-0.0075  	-0.0069  	-0.0242  	0.03589  	-0.0073  	0.02253  	-0.2797  	
-0.1307  	-0.0166  	-0.0128  	0.47057  	0.01939  	0.36795  	0.12496  	-0.6771  	0.15534  	0.00967  	0.16371  	0.26465  	-0.0468  	-0.6189  	-0.9783  	0.81674  	-0.0911  	0.32493  	-0.2794  	0.46227  	-0.0664  	-0.2245  	-0.5888  	0.26064  	-0.1352  	-0.1427  	-0.3852  	-0.0723  	-0.0584  	-0.1188  	-0.2102  	0.24156  	0.23269  	-0.0564  	0.18942  	0.28905  	0.12741  	-0.0093  	-0.1869  	0.23295  	0.01287  	0.03496  	0.01595  	-0.0183  	-0.0772  	-0.0482  	0.04023  	-0.0080  	0.04414  	-0.0182  	0.01913  	0.01374  	-0.0008  	0.02444  	0.00705  	-0.0349  	0.03719  	0.00566  	-0.0275  	0.03061  	-0.0040  	-0.0123  	0.03746  	-0.0050  	-0.0069  	-0.0242  	0.03589  	-0.0073  	0.02253  	-0.2797  	
-0.2417  	-0.0462  	-0.0425  	0.41180  	-0.0474  	0.33836  	0.10180  	-0.6703  	0.14704  	-0.0120  	0.24261  	0.24746  	-0.0547  	-0.6540  	-0.9711  	0.78380  	-0.0904  	0.28200  	-0.2981  	0.43108  	-0.0536  	-0.2152  	-0.5401  	0.24530  	-0.1906  	-0.1312  	-0.3907  	-0.1088  	-0.0666  	-0.1437  	-0.1974  	0.24651  	0.24899  	-0.0621  	0.16602  	0.26215  	0.12907  	0.00328  	-0.1882  	0.21830  	0.02592  	0.03463  	0.01535  	-0.0316  	-0.0724  	-0.0448  	0.04570  	-0.0125  	0.03581  	-0.0160  	0.01006  	0.01434  	0.00161  	0.02072  	0.00481  	-0.0403  	0.02922  	0.00983  	-0.0326  	0.02372  	-0.0002  	-0.0143  	0.03724  	0.00115  	-0.0069  	-0.0242  	0.03589  	-0.0073  	0.02253  	-0.2797  	
-0.1523  	-0.0536  	-0.0333  	0.45637  	0.00804  	0.32509  	0.13643  	-0.7003  	0.14183  	0.03968  	0.19212  	0.27010  	-0.0561  	-0.6889  	-0.9814  	0.82770  	-0.1193  	0.31846  	-0.2917  	0.49171  	-0.1462  	-0.2435  	-0.5875  	0.21990  	-0.1607  	-0.1330  	-0.4204  	-0.0157  	-0.0402  	-0.1243  	-0.1887  	0.24506  	0.23747  	-0.0394  	0.16205  	0.30447  	0.07515  	-0.0093  	-0.1677  	0.24126  	0.01388  	0.02975  	0.00850  	-0.0218  	-0.0812  	-0.0531  	0.03820  	-0.0127  	0.04123  	-0.0172  	0.01940  	0.01569  	-0.0003  	0.02379  	0.01170  	-0.0324  	0.03430  	0.00605  	-0.0309  	0.02745  	-0.0041  	-0.0035  	0.03449  	-0.0021  	-0.0069  	-0.0242  	0.03589  	-0.0073  	0.02253  	-0.2797  	
-0.0722  	-0.0307  	0.01940  	0.47896  	0.01554  	0.34566  	0.16562  	-0.7002  	0.16375  	0.07286  	0.17529  	0.30631  	-0.0246  	-0.6370  	-1.0440  	0.84427  	-0.1166  	0.34003  	-0.2843  	0.52266  	-0.1757  	-0.2578  	-0.6437  	0.19676  	-0.1885  	-0.1490  	-0.4601  	0.03331  	0.01174  	-0.1275  	-0.2065  	0.23696  	0.23888  	-0.0412  	0.14938  	0.33009  	0.04038  	-0.0194  	-0.1408  	0.27303  	0.03256  	0.03487  	0.01112  	-0.0210  	-0.0765  	-0.0478  	0.03818  	0.00358  	0.04919  	-0.0154  	0.02303  	0.01856  	0.00356  	0.02068  	0.01428  	-0.0337  	0.03591  	0.00475  	-0.0286  	0.03040  	-8.2897  	-0.0109  	0.03647  	-0.0025  	-0.0069  	-0.0242  	0.03589  	-0.0073  	0.02253  	-0.2797  	
-0.0315  	-0.0392  	0.02127  	0.46947  	0.06742  	0.34675  	0.16748  	-0.7587  	0.14736  	0.08909  	0.17441  	0.29326  	-0.0227  	-0.6871  	-1.1297  	0.87365  	-0.1421  	0.38029  	-0.3045  	0.58321  	-0.2262  	-0.2687  	-0.6970  	0.18612  	-0.1555  	-0.1477  	-0.4772  	0.09918  	0.04198  	-0.1318  	-0.2129  	0.24600  	0.24945  	-0.0262  	0.13784  	0.35426  	0.01255  	-0.0295  	-0.1233  	0.29457  	0.02983  	0.02621  	0.02380  	-0.0264  	-0.0705  	-0.0494  	0.03566  	0.00759  	0.05269  	-0.0174  	0.03444  	0.01387  	0.00281  	0.02186  	0.01151  	-0.0320  	0.03799  	0.00495  	-0.0274  	0.02914  	0.00228  	-0.0138  	0.03727  	-0.0048  	-0.0069  	-0.0242  	0.03589  	-0.0073  	0.02253  	-0.2797  	
-0.0665  	-0.0384  	-0.0161  	0.60739  	0.10171  	0.38602  	0.13389  	-0.7534  	0.12359  	0.03813  	0.10266  	0.33249  	-0.0546  	-0.6537  	-1.0829  	0.87123  	-0.1274  	0.33793  	-0.2839  	0.52697  	-0.2210  	-0.2174  	-0.6968  	0.23650  	-0.1054  	-0.1506  	-0.4091  	0.05934  	0.02222  	-0.0851  	-0.2322  	0.25170  	0.24248  	-0.0440  	0.16050  	0.33607  	0.03678  	-0.0318  	-0.1334  	0.27142  	0.01148  	0.03107  	0.02326  	-0.0208  	-0.0669  	-0.0474  	0.03497  	0.01883  	0.05120  	-0.0253  	0.03192  	0.01202  	-0.0011  	0.01638  	0.00893  	-0.0327  	0.04019  	0.00942  	-0.0308  	0.02993  	0.00012  	-0.0208  	0.03818  	-0.0049  	-0.0069  	-0.0242  	0.03589  	-0.0073  	0.02253  	-0.2797  	
-0.1055  	-0.0234  	-0.1575  	0.78744  	0.24460  	0.29819  	0.14225  	-0.6546  	0.15755  	0.03187  	0.09327  	0.37538  	0.05668  	-0.4055  	-0.8835  	0.80520  	-0.1367  	0.28291  	-0.3170  	0.49596  	-0.1761  	-0.1773  	-0.6968  	0.26074  	-0.0933  	-0.1363  	-0.4255  	0.05801  	0.04332  	-0.0661  	-0.2560  	0.22376  	0.25533  	-0.0507  	0.19944  	0.29331  	-0.0038  	-0.0640  	-0.1259  	0.27284  	-0.0484  	0.05205  	0.01926  	-0.0335  	-0.0769  	-0.0461  	0.04019  	-0.0004  	0.06100  	-0.0220  	0.02045  	0.00848  	-0.0019  	0.02611  	0.00522  	-0.0347  	0.03662  	0.00253  	-0.0227  	0.02855  	-0.0101  	-0.0074  	0.03292  	-0.0012  	-0.0069  	-0.0242  	0.03589  	-0.0073  	0.02253  	-0.2797  	
-0.1216  	-0.0106  	-0.1512  	0.84814  	0.27904  	0.40387  	0.11917  	-0.5980  	0.18123  	-0.0240  	-0.0273  	0.47429  	0.08006  	-0.3471  	-0.7050  	0.81619  	-0.1183  	0.28818  	-0.2667  	0.45748  	-0.1581  	-0.2003  	-0.6624  	0.25191  	-0.1115  	-0.1343  	-0.3853  	0.03128  	0.03902  	-0.0483  	-0.2268  	0.21186  	0.27089  	-0.0397  	0.20506  	0.21746  	0.01362  	-0.0429  	-0.1300  	0.26901  	-0.0812  	0.05181  	-0.0137  	-0.0301  	-0.0688  	-0.0482  	0.04156  	0.00716  	0.05492  	-0.0160  	0.01749  	0.01293  	-0.0054  	0.02216  	0.00169  	-0.0253  	0.03742  	0.00464  	-0.0261  	0.02680  	0.00174  	-0.0103  	0.02428  	-0.0116  	-0.0069  	-0.0242  	0.03589  	-0.0073  	0.02253  	-0.2797  	
-0.0177  	0.03601  	0.02047  	0.68240  	0.11132  	0.46932  	0.10789  	-0.6059  	0.17937  	-0.0312  	-0.0125  	0.33782  	0.04262  	-0.4316  	-0.6768  	0.80277  	-0.0687  	0.24126  	-0.2745  	0.42762  	-0.0224  	-0.1810  	-0.5276  	0.32636  	-0.1712  	-0.1389  	-0.3526  	-0.1589  	-0.1105  	-0.1133  	-0.2244  	0.23532  	0.26500  	-0.0537  	0.21788  	0.19847  	0.12623  	-0.0071  	-0.1743  	0.25222  	-0.0325  	0.04024  	0.00879  	-0.0131  	-0.0781  	-0.0488  	0.03165  	0.01051  	0.04846  	-0.0173  	0.00563  	0.01682  	-0.0053  	0.02911  	0.00646  	-0.0266  	0.02779  	0.00786  	-0.0268  	0.02591  	0.00367  	-0.0016  	0.02587  	-0.0066  	-0.0069  	-0.0242  	0.03589  	-0.0073  	0.02253  	-0.2797  	
0.11306  	0.09344  	0.18494  	0.60934  	0.03118  	0.49549  	0.13174  	-0.5295  	0.21970  	-0.0140  	0.13511  	0.31912  	0.02771  	-0.4065  	-0.7498  	0.85670  	-0.0832  	0.24298  	-0.2769  	0.40846  	0.10255  	-0.1972  	-0.5240  	0.32870  	-0.2077  	-0.1504  	-0.3224  	-0.2441  	-0.2124  	-0.1415  	-0.2047  	0.25402  	0.28221  	-0.0612  	0.24793  	0.16530  	0.20270  	0.00975  	-0.2075  	0.21616  	-0.0282  	0.03977  	0.00712  	-0.0123  	-0.0733  	-0.0435  	0.03470  	0.00274  	0.05198  	-0.0011  	0.01129  	0.01377  	0.00193  	0.02741  	0.00358  	-0.0222  	0.02693  	0.00651  	-0.0336  	0.03124  	0.00471  	0.00375  	0.03070  	-0.0081  	-0.0069  	-0.0242  	0.03589  	-0.0073  	0.02253  	-0.2797  	
0.19792  	0.08700  	0.23145  	0.56722  	0.00417  	0.47254  	0.13775  	-0.5099  	0.22449  	0.01331  	0.23870  	0.38867  	-0.0056  	-0.4645  	-0.8835  	0.95296  	-0.1027  	0.23389  	-0.2734  	0.43656  	0.12936  	-0.1913  	-0.5246  	0.27559  	-0.1930  	-0.1514  	-0.3688  	-0.2563  	-0.2272  	-0.1404  	-0.2101  	0.26008  	0.28425  	-0.0567  	0.22924  	0.17105  	0.23875  	0.03272  	-0.1907  	0.19647  	-0.0178  	0.03175  	0.03547  	-0.0153  	-0.0805  	-0.0376  	0.03079  	0.02156  	0.05602  	-0.0161  	0.00857  	0.01667  	0.00232  	0.02582  	0.00398  	-0.0206  	0.02366  	-0.0010  	-0.0339  	0.03501  	0.00197  	-0.0015  	0.03467  	-0.0092  	-0.0069  	-0.0242  	0.03589  	-0.0073  	0.02253  	-0.2797  	
0.20134  	0.06577  	0.22765  	0.48916  	0.00255  	0.43894  	0.16555  	-0.5155  	0.24365  	0.06005  	0.30894  	0.41238  	-0.0052  	-0.4545  	-0.9823  	0.96767  	-0.1254  	0.24852  	-0.2644  	0.47107  	0.13604  	-0.2195  	-0.5442  	0.25085  	-0.1701  	-0.1758  	-0.3678  	-0.2363  	-0.2362  	-0.1521  	-0.2138  	0.25718  	0.28538  	-0.0681  	0.23383  	0.18486  	0.23997  	0.03526  	-0.1822  	0.19616  	-0.0061  	0.03533  	0.04567  	-0.0126  	-0.0773  	-0.0384  	0.02850  	0.02611  	0.06114  	-0.0193  	0.00721  	0.01054  	0.00119  	0.02519  	0.00432  	-0.0209  	0.02792  	0.00037  	-0.0334  	0.03694  	-0.0001  	-0.0068  	0.03286  	-0.0089  	-0.0069  	-0.0242  	0.03589  	-0.0073  	0.02253  	-0.2797  	
-0.0361  	-0.0015  	0.09028  	0.59097  	0.07501  	0.40953  	0.14601  	-0.6244  	0.17309  	0.04417  	0.23992  	0.33991  	0.01076  	-0.4844  	-1.0099  	0.90114  	-0.1010  	0.27175  	-0.2695  	0.49976  	0.00072  	-0.2285  	-0.5876  	0.29602  	-0.1464  	-0.1505  	-0.3629  	-0.1268  	-0.1637  	-0.1175  	-0.2017  	0.24146  	0.27441  	-0.0637  	0.21648  	0.23559  	0.16561  	-0.0033  	-0.2067  	0.22703  	-0.0214  	0.03412  	0.02549  	-0.0203  	-0.0717  	-0.0458  	0.03953  	0.00155  	0.05376  	-0.0161  	0.00938  	0.01060  	-0.0035  	0.03102  	-0.0024  	-0.0371  	0.03271  	-0.0003  	-0.0349  	0.02745  	0.00179  	-0.0138  	0.03547  	-0.0066  	-0.0069  	-0.0242  	0.03589  	-0.0073  	0.02253  	-0.2797  	
-0.3077  	-0.0938  	-0.0556  	0.38300  	-0.0342  	0.29933  	0.10398  	-0.6891  	0.12723  	0.03022  	0.25105  	0.26763  	-0.0758  	-0.7124  	-1.0703  	0.79059  	-0.0936  	0.34223  	-0.2719  	0.46893  	-0.0705  	-0.2427  	-0.5454  	0.25675  	-0.1709  	-0.1324  	-0.4104  	-0.0737  	-0.0457  	-0.1457  	-0.1956  	0.22663  	0.22798  	-0.0602  	0.14590  	0.27729  	0.09307  	-0.0107  	-0.1725  	0.22723  	0.01492  	0.02626  	0.02054  	-0.0233  	-0.0697  	-0.0437  	0.03660  	-0.0093  	0.03929  	-0.0214  	0.01351  	0.01076  	0.00076  	0.02542  	0.00715  	-0.0343  	0.04035  	0.00677  	-0.0273  	0.03152  	0.00437  	-0.0123  	0.03068  	-2.0079  	-0.0069  	-0.0242  	0.03589  	-0.0073  	0.02253  	-0.2797  	
-0.2960  	-0.0708  	-0.0704  	0.37188  	-0.0473  	0.31398  	0.09198  	-0.6852  	0.12899  	-0.0121  	0.18238  	0.28118  	-0.0478  	-0.7021  	-1.0100  	0.77358  	-0.0489  	0.30749  	-0.2888  	0.46655  	-0.1448  	-0.2079  	-0.5125  	0.24784  	-0.1558  	-0.1173  	-0.4229  	0.00236  	-0.0269  	-0.1304  	-0.1787  	0.23113  	0.23858  	-0.0532  	0.08812  	0.27618  	0.06491  	-0.0077  	-0.1557  	0.25050  	0.03995  	0.02820  	0.02324  	-0.0251  	-0.0745  	-0.0484  	0.03953  	-0.0071  	0.03919  	-0.0114  	0.01315  	0.01787  	-0.0049  	0.02750  	0.00671  	-0.0352  	0.03335  	0.00215  	-0.0275  	0.03287  	0.00297  	-0.0020  	0.03428  	-0.0027  	-0.0069  	-0.0242  	0.03589  	-0.0073  	0.02253  	-0.2797  	
-0.1677  	-0.0377  	-0.0222  	0.43855  	0.00551  	0.32219  	0.11397  	-0.6723  	0.15174  	0.04257  	0.15712  	0.32265  	-0.0258  	-0.6746  	-1.0249  	0.83255  	-0.1073  	0.33185  	-0.2852  	0.48091  	-0.1842  	-0.2388  	-0.5875  	0.20700  	-0.1852  	-0.1242  	-0.4642  	0.01428  	0.00393  	-0.1394  	-0.1794  	0.22782  	0.25628  	-0.0375  	0.11904  	0.30216  	0.04397  	-0.0136  	-0.1395  	0.25657  	0.04833  	0.02333  	0.03052  	-0.0219  	-0.0819  	-0.0484  	0.04335  	0.00732  	0.04029  	-0.0173  	0.01551  	0.01346  	-0.0013  	0.01926  	0.00700  	-0.0369  	0.03500  	0.00277  	-0.0312  	0.02918  	-0.0001  	-0.0065  	0.03743  	-0.0018  	-0.0069  	-0.0242  	0.03589  	-0.0073  	0.02253  	-0.2797  	
-0.0919  	-0.0258  	0.05437  	0.45800  	0.01230  	0.32773  	0.14744  	-0.7021  	0.17424  	0.12694  	0.17443  	0.36154  	-0.0142  	-0.6536  	-1.0547  	0.86892  	-0.1189  	0.36139  	-0.3021  	0.53371  	-0.2250  	-0.2590  	-0.6489  	0.15957  	-0.2103  	-0.1401  	-0.5244  	0.06661  	0.02386  	-0.1268  	-0.1963  	0.23159  	0.25244  	-0.0333  	0.11825  	0.31154  	0.00512  	-0.0271  	-0.1177  	0.28223  	0.05317  	0.03140  	0.02277  	-0.0226  	-0.0852  	-0.0462  	0.03807  	0.00827  	0.04854  	-0.0182  	0.02148  	0.01682  	0.00199  	0.02127  	0.01201  	-0.0354  	0.03533  	0.00624  	-0.0288  	0.02898  	0.00175  	-0.0030  	0.03717  	5.37932  	-0.0069  	-0.0242  	0.03589  	-0.0073  	0.02253  	-0.2797  	
-0.1376  	-0.0436  	0.00298  	0.40500  	-0.0209  	0.32906  	0.13351  	-0.7161  	0.13601  	0.07534  	0.18593  	0.27032  	-0.0417  	-0.6908  	-1.0837  	0.86416  	-0.1217  	0.36265  	-0.2858  	0.49606  	-0.1722  	-0.2483  	-0.6169  	0.20437  	-0.1518  	-0.1397  	-0.4765  	0.03441  	0.01306  	-0.1222  	-0.2009  	0.23352  	0.23385  	-0.0451  	0.12400  	0.33034  	0.04663  	-0.0209  	-0.1485  	0.26029  	0.03581  	0.02744  	0.02322  	-0.0190  	-0.0841  	-0.0467  	0.03528  	-0.0019  	0.04263  	-0.0181  	0.02139  	0.01373  	0.00204  	0.02254  	0.00961  	-0.0351  	0.03532  	0.00636  	-0.0285  	0.02968  	0.00073  	-0.0075  	0.03804  	-0.0001  	-0.0069  	-0.0242  	0.03589  	-0.0073  	0.02253  	-0.2797  	
-0.2495  	-0.0890  	-0.0619  	0.33686  	-0.0776  	0.31873  	0.11037  	-0.7266  	0.11752  	0.01053  	0.19039  	0.20937  	-0.0673  	-0.7348  	-1.0609  	0.80037  	-0.0759  	0.29782  	-0.2825  	0.44401  	-0.1176  	-0.2575  	-0.5580  	0.25362  	-0.1313  	-0.1426  	-0.3851  	-0.0494  	-0.0419  	-0.1392  	-0.2061  	0.25125  	0.21428  	-0.0600  	0.14960  	0.31329  	0.11444  	-0.0052  	-0.1933  	0.23743  	0.03492  	0.03098  	0.01454  	-0.0244  	-0.0661  	-0.0479  	0.04409  	-0.0159  	0.03678  	-0.0059  	0.01675  	0.01507  	0.00050  	0.02715  	0.00569  	-0.0347  	0.03753  	0.00880  	-0.0257  	0.02518  	0.00090  	-0.0152  	0.03916  	-0.0012  	-0.0069  	-0.0242  	0.03589  	-0.0073  	0.02253  	-0.2797  	
-0.2039  	-0.0592  	-0.0444  	0.39747  	-0.0516  	0.33531  	0.08047  	-0.6705  	0.13317  	-0.0370  	0.18361  	0.23813  	-0.0473  	-0.6873  	-0.9506  	0.78111  	-0.0589  	0.27889  	-0.2771  	0.40776  	-0.0690  	-0.2065  	-0.4869  	0.24875  	-0.1861  	-0.1191  	-0.3865  	-0.1000  	-0.0992  	-0.1533  	-0.1998  	0.24163  	0.23476  	-0.0640  	0.16994  	0.26168  	0.13625  	0.00560  	-0.2017  	0.20659  	0.02632  	0.03429  	0.01271  	-0.0327  	-0.0755  	-0.0433  	0.04343  	-0.0062  	0.03604  	-0.0058  	0.01825  	0.01416  	0.00229  	0.02102  	0.00466  	-0.0332  	0.03695  	0.00864  	-0.0281  	0.02488  	-0.0003  	-0.0107  	0.03941  	-0.0001  	-0.0069  	-0.0242  	0.03589  	-0.0073  	0.02253  	-0.2797  	
-0.0694  	0.01087  	0.04162  	0.55163  	0.02351  	0.34687  	0.09932  	-0.5889  	0.15370  	-0.0231  	0.18483  	0.34211  	0.01890  	-0.6055  	-0.7873  	0.77145  	-0.0237  	0.15860  	-0.2262  	0.22238  	0.03409  	-0.3902  	-0.7512  	0.26863  	-0.2618  	-0.0399  	-0.4171  	-0.1970  	-0.0524  	-0.1609  	-0.0934  	0.20100  	0.18952  	-0.1832  	0.13733  	0.20701  	0.07899  	0.00459  	-0.2701  	0.17395  	0.07144  	0.14446  	-0.0793  	0.04065  	-0.1267  	-0.0250  	0.02045  	0.00824  	0.02165  	-0.0212  	0.01658  	0.02218  	-0.0019  	0.03843  	0.01251  	-0.0350  	0.02451  	-0.0009  	-0.0246  	0.03397  	0.00778  	-0.0030  	0.01882  	-0.0031  	-0.0069  	-0.0242  	0.03589  	-0.0073  	0.02253  	-0.2797  	
0.02809  	0.05381  	0.13481  	0.64302  	0.06771  	0.39334  	0.11429  	-0.5222  	0.18842  	-0.0150  	0.18585  	0.41318  	0.11047  	-0.5561  	-0.7859  	0.80631  	0.02298  	0.05658  	-0.1784  	0.10518  	0.09301  	-0.5445  	-0.9679  	0.23144  	-0.2778  	0.00162  	-0.4810  	-0.1975  	0.02905  	-0.1772  	-0.0369  	0.16400  	0.15707  	-0.2913  	0.08136  	0.18987  	-0.0367  	0.00014  	-0.3290  	0.13381  	0.14834  	0.21054  	-0.1477  	0.08009  	-0.1652  	-0.0177  	0.00123  	0.03953  	0.02268  	-0.0325  	0.02543  	0.02242  	0.00114  	0.04903  	0.01298  	-0.0333  	0.02757  	-0.0157  	-0.0314  	0.04090  	0.01314  	-0.0093  	0.01566  	-0.0051  	-0.0069  	-0.0242  	0.03589  	-0.0073  	0.02253  	-0.2797  	
-0.2044  	0.00639  	0.04308  	0.44230  	-0.0217  	0.26783  	0.04650  	-0.5833  	0.12234  	0.00151  	0.22380  	0.35179  	0.05431  	-0.6859  	-0.9170  	0.69605  	0.05655  	0.07654  	-0.1721  	0.04137  	-0.0296  	-0.5967  	-0.9911  	0.21513  	-0.3153  	0.03230  	-0.4980  	-0.1679  	0.12897  	-0.1814  	0.00281  	0.14258  	0.11453  	-0.3179  	0.00917  	0.23620  	-0.0999  	-0.0221  	-0.3420  	0.10526  	0.18625  	0.24264  	-0.1595  	0.09939  	-0.1688  	-0.0136  	0.00382  	0.03071  	0.01416  	-0.0342  	0.01157  	0.02491  	0.00502  	0.05294  	0.01609  	-0.0409  	0.02601  	-0.0155  	-0.0303  	0.04016  	0.01182  	-0.0027  	0.01324  	0.00282  	-0.0069  	-0.0242  	0.03589  	-0.0073  	0.02253  	-0.2797  	
-0.2357  	-0.0430  	-0.0009  	0.42785  	-0.0143  	0.24641  	0.07617  	-0.6355  	0.11386  	0.00041  	0.20970  	0.29705  	0.00729  	-0.7951  	-0.9751  	0.74717  	0.04703  	0.09063  	-0.1835  	0.10166  	-0.0658  	-0.5837  	-0.9523  	0.21339  	-0.2399  	0.02691  	-0.4563  	-0.1090  	0.14103  	-0.1541  	-0.0321  	0.15874  	0.07796  	-0.2836  	0.00780  	0.28307  	-0.0649  	-0.0198  	-0.3178  	0.11932  	0.15436  	0.22641  	-0.1399  	0.08798  	-0.1598  	-0.0187  	0.00462  	0.02699  	0.01587  	-0.0297  	0.01842  	0.02186  	0.00103  	0.04731  	0.01755  	-0.0362  	0.03086  	-0.0069  	-0.0260  	0.03632  	0.00398  	-0.0100  	0.01457  	0.00166  	-0.0069  	-0.0242  	0.03589  	-0.0073  	0.02253  	-0.2797  	
-0.1157  	-0.0079  	-0.0177  	0.69984  	0.17269  	0.33848  	0.09065  	-0.6181  	0.13258  	-0.0192  	0.13534  	0.38321  	0.03311  	-0.6252  	-0.8155  	0.80957  	-0.0417  	0.17142  	-0.2373  	0.31823  	-0.0812  	-0.4028  	-0.8751  	0.26747  	-0.1801  	-0.0604  	-0.4219  	-0.0625  	0.05264  	-0.1244  	-0.1327  	0.19221  	0.17184  	-0.1680  	0.13495  	0.25398  	-0.0079  	-0.0391  	-0.2555  	0.18783  	0.03277  	0.14796  	-0.0875  	0.03540  	-0.1179  	-0.0300  	0.01670  	0.02726  	0.03384  	-0.0268  	0.02145  	0.01556  	-0.0016  	0.03853  	0.00812  	-0.0340  	0.03409  	-0.0072  	-0.0253  	0.04835  	0.00300  	-0.0177  	0.01425  	-0.0053  	-0.0069  	-0.0242  	0.03589  	-0.0073  	0.02253  	-0.2797  	
0.06061  	0.01994  	-0.0033  	0.84789  	0.23757  	0.44361  	0.13489  	-0.6234  	0.15872  	-0.0035  	-0.0292  	0.34786  	0.06311  	-0.4326  	-0.7066  	0.79154  	-0.1090  	0.27560  	-0.2819  	0.46583  	-0.1047  	-0.1740  	-0.6671  	0.27214  	-0.0814  	-0.1622  	-0.3646  	-0.0195  	-0.0215  	-0.0582  	-0.2356  	0.23145  	0.25429  	-0.0405  	0.21993  	0.25308  	0.05927  	-0.0399  	-0.1360  	0.27291  	-0.0580  	0.05683  	0.00319  	-0.0236  	-0.0764  	-0.0470  	0.02837  	0.01352  	0.06056  	-0.0207  	0.01943  	0.01343  	-0.0016  	0.02659  	0.00616  	-0.0298  	0.03163  	0.00280  	-0.0295  	0.02876  	-0.0027  	-0.0087  	0.03569  	-0.0066  	-0.0069  	-0.0242  	0.03589  	-0.0073  	0.02253  	-0.2797  	
0.10307  	0.03371  	0.01870  	0.88276  	0.21969  	0.52397  	0.14609  	-0.5863  	0.17073  	-0.0177  	-0.0919  	0.30788  	0.07386  	-0.3309  	-0.5581  	0.75681  	-0.1008  	0.25679  	-0.2887  	0.43464  	-0.0790  	-0.1549  	-0.6210  	0.24763  	-0.0682  	-0.1705  	-0.3342  	-0.0744  	0.01343  	-0.0404  	-0.2498  	0.24069  	0.25723  	-0.0314  	0.23965  	0.23090  	0.05479  	-0.0454  	-0.1296  	0.26772  	-0.0638  	0.04840  	-0.0005  	-0.0284  	-0.0656  	-0.0426  	0.02741  	0.01350  	0.05967  	-0.0220  	0.02074  	0.01287  	-0.0012  	0.02222  	0.00791  	-0.0219  	0.02525  	0.00210  	-0.0272  	0.03047  	0.00205  	-0.0061  	0.02650  	-0.0128  	-0.0069  	-0.0242  	0.03589  	-0.0073  	0.02253  	-0.2797  	
0.13847  	0.03650  	0.05951  	0.83812  	0.18508  	0.55238  	0.13123  	-0.5466  	0.19935  	-0.0472  	-0.0947  	0.26567  	0.06068  	-0.3225  	-0.5669  	0.77875  	-0.0893  	0.23024  	-0.2941  	0.40095  	-0.0362  	-0.1213  	-0.5631  	0.29907  	-0.1000  	-0.1675  	-0.3195  	-0.1418  	-0.0137  	-0.0420  	-0.2533  	0.24128  	0.24686  	-0.0339  	0.25652  	0.20482  	0.09844  	-0.0302  	-0.1576  	0.26688  	-0.0597  	0.05699  	0.00992  	-0.0189  	-0.0694  	-0.0416  	0.02857  	0.01005  	0.05771  	-0.0139  	0.02493  	0.01376  	-0.0004  	0.02531  	0.00876  	-0.0226  	0.02818  	0.00497  	-0.0270  	0.03507  	-0.0004  	-0.0045  	0.02610  	-0.0098  	-0.0069  	-0.0242  	0.03589  	-0.0073  	0.02253  	-0.2797  	
0.19135  	0.05330  	0.12959  	0.79382  	0.14958  	0.53961  	0.13185  	-0.5170  	0.22857  	-0.0232  	-0.0397  	0.29248  	0.07610  	-0.3502  	-0.7058  	0.84737  	-0.1023  	0.25679  	-0.2680  	0.39403  	-0.0390  	-0.1439  	-0.5588  	0.29364  	-0.1577  	-0.1523  	-0.3451  	-0.1556  	-0.0663  	-0.0735  	-0.2296  	0.23164  	0.26029  	-0.0382  	0.23773  	0.19115  	0.10487  	-0.0228  	-0.1606  	0.26852  	-0.0353  	0.04729  	0.02643  	-0.0151  	-0.0788  	-0.0462  	0.02916  	0.02089  	0.06086  	-0.0159  	0.02200  	0.01349  	-0.0019  	0.02694  	0.00795  	-0.0229  	0.03077  	0.00447  	-0.0304  	0.03279  	0.00111  	-0.0055  	0.02711  	-0.0103  	-0.0069  	-0.0242  	0.03589  	-0.0073  	0.02253  	-0.2797  	
0.17708  	0.06925  	0.13466  	0.60865  	0.11353  	0.45717  	0.17142  	-0.5624  	0.20809  	0.03076  	0.11212  	0.30847  	0.03964  	-0.4439  	-0.8331  	0.86929  	-0.1212  	0.28035  	-0.2919  	0.43792  	0.02855  	-0.1999  	-0.5568  	0.28098  	-0.1940  	-0.1570  	-0.3497  	-0.1686  	-0.1377  	-0.1387  	-0.2172  	0.24716  	0.27396  	-0.0489  	0.25540  	0.21024  	0.14769  	0.00103  	-0.1898  	0.26373  	-0.0206  	0.03815  	0.02326  	-0.0162  	-0.0798  	-0.0502  	0.03010  	0.01955  	0.05647  	-0.0188  	0.02423  	0.01484  	0.00185  	0.02250  	0.00493  	-0.0266  	0.03049  	-0.0014  	-0.0357  	0.03256  	0.00375  	-0.0031  	0.03689  	-0.0070  	-0.0069  	-0.0242  	0.03589  	-0.0073  	0.02253  	-0.2797  	
0.08460  	0.06517  	0.13594  	0.50921  	0.02582  	0.40881  	0.12964  	-0.5500  	0.20014  	0.03523  	0.14830  	0.26503  	0.02648  	-0.4416  	-0.8637  	0.86674  	-0.0961  	0.24996  	-0.2728  	0.40365  	0.05938  	-0.2003  	-0.5390  	0.31270  	-0.1555  	-0.1623  	-0.3123  	-0.2307  	-0.1750  	-0.1340  	-0.2008  	0.25513  	0.26854  	-0.0494  	0.25031  	0.20619  	0.20100  	0.02116  	-0.2025  	0.23969  	-0.0202  	0.02742  	0.02338  	-0.0133  	-0.0892  	-0.0503  	0.03677  	0.01367  	0.05199  	-0.0181  	0.01498  	0.01770  	-0.0006  	0.02649  	0.00408  	-0.0287  	0.02583  	-0.0004  	-0.0314  	0.03505  	0.00537  	-0.0039  	0.03653  	-0.0061  	-0.0069  	-0.0242  	0.03589  	-0.0073  	0.02253  	-0.2797  	
-0.0535  	0.02064  	0.03887  	0.53088  	-0.0146  	0.37770  	0.10564  	-0.5876  	0.18078  	-0.0244  	0.23325  	0.28750  	-0.0257  	-0.5274  	-0.8516  	0.83960  	-0.0793  	0.27051  	-0.2724  	0.40646  	0.06983  	-0.2173  	-0.5117  	0.32102  	-0.1984  	-0.1489  	-0.3471  	-0.2378  	-0.1806  	-0.1431  	-0.1946  	0.25623  	0.25525  	-0.0628  	0.24043  	0.19926  	0.20761  	0.02160  	-0.2238  	0.22074  	-0.0095  	0.04808  	0.01236  	-0.0171  	-0.0797  	-0.0464  	0.03552  	-0.0067  	0.03646  	-0.0094  	0.00327  	0.01477  	0.00391  	0.02951  	0.00496  	-0.0298  	0.02985  	0.00485  	-0.0276  	0.03449  	0.00453  	0.00055  	0.03422  	-0.0014  	-0.0069  	-0.0242  	0.03589  	-0.0073  	0.02253  	-0.2797  	
0.04947  	0.07474  	0.10090  	0.56026  	-0.0156  	0.42618  	0.10304  	-0.5279  	0.22167  	-0.0366  	0.27232  	0.32215  	-0.0079  	-0.4402  	-0.7970  	0.86204  	-0.0680  	0.21881  	-0.2845  	0.35814  	0.16365  	-0.2133  	-0.4961  	0.32150  	-0.2470  	-0.1482  	-0.3192  	-0.3042  	-0.2746  	-0.1564  	-0.2000  	0.26775  	0.27214  	-0.0632  	0.28627  	0.13442  	0.27078  	0.04970  	-0.2537  	0.18710  	-0.0167  	0.02645  	0.00603  	-0.0300  	-0.0789  	-0.0409  	0.03871  	-0.0071  	0.03920  	-0.0067  	0.00251  	0.01735  	0.00186  	0.02929  	0.00356  	-0.0249  	0.01947  	0.00412  	-0.0313  	0.02908  	0.00932  	0.00527  	0.02955  	-0.0081  	-0.0069  	-0.0242  	0.03589  	-0.0073  	0.02253  	-0.2797  	
0.10789  	0.10144  	0.15677  	0.56963  	-0.0368  	0.47400  	0.10637  	-0.4900  	0.24950  	-0.0657  	0.26725  	0.34400  	0.00278  	-0.4156  	-0.7818  	0.89665  	-0.0752  	0.20404  	-0.2643  	0.35197  	0.20384  	-0.2091  	-0.4719  	0.33248  	-0.2529  	-0.1512  	-0.3051  	-0.3383  	-0.3167  	-0.1593  	-0.1984  	0.27165  	0.27924  	-0.0657  	0.29641  	0.12164  	0.29868  	0.05840  	-0.2531  	0.17436  	-0.0283  	0.02866  	0.01110  	-0.0288  	-0.0795  	-0.0417  	0.03479  	0.00109  	0.04515  	-0.0026  	9.12747  	0.01621  	0.00084  	0.03057  	0.00190  	-0.0199  	0.02061  	0.00375  	-0.0345  	0.03206  	0.00863  	0.00515  	0.02820  	-0.0082  	-0.0069  	-0.0242  	0.03589  	-0.0073  	0.02253  	-0.2797  	
0.13858  	0.09810  	0.17706  	0.56473  	-0.0314  	0.48999  	0.11095  	-0.4830  	0.25299  	-0.0574  	0.29269  	0.36074  	0.00399  	-0.3984  	-0.7988  	0.91449  	-0.0662  	0.19307  	-0.2721  	0.33326  	0.19106  	-0.2085  	-0.4521  	0.35257  	-0.2618  	-0.1500  	-0.2936  	-0.3452  	-0.3274  	-0.1543  	-0.1990  	0.27396  	0.28278  	-0.0644  	0.29972  	0.12121  	0.30284  	0.06325  	-0.2495  	0.16508  	-0.0338  	0.03043  	0.01803  	-0.0296  	-0.0834  	-0.0426  	0.03468  	0.00582  	0.04837  	-0.0088  	0.00026  	0.01869  	0.00173  	0.03212  	0.00269  	-0.0217  	0.01907  	0.00487  	-0.0349  	0.03399  	0.00815  	0.00343  	0.03160  	-0.0052  	-0.0069  	-0.0242  	0.03589  	-0.0073  	0.02253  	-0.2797  	
