0.13932  	0.09724  	0.17709  	0.56552  	-0.0303  	0.49116  	0.11117  	-0.4824  	0.25303  	-0.0565  	0.29278  	0.36116  	0.00425  	-0.3990  	-0.7991  	0.91521  	-0.0657  	0.19290  	-0.2722  	0.33400  	0.19078  	-0.2090  	-0.4516  	0.35313  	-0.2618  	-0.1502  	-0.2931  	-0.3452  	-0.3278  	-0.1541  	-0.1994  	0.27423  	0.28261  	-0.0645  	0.29929  	0.12135  	0.30283  	0.06377  	-0.2490  	0.16484  	-0.0345  	0.03053  	0.01804  	-0.0294  	-0.0833  	-0.0424  	0.03456  	0.00585  	0.04840  	-0.0091  	0.00028  	0.01875  	0.00170  	0.03200  	0.00279  	-0.0219  	0.01912  	0.00490  	-0.0349  	0.03383  	0.00814  	0.00330  	0.03167  	-0.0051  	-0.0069  	-0.0242  	0.03589  	-0.0073  	0.02253  	-0.2797  	
0.13932  	0.09724  	0.17709  	0.56552  	-0.0303  	0.49116  	0.11117  	-0.4824  	0.25303  	-0.0565  	0.29278  	0.36116  	0.00425  	-0.3990  	-0.7991  	0.91521  	-0.0657  	0.19290  	-0.2722  	0.33400  	0.19078  	-0.2090  	-0.4516  	0.35313  	-0.2618  	-0.1502  	-0.2931  	-0.3452  	-0.3278  	-0.1541  	-0.1994  	0.27423  	0.28261  	-0.0645  	0.29929  	0.12135  	0.30283  	0.06377  	-0.2490  	0.16484  	-0.0345  	0.03053  	0.01804  	-0.0294  	-0.0833  	-0.0424  	0.03456  	0.00585  	0.04840  	-0.0091  	0.00028  	0.01875  	0.00170  	0.03200  	0.00279  	-0.0219  	0.01912  	0.00490  	-0.0349  	0.03383  	0.00814  	0.00330  	0.03167  	-0.0051  	-0.0069  	-0.0242  	0.03589  	-0.0073  	0.02253  	-0.2797  	
0.13932  	0.09724  	0.17709  	0.56552  	-0.0303  	0.49116  	0.11117  	-0.4824  	0.25303  	-0.0565  	0.29278  	0.36116  	0.00425  	-0.3990  	-0.7991  	0.91521  	-0.0657  	0.19290  	-0.2722  	0.33400  	0.19078  	-0.2090  	-0.4516  	0.35313  	-0.2618  	-0.1502  	-0.2931  	-0.3452  	-0.3278  	-0.1541  	-0.1994  	0.27423  	0.28261  	-0.0645  	0.29929  	0.12135  	0.30283  	0.06377  	-0.2490  	0.16484  	-0.0345  	0.03053  	0.01804  	-0.0294  	-0.0833  	-0.0424  	0.03456  	0.00585  	0.04840  	-0.0091  	0.00028  	0.01875  	0.00170  	0.03200  	0.00279  	-0.0219  	0.01912  	0.00490  	-0.0349  	0.03383  	0.00814  	0.00330  	0.03167  	-0.0051  	-0.0069  	-0.0242  	0.03589  	-0.0073  	0.02253  	-0.2797  	
0.13790  	0.09504  	0.17557  	0.56500  	-0.0256  	0.47916  	0.11033  	-0.4900  	0.25321  	-0.0410  	0.30366  	0.37842  	-0.0013  	-0.4013  	-0.8178  	0.92121  	-0.0647  	0.19956  	-0.2744  	0.34397  	0.18333  	-0.2126  	-0.4570  	0.34330  	-0.2638  	-0.1469  	-0.3120  	-0.3261  	-0.3189  	-0.1591  	-0.1964  	0.27030  	0.28830  	-0.0645  	0.28712  	0.12542  	0.29419  	0.05915  	-0.2465  	0.16361  	-0.0249  	0.02749  	0.02129  	-0.0293  	-0.0821  	-0.0423  	0.03490  	0.00614  	0.04774  	-0.0074  	-0.0002  	0.01906  	0.00144  	0.03154  	0.00250  	-0.0231  	0.01901  	0.00469  	-0.0333  	0.03327  	0.00871  	0.00308  	0.02983  	-0.0066  	-0.0069  	-0.0242  	0.03589  	-0.0073  	0.02253  	-0.2797  	
0.21556  	0.06599  	0.24704  	0.61730  	0.03394  	0.50538  	0.13559  	-0.5323  	0.23911  	0.04592  	0.13252  	0.26273  	0.10013  	-0.3680  	-0.8819  	0.86303  	-0.0760  	0.22131  	-0.2597  	0.34623  	0.01581  	-0.1695  	-0.5357  	0.29714  	-0.1130  	-0.1732  	-0.3102  	-0.2739  	-0.1959  	-0.1025  	-0.1958  	0.24205  	0.25841  	-0.0636  	0.21006  	0.20184  	0.19570  	0.01185  	-0.1776  	0.22426  	-0.0213  	0.03795  	0.04984  	-0.0122  	-0.0842  	-0.0453  	0.01972  	0.03479  	0.06518  	-0.0164  	0.01044  	0.01430  	0.00056  	0.02720  	0.00661  	-0.0126  	0.02178  	-0.0032  	-0.0348  	0.03544  	0.00888  	0.00170  	0.03122  	-0.0035  	-0.0069  	-0.0242  	0.03589  	-0.0073  	0.02253  	-0.2797  	
0.16114  	0.08959  	0.15666  	0.47791  	0.04581  	0.40075  	0.19969  	-0.5883  	0.18238  	0.12501  	0.06535  	0.17512  	0.14913  	-0.2490  	-0.7890  	0.72262  	-0.0748  	0.22574  	-0.2739  	0.35794  	-0.0274  	-0.1468  	-0.5714  	0.32920  	-0.0437  	-0.1906  	-0.2360  	-0.2690  	-0.1212  	-0.0836  	-0.1840  	0.23589  	0.25780  	-0.0649  	0.24723  	0.21900  	0.15980  	-0.0159  	-0.1732  	0.27951  	-0.0401  	0.04388  	0.02340  	-0.0196  	-0.0956  	-0.0399  	0.02443  	0.03368  	0.06007  	-0.0230  	0.01902  	0.01515  	-0.0089  	0.02202  	0.00150  	-0.0191  	0.01989  	-0.0052  	-0.0334  	0.04050  	0.00993  	0.00282  	0.02951  	-0.0127  	-0.0069  	-0.0242  	0.03589  	-0.0073  	0.02253  	-0.2797  	
-0.1219  	-0.0102  	-0.0528  	0.70265  	0.18292  	0.28564  	0.17429  	-0.6237  	0.14705  	0.05476  	0.15951  	0.34405  	0.06304  	-0.3175  	-0.7178  	0.78068  	-0.0959  	0.23111  	-0.2971  	0.46323  	0.01264  	-0.1975  	-0.6130  	0.34677  	-0.1594  	-0.1564  	-0.2867  	-0.1941  	-0.1642  	-0.0872  	-0.2215  	0.25690  	0.28168  	-0.0495  	0.29733  	0.21818  	0.14954  	-0.0178  	-0.2202  	0.28340  	-0.0703  	0.07148  	-0.0189  	-0.0299  	-0.0764  	-0.0418  	0.04291  	0.00714  	0.05278  	-0.0104  	0.01726  	0.01550  	-0.0144  	0.02298  	-0.0004  	-0.0239  	0.02043  	-0.0029  	-0.0327  	0.02722  	0.01292  	-0.0005  	0.02205  	-0.0128  	-0.0069  	-0.0242  	0.03589  	-0.0073  	0.02253  	-0.2797  	
-0.3677  	-0.0897  	-0.1259  	0.45286  	0.07235  	0.21883  	0.10056  	-0.6621  	0.14799  	0.07679  	0.31979  	0.39318  	-0.0415  	-0.6207  	-0.9644  	0.75360  	-0.1089  	0.31103  	-0.2728  	0.53047  	-0.0559  	-0.2389  	-0.5849  	0.27768  	-0.2609  	-0.1261  	-0.4763  	-0.0476  	-0.1166  	-0.1519  	-0.1863  	0.23774  	0.27205  	-0.0515  	0.19376  	0.24072  	0.09637  	-0.0233  	-0.1882  	0.23290  	1.58222  	0.03883  	-0.0139  	-0.0513  	-0.0632  	-0.0358  	0.05034  	-0.0187  	0.04061  	-0.0037  	0.00833  	0.01493  	0.00015  	0.02798  	0.00695  	-0.0410  	0.03466  	0.00812  	-0.0239  	0.03718  	0.00160  	-0.0056  	0.02514  	-0.0103  	-0.0069  	-0.0242  	0.03589  	-0.0073  	0.02253  	-0.2797  	
-0.3071  	-0.0770  	-0.1222  	0.40002  	0.00457  	0.27012  	0.10801  	-0.7163  	0.11228  	0.08420  	0.16435  	0.32185  	-0.0288  	-0.6632  	-1.0586  	0.72148  	-0.1001  	0.39132  	-0.2921  	0.51574  	-0.2127  	-0.2313  	-0.5814  	0.20153  	-0.1654  	-0.1202  	-0.5260  	0.05305  	0.05018  	-0.1057  	-0.1659  	0.18898  	0.23732  	-0.0391  	0.04902  	0.29017  	0.01112  	-0.0393  	-0.1227  	0.26430  	0.02375  	0.01543  	0.02677  	-0.0234  	-0.0680  	-0.0462  	0.03772  	-0.0095  	0.03839  	-0.0085  	0.01019  	0.01209  	-0.0028  	0.01778  	0.00473  	-0.0356  	0.03707  	0.00433  	-0.0279  	0.03218  	-0.0005  	-0.0056  	0.03347  	-0.0030  	-0.0069  	-0.0242  	0.03589  	-0.0073  	0.02253  	-0.2797  	
-0.2365  	-0.0418  	-0.1071  	0.45825  	0.01605  	0.34262  	0.06650  	-0.7082  	0.13887  	-0.0040  	0.05805  	0.32536  	-0.0351  	-0.7100  	-0.9407  	0.75242  	-0.0516  	0.35905  	-0.2627  	0.47871  	-0.1732  	-0.2417  	-0.5394  	0.20238  	-0.1333  	-0.1240  	-0.4410  	0.01553  	-0.0140  	-0.1066  	-0.1959  	0.20490  	0.25325  	-0.0495  	0.06016  	0.25409  	0.05378  	-0.0145  	-0.1277  	0.27063  	0.03877  	0.02988  	0.03406  	-0.0122  	-0.0752  	-0.0449  	0.04135  	-0.0100  	0.04449  	-0.0168  	0.01450  	0.01673  	-0.0028  	0.02584  	0.00725  	-0.0326  	0.03595  	0.00428  	-0.0303  	0.03536  	0.00306  	-0.0001  	0.03720  	-0.0022  	-0.0069  	-0.0242  	0.03589  	-0.0073  	0.02253  	-0.2797  	
-0.1715  	-0.0479  	-0.0514  	0.47091  	0.02959  	0.37113  	0.08421  	-0.6972  	0.12391  	0.00857  	0.12587  	0.33047  	-0.0658  	-0.6900  	-0.9686  	0.81926  	-0.0771  	0.33817  	-0.2749  	0.49749  	-0.1422  	-0.2493  	-0.5702  	0.23311  	-0.1327  	-0.1257  	-0.4111  	-0.0191  	-0.0315  	-0.1278  	-0.2138  	0.22523  	0.24519  	-0.0502  	0.14355  	0.30636  	0.07243  	-0.0045  	-0.1565  	0.24626  	0.00855  	0.03562  	0.03041  	-0.0093  	-0.0787  	-0.0425  	0.04172  	0.00307  	0.04096  	-0.0182  	0.01605  	0.01467  	0.00467  	0.02512  	0.00884  	-0.0343  	0.03775  	0.00904  	-0.0288  	0.03092  	-0.0005  	-0.0124  	0.03453  	-0.0024  	-0.0069  	-0.0242  	0.03589  	-0.0073  	0.02253  	-0.2797  	
-0.0944  	-0.0428  	-0.0038  	0.46486  	0.04534  	0.34499  	0.13639  	-0.7109  	0.14594  	0.05914  	0.18165  	0.29457  	-0.0430  	-0.7156  	-1.0128  	0.88522  	-0.1194  	0.35360  	-0.2821  	0.49339  	-0.1837  	-0.2659  	-0.5909  	0.22693  	-0.1557  	-0.1312  	-0.4455  	0.03327  	-0.0314  	-0.1267  	-0.1956  	0.24709  	0.24535  	-0.0437  	0.15357  	0.31033  	0.06667  	-0.0064  	-0.1523  	0.24888  	0.02511  	0.01941  	0.02447  	-0.0122  	-0.0799  	-0.0494  	0.03822  	-0.0006  	0.04442  	-0.0154  	0.02225  	0.01678  	0.00410  	0.02631  	0.00853  	-0.0376  	0.03456  	0.00661  	-0.0301  	0.02882  	-0.0020  	-0.0095  	0.03490  	-0.0033  	-0.0069  	-0.0242  	0.03589  	-0.0073  	0.02253  	-0.2797  	
-0.0620  	-0.0410  	0.06822  	0.41215  	-0.0077  	0.32159  	0.14764  	-0.7142  	0.15699  	0.09353  	0.21519  	0.28942  	-0.0305  	-0.7053  	-1.1365  	0.93210  	-0.1362  	0.36073  	-0.2810  	0.52800  	-0.1976  	-0.2657  	-0.6421  	0.17678  	-0.1761  	-0.1518  	-0.4845  	0.02949  	-0.0259  	-0.1328  	-0.2025  	0.23881  	0.24323  	-0.0404  	0.14525  	0.35053  	0.06340  	-0.0123  	-0.1505  	0.26648  	0.03170  	0.02357  	0.02168  	-0.0294  	-0.0829  	-0.0450  	0.03514  	0.00708  	0.05180  	-0.0147  	0.02557  	0.01585  	0.00200  	0.02452  	0.00921  	-0.0317  	0.03255  	0.00651  	-0.0333  	0.02941  	0.00045  	-0.0049  	0.03642  	-0.0053  	-0.0069  	-0.0242  	0.03589  	-0.0073  	0.02253  	-0.2797  	
-0.1141  	-0.0364  	0.03869  	0.33983  	-0.0550  	0.28967  	0.15307  	-0.7119  	0.13307  	0.12622  	0.19551  	0.2246  	-0.0436  	-0.7150  	-1.1763  	0.87714  	-0.1294  	0.36181  	-0.2945  	0.49321  	-0.2110  	-0.2635  	-0.6233  	0.17625  	-0.1537  	-0.1366  	-0.4895  	0.04652  	0.02101  	-0.1183  	-0.1997  	0.23512  	0.23722  	-0.0510  	0.11003  	0.35797  	0.04058  	-0.0287  	-0.1432  	0.26926  	0.03382  	0.02631  	0.01683  	-0.0224  	-0.0786  	-0.0494  	0.03325  	0.00111  	0.05174  	-0.0183  	0.02208  	0.01088  	0.00214  	0.02190  	0.01023  	-0.0378  	0.03697  	0.00553  	-0.0312  	0.02675  	-0.0003  	-0.0065  	0.04004  	-0.0014  	-0.0069  	-0.0242  	0.03589  	-0.0073  	0.02253  	-0.2797  	
-0.3809  	-0.0976  	-0.1064  	0.40772  	0.01354  	0.16762  	0.12292  	-0.7338  	0.14233  	0.11698  	0.24697  	0.27140  	-0.0300  	-0.6489  	-1.1175  	0.79584  	-0.0956  	0.31902  	-0.2838  	0.49492  	-0.1528  	-0.2619  	-0.6199  	0.24820  	-0.1283  	-0.1295  	-0.4565  	0.00053  	-0.0281  	-0.1251  	-0.1955  	0.24028  	0.23954  	-0.0423  	0.14293  	0.32999  	0.05988  	-0.0254  	-0.1692  	0.24898  	0.02003  	0.03545  	0.00197  	-0.0353  	-0.0684  	-0.0532  	0.03754  	-0.0117  	0.04328  	-0.0165  	0.01465  	0.01289  	-0.0008  	0.02700  	0.00977  	-0.0376  	0.03342  	0.00475  	-0.0232  	0.03080  	0.00389  	-0.0022  	0.03923  	0.00085  	-0.0069  	-0.0242  	0.03589  	-0.0073  	0.02253  	-0.2797  	
-0.4335  	-0.1342  	-0.1947  	0.45360  	0.06464  	0.16066  	0.10883  	-0.6936  	0.12090  	0.05871  	0.26864  	0.35759  	-0.0364  	-0.6012  	-1.0006  	0.68593  	-0.1079  	0.29816  	-0.2910  	0.49709  	-0.0990  	-0.2566  	-0.6094  	0.25987  	-0.1772  	-0.1267  	-0.4232  	-0.0365  	-0.0385  	-0.1460  	-0.2100  	0.20791  	0.25169  	-0.0496  	0.18087  	0.29143  	0.05827  	-0.0297  	-0.1542  	0.22968  	-0.0217  	0.04449  	-0.0068  	-0.0415  	-0.0650  	-0.0449  	0.04609  	-0.0138  	0.03713  	-0.0127  	0.00869  	0.01301  	-0.0034  	0.02705  	0.00536  	-0.0345  	0.03623  	0.00399  	-0.0255  	0.02980  	0.00413  	-0.0098  	0.03316  	-0.0013  	-0.0069  	-0.0242  	0.03589  	-0.0073  	0.02253  	-0.2797  	
-0.3016  	-0.0812  	-0.1205  	0.50210  	0.06245  	0.23814  	0.08753  	-0.6746  	0.14567  	0.00467  	0.23607  	0.38796  	-0.0091  	-0.5682  	-0.9249  	0.72488  	-0.1007  	0.28034  	-0.2903  	0.48178  	-0.0839  	-0.2342  	-0.5616  	0.25827  	-0.2208  	-0.1317  	-0.4484  	-0.0576  	-0.0699  	-0.1207  	-0.1949  	0.21768  	0.25223  	-0.0535  	0.17661  	0.24303  	0.08677  	-0.0193  	-0.1777  	0.22706  	-0.0048  	0.03343  	-0.0025  	-0.0376  	-0.0641  	-0.0446  	0.04140  	-0.0124  	0.04150  	-0.0100  	0.01054  	0.01203  	-0.0035  	0.02172  	0.00293  	-0.0350  	0.03036  	0.00502  	-0.0281  	0.02986  	0.00236  	-0.0013  	0.03173  	-0.0042  	-0.0069  	-0.0242  	0.03589  	-0.0073  	0.02253  	-0.2797  	
-0.0027  	0.02174  	0.07164  	0.56478  	0.03129  	0.40426  	0.11119  	-0.5780  	0.17551  	0.02178  	0.10627  	0.34122  	0.04241  	-0.4365  	-0.7648  	0.75802  	-0.0667  	0.26473  	-0.2852  	0.3913  	0.01760  	-0.2065  	-0.5098  	0.28343  	-0.2495  	-0.1303  	-0.4109  	-0.1726  	-0.1633  	-0.1530  	-0.1811  	0.23528  	0.27191  	-0.0690  	0.19576  	0.17825  	0.14981  	-0.0033  	-0.1904  	0.23402  	0.00279  	0.03099  	0.02713  	-0.0170  	-0.0816  	-0.0437  	0.03970  	0.00952  	0.04595  	-0.0051  	0.01050  	0.01529  	-0.0021  	0.02332  	0.00206  	-0.0297  	0.02859  	0.00318  	-0.0266  	0.02915  	0.00333  	0.00868  	0.03124  	-0.0024  	-0.0069  	-0.0242  	0.03589  	-0.0073  	0.02253  	-0.2797  	
0.12915  	0.04029  	0.14738  	0.66073  	0.06712  	0.51004  	0.12436  	-0.5310  	0.21971  	-0.0329  	0.03448  	0.31078  	0.07253  	-0.3464  	-0.6827  	0.82753  	-0.0779  	0.25187  	-0.2893  	0.39879  	0.02183  	-0.1702  	-0.5143  	0.26968  	-0.2079  	-0.1299  	-0.4174  	-0.2163  	-0.1527  	-0.1161  	-0.1850  	0.24276  	0.27934  	-0.0571  	0.19970  	0.16513  	0.16298  	0.00107  	-0.1837  	0.22665  	-0.0052  	0.02984  	0.03737  	-0.0141  	-0.0811  	-0.0450  	0.03489  	0.01940  	0.05323  	-0.0042  	0.00322  	0.01123  	-0.0035  	0.02318  	0.00314  	-0.0260  	0.02580  	0.00404  	-0.0400  	0.03290  	0.00036  	0.00446  	0.02927  	-0.0070  	-0.0069  	-0.0242  	0.03589  	-0.0073  	0.02253  	-0.2797  	
0.25031  	0.05756  	0.24507  	0.72522  	0.05952  	0.55145  	0.15019  	-0.5203  	0.24124  	0.03885  	-0.0068  	0.23565  	0.11733  	-0.3424  	-0.7444  	0.78941  	-0.0819  	0.21698  	-0.2526  	0.36022  	0.00036  	-0.1256  	-0.5203  	0.27057  	-0.0810  	-0.1673  	-0.3092  	-0.2682  	-0.1127  	-0.0765  	-0.2058  	0.23591  	0.24459  	-0.0640  	0.18075  	0.21171  	0.15730  	0.00436  	-0.1600  	0.24660  	-0.0148  	0.04209  	0.04427  	-0.0092  	-0.0881  	-0.0426  	0.01823  	0.04672  	0.06875  	-0.0215  	0.00943  	0.01360  	-0.0003  	0.02568  	0.00623  	-0.0156  	0.02108  	0.00097  	-0.0344  	0.03634  	0.00577  	-0.0019  	0.02542  	-0.0112  	-0.0069  	-0.0242  	0.03589  	-0.0073  	0.02253  	-0.2797  	
0.12643  	0.07852  	0.16065  	0.50493  	0.04413  	0.39732  	0.23475  	-0.5635  	0.18363  	0.11441  	0.01771  	0.11195  	0.13601  	-0.2017  	-0.7378  	0.65686  	-0.0999  	0.21286  	-0.2871  	0.34136  	-0.0294  	-0.1124  	-0.6027  	0.35682  	-0.0333  	-0.1910  	-0.1885  	-0.3069  	-0.1119  	-0.1017  	-0.1782  	0.23956  	0.26818  	-0.0684  	0.27824  	0.22386  	0.16352  	-0.0238  	-0.1814  	0.28184  	-0.0367  	0.05576  	0.00957  	-0.0138  	-0.0856  	-0.0399  	0.03566  	0.03538  	0.05860  	-0.0171  	0.02582  	0.01761  	-0.0113  	0.01781  	0.00404  	-0.0220  	0.01943  	-0.0037  	-0.0324  	0.04016  	0.00694  	0.00924  	0.02526  	-0.0108  	-0.0069  	-0.0242  	0.03589  	-0.0073  	0.02253  	-0.2797  	
-0.2572  	-0.0551  	-0.1110  	0.31431  	0.01707  	0.16701  	0.12947  	-0.6553  	0.14601  	0.05899  	0.31023  	0.21374  	0.01663  	-0.4870  	-0.9458  	0.71667  	-0.0864  	0.25931  	-0.2947  	0.46571  	0.05449  	-0.2603  	-0.6019  	0.40021  	-0.2268  	-0.1257  	-0.3099  	-0.2377  	-0.2540  	-0.1558  	-0.1725  	0.26736  	0.28363  	-0.0661  	0.28863  	0.21130  	0.19934  	-0.0049  	-0.2373  	0.25512  	-0.0233  	0.05371  	-0.0348  	-0.0420  	-0.0732  	-0.0433  	0.05499  	-0.0206  	0.04729  	-0.0040  	0.01233  	0.01658  	-0.0122  	0.02453  	-0.0021  	-0.0387  	0.01425  	0.00372  	-0.0229  	0.03391  	-0.0015  	-0.0046  	0.02482  	-0.0147  	-0.0069  	-0.0242  	0.03589  	-0.0073  	0.02253  	-0.2797  	
-0.5770  	-0.1580  	-0.2217  	0.17744  	-0.0444  	0.04497  	0.08616  	-0.7035  	0.13342  	0.12817  	0.46233  	0.30591  	-0.0777  	-0.7284  	-1.1202  	0.69122  	-0.1113  	0.29194  	-0.2805  	0.48338  	-0.0253  	-0.2771  	-0.5285  	0.27226  	-0.2634  	-0.1087  	-0.4302  	-0.1333  	-0.1632  	-0.1736  	-0.1707  	0.20692  	0.26988  	-0.0548  	0.18298  	0.21707  	0.12570  	-0.0062  	-0.1849  	0.21469  	-0.0031  	0.03745  	-0.0162  	-0.0375  	-0.0670  	-0.0477  	0.04905  	-0.0256  	0.02683  	-0.0079  	0.00717  	0.01192  	-0.0055  	0.02781  	0.00135  	-0.0414  	0.02918  	0.00445  	-0.0349  	0.03177  	0.00590  	-0.0082  	0.03746  	-0.0026  	-0.0069  	-0.0242  	0.03589  	-0.0073  	0.02253  	-0.2797  	
-0.4971  	-0.1446  	-0.1384  	0.09486  	-0.1625  	0.06515  	0.09888  	-0.7192  	0.13118  	0.16119  	0.41532  	0.24868  	-0.0596  	-0.7115  	-1.1859  	0.69579  	-0.0492  	0.32532  	-0.2937  	0.49629  	-0.1129  	-0.2760  	-0.5012  	0.27389  	-0.1934  	-0.1070  	-0.4744  	-0.0994  	-0.0714  	-0.1883  	-0.1555  	0.19943  	0.26812  	-0.0643  	0.10034  	0.25124  	0.07258  	-0.0244  	-0.1433  	0.22680  	0.02464  	0.04011  	-0.0079  	-0.0285  	-0.0658  	-0.0444  	0.04122  	-0.0066  	0.04367  	-0.0165  	0.00984  	0.01512  	-0.0058  	0.02091  	0.00764  	-0.0393  	0.02969  	0.00681  	-0.0286  	0.03028  	0.00592  	-0.0010  	0.03615  	-0.0026  	-0.0069  	-0.0242  	0.03589  	-0.0073  	0.02253  	-0.2797  	
-0.3810  	-0.0934  	-0.0775  	0.25205  	-0.0856  	0.23947  	0.11274  	-0.7233  	0.14684  	0.08510  	0.23548  	0.28078  	-0.0423  	-0.7241  	-1.1181  	0.78541  	-0.0717  	0.34196  	-0.2732  	0.47224  	-0.1646  	-0.2381  	-0.5246  	0.20261  	-0.1937  	-0.1022  	-0.4760  	-0.0144  	-0.0155  	-0.1577  	-0.1526  	0.21653  	0.25448  	-0.0533  	0.04312  	0.26888  	0.03420  	-0.0377  	-0.1345  	0.24152  	0.05671  	0.02325  	0.02554  	-0.0282  	-0.0715  	-0.0459  	0.03991  	0.00170  	0.03688  	-0.0121  	0.00934  	0.01573  	-0.0024  	0.01592  	0.00809  	-0.0384  	0.02678  	-0.0001  	-0.0252  	0.03170  	0.00661  	0.00085  	0.03751  	0.00386  	-0.0069  	-0.0242  	0.03589  	-0.0073  	0.02253  	-0.2797  	
-0.1271  	-0.0312  	-0.0348  	0.48106  	0.01144  	0.36665  	0.11192  	-0.6699  	0.15457  	0.05777  	0.12297  	0.35430  	0.00827  	-0.6852  	-1.0363  	0.86544  	-0.0955  	0.34246  	-0.2955  	0.49191  	-0.2216  	-0.2300  	-0.6013  	0.19798  	-0.1827  	-0.1250  	-0.5125  	0.04017  	0.01315  	-0.1355  	-0.1676  	0.22405  	0.25176  	-0.0418  	0.07469  	0.28997  	-0.0095  	-0.0306  	-0.0914  	0.28666  	0.05406  	0.01713  	0.05221  	-0.0248  	-0.0812  	-0.0427  	0.04188  	0.01181  	0.04680  	-0.0139  	0.01684  	0.01498  	-0.0001  	0.01689  	0.00485  	-0.0361  	0.03582  	0.00097  	-0.0250  	0.02846  	0.00119  	-0.0016  	0.03467  	-0.0028  	-0.0069  	-0.0242  	0.03589  	-0.0073  	0.02253  	-0.2797  	
-0.0214  	-0.0121  	0.02051  	0.58241  	0.08375  	0.40845  	0.11952  	-0.6068  	0.18130  	0.03074  	0.15746  	0.36296  	0.01151  	-0.5774  	-0.8930  	0.88485  	-0.1085  	0.28136  	-0.2666  	0.50854  	-0.0246  	-0.2394  	-0.6113  	0.28267  	-0.2394  	-0.1300  	-0.4131  	-0.0644  	-0.1123  	-0.1507  	-0.2231  	0.24389  	0.27179  	-0.0550  	0.21612  	0.25114  	0.10671  	-0.0085  	-0.1861  	0.24741  	-0.0010  	0.04469  	0.01278  	-0.0165  	-0.0693  	-0.0492  	0.03930  	0.00833  	0.05100  	-0.0189  	0.01302  	0.00901  	-0.0059  	0.01993  	0.00466  	-0.0383  	0.04072  	0.00680  	-0.0288  	0.02307  	-0.0038  	-0.0088  	0.03787  	-0.0031  	-0.0069  	-0.0242  	0.03589  	-0.0073  	0.02253  	-0.2797  	
0.21685  	0.07179  	0.18925  	0.78231  	0.12060  	0.57880  	0.16772  	-0.5483  	0.21953  	0.03607  	-0.0349  	0.27857  	0.11714  	-0.3019  	-0.6609  	0.77804  	-0.0940  	0.26211  	-0.2747  	0.41243  	-0.0303  	-0.1539  	-0.5577  	0.25672  	-0.0997  	-0.1611  	-0.3470  	-0.1774  	-0.0524  	-0.0837  	-0.2171  	0.22294  	0.24311  	-0.0493  	0.19992  	0.21040  	0.10157  	-0.0262  	-0.1312  	0.26741  	-0.0313  	0.04619  	0.03295  	-0.0059  	-0.0784  	-0.0470  	0.02086  	0.03583  	0.07099  	-0.0174  	0.02106  	0.01166  	-0.0007  	0.02368  	0.00799  	-0.0193  	0.02946  	0.00356  	-0.0305  	0.03135  	0.00063  	-0.0027  	0.02819  	-0.0119  	-0.0069  	-0.0242  	0.03589  	-0.0073  	0.02253  	-0.2797  	
0.18872  	0.06006  	0.12376  	0.76625  	0.16865  	0.51759  	0.19194  	-0.5972  	0.18692  	0.09758  	-0.1509  	0.15115  	0.17090  	-0.1786  	-0.6008  	0.65294  	-0.0841  	0.21965  	-0.3032  	0.34114  	-0.0890  	-0.1157  	-0.5677  	0.28396  	-0.0357  	-0.1765  	-0.2504  	-0.2168  	0.00307  	-0.0372  	-0.2172  	0.22110  	0.22370  	-0.0479  	0.22066  	0.23810  	0.06975  	-0.0442  	-0.1269  	0.30168  	-0.0536  	0.05002  	0.02095  	-0.0151  	-0.0807  	-0.0388  	0.01785  	0.03191  	0.07023  	-0.0211  	0.02076  	0.01374  	-0.0028  	0.01448  	0.00859  	-0.0205  	0.02555  	-3.7686  	-0.0340  	0.03409  	0.00627  	-0.0024  	0.02842  	-0.0108  	-0.0069  	-0.0242  	0.03589  	-0.0073  	0.02253  	-0.2797  	
-0.0830  	-0.0030  	-0.0278  	0.57891  	0.10106  	0.32420  	0.17880  	-0.6439  	0.16857  	0.06047  	0.08042  	0.23551  	0.03570  	-0.3939  	-0.7728  	0.74554  	-0.0782  	0.25456  	-0.2982  	0.41540  	-0.0313  	-0.1959  	-0.5542  	0.33978  	-0.1669  	-0.1322  	-0.3274  	-0.1735  	-0.1045  	-0.1135  	-0.1907  	0.23930  	0.26301  	-0.0524  	0.24977  	0.21145  	0.12262  	-0.0429  	-0.1646  	0.28789  	-0.0481  	0.05698  	-0.0012  	-0.0229  	-0.0811  	-0.0461  	0.03598  	0.01390  	0.04331  	-0.0194  	0.00927  	0.01730  	-0.0108  	0.02423  	0.00208  	-0.0281  	0.03001  	-0.0037  	-0.0307  	0.03079  	0.00881  	-0.0019  	0.02372  	-0.0067  	-0.0069  	-0.0242  	0.03589  	-0.0073  	0.02253  	-0.2797  	
-0.2364  	-0.0808  	-0.0303  	0.35125  	-0.0294  	0.27886  	0.13372  	-0.6865  	0.14571  	0.06256  	0.23731  	0.25978  	-0.0178  	-0.6877  	-1.0680  	0.80809  	-0.0828  	0.33056  	-0.2851  	0.49247  	-0.0747  	-0.2513  	-0.5498  	0.27016  	-0.2039  	-0.1099  	-0.4791  	-0.0765  	-0.0827  	-0.1447  	-0.1829  	0.21201  	0.25787  	-0.0431  	0.14976  	0.27563  	0.08892  	-0.0110  	-0.1672  	0.26475  	0.03495  	0.02870  	0.02580  	-0.0201  	-0.0782  	-0.0452  	0.04300  	-0.0014  	0.04157  	-0.0111  	0.01135  	0.01156  	-0.0005  	0.02902  	0.00314  	-0.0392  	0.02956  	0.00212  	-0.0301  	0.03474  	0.00199  	-0.0058  	0.03319  	-0.0034  	-0.0069  	-0.0242  	0.03589  	-0.0073  	0.02253  	-0.2797  	
-0.3080  	-0.0668  	-0.0572  	0.35807  	-0.0705  	0.31273  	0.10231  	-0.6863  	0.12748  	0.01964  	0.20871  	0.24804  	-0.0681  	-0.7398  	-1.0797  	0.76568  	-0.0706  	0.32777  	-0.2794  	0.44945  	-0.0979  	-0.2229  	-0.5159  	0.22720  	-0.1767  	-0.1304  	-0.4353  	-0.0494  	-0.0312  	-0.1421  	-0.1941  	0.22672  	0.21997  	-0.0620  	0.10266  	0.27927  	0.09796  	-0.0133  	-0.1534  	0.24216  	0.05977  	0.01972  	0.01747  	-0.0136  	-0.0741  	-0.0453  	0.03995  	-0.0154  	0.03502  	-0.0115  	0.01337  	0.01555  	0.00075  	0.02626  	0.00619  	-0.0339  	0.03465  	0.00258  	-0.0261  	0.03122  	0.00515  	-0.0039  	0.02735  	-0.0035  	-0.0069  	-0.0242  	0.03589  	-0.0073  	0.02253  	-0.2797  	
-0.2141  	-0.0622  	-0.0747  	0.40839  	-0.0304  	0.31037  	0.09230  	-0.7124  	0.13963  	0.03985  	0.17121  	0.30967  	-0.0260  	-0.7331  	-1.0346  	0.81098  	-0.0847  	0.32149  	-0.2768  	0.48120  	-0.1662  	-0.2512  	-0.5688  	0.19091  	-0.1828  	-0.1131  	-0.4610  	0.02950  	-0.0246  	-0.1421  	-0.1850  	0.22564  	0.24110  	-0.0492  	0.10625  	0.29093  	0.05908  	-0.0115  	-0.1615  	0.23725  	0.04468  	0.02801  	0.03262  	-0.0153  	-0.0808  	-0.0454  	0.03735  	-0.0009  	0.03752  	-0.0159  	0.01328  	0.01765  	0.00024  	0.02643  	0.01066  	-0.0372  	0.03461  	0.00532  	-0.0275  	0.02550  	0.00110  	-0.0035  	0.03389  	-0.0020  	-0.0069  	-0.0242  	0.03589  	-0.0073  	0.02253  	-0.2797  	
-0.1459  	-0.0435  	0.01654  	0.41927  	-0.0144  	0.34794  	0.14178  	-0.6887  	0.17480  	0.05421  	0.19427  	0.28665  	-0.0429  	-0.7019  	-1.0689  	0.87810  	-0.1134  	0.34816  	-0.2697  	0.48825  	-0.1493  	-0.2346  	-0.5936  	0.20285  	-0.1620  	-0.1311  	-0.4524  	0.01636  	-0.0170  	-0.1287  	-0.1970  	0.22749  	0.23936  	-0.0467  	0.13482  	0.31011  	0.07512  	-0.0076  	-0.1699  	0.24889  	0.03243  	0.03136  	0.02804  	-0.0126  	-0.0813  	-0.0473  	0.03719  	0.00199  	0.03885  	-0.0215  	0.02202  	0.01429  	0.00230  	0.02003  	0.01246  	-0.0327  	0.03591  	0.00631  	-0.0282  	0.03076  	0.00265  	-0.0080  	0.03245  	0.00148  	-0.0069  	-0.0242  	0.03589  	-0.0073  	0.02253  	-0.2797  	
-0.1935  	-0.0704  	-0.0566  	0.43679  	0.00160  	0.31734  	0.12532  	-0.7178  	0.14322  	0.01267  	0.15944  	0.25353  	-0.0581  	-0.7078  	-0.9859  	0.80607  	-0.0919  	0.30886  	-0.2845  	0.46478  	-0.1391  	-0.2419  	-0.5832  	0.21004  	-0.1388  	-0.1358  	-0.4265  	0.00370  	-0.0113  	-0.1152  	-0.2014  	0.24173  	0.21881  	-0.0493  	0.14231  	0.31787  	0.08456  	-0.0120  	-0.1790  	0.24409  	0.03357  	0.02953  	0.02199  	-0.0133  	-0.0772  	-0.0431  	0.03778  	-0.0096  	0.03415  	-0.0173  	0.01787  	0.01643  	0.00247  	0.01835  	0.01083  	-0.0349  	0.03707  	0.00815  	-0.0273  	0.02925  	0.00281  	-0.0094  	0.03674  	0.00201  	-0.0069  	-0.0242  	0.03589  	-0.0073  	0.02253  	-0.2797  	
-0.2085  	-0.0466  	-0.0569  	0.45175  	-0.0089  	0.31520  	0.12112  	-0.7118  	0.12862  	-0.0236  	0.12115  	0.22699  	-0.0746  	-0.7035  	-0.9344  	0.75939  	-0.0727  	0.31162  	-0.2824  	0.42019  	-0.1074  	-0.2393  	-0.5495  	0.23890  	-0.1079  	-0.1385  	-0.3529  	-0.0632  	-0.0359  	-0.1135  	-0.2085  	0.25547  	0.20903  	-0.0616  	0.15547  	0.30412  	0.11866  	0.00530  	-0.1800  	0.23714  	0.04076  	0.02620  	0.01813  	-0.0211  	-0.0781  	-0.0503  	0.03627  	-0.0153  	0.03737  	-0.0168  	0.01818  	0.01596  	0.00557  	0.02156  	0.01456  	-0.0353  	0.04036  	0.01036  	-0.0282  	0.02688  	0.00043  	-0.0126  	0.03803  	0.00091  	-0.0069  	-0.0242  	0.03589  	-0.0073  	0.02253  	-0.2797  	
-0.1678  	-0.0423  	-0.0215  	0.49916  	0.03453  	0.33363  	0.10520  	-0.7025  	0.13602  	-0.0110  	0.13557  	0.25610  	-0.0539  	-0.6492  	-0.8674  	0.76386  	-0.0935  	0.30100  	-0.2817  	0.42315  	-0.0708  	-0.2244  	-0.5510  	0.23479  	-0.1529  	-0.1381  	-0.3816  	-0.1012  	-0.1009  	-0.1133  	-0.2084  	0.25382  	0.22618  	-0.0546  	0.19565  	0.28437  	0.14333  	0.01413  	-0.2017  	0.22222  	0.00290  	0.03832  	0.01581  	-0.0258  	-0.0800  	-0.0477  	0.03656  	-0.0181  	0.04142  	-0.0210  	0.01631  	0.01566  	0.00397  	0.02669  	0.01198  	-0.0341  	0.03661  	0.00621  	-0.0250  	0.03052  	-0.0014  	-0.0100  	0.03921  	-0.0021  	-0.0069  	-0.0242  	0.03589  	-0.0073  	0.02253  	-0.2797  	
-0.0519  	-0.0232  	0.01566  	0.54622  	0.09070  	0.39210  	0.13780  	-0.6717  	0.15387  	0.03483  	0.21159  	0.31155  	-0.0244  	-0.5767  	-0.9281  	0.86464  	-0.1322  	0.32234  	-0.3036  	0.49040  	-0.0557  	-0.2459  	-0.6142  	0.24187  	-0.1659  	-0.1395  	-0.4362  	-0.0367  	-0.0783  	-0.1364  	-0.2049  	0.23521  	0.26032  	-0.0448  	0.21940  	0.28036  	0.10771  	-0.0133  	-0.1849  	0.23321  	-0.0136  	0.04140  	0.00804  	-0.0292  	-0.0731  	-0.0499  	0.04124  	-0.0119  	0.04223  	-0.0176  	0.02381  	0.01133  	0.00193  	0.02292  	0.01198  	-0.0321  	0.03680  	0.00712  	-0.0315  	0.03132  	-0.0031  	-0.0068  	0.03683  	-0.0008  	-0.0069  	-0.0242  	0.03589  	-0.0073  	0.02253  	-0.2797  	
-0.0617  	-0.0262  	0.03573  	0.49688  	0.04707  	0.36787  	0.15273  	-0.6850  	0.16846  	0.09035  	0.22567  	0.29920  	-0.0271  	-0.6227  	-1.0453  	0.87602  	-0.1338  	0.33544  	-0.2804  	0.53668  	-0.1191  	-0.2545  	-0.6728  	0.22403  	-0.1487  	-0.1540  	-0.4519  	0.01421  	-0.0294  	-0.1242  	-0.2019  	0.24203  	0.24228  	-0.0426  	0.17865  	0.31864  	0.08202  	-0.0174  	-0.1639  	0.25688  	0.01019  	0.03081  	0.01324  	-0.0269  	-0.0713  	-0.0464  	0.03598  	-2.0150  	0.04328  	-0.0164  	0.02407  	0.01463  	0.00072  	0.01946  	0.01348  	-0.0346  	0.04025  	0.00681  	-0.0280  	0.02936  	-0.0008  	-0.0140  	0.03678  	-0.0033  	-0.0069  	-0.0242  	0.03589  	-0.0073  	0.02253  	-0.2797  	
-0.0183  	-0.0209  	0.05595  	0.44434  	0.03168  	0.36393  	0.16096  	-0.7156  	0.15984  	0.09212  	0.17201  	0.26422  	-0.0060  	-0.6407  	-1.1011  	0.89693  	-0.1502  	0.35865  	-0.2811  	0.54616  	-0.1934  	-0.2500  	-0.6686  	0.18819  	-0.1524  	-0.1412  	-0.4636  	0.04147  	0.01794  	-0.1228  	-0.1986  	0.23514  	0.24620  	-0.0288  	0.15033  	0.35010  	0.03026  	-0.0180  	-0.1456  	0.28068  	0.02707  	0.03168  	0.02603  	-0.0264  	-0.0759  	-0.0466  	0.03613  	0.00731  	0.04756  	-0.0163  	0.02924  	0.01571  	0.00214  	0.01717  	0.01165  	-0.0389  	0.03650  	0.00616  	-0.0296  	0.02680  	-0.0015  	-0.0130  	0.03720  	-0.0049  	-0.0069  	-0.0242  	0.03589  	-0.0073  	0.02253  	-0.2797  	
-0.0917  	-0.0223  	-0.0280  	0.51396  	0.07174  	0.35981  	0.15003  	-0.7428  	0.14717  	0.03334  	0.09584  	0.29185  	-0.0459  	-0.6348  	-1.0805  	0.84780  	-0.1243  	0.34831  	-0.2869  	0.52650  	-0.1957  	-0.2310  	-0.6685  	0.21686  	-0.1068  	-0.1429  	-0.4268  	0.05384  	0.04095  	-0.0941  	-0.2194  	0.23206  	0.23081  	-0.0345  	0.14970  	0.34149  	0.03290  	-0.0327  	-0.1389  	0.27841  	0.02731  	0.02935  	0.02025  	-0.0139  	-0.0725  	-0.0450  	0.03239  	0.00920  	0.05012  	-0.0202  	0.02945  	0.01527  	0.00030  	0.01731  	0.01233  	-0.0360  	0.03638  	0.01149  	-0.0317  	0.02550  	-0.0035  	-0.0182  	0.03652  	-0.0062  	-0.0069  	-0.0242  	0.03589  	-0.0073  	0.02253  	-0.2797  	
-0.1057  	-0.0509  	-0.1706  	0.74687  	0.21544  	0.31655  	0.14206  	-0.6752  	0.14074  	0.01000  	0.10483  	0.36253  	0.02732  	-0.4695  	-0.8906  	0.78701  	-0.1193  	0.30865  	-0.3157  	0.51530  	-0.1593  	-0.1972  	-0.7118  	0.28473  	-0.0660  	-0.1502  	-0.4225  	0.05884  	0.04044  	-0.0717  	-0.2524  	0.23378  	0.24163  	-0.0475  	0.18508  	0.31637  	0.01068  	-0.0592  	-0.1494  	0.27626  	-0.0321  	0.04486  	0.00456  	-0.0413  	-0.0742  	-0.0481  	0.03928  	-0.0041  	0.05988  	-0.0314  	0.01757  	0.01182  	-0.0018  	0.02662  	0.00455  	-0.0380  	0.04106  	0.00283  	-0.0291  	0.02896  	2.48037  	-0.0140  	0.03435  	-0.0030  	-0.0069  	-0.0242  	0.03589  	-0.0073  	0.02253  	-0.2797  	
-0.1542  	-0.0396  	-0.2114  	0.89830  	0.35597  	0.29229  	0.12658  	-0.5810  	0.17302  	-0.0032  	0.04033  	0.46522  	0.09857  	-0.3040  	-0.7456  	0.80881  	-0.1555  	0.29919  	-0.2952  	0.52835  	-0.1968  	-0.2392  	-0.7641  	0.22253  	-0.0505  	-0.1657  	-0.4083  	0.10974  	0.09323  	-0.0177  	-0.2477  	0.19686  	0.27454  	-0.0249  	0.25445  	0.27192  	-0.0159  	-0.0936  	-0.1176  	0.27894  	-0.0853  	0.06116  	-0.0351  	-0.0557  	-0.0691  	-0.0435  	0.03696  	-0.0032  	0.05922  	-0.0167  	0.03176  	0.00976  	-0.0036  	0.01750  	-0.0002  	-0.0240  	0.04075  	0.00280  	-0.0208  	0.03232  	0.00453  	-0.0072  	0.02426  	-0.0132  	-0.0069  	-0.0242  	0.03589  	-0.0073  	0.02253  	-0.2797  	
-0.0823  	-0.0083  	-0.1218  	0.87910  	0.30084  	0.40064  	0.11417  	-0.5891  	0.17198  	-0.0039  	-0.0378  	0.46505  	0.11769  	-0.2935  	-0.6581  	0.80746  	-0.1203  	0.29634  	-0.2941  	0.50365  	-0.1927  	-0.1836  	-0.6975  	0.22665  	-0.0664  	-0.1330  	-0.4472  	0.09759  	0.08652  	-0.0226  	-0.2256  	0.18427  	0.27463  	-0.0339  	0.18944  	0.22192  	-0.0117  	-0.0798  	-0.1085  	0.27795  	-0.0916  	0.05441  	-0.0027  	-0.0470  	-0.0597  	-0.0457  	0.04354  	0.00130  	0.05402  	-0.0123  	0.01997  	0.01071  	-0.0081  	0.02154  	0.00399  	-0.0276  	0.03582  	-0.0002  	-0.0253  	0.02982  	-0.0024  	-0.0103  	0.02773  	-0.0110  	-0.0069  	-0.0242  	0.03589  	-0.0073  	0.02253  	-0.2797  	
-0.0788  	0.01492  	-0.0812  	0.72315  	0.16120  	0.41586  	0.10978  	-0.6385  	0.17088  	0.03595  	-0.0506  	0.38845  	0.05563  	-0.4756  	-0.7879  	0.77779  	-0.1033  	0.35907  	-0.2999  	0.48792  	-0.2418  	-0.2093  	-0.6548  	0.17626  	-0.1121  	-0.1409  	-0.4859  	0.08334  	0.07651  	-0.0548  	-0.2227  	0.20519  	0.27041  	-0.0400  	0.11691  	0.23415  	-0.0228  	-0.0581  	-0.1071  	0.29475  	-0.0201  	0.02452  	0.00113  	-0.0388  	-0.0748  	-0.0478  	0.03878  	0.00328  	0.06054  	-0.0080  	0.03081  	0.00715  	-0.0021  	0.02563  	0.00481  	-0.0323  	0.03711  	0.00203  	-0.0249  	0.03481  	-0.0091  	-0.0040  	0.03889  	-0.0019  	-0.0069  	-0.0242  	0.03589  	-0.0073  	0.02253  	-0.2797  	
-0.1814  	-0.0378  	-0.0671  	0.59068  	0.10055  	0.35712  	0.09729  	-0.6805  	0.14750  	0.01992  	0.08076  	0.32309  	-0.0064  	-0.6589  	-0.9645  	0.81668  	-0.1152  	0.32907  	-0.2728  	0.50183  	-0.2053  	-0.2353  	-0.6164  	0.23098  	-0.1383  	-0.1402  	-0.4247  	0.01765  	0.00154  	-0.0935  	-0.2043  	0.22245  	0.25551  	-0.0450  	0.11062  	0.27356  	0.01786  	-0.0378  	-0.1363  	0.27276  	-0.0046  	0.03973  	0.01372  	-0.0206  	-0.0676  	-0.0498  	0.03978  	-0.0006  	0.05138  	-0.0201  	0.01980  	0.01343  	0.00044  	0.02284  	0.00064  	-0.0350  	0.04032  	0.00723  	-0.0196  	0.03616  	-0.0037  	-0.0086  	0.03511  	-0.0032  	-0.0069  	-0.0242  	0.03589  	-0.0073  	0.02253  	-0.2797  	
-0.0350  	-0.0007  	-0.0312  	0.72948  	0.19089  	0.40370  	0.08201  	-0.6207  	0.14321  	0.01803  	0.01076  	0.39083  	0.03884  	-0.4738  	-0.7292  	0.82378  	-0.1122  	0.24801  	-0.2741  	0.45685  	-0.0618  	-0.1960  	-0.6315  	0.32746  	-0.1782  	-0.1264  	-0.3374  	-0.1155  	-0.1220  	-0.0982  	-0.2000  	0.24130  	0.25188  	-0.0450  	0.23869  	0.23007  	0.11282  	-0.0294  	-0.1971  	0.26443  	-0.0472  	0.05491  	-0.0096  	-0.0118  	-0.0813  	-0.0456  	0.03867  	0.00172  	0.05048  	-0.0102  	0.01498  	0.01310  	0.00147  	0.01974  	-0.0012  	-0.0360  	0.02658  	0.00606  	-0.0261  	0.03511  	0.00156  	-0.0017  	0.02014  	-0.0131  	-0.0069  	-0.0242  	0.03589  	-0.0073  	0.02253  	-0.2797  	
0.24139  	0.06447  	0.11593  	0.86576  	0.20041  	0.54687  	0.15082  	-0.5774  	0.18522  	0.05659  	-0.1731  	0.24869  	0.14105  	-0.2143  	-0.4941  	0.70394  	-0.0915  	0.25264  	-0.2963  	0.36936  	-0.0854  	-0.1481  	-0.5350  	0.24719  	-0.1068  	-0.1697  	-0.3319  	-0.1657  	0.03164  	-0.0465  	-0.2095  	0.20706  	0.24154  	-0.0419  	0.23257  	0.21386  	0.05762  	-0.0679  	-0.1080  	0.28835  	-0.0542  	0.04415  	0.01501  	-0.0083  	-0.0792  	-0.0418  	0.02318  	0.02665  	0.06741  	-0.0236  	0.02121  	0.01105  	-0.0020  	0.01899  	0.00744  	-0.0176  	0.02341  	0.00247  	-0.0368  	0.02950  	0.00209  	0.00293  	0.02369  	-0.0160  	-0.0069  	-0.0242  	0.03589  	-0.0073  	0.02253  	-0.2797  	
0.17678  	0.08311  	0.16665  	0.68183  	0.13489  	0.48311  	0.20487  	-0.5937  	0.19106  	0.11122  	-0.2021  	0.05735  	0.17849  	-0.1838  	-0.5392  	0.64103  	-0.1091  	0.20250  	-0.3152  	0.23193  	-0.1291  	-0.0522  	-0.4943  	0.26747  	0.00064  	-0.1551  	-0.2556  	-0.2371  	0.02138  	-0.0132  	-0.1732  	0.22933  	0.23449  	-0.0375  	0.17330  	0.22893  	0.05022  	-0.0363  	-0.1130  	0.26559  	-0.0289  	0.05973  	0.04635  	-0.0221  	-0.0963  	-0.0455  	0.01933  	0.03553  	0.07270  	-0.0191  	0.01829  	0.01566  	0.00323  	0.02564  	0.00740  	-0.0223  	0.02050  	-0.0004  	-0.0374  	0.03910  	0.00777  	0.00393  	0.03237  	-0.0091  	-0.0069  	-0.0242  	0.03589  	-0.0073  	0.02253  	-0.2797  	
-0.0966  	0.01064  	-0.0271  	0.72574  	0.14758  	0.33954  	0.16890  	-0.6051  	0.16001  	0.06123  	0.02632  	0.25470  	0.10265  	-0.2322  	-0.6566  	0.69236  	-0.1069  	0.22427  	-0.3278  	0.41810  	-0.0264  	-0.1778  	-0.6098  	0.39136  	-0.0885  	-0.1642  	-0.2621  	-0.2105  	-0.1310  	-0.0572  	-0.1974  	0.21813  	0.25641  	-0.0674  	0.30436  	0.19647  	0.11906  	-0.0536  	-0.1908  	0.30650  	-0.0860  	0.08266  	-0.0337  	-0.0375  	-0.0707  	-0.0447  	0.03111  	-0.0154  	0.04389  	-0.0097  	0.01853  	0.00981  	-0.0101  	0.02166  	-0.0106  	-0.0210  	0.02035  	-0.0036  	-0.0274  	0.03693  	0.00341  	0.01010  	0.02528  	-0.0165  	-0.0069  	-0.0242  	0.03589  	-0.0073  	0.02253  	-0.2797  	
-0.3565  	-0.0758  	-0.1938  	0.56172  	0.12329  	0.18048  	0.10702  	-0.6543  	0.14552  	0.06533  	0.28929  	0.43756  	0.01606  	-0.5254  	-0.8829  	0.73192  	-0.1646  	0.32120  	-0.3106  	0.55943  	-0.0275  	-0.2445  	-0.6296  	0.30380  	-0.2657  	-0.1403  	-0.4948  	-0.0365  	-0.1226  	-0.1390  	-0.1886  	0.21147  	0.26515  	-0.0405  	0.24573  	0.20299  	0.09077  	-0.0336  	-0.1925  	0.24999  	-0.0429  	0.04736  	-0.0377  	-0.0560  	-0.0665  	-0.0438  	0.04114  	-0.0202  	0.04613  	-0.0041  	0.00507  	0.01020  	0.00448  	0.02671  	0.00047  	-0.0360  	0.03214  	-0.0004  	-0.0274  	0.02812  	0.00255  	0.00436  	0.02573  	-0.0105  	-0.0069  	-0.0242  	0.03589  	-0.0073  	0.02253  	-0.2797  	
-0.3828  	-0.0736  	-0.1186  	0.39213  	0.05750  	0.17352  	0.09984  	-0.6323  	0.11574  	0.07132  	0.31529  	0.34656  	-0.0130  	-0.7241  	-1.0037  	0.68725  	-0.0431  	0.20940  	-0.2219  	0.32178  	-0.0562  	-0.4352  	-0.7917  	0.24367  	-0.2672  	-0.0446  	-0.4631  	-0.0857  	0.01807  	-0.1603  	-0.1093  	0.17601  	0.17602  	-0.1767  	0.10987  	0.24242  	-0.0067  	-0.0332  	-0.2573  	0.16909  	0.05127  	0.13369  	-0.1102  	0.02993  	-0.1108  	-0.0290  	0.02533  	-0.0101  	0.02675  	-0.0228  	0.01684  	0.01790  	0.00039  	0.03748  	0.01227  	-0.0411  	0.02783  	-0.0036  	-0.0282  	0.04302  	0.00659  	-0.0096  	0.02110  	-0.0075  	-0.0069  	-0.0242  	0.03589  	-0.0073  	0.02253  	-0.2797  	
-0.1813  	-0.0111  	0.01849  	0.55876  	0.03789  	0.30206  	0.06911  	-0.5724  	0.14132  	-0.0264  	0.11564  	0.36013  	0.07431  	-0.6325  	-0.7649  	0.62727  	0.05247  	0.06466  	-0.1936  	0.07385  	0.01435  	-0.5442  	-0.8990  	0.25562  	-0.3031  	0.03473  	-0.4549  	-0.1746  	0.08728  	-0.1452  	-0.0228  	0.14563  	0.12466  	-0.2821  	0.04176  	0.19261  	-0.0742  	-0.0352  	-0.3267  	0.12755  	0.12879  	0.21578  	-0.1485  	0.10002  	-0.1624  	-0.0178  	0.00819  	0.02936  	0.01922  	-0.0343  	0.02363  	0.02230  	0.00159  	0.04398  	0.01269  	-0.0413  	0.02880  	-0.0095  	-0.0270  	0.03762  	0.00705  	-0.0086  	0.00727  	-0.0006  	-0.0069  	-0.0242  	0.03589  	-0.0073  	0.02253  	-0.2797  	
0.17785  	0.06959  	0.22522  	0.71277  	0.08350  	0.46297  	0.08844  	-0.4696  	0.18042  	-0.0350  	-0.0017  	0.30035  	0.16621  	-0.3899  	-0.5611  	0.68322  	0.08438  	-0.0276  	-0.1839  	-0.0326  	0.10595  	-0.5490  	-0.9523  	0.28289  	-0.2631  	0.02301  	-0.3765  	-0.3389  	0.03423  	-0.1406  	-0.0160  	0.16223  	0.11485  	-0.3164  	0.11368  	0.14538  	-0.0003  	-0.0149  	-0.3429  	0.12952  	0.11569  	0.24736  	-0.1595  	0.12049  	-0.1781  	-0.0132  	-0.0066  	0.05652  	0.03366  	-0.0312  	0.02573  	0.02197  	-0.0007  	0.05150  	0.01720  	-0.0238  	0.02129  	-0.0203  	-0.0358  	0.05183  	0.01240  	0.00581  	0.00773  	-0.0042  	-0.0069  	-0.0242  	0.03589  	-0.0073  	0.02253  	-0.2797  	
0.25405  	0.09366  	0.24857  	0.70067  	0.08688  	0.42557  	0.14711  	-0.5060  	0.14774  	0.06478  	-0.0837  	0.17662  	0.21822  	-0.3305  	-0.5468  	0.56951  	0.04041  	-0.0254  	-0.1936  	-0.0266  	0.04326  	-0.4228  	-0.8918  	0.30288  	-0.1151  	-0.0248  	-0.2861  	-0.3624  	0.07013  	-0.0867  	-0.0316  	0.15761  	0.09120  	-0.2946  	0.09729  	0.17963  	-0.0068  	-0.0203  	-0.3128  	0.14975  	0.08306  	0.23524  	-0.1383  	0.10764  	-0.1767  	-0.0093  	-0.0172  	0.06684  	0.04721  	-0.0418  	0.03542  	0.02195  	-0.0021  	0.04197  	0.01548  	-0.0219  	0.01596  	-0.0166  	-0.0314  	0.05185  	0.01108  	-0.0079  	0.00319  	-0.0114  	-0.0069  	-0.0242  	0.03589  	-0.0073  	0.02253  	-0.2797  	
0.08812  	0.04059  	0.03263  	0.72514  	0.15898  	0.36354  	0.11413  	-0.5585  	0.13514  	0.00413  	-0.0687  	0.19454  	0.12437  	-0.4569  	-0.5437  	0.69935  	0.02132  	0.04112  	-0.1996  	0.13801  	0.04371  	-0.2966  	-0.7028  	0.32937  	-0.1170  	-0.0681  	-0.1743  	-0.3650  	-0.0537  	-0.0769  	-0.1278  	0.21606  	0.14523  	-0.1843  	0.19572  	0.18513  	0.08630  	-0.0149  	-0.2780  	0.19006  	-5.6990  	0.17235  	-0.0720  	0.04510  	-0.1280  	-0.0316  	0.00303  	0.03165  	0.04802  	-0.0296  	0.02070  	0.02031  	-0.0091  	0.04292  	0.00930  	-0.0222  	0.02270  	-0.0094  	-0.0296  	0.03223  	0.00603  	0.00247  	0.00788  	-0.0118  	-0.0069  	-0.0242  	0.03589  	-0.0073  	0.02253  	-0.2797  	
0.03863  	0.02879  	0.09328  	0.64828  	0.09425  	0.49821  	0.09052  	-0.5933  	0.14846  	-0.0160  	0.16691  	0.30534  	-0.0039  	-0.5541  	-0.8827  	0.90124  	-0.0843  	0.22439  	-0.2403  	0.40956  	0.05888  	-0.1840  	-0.5914  	0.30584  	-0.1648  	-0.1619  	-0.3121  	-0.1906  	-0.1792  	-0.1178  	-0.2297  	0.26996  	0.22604  	-0.0621  	0.23705  	0.21744  	0.20591  	0.00042  	-0.1957  	0.24771  	-0.0043  	0.03231  	0.02200  	-0.0209  	-0.0718  	-0.0406  	0.01371  	0.00499  	0.05235  	-0.0114  	0.01456  	0.01026  	-0.0017  	0.02912  	0.00416  	-0.0271  	0.03046  	0.00502  	-0.0332  	0.02669  	-0.0008  	-0.0084  	0.02378  	-0.0074  	-0.0069  	-0.0242  	0.03589  	-0.0073  	0.02253  	-0.2797  	
-0.0321  	-0.0744  	0.05151  	0.49503  	0.04268  	0.38484  	0.14150  	-0.6814  	0.16541  	0.06788  	0.19170  	0.31015  	-0.0280  	-0.6455  	-1.0846  	0.93540  	-0.1219  	0.34092  	-0.2607  	0.51735  	-0.1234  	-0.2330  	-0.6309  	0.26245  	-0.1138  	-0.1650  	-0.4072  	-0.0192  	-0.0489  	-0.1149  	-0.2201  	0.27260  	0.23355  	-0.0509  	0.18752  	0.33388  	0.10719  	-0.0129  	-0.1665  	0.26266  	0.01459  	0.03623  	0.02898  	-0.0161  	-0.0701  	-0.0483  	0.03497  	0.00722  	0.05392  	-0.0238  	0.02201  	0.01309  	-0.0003  	0.02286  	0.01248  	-0.0323  	0.03795  	0.00674  	-0.0274  	0.03409  	-0.0007  	-0.0099  	0.03477  	-0.0029  	-0.0069  	-0.0242  	0.03589  	-0.0073  	0.02253  	-0.2797  	
-0.1822  	-0.0648  	-0.0063  	0.44742  	-0.0002  	0.33305  	0.12599  	-0.7082  	0.12338  	0.01147  	0.17102  	0.24348  	-0.0816  	-0.6619  	-1.0247  	0.84117  	-0.0951  	0.30457  	-0.2802  	0.46583  	-0.0813  	-0.2161  	-0.5826  	0.30438  	-0.1124  	-0.1572  	-0.3437  	-0.1007  	-0.0785  	-0.1132  	-0.2133  	0.26746  	0.22983  	-0.0538  	0.20541  	0.32008  	0.13678  	-0.0051  	-0.1966  	0.24239  	0.01201  	0.03691  	0.00823  	-0.0194  	-0.0793  	-0.0448  	0.03609  	-0.0057  	0.04595  	-0.0136  	0.02758  	0.01823  	0.00460  	0.02532  	0.00992  	-0.0340  	0.03709  	0.00586  	-0.0296  	0.02981  	-0.0021  	-0.0111  	0.03718  	-0.0037  	-0.0069  	-0.0242  	0.03589  	-0.0073  	0.02253  	-0.2797  	
-0.1633  	-0.0865  	-0.0200  	0.49968  	0.02074  	0.31567  	0.11500  	-0.7330  	0.12405  	0.01124  	0.16587  	0.24822  	-0.0844  	-0.7129  	-1.0384  	0.85729  	-0.0852  	0.29381  	-0.2738  	0.45330  	-0.0999  	-0.2313  	-0.5783  	0.30190  	-0.1145  	-0.1562  	-0.3475  	-0.0945  	-0.1020  	-0.1067  	-0.2263  	0.27711  	0.20383  	-0.0601  	0.19376  	0.32244  	0.13477  	-0.0034  	-0.2082  	0.23519  	-0.0047  	0.03534  	-0.0040  	-0.0274  	-0.0778  	-0.0470  	0.03486  	-0.0077  	0.04289  	-0.0172  	0.02149  	0.02016  	0.00236  	0.02480  	0.01023  	-0.0288  	0.03751  	0.00718  	-0.0272  	0.03081  	-0.0029  	-0.0133  	0.03752  	-0.0072  	-0.0069  	-0.0242  	0.03589  	-0.0073  	0.02253  	-0.2797  	
-0.1107  	-0.0743  	-0.0096  	0.57416  	0.11292  	0.29629  	0.13979  	-0.7292  	0.13404  	0.12873  	0.16930  	0.33021  	-0.0532  	-0.7107  	-1.0881  	0.95020  	-0.1341  	0.33321  	-0.2616  	0.48187  	-0.2253  	-0.2241  	-0.6667  	0.24738  	-0.0796  	-0.1613  	-0.3935  	-0.0014  	-0.0163  	-0.0916  	-0.2224  	0.25796  	0.20442  	-0.0514  	0.14828  	0.37119  	0.05662  	-0.0124  	-0.1592  	0.26915  	0.01734  	0.03830  	0.01458  	-0.0238  	-0.0811  	-0.0428  	0.03137  	0.00649  	0.05118  	-0.0202  	0.02335  	0.01679  	0.00414  	0.02422  	0.01194  	-0.0344  	0.03621  	0.00739  	-0.0257  	0.03706  	-0.0055  	-0.0114  	0.03820  	-0.0083  	-0.0069  	-0.0242  	0.03589  	-0.0073  	0.02253  	-0.2797  	
-0.1227  	-0.0734  	-0.0247  	0.55009  	0.11563  	0.32007  	0.14372  	-0.7481  	0.15571  	0.13690  	0.10827  	0.30293  	-0.0266  	-0.7136  	-1.0767  	0.92688  	-0.1275  	0.34459  	-0.2616  	0.47519  	-0.2466  	-0.2219  	-0.6622  	0.23148  	-0.0427  	-0.1516  	-0.4018  	0.06123  	0.05305  	-0.0718  	-0.2163  	0.25010  	0.19107  	-0.0474  	0.12160  	0.38041  	0.02323  	-0.0257  	-0.1438  	0.27446  	0.00751  	0.04393  	0.02514  	-0.0149  	-0.0862  	-0.0421  	0.03155  	0.01066  	0.05171  	-0.0246  	0.03190  	0.01315  	0.00103  	0.02599  	0.01013  	-0.0326  	0.04042  	0.00621  	-0.0202  	0.03368  	-0.0058  	-0.0137  	0.03659  	-0.0044  	-0.0069  	-0.0242  	0.03589  	-0.0073  	0.02253  	-0.2797  	
-0.1888  	-0.0768  	-0.0774  	0.51991  	0.04675  	0.35904  	0.12024  	-0.7407  	0.11633  	0.01338  	0.05971  	0.23012  	-0.0474  	-0.6887  	-0.9769  	0.77337  	-0.0849  	0.31343  	-0.2771  	0.43162  	-0.1658  	-0.2221  	-0.5707  	0.26267  	-0.0762  	-0.1461  	-0.3856  	0.02203  	0.00910  	-0.0889  	-0.2172  	0.24533  	0.18940  	-0.0521  	0.13476  	0.35614  	0.06286  	-0.0176  	-0.1713  	0.24220  	0.00376  	0.03267  	0.00524  	-0.0201  	-0.0857  	-0.0392  	0.03081  	-0.0097  	0.03852  	-0.0158  	0.02566  	0.01496  	0.00253  	0.02362  	0.00673  	-0.0347  	0.04499  	0.01464  	-0.0210  	0.02264  	-0.0064  	-0.0142  	0.03854  	-0.0050  	-0.0069  	-0.0242  	0.03589  	-0.0073  	0.02253  	-0.2797  	
-0.1424  	-0.0373  	-0.0351  	0.51057  	0.03845  	0.37733  	0.11976  	-0.7182  	0.12568  	-0.0050  	0.12141  	0.23805  	-0.0575  	-0.6615  	-0.9158  	0.76436  	-0.1121  	0.29663  	-0.2713  	0.43406  	-0.0878  	-0.2178  	-0.5328  	0.23969  	-0.1025  	-0.1504  	-0.3887  	-0.0399  	-0.0644  	-0.0990  	-0.2151  	0.24802  	0.20465  	-0.0503  	0.18057  	0.31989  	0.11461  	0.00218  	-0.1895  	0.22019  	-0.0080  	0.03767  	0.00700  	-0.0246  	-0.0839  	-0.0447  	0.02720  	-0.0174  	0.03872  	-0.0197  	0.02416  	0.01554  	0.00616  	0.02484  	0.00913  	-0.0353  	0.04039  	0.01216  	-0.0237  	0.02646  	-0.0034  	-0.0083  	0.04308  	-0.0060  	-0.0069  	-0.0242  	0.03589  	-0.0073  	0.02253  	-0.2797  	
-0.0913  	-0.0330  	-0.0173  	0.52007  	0.05860  	0.35646  	0.14723  	-0.7067  	0.12898  	0.03414  	0.18302  	0.28622  	-0.0510  	-0.6213  	-0.9567  	0.82051  	-0.1167  	0.32606  	-0.2859  	0.49171  	-0.0970  	-0.2258  	-0.6065  	0.23955  	-0.1419  	-0.1566  	-0.4198  	-0.0025  	-0.0636  	-0.1160  	-0.2154  	0.24646  	0.23366  	-0.0484  	0.20252  	0.31840  	0.09555  	-0.0206  	-0.1842  	0.23609  	-0.0082  	0.04172  	0.00983  	-0.0304  	-0.0721  	-0.0510  	0.03574  	-0.0137  	0.04626  	-0.0194  	0.02996  	0.01129  	0.00467  	0.02319  	0.01049  	-0.0331  	0.04237  	0.00912  	-0.0260  	0.03269  	-0.0036  	-0.0054  	0.03716  	-0.0024  	-0.0069  	-0.0242  	0.03589  	-0.0073  	0.02253  	-0.2797  	
-0.0818  	-0.0284  	0.03642  	0.46954  	0.03615  	0.35990  	0.14985  	-0.6927  	0.16847  	0.07547  	0.20777  	0.30513  	-0.0275  	-0.6332  	-1.0458  	0.87041  	-0.1226  	0.34585  	-0.2740  	0.54331  	-0.1395  	-0.2630  	-0.6634  	0.22144  	-0.1553  	-0.1509  	-0.4655  	0.02785  	-0.0158  	-0.1281  	-0.2027  	0.23757  	0.23795  	-0.0399  	0.16853  	0.31902  	0.07031  	-0.0168  	-0.1637  	0.26305  	0.01844  	0.03008  	0.01496  	-0.0252  	-0.0740  	-0.0461  	0.03831  	0.00075  	0.04432  	-0.0196  	0.02519  	0.01591  	-0.0006  	0.01814  	0.01329  	-0.0344  	0.03952  	0.00778  	-0.0265  	0.02993  	-0.0014  	-0.0125  	0.03519  	-0.0040  	-0.0069  	-0.0242  	0.03589  	-0.0073  	0.02253  	-0.2797  	
-0.0759  	-0.0587  	0.01851  	0.44723  	0.01508  	0.36252  	0.13940  	-0.6951  	0.16502  	0.06741  	0.17358  	0.28154  	-0.0171  	-0.6718  	-1.0243  	0.88748  	-0.1184  	0.33811  	-0.2657  	0.49912  	-0.1521  	-0.2465  	-0.6207  	0.21603  	-0.1359  	-0.1460  	-0.4596  	0.03614  	0.00612  	-0.1151  	-0.2032  	0.24710  	0.22498  	-0.0398  	0.15774  	0.33845  	0.04797  	-0.0175  	-0.1541  	0.26946  	0.01879  	0.03683  	0.02443  	-0.0217  	-0.0799  	-0.0445  	0.03931  	0.00186  	0.04109  	-0.0202  	0.02458  	0.01605  	-0.0007  	0.01864  	0.01379  	-0.0369  	0.03365  	0.00548  	-0.0252  	0.02870  	0.00091  	-0.0113  	0.03393  	-0.0006  	-0.0069  	-0.0242  	0.03589  	-0.0073  	0.02253  	-0.2797  	
-0.1886  	-0.0620  	-0.0468  	0.39148  	-0.0078  	0.32381  	0.14279  	-0.7372  	0.11540  	-0.0138  	0.12840  	0.22673  	-0.0615  	-0.7155  	-0.9793  	0.79585  	-0.0949  	0.30065  	-0.2870  	0.45427  	-0.1465  	-0.2422  	-0.5688  	0.24090  	-0.1219  	-0.1377  	-0.3681  	-0.0194  	-0.0347  	-0.1195  	-0.2026  	0.25124  	0.21382  	-0.0517  	0.16477  	0.32481  	0.10294  	-0.0058  	-0.1913  	0.24601  	0.03339  	0.02899  	0.01288  	-0.0239  	-0.0788  	-0.0490  	0.03683  	-0.0140  	0.03676  	-0.0083  	0.01939  	0.01658  	0.00020  	0.02072  	0.01125  	-0.0357  	0.03986  	0.00953  	-0.0247  	0.02664  	-0.0047  	-0.0083  	0.03764  	-0.0007  	-0.0069  	-0.0242  	0.03589  	-0.0073  	0.02253  	-0.2797  	
-0.1248  	-0.0417  	-0.0230  	0.46069  	0.01904  	0.35908  	0.12106  	-0.6671  	0.14988  	-0.0399  	0.14748  	0.24545  	-0.0454  	-0.6767  	-0.8743  	0.77101  	-0.0948  	0.29189  	-0.2916  	0.44143  	-0.0605  	-0.2234  	-0.5202  	0.23633  	-0.1750  	-0.1256  	-0.3942  	-0.0874  	-0.0980  	-0.1358  	-0.2065  	0.24967  	0.23695  	-0.0661  	0.20433  	0.25805  	0.13740  	0.00861  	-0.2016  	0.22662  	0.01577  	0.03750  	0.01587  	-0.0238  	-0.0806  	-0.0465  	0.04077  	-0.0115  	0.03418  	-0.0118  	0.01789  	0.01410  	0.00192  	0.02147  	0.01244  	-0.0378  	0.04061  	0.00869  	-0.0280  	0.02816  	-0.0026  	-0.0072  	0.04244  	0.00252  	-0.0069  	-0.0242  	0.03589  	-0.0073  	0.02253  	-0.2797  	
-0.1298  	-0.0158  	-0.0419  	0.48208  	0.03296  	0.33001  	0.13836  	-0.7141  	0.16238  	0.00219  	0.12938  	0.28049  	-0.0275  	-0.6195  	-0.9502  	0.76583  	-0.1119  	0.31442  	-0.2931  	0.50035  	-0.1375  	-0.2185  	-0.5922  	0.19983  	-0.1648  	-0.1246  	-0.4617  	0.01482  	-0.0132  	-0.1247  	-0.2111  	0.23200  	0.25298  	-0.0429  	0.14080  	0.28448  	0.05433  	-0.0065  	-0.1516  	0.25797  	0.03892  	0.03343  	0.02495  	-0.0209  	-0.0805  	-0.0474  	0.03633  	-0.0053  	0.03950  	-0.0130  	0.01910  	0.01636  	-0.0007  	0.02601  	0.01366  	-0.0356  	0.03824  	0.00456  	-0.0276  	0.02868  	0.00110  	-0.0063  	0.03299  	-0.0003  	-0.0069  	-0.0242  	0.03589  	-0.0073  	0.02253  	-0.2797  	
-0.2108  	-0.0434  	-0.0393  	0.42804  	0.00395  	0.31325  	0.14335  	-0.7027  	0.14930  	0.08212  	0.11670  	0.29790  	-0.0037  	-0.5734  	-1.0448  	0.77770  	-0.1219  	0.34244  	-0.2747  	0.48847  	-0.2277  	-0.2090  	-0.6330  	0.20802  	-0.1350  	-0.1398  	-0.4790  	0.03304  	0.02411  	-0.1232  	-0.1818  	0.21212  	0.24983  	-0.0491  	0.09810  	0.31768  	0.02023  	-0.0309  	-0.1297  	0.26240  	0.05914  	0.02448  	0.02677  	-0.0266  	-0.0784  	-0.0453  	0.03836  	0.01279  	0.04860  	-0.0206  	0.01571  	0.01660  	-0.0029  	0.02459  	0.00996  	-0.0375  	0.02887  	0.00478  	-0.0289  	0.02641  	0.00709  	-0.0032  	0.03638  	-0.0066  	-0.0069  	-0.0242  	0.03589  	-0.0073  	0.02253  	-0.2797  	
-0.3370  	-0.1119  	-0.1772  	0.39937  	0.01282  	0.21200  	0.12778  	-0.7302  	0.13001  	0.05321  	0.22579  	0.32578  	-0.0241  	-0.6350  	-1.0904  	0.72608  	-0.1038  	0.35497  	-0.3106  	0.50460  	-0.1770  	-0.2426  	-0.6143  	0.25775  	-0.1595  	-0.1250  	-0.4250  	0.02432  	0.02047  	-0.1148  	-0.1890  	0.21082  	0.23559  	-0.0467  	0.13939  	0.30591  	0.03268  	-0.0307  	-0.1345  	0.25173  	0.00040  	0.04832  	0.01553  	-0.0374  	-0.0674  	-0.0482  	0.04276  	-0.0100  	0.03883  	-0.0119  	0.01536  	0.01597  	-0.0047  	0.02203  	0.01031  	-0.0386  	0.03426  	0.00940  	-0.0299  	0.03197  	-0.0020  	-0.0052  	0.03535  	0.00036  	-0.0069  	-0.0242  	0.03589  	-0.0073  	0.02253  	-0.2797  	
-0.3799  	-0.0816  	-0.1658  	0.35749  	0.01132  	0.16885  	0.10673  	-0.6865  	0.13255  	0.03853  	0.24701  	0.30063  	-0.0595  	-0.6196  	-1.0051  	0.72394  	-0.0881  	0.30136  	-0.2669  	0.44217  	-0.1243  	-0.2484  	-0.5535  	0.23377  	-0.1810  	-0.1180  	-0.4315  	-0.0503  	-0.0574  	-0.1352  	-0.1969  	0.21122  	0.23626  	-0.0562  	0.14232  	0.27220  	0.07673  	-0.0186  	-0.1666  	0.22898  	0.01762  	0.02810  	-0.0007  	-0.0197  	-0.0662  	-0.0495  	0.03808  	-0.0091  	0.03384  	-0.0112  	0.00493  	0.01701  	0.00082  	0.02630  	0.00601  	-0.0334  	0.03524  	0.00445  	-0.0297  	0.02802  	0.00441  	-0.0027  	0.03360  	-0.0067  	-0.0069  	-0.0242  	0.03589  	-0.0073  	0.02253  	-0.2797  	
-0.1590  	-0.0847  	-0.0054  	0.47831  	0.02238  	0.31800  	0.12403  	-0.7125  	0.13742  	0.05590  	0.13752  	0.34568  	-0.0600  	-0.7009  	-1.0617  	0.88985  	-0.0883  	0.34374  	-0.2748  	0.45855  	-0.2087  	-0.2403  	-0.6024  	0.22146  	-0.1505  	-0.1368  	-0.4707  	0.03602  	-0.0197  	-0.1194  	-0.1890  	0.23470  	0.22900  	-0.0502  	0.09924  	0.31544  	0.02908  	-0.0221  	-0.1392  	0.27663  	0.02608  	0.01234  	0.01051  	-0.0219  	-0.0807  	-0.0468  	0.03595  	0.00555  	0.04701  	-0.0133  	0.02274  	0.01599  	-0.0032  	0.02349  	0.00885  	-0.0388  	0.04224  	0.00925  	-0.0325  	0.02862  	0.00374  	-0.0073  	0.03903  	0.00115  	-0.0069  	-0.0242  	0.03589  	-0.0073  	0.02253  	-0.2797  	
-0.0711  	-0.0543  	0.01541  	0.58745  	0.08616  	0.35302  	0.13641  	-0.6913  	0.14103  	0.10011  	0.15758  	0.38091  	-0.0345  	-0.6943  	-1.0755  	0.95351  	-0.1328  	0.33453  	-0.2765  	0.50392  	-0.2051  	-0.2386  	-0.6673  	0.24798  	-0.1305  	-0.1435  	-0.4357  	0.00986  	-0.0117  	-0.1001  	-0.2087  	0.24169  	0.22707  	-0.0520  	0.14426  	0.35117  	0.02364  	-0.0212  	-0.1502  	0.27300  	0.01595  	0.03667  	0.01905  	-0.0197  	-0.0751  	-0.0420  	0.03725  	0.01190  	0.04799  	-0.0207  	0.02159  	0.01295  	0.00154  	0.01862  	0.00676  	-0.0386  	0.04177  	0.00842  	-0.0289  	0.03057  	-0.0030  	-0.0150  	0.04131  	-0.0040  	-0.0069  	-0.0242  	0.03589  	-0.0073  	0.02253  	-0.2797  	
0.11913  	-0.0297  	0.07978  	0.70754  	0.13234  	0.43497  	0.13435  	-0.6260  	0.14662  	0.07197  	0.14474  	0.30209  	0.02151  	-0.5582  	-0.8851  	0.87965  	-0.1073  	0.25974  	-0.2752  	0.46606  	-0.0397  	-0.2148  	-0.6629  	0.32785  	-0.1576  	-0.1743  	-0.3430  	-0.1086  	-0.1429  	-0.1179  	-0.2516  	0.28901  	0.24037  	-0.0706  	0.25351  	0.27540  	0.12693  	-0.0246  	-0.1850  	0.26623  	-0.0099  	0.04345  	-0.0012  	-0.0160  	-0.0714  	-0.0440  	0.03461  	0.00466  	0.06609  	-0.0182  	0.02404  	0.01320  	-0.0017  	0.01791  	0.00272  	-0.0395  	0.03465  	0.00215  	-0.0286  	0.03419  	-0.0032  	-0.0090  	0.03208  	-0.0084  	-0.0069  	-0.0242  	0.03589  	-0.0073  	0.02253  	-0.2797  	
0.16898  	0.04494  	0.14080  	0.73114  	0.16151  	0.48912  	0.16688  	-0.5787  	0.18591  	0.04677  	0.01436  	0.28581  	0.08387  	-0.3832  	-0.6824  	0.76848  	-0.1182  	0.24627  	-0.2843  	0.42815  	-0.0517  	-0.1825  	-0.6141  	0.30112  	-0.1258  	-0.1494  	-0.3336  	-0.1883  	-0.0772  	-0.0996  	-0.2296  	0.25674  	0.25106  	-0.0589  	0.25374  	0.24147  	0.11294  	-0.0277  	-0.1454  	0.28679  	-0.0413  	0.05828  	0.00666  	-0.0121  	-0.0709  	-0.0513  	0.02303  	0.02753  	0.06327  	-0.0079  	0.03029  	0.01219  	0.00245  	0.02085  	0.01031  	-0.0207  	0.03436  	0.00080  	-0.0355  	0.03616  	0.00202  	-0.0067  	0.02885  	-0.0026  	-0.0069  	-0.0242  	0.03589  	-0.0073  	0.02253  	-0.2797  	
0.16808  	0.06472  	0.12076  	0.82774  	0.19274  	0.55973  	0.17598  	-0.5503  	0.20355  	0.01550  	-0.0331  	0.31336  	0.12004  	-0.2563  	-0.6757  	0.79297  	-0.0898  	0.21969  	-0.2926  	0.40282  	-0.0485  	-0.1446  	-0.6056  	0.25325  	-0.0784  	-0.1725  	-0.3209  	-0.1497  	-0.0276  	-0.0428  	-0.2279  	0.22187  	0.25025  	-0.0407  	0.22866  	0.22425  	0.08110  	-0.0329  	-0.1414  	0.27480  	-0.0466  	0.05429  	0.01142  	-0.0248  	-0.0816  	-0.0406  	0.01774  	0.02944  	0.06433  	-0.0165  	0.02048  	0.01560  	-0.0017  	0.02149  	0.00240  	-0.0245  	0.03251  	0.00135  	-0.0347  	0.02509  	0.00147  	-0.0016  	0.03444  	-0.0151  	-0.0069  	-0.0242  	0.03589  	-0.0073  	0.02253  	-0.2797  	
0.00500  	0.01601  	0.02406  	0.77915  	0.16621  	0.35727  	0.13873  	-0.6362  	0.16892  	0.06489  	0.03815  	0.27476  	0.06905  	-0.3713  	-0.6367  	0.78513  	-0.0806  	0.23160  	-0.2896  	0.42365  	-0.0204  	-0.1955  	-0.6108  	0.30836  	-0.0909  	-0.1553  	-0.2951  	-0.1970  	-0.0914  	-0.0736  	-0.2099  	0.25511  	0.25309  	-0.0535  	0.26182  	0.21859  	0.13863  	-0.0300  	-0.1765  	0.26147  	-0.0542  	0.04539  	-0.0007  	-0.0148  	-0.0816  	-0.0435  	0.03124  	0.01830  	0.05745  	-0.0102  	0.00968  	0.01649  	-0.0015  	0.02498  	0.00893  	-0.0279  	0.02300  	-0.0006  	-0.0315  	0.03221  	0.00561  	-0.0098  	0.02335  	-0.0079  	-0.0069  	-0.0242  	0.03589  	-0.0073  	0.02253  	-0.2797  	
-0.1600  	-0.0457  	-0.0026  	0.54749  	0.08145  	0.32335  	0.12341  	-0.6723  	0.14778  	0.01348  	0.15127  	0.29884  	-0.0300  	-0.5787  	-0.8720  	0.84279  	-0.0702  	0.30156  	-0.2747  	0.45282  	-0.0260  	-0.2275  	-0.5668  	0.30324  	-0.1682  	-0.1372  	-0.3854  	-0.1162  	-0.1084  	-0.1220  	-0.2036  	0.23266  	0.23826  	-0.0564  	0.19539  	0.23751  	0.15104  	-0.0160  	-0.1973  	0.25161  	-0.0077  	0.04010  	-0.0065  	-0.0170  	-0.0720  	-0.0425  	0.03750  	-0.0137  	0.03443  	-0.0091  	0.01010  	0.01150  	-0.0053  	0.02322  	1.29289  	-0.0353  	0.03680  	0.00341  	-0.0303  	0.03216  	-0.0030  	0.00489  	0.03515  	-0.0063  	-0.0069  	-0.0242  	0.03589  	-0.0073  	0.02253  	-0.2797  	
-0.1099  	-0.0223  	-0.0274  	0.66775  	0.09872  	0.39053  	0.10566  	-0.6735  	0.14762  	-0.0493  	0.04819  	0.33243  	-0.0234  	-0.5960  	-0.8037  	0.77960  	-0.0624  	0.28544  	-0.2832  	0.44002  	-0.0775  	-0.1982  	-0.5452  	0.29249  	-0.1473  	-0.1409  	-0.3790  	-0.0881  	-0.0539  	-0.0947  	-0.2315  	0.23692  	0.23597  	-0.0436  	0.17722  	0.24577  	0.10245  	-0.0069  	-0.1872  	0.24945  	-0.0159  	0.03014  	0.01413  	-0.0160  	-0.0786  	-0.0445  	0.03723  	0.00743  	0.04885  	-0.0238  	0.01539  	0.01519  	0.00051  	0.02270  	0.00462  	-0.0328  	0.03087  	0.00587  	-0.0295  	0.03355  	0.00039  	-0.0109  	0.03121  	-0.0070  	-0.0069  	-0.0242  	0.03589  	-0.0073  	0.02253  	-0.2797  	
-0.0035  	0.02829  	0.01151  	0.69706  	0.10933  	0.43974  	0.11728  	-0.6129  	0.17861  	-0.0200  	0.05634  	0.36849  	0.00665  	-0.5050  	-0.7561  	0.80113  	-0.0921  	0.27486  	-0.3067  	0.45498  	-0.0140  	-0.2240  	-0.5638  	0.25581  	-0.1669  	-0.1382  	-0.4015  	-0.0871  	-0.0904  	-0.1187  	-0.2151  	0.23217  	0.25944  	-0.0489  	0.20343  	0.21568  	0.10900  	-0.0101  	-0.1612  	0.24949  	-0.0099  	0.03259  	0.01775  	-0.0240  	-0.0793  	-0.0448  	0.03393  	0.00397  	0.04301  	-0.0086  	0.01743  	0.01341  	-0.0017  	0.02765  	0.00646  	-0.0258  	0.03161  	0.00240  	-0.0274  	0.02464  	0.00357  	0.00106  	0.03492  	-0.0084  	-0.0069  	-0.0242  	0.03589  	-0.0073  	0.02253  	-0.2797  	
0.08113  	0.08160  	0.12788  	0.61300  	0.05677  	0.45805  	0.10109  	-0.5479  	0.21198  	-0.0130  	0.19638  	0.36152  	-0.0074  	-0.4522  	-0.7856  	0.88082  	-0.0953  	0.22900  	-0.2945  	0.40185  	0.10322  	-0.2074  	-0.5272  	0.29516  	-0.2208  	-0.1486  	-0.3575  	-0.2408  	-0.2137  	-0.1477  	-0.1963  	0.24943  	0.27666  	-0.0582  	0.25981  	0.17394  	0.21161  	0.02847  	-0.2095  	0.21334  	-0.0079  	0.03374  	0.01058  	-0.0253  	-0.0804  	-0.0461  	0.03399  	0.00508  	0.04286  	-0.0052  	0.01123  	0.01512  	0.00134  	0.02654  	0.00499  	-0.0217  	0.03001  	0.00333  	-0.0305  	0.03024  	0.00533  	0.00433  	0.03767  	-0.0060  	-0.0069  	-0.0242  	0.03589  	-0.0073  	0.02253  	-0.2797  	
0.03140  	0.08713  	0.10778  	0.55674  	0.01362  	0.43086  	0.09353  	-0.5413  	0.21670  	-0.0256  	0.24003  	0.35706  	-0.0122  	-0.4685  	-0.8341  	0.88385  	-0.0755  	0.24219  	-0.2864  	0.39965  	0.12087  	-0.2268  	-0.5325  	0.28811  	-0.2437  	-0.1468  	-0.3699  	-0.2277  	-0.2201  	-0.1512  	-0.1935  	0.25182  	0.27779  	-0.0556  	0.25573  	0.15535  	0.22183  	0.03289  	-0.2209  	0.20039  	0.00443  	0.03095  	0.01380  	-0.0315  	-0.0840  	-0.0427  	0.04004  	-0.0033  	0.03873  	-0.0034  	0.00393  	0.01548  	0.00283  	0.02807  	0.00636  	-0.0272  	0.02475  	0.00301  	-0.0319  	0.02978  	0.01011  	0.00206  	0.03564  	-0.0052  	-0.0069  	-0.0242  	0.03589  	-0.0073  	0.02253  	-0.2797  	
-0.1188  	0.01601  	0.01958  	0.49690  	-0.0030  	0.34609  	0.07417  	-0.5969  	0.18765  	-0.0075  	0.22864  	0.34485  	-0.0198  	-0.5357  	-0.8991  	0.84565  	-0.0969  	0.29300  	-0.2816  	0.44966  	0.03066  	-0.2436  	-0.5619  	0.24878  	-0.2320  	-0.1348  	-0.4270  	-0.1225  	-0.1387  	-0.1489  	-0.1803  	0.23036  	0.27296  	-0.0460  	0.20296  	0.19896  	0.16013  	0.00393  	-0.2102  	0.21072  	0.02810  	0.03663  	0.01044  	-0.0321  	-0.0765  	-0.0425  	0.04324  	-0.0150  	0.03397  	-0.0093  	0.00223  	0.01324  	0.00430  	0.02425  	0.00279  	-0.0312  	0.02854  	0.00185  	-0.0312  	0.02913  	0.00504  	0.00643  	0.02800  	-0.0010  	-0.0069  	-0.0242  	0.03589  	-0.0073  	0.02253  	-0.2797  	
-0.1450  	0.01010  	0.00123  	0.47033  	-0.0042  	0.31454  	0.06527  	-0.6141  	0.18161  	-0.0063  	0.25603  	0.36049  	-0.0449  	-0.5525  	-0.9071  	0.82500  	-0.0926  	0.26924  	-0.2985  	0.43111  	0.03413  	-0.2402  	-0.5383  	0.25199  	-0.2502  	-0.1282  	-0.4376  	-0.1289  	-0.1410  	-0.1520  	-0.1855  	0.22654  	0.26871  	-0.0509  	0.19607  	0.19121  	0.16419  	0.00921  	-0.2132  	0.20448  	0.03691  	0.03467  	0.00519  	-0.0356  	-0.0767  	-0.0427  	0.04493  	-0.0162  	0.03186  	-0.0073  	0.00068  	0.01306  	-0.0006  	0.02482  	0.00172  	-0.0292  	0.02765  	0.00256  	-0.0308  	0.02766  	0.00705  	0.00406  	0.02968  	-0.0032  	-0.0069  	-0.0242  	0.03589  	-0.0073  	0.02253  	-0.2797  	
-0.1184  	0.00689  	0.00548  	0.47449  	-0.0094  	0.31659  	0.07820  	-0.6226  	0.17226  	-0.0092  	0.27440  	0.34714  	-0.0486  	-0.5660  	-0.8927  	0.82203  	-0.0784  	0.25838  	-0.2960  	0.42552  	0.04445  	-0.2436  	-0.5292  	0.27129  	-0.2491  	-0.1273  	-0.4200  	-0.1578  	-0.1614  	-0.1529  	-0.1920  	0.23467  	0.26656  	-0.0557  	0.20977  	0.18007  	0.18490  	0.02050  	-0.2255  	0.20086  	0.03396  	0.03417  	0.00617  	-0.0359  	-0.0742  	-0.0413  	0.04038  	-0.0145  	0.03247  	-0.0078  	0.00387  	0.01647  	-0.0004  	0.02442  	0.00140  	-0.0308  	0.02582  	0.00139  	-0.0299  	0.02821  	0.00635  	-0.0013  	0.02943  	-0.0037  	-0.0069  	-0.0242  	0.03589  	-0.0073  	0.02253  	-0.2797  	
0.05442  	0.07505  	0.10974  	0.54203  	-0.0161  	0.41675  	0.10200  	-0.5353  	0.22029  	-0.0290  	0.29448  	0.34019  	-0.0134  	-0.4482  	-0.8371  	0.87155  	-0.0651  	0.22440  	-0.2847  	0.36410  	0.15932  	-0.2258  	-0.4938  	0.30884  	-0.2623  	-0.1459  	-0.3237  	-0.2811  	-0.2773  	-0.1615  	-0.2007  	0.26407  	0.26788  	-0.0654  	0.28216  	0.13580  	0.26537  	0.05322  	-0.2522  	0.18207  	-0.0140  	0.02791  	0.01089  	-0.0310  	-0.0794  	-0.0404  	0.03807  	-0.0051  	0.03707  	-0.0022  	0.00471  	0.01847  	0.00131  	0.02837  	0.00376  	-0.0250  	0.01979  	0.00262  	-0.0296  	0.02720  	0.00757  	0.00506  	0.02710  	-0.0087  	-0.0069  	-0.0242  	0.03589  	-0.0073  	0.02253  	-0.2797  	
0.11405  	0.09495  	0.15466  	0.56246  	-0.0290  	0.46845  	0.10893  	-0.5005  	0.24881  	-0.0495  	0.30149  	0.35210  	-0.0065  	-0.4240  	-0.8081  	0.89317  	-0.0650  	0.19970  	-0.2776  	0.34848  	0.18722  	-0.2170  	-0.4633  	0.33855  	-0.2633  	-0.1496  	-0.3024  	-0.3260  	-0.3186  	-0.1664  	-0.1973  	0.27028  	0.28103  	-0.0686  	0.29567  	0.12105  	0.29456  	0.06097  	-0.2564  	0.17081  	-0.0244  	0.02378  	0.01551  	-0.0295  	-0.0817  	-0.0417  	0.03500  	0.00141  	0.04254  	-0.0020  	0.00329  	0.01813  	0.00050  	0.02964  	0.00217  	-0.0224  	0.02134  	0.00416  	-0.0324  	0.03155  	0.00729  	0.00504  	0.02856  	-0.0072  	-0.0069  	-0.0242  	0.03589  	-0.0073  	0.02253  	-0.2797  	
0.12482  	0.09315  	0.15114  	0.58845  	0.00922  	0.47066  	0.11840  	-0.5067  	0.23543  	-0.0527  	0.24977  	0.35634  	0.01435  	-0.4065  	-0.8138  	0.89433  	-0.0749  	0.21663  	-0.2753  	0.37177  	0.14355  	-0.2179  	-0.4876  	0.32897  	-0.2441  	-0.1473  	-0.3189  	-0.2788  	-0.2563  	-0.1545  	-0.2068  	0.25731  	0.28564  	-0.0642  	0.28651  	0.14626  	0.25569  	0.04319  	-0.2298  	0.17638  	-0.0288  	0.02995  	0.01493  	-0.0287  	-0.0793  	-0.0422  	0.03777  	0.00519  	0.04663  	-0.0036  	0.00632  	0.01755  	0.00043  	0.02740  	0.00502  	-0.0229  	0.02220  	0.00485  	-0.0344  	0.02971  	0.00612  	0.00074  	0.03145  	-0.0061  	-0.0069  	-0.0242  	0.03589  	-0.0073  	0.02253  	-0.2797  	
-0.0366  	0.02807  	0.04585  	0.53577  	0.02869  	0.35956  	0.12674  	-0.6443  	0.19586  	0.02818  	0.24064  	0.35402  	-0.0026  	-0.5673  	-0.9435  	0.85023  	-0.0982  	0.31363  	-0.2891  	0.47781  	-0.0299  	-0.2531  	-0.5760  	0.23042  	-0.2060  	-0.1344  	-0.4729  	-0.0721  	-0.1054  	-0.1501  	-0.2040  	0.22895  	0.27568  	-0.0511  	0.19368  	0.23489  	0.11809  	-0.0036  	-0.1687  	0.24175  	0.00815  	0.04130  	0.00861  	-0.0324  	-0.0771  	-0.0451  	0.04131  	0.00862  	0.04513  	-0.0124  	0.01886  	0.01867  	-0.0004  	0.02477  	0.00421  	-0.0247  	0.03139  	0.00695  	-0.0299  	0.03064  	0.00709  	-0.0105  	0.03000  	-0.0022  	-0.0069  	-0.0242  	0.03589  	-0.0073  	0.02253  	-0.2797  	
-0.0910  	-0.0299  	-0.0297  	0.54197  	0.07166  	0.32410  	0.13491  	-0.6718  	0.18330  	0.04529  	0.19661  	0.34088  	0.00558  	-0.5967  	-0.9893  	0.84044  	-0.1037  	0.34455  	-0.2842  	0.50026  	-0.1504  	-0.2550  	-0.6068  	0.21472  	-0.1812  	-0.1339  	-0.4987  	0.01562  	-0.0161  	-0.1302  	-0.2024  	0.23879  	0.26868  	-0.0502  	0.14052  	0.26333  	0.05368  	-0.0131  	-0.1554  	0.25588  	0.04705  	0.02212  	0.02585  	-0.0222  	-0.0787  	-0.0461  	0.04166  	0.00733  	0.04749  	-0.0188  	0.01506  	0.01409  	-0.0034  	0.02237  	0.00690  	-0.0333  	0.03505  	0.00271  	-0.0298  	0.02939  	0.00261  	-0.0085  	0.03536  	-0.0008  	-0.0069  	-0.0242  	0.03589  	-0.0073  	0.02253  	-0.2797  	
-0.2571  	-0.0521  	-0.0712  	0.40371  	-0.0089  	0.27808  	0.11913  	-0.7211  	0.14447  	0.03905  	0.20442  	0.27238  	-0.0660  	-0.6971  	-1.0595  	0.80160  	-0.0796  	0.32383  	-0.2801  	0.46946  	-0.1366  	-0.2173  	-0.5845  	0.21515  	-0.1678  	-0.1215  	-0.4295  	-0.0192  	-0.0275  	-0.1242  	-0.2024  	0.23710  	0.22668  	-0.0551  	0.11423  	0.30768  	0.08219  	-0.0041  	-0.1676  	0.23621  	0.05198  	0.02925  	0.02534  	-0.0228  	-0.0777  	-0.0506  	0.03567  	-0.0011  	0.04302  	-0.0188  	0.01704  	0.01678  	0.00051  	0.02526  	0.00816  	-0.0335  	0.03412  	0.00889  	-0.0260  	0.02778  	0.00093  	-0.0072  	0.03366  	-0.0038  	-0.0069  	-0.0242  	0.03589  	-0.0073  	0.02253  	-0.2797  	
-0.3320  	-0.0706  	-0.0750  	0.36940  	-0.0512  	0.26198  	0.09886  	-0.7244  	0.12803  	0.03561  	0.20871  	0.24017  	-0.0820  	-0.7452  	-1.0619  	0.80655  	-0.0670  	0.31013  	-0.2883  	0.44986  	-0.1365  	-0.2275  	-0.5418  	0.21396  	-0.1713  	-0.1196  	-0.4336  	-0.0274  	-0.0165  	-0.1289  	-0.1921  	0.23473  	0.21977  	-0.0457  	0.09849  	0.29583  	0.06922  	-0.0068  	-0.1632  	0.23547  	0.04759  	0.03157  	0.02287  	-0.0223  	-0.0744  	-0.0489  	0.03755  	-0.0073  	0.03705  	-0.0140  	0.01105  	0.01704  	0.00124  	0.02729  	0.00686  	-0.0365  	0.03388  	0.00662  	-0.0262  	0.02766  	0.00166  	-0.0035  	0.03405  	-0.0022  	-0.0069  	-0.0242  	0.03589  	-0.0073  	0.02253  	-0.2797  	
-0.2663  	-0.0603  	-0.0704  	0.35527  	-0.0554  	0.29368  	0.10636  	-0.7331  	0.13835  	0.04427  	0.19124  	0.27458  	-0.0464  	-0.7383  	-1.1021  	0.80253  	-0.0820  	0.32589  	-0.2705  	0.46203  	-0.1829  	-0.2428  	-0.5418  	0.18524  	-0.1921  	-0.1102  	-0.4777  	0.04177  	0.00102  	-0.1444  	-0.1888  	0.21908  	0.23631  	-0.0493  	0.07536  	0.29846  	0.05550  	-0.0162  	-0.1503  	0.24472  	0.05515  	0.02994  	0.03889  	-0.0161  	-0.0769  	-0.0482  	0.03936  	-0.0021  	0.03818  	-0.0144  	0.01256  	0.01582  	0.00169  	0.02264  	0.00906  	-0.0402  	0.03183  	0.00566  	-0.0269  	0.02685  	0.00239  	-0.0036  	0.03312  	0.00082  	-0.0069  	-0.0242  	0.03589  	-0.0073  	0.02253  	-0.2797  	
-0.2961  	-0.0720  	-0.0582  	0.31479  	-0.0806  	0.24390  	0.12453  	-0.7341  	0.14755  	0.06133  	0.21407  	0.24368  	-0.0227  	-0.7324  	-1.1207  	0.79079  	-0.0925  	0.33998  	-0.2770  	0.48278  	-0.1808  	-0.2501  	-0.5665  	0.18193  	-0.1822  	-0.1149  	-0.4909  	0.03145  	-0.0041  	-0.1550  	-0.1891  	0.20857  	0.25121  	-0.0505  	0.07667  	0.29507  	0.07350  	-0.0147  	-0.1619  	0.23797  	0.07211  	0.02624  	0.03724  	-0.0148  	-0.0706  	-0.0470  	0.04143  	-0.0037  	0.04203  	-0.0148  	0.01262  	0.01347  	0.00097  	0.02338  	0.00834  	-0.0383  	0.03133  	0.00762  	-0.0303  	0.02910  	0.00568  	-0.0047  	0.03511  	0.00045  	-0.0069  	-0.0242  	0.03589  	-0.0073  	0.02253  	-0.2797  	
-0.3448  	-0.0777  	-0.0790  	0.31459  	-0.0762  	0.24315  	0.10071  	-0.7466  	0.13568  	0.06759  	0.20184  	0.23522  	-0.0686  	-0.7569  	-1.1296  	0.78768  	-0.0657  	0.33433  	-0.2713  	0.45887  	-0.1671  	-0.2611  	-0.5556  	0.20730  	-0.1646  	-0.1098  	-0.4559  	-0.0129  	0.00729  	-0.1521  	-0.1827  	0.23050  	0.22296  	-0.0478  	0.06712  	0.30139  	0.05997  	-0.0062  	-0.1534  	0.24241  	0.07297  	0.01874  	0.03776  	-0.0125  	-0.0737  	-0.0483  	0.03438  	-0.0084  	0.03393  	-0.0141  	0.01330  	0.01573  	0.00310  	0.02482  	0.00803  	-0.0336  	0.03022  	0.00468  	-0.0236  	0.03214  	0.00563  	-0.0027  	0.03091  	-0.0039  	-0.0069  	-0.0242  	0.03589  	-0.0073  	0.02253  	-0.2797  	
-0.2819  	-0.0730  	-0.0747  	0.39511  	-0.0407  	0.28652  	0.08679  	-0.6945  	0.13898  	0.01263  	0.16789  	0.29196  	-0.0586  	-0.7328  	-1.0267  	0.77257  	-0.0643  	0.30727  	-0.2825  	0.44852  	-0.1488  	-0.2211  	-0.5018  	0.21437  	-0.1752  	-0.1099  	-0.4201  	-0.0387  	-0.0322  	-0.1300  	-0.1861  	0.23341  	0.23116  	-0.0552  	0.08145  	0.27824  	0.07944  	-0.0001  	-0.1664  	0.24128  	0.04371  	0.03204  	0.01548  	-0.0228  	-0.0726  	-0.0478  	0.03909  	-0.0075  	0.03796  	-0.0145  	0.00811  	0.01829  	-0.0002  	0.02222  	0.00761  	-0.0373  	0.03271  	0.00381  	-0.0265  	0.02667  	0.00272  	-0.0032  	0.03332  	-0.0020  	-0.0069  	-0.0242  	0.03589  	-0.0073  	0.02253  	-0.2797  	
-0.2508  	-0.0603  	-0.0819  	0.44266  	0.00352  	0.27115  	0.11419  	-0.7073  	0.15505  	0.03646  	0.11910  	0.33711  	-0.0249  	-0.6711  	-0.9952  	0.78442  	-0.0730  	0.33562  	-0.2932  	0.45682  	-0.1967  	-0.2093  	-0.5339  	0.20014  	-0.2173  	-0.1019  	-0.5039  	0.02055  	0.01491  	-0.1459  	-0.1852  	0.20965  	0.25456  	-0.0460  	0.06929  	0.27144  	0.02533  	-0.0116  	-0.1534  	0.26044  	0.05363  	0.02810  	0.04102  	-0.0185  	-0.0819  	-0.0491  	0.03917  	0.00618  	0.03849  	-0.0096  	0.00653  	0.01644  	-0.0012  	0.02516  	0.00653  	-0.0387  	0.03088  	0.00205  	-0.0256  	0.02616  	-0.0013  	0.00012  	0.03562  	-9.9019  	-0.0069  	-0.0242  	0.03589  	-0.0073  	0.02253  	-0.2797  	
-0.0502  	-0.0389  	-0.0072  	0.62449  	0.11330  	0.38595  	0.12336  	-0.6674  	0.16616  	0.04959  	0.10784  	0.36701  	0.00864  	-0.6420  	-0.9782  	0.88435  	-0.1113  	0.32712  	-0.2597  	0.51197  	-0.1663  	-0.2412  	-0.6666  	0.24389  	-0.1467  	-0.1471  	-0.4422  	0.04717  	-0.0068  	-0.1091  	-0.2347  	0.24301  	0.24656  	-0.0558  	0.16018  	0.28891  	0.04587  	-0.0232  	-0.1464  	0.27096  	0.01875  	0.03081  	0.01868  	-0.0157  	-0.0681  	-0.0436  	0.03301  	0.00787  	0.04874  	-0.0174  	0.02145  	0.01362  	-0.0033  	0.02065  	0.00770  	-0.0335  	0.04193  	0.00619  	-0.0258  	0.02968  	-0.0046  	-0.0085  	0.03209  	-0.0074  	-0.0069  	-0.0242  	0.03589  	-0.0073  	0.02253  	-0.2797  	
0.10191  	0.01729  	0.03337  	0.79417  	0.20106  	0.44427  	0.14351  	-0.6335  	0.16633  	0.06101  	0.05469  	0.34532  	0.04461  	-0.4911  	-0.7997  	0.84491  	-0.1386  	0.25531  	-0.3066  	0.46873  	-0.0932  	-0.1824  	-0.6499  	0.28344  	-0.0766  	-0.1683  	-0.3460  	-0.0593  	-0.0481  	-0.0825  	-0.2342  	0.25115  	0.24610  	-0.0471  	0.21773  	0.25540  	0.07836  	-0.0422  	-0.1302  	0.28093  	-0.0355  	0.05672  	0.01318  	-0.0266  	-0.0698  	-0.0468  	0.02122  	0.02575  	0.05790  	-0.0167  	0.02589  	0.01625  	-0.0036  	0.02183  	0.00595  	-0.0284  	0.04021  	0.00354  	-0.0261  	0.02738  	-0.0015  	-0.0157  	0.03897  	-0.0042  	-0.0069  	-0.0242  	0.03589  	-0.0073  	0.02253  	-0.2797  	
0.11604  	0.05102  	0.03817  	0.96332  	0.28922  	0.46719  	0.17757  	-0.5955  	0.18769  	0.03551  	-0.0603  	0.33601  	0.09425  	-0.3306  	-0.6451  	0.76741  	-0.1167  	0.26300  	-0.2853  	0.48630  	-0.1190  	-0.1694  	-0.6978  	0.25898  	-0.0442  	-0.1711  	-0.3452  	-0.0443  	0.03214  	-0.0506  	-0.2841  	0.23045  	0.25542  	-0.0444  	0.22464  	0.25419  	0.03460  	-0.0540  	-0.1090  	0.28875  	-0.0629  	0.06791  	0.00477  	-0.0331  	-0.0613  	-0.0421  	0.02619  	0.02041  	0.06442  	-0.0201  	0.02476  	0.01132  	-0.0022  	0.02223  	0.00840  	-0.0237  	0.03262  	0.00121  	-0.0208  	0.03291  	-0.0010  	-0.0114  	0.02911  	-0.0081  	-0.0069  	-0.0242  	0.03589  	-0.0073  	0.02253  	-0.2797  	
0.05792  	0.03596  	-0.0496  	1.08448  	0.39103  	0.44477  	0.14259  	-0.5939  	0.19063  	-0.0069  	-0.1011  	0.38332  	0.12854  	-0.2436  	-0.5194  	0.73721  	-0.0914  	0.22557  	-0.3238  	0.43543  	-0.0938  	-0.1455  	-0.6367  	0.33158  	-0.0488  	-0.1603  	-0.3175  	-0.0797  	-0.0089  	-0.0424  	-0.2414  	0.22908  	0.26330  	-0.0461  	0.28703  	0.22319  	0.04329  	-0.0598  	-0.1275  	0.27536  	-0.0977  	0.07348  	-0.0147  	-0.0300  	-0.0827  	-0.0448  	0.03742  	0.01316  	0.05720  	-0.0175  	0.01856  	0.01071  	-0.0024  	0.02581  	0.00543  	-0.0267  	0.02986  	4.04010  	-0.0256  	0.03012  	0.00292  	-0.0053  	0.02062  	-0.0042  	-0.0069  	-0.0242  	0.03589  	-0.0073  	0.02253  	-0.2797  	
-0.0652  	-0.0178  	-0.0361  	0.79945  	0.23225  	0.34395  	0.12334  	-0.6409  	0.17561  	0.02948  	-0.0198  	0.43332  	0.05473  	-0.4090  	-0.7281  	0.83024  	-0.1112  	0.28955  	-0.2876  	0.47937  	-0.0952  	-0.1885  	-0.6123  	0.28880  	-0.1502  	-0.1395  	-0.3917  	-0.0384  	-0.0364  	-0.0884  	-0.2157  	0.22229  	0.26175  	-0.0312  	0.19640  	0.21667  	0.06983  	-0.0408  	-0.1455  	0.28004  	-0.0463  	0.04207  	-0.0038  	-0.0287  	-0.0772  	-0.0503  	0.03299  	0.01613  	0.05599  	-0.0211  	0.01342  	0.00939  	9.41455  	0.01990  	-0.0006  	-0.0243  	0.03061  	0.00072  	-0.0231  	0.03631  	0.00400  	-0.0027  	0.02802  	-0.0033  	-0.0069  	-0.0242  	0.03589  	-0.0073  	0.02253  	-0.2797  	
-0.1184  	-0.0052  	-0.0262  	0.53520  	0.07899  	0.32920  	0.17136  	-0.6693  	0.16048  	0.02574  	0.17915  	0.35477  	-0.0109  	-0.6063  	-0.9464  	0.85010  	-0.0957  	0.31784  	-0.2613  	0.48230  	-0.0529  	-0.2122  	-0.6024  	0.28631  	-0.1845  	-0.1153  	-0.4324  	-0.0822  	-0.1313  	-0.1444  	-0.1941  	0.23654  	0.26480  	-0.0500  	0.17246  	0.24895  	0.10014  	-0.0119  	-0.1787  	0.24910  	0.00298  	0.03550  	0.01825  	-0.0223  	-0.0823  	-0.0494  	0.03463  	0.00176  	0.04536  	-0.0017  	0.01677  	0.01518  	-0.0026  	0.02751  	0.00668  	-0.0331  	0.03070  	0.00123  	-0.0260  	0.02690  	-0.0035  	0.00212  	0.03250  	-0.0087  	-0.0069  	-0.0242  	0.03589  	-0.0073  	0.02253  	-0.2797  	
-0.2840  	-0.0638  	-0.0415  	0.39843  	-0.0197  	0.31830  	0.12763  	-0.6981  	0.14660  	0.02430  	0.18835  	0.26589  	-0.0659  	-0.7409  	-1.0784  	0.81796  	-0.0882  	0.34967  	-0.2737  	0.46647  	-0.1093  	-0.2547  	-0.5565  	0.23392  	-0.1814  	-0.1248  	-0.4397  	-0.0205  	-0.0244  	-0.1353  	-0.2057  	0.22643  	0.22927  	-0.0586  	0.11902  	0.29726  	0.06557  	-0.0347  	-0.1524  	0.26389  	0.05277  	0.02077  	0.01649  	-0.0142  	-0.0788  	-0.0432  	0.03545  	-0.0106  	0.03510  	-0.0162  	0.01794  	0.01540  	0.00246  	0.02471  	0.00221  	-0.0316  	0.03674  	0.00431  	-0.0255  	0.03236  	0.00290  	-0.0040  	0.03077  	-0.0039  	-0.0069  	-0.0242  	0.03589  	-0.0073  	0.02253  	-0.2797  	
-0.1866  	-0.0353  	-0.0558  	0.53732  	0.11741  	0.33658  	0.10109  	-0.6524  	0.15530  	0.03461  	0.22042  	0.37319  	-0.0376  	-0.5657  	-0.8413  	0.83989  	-0.0904  	0.28617  	-0.2936  	0.49564  	-0.0305  	-0.2378  	-0.6113  	0.32993  	-0.2230  	-0.1312  	-0.3772  	-0.0796  	-0.1763  	-0.1426  	-0.1993  	0.23993  	0.25837  	-0.0637  	0.25105  	0.24375  	0.13946  	-0.0267  	-0.1908  	0.25906  	-0.0125  	0.03925  	-0.0236  	-0.0358  	-0.0717  	-0.0435  	0.04026  	-0.0034  	0.03877  	-0.0077  	0.01553  	0.01583  	-0.0034  	0.02701  	0.00059  	-0.0319  	0.03082  	-0.0012  	-0.0273  	0.03177  	0.00256  	-0.0029  	0.03022  	-0.0081  	-0.0069  	-0.0242  	0.03589  	-0.0073  	0.02253  	-0.2797  	
0.19100  	0.06032  	0.16249  	0.69795  	0.10553  	0.51591  	0.14459  	-0.5575  	0.20109  	0.02769  	-0.0569  	0.28006  	0.12207  	-0.2952  	-0.6546  	0.79339  	-0.0932  	0.24144  	-0.2789  	0.38498  	-0.0251  	-0.1767  	-0.5352  	0.29064  	-0.1597  	-0.1356  	-0.3489  	-0.1945  	-0.1073  	-0.1019  	-0.2006  	0.22939  	0.26681  	-0.0591  	0.21197  	0.20757  	0.12604  	-0.0190  	-0.1428  	0.25822  	-0.0497  	0.04140  	0.02857  	-0.0160  	-0.0875  	-0.0399  	0.02675  	0.02551  	0.05880  	-0.0079  	0.01787  	0.01147  	-0.0072  	0.02274  	0.00668  	-0.0225  	0.02012  	5.62707  	-0.0297  	0.03454  	0.00010  	0.00107  	0.02784  	-0.0101  	-0.0069  	-0.0242  	0.03589  	-0.0073  	0.02253  	-0.2797  	
0.19580  	0.03376  	0.14712  	0.78342  	0.11870  	0.52907  	0.19960  	-0.5694  	0.18708  	0.05449  	-0.1145  	0.18422  	0.15716  	-0.2328  	-0.5667  	0.67413  	-0.0683  	0.21349  	-0.3066  	0.34779  	-0.0280  	-0.1031  	-0.4946  	0.28300  	-0.0927  	-0.1642  	-0.3010  	-0.2105  	-0.0393  	-0.0618  	-0.2101  	0.21757  	0.23217  	-0.0517  	0.20856  	0.20273  	0.11683  	-0.0191  	-0.1476  	0.27265  	-0.0360  	0.05046  	0.02267  	-0.0230  	-0.0862  	-0.0416  	0.02330  	0.03124  	0.07165  	-0.0147  	0.02297  	0.01266  	-0.0025  	0.01829  	0.00541  	-0.0177  	0.01918  	0.00234  	-0.0306  	0.03805  	0.00402  	-0.0022  	0.02653  	-0.0145  	-0.0069  	-0.0242  	0.03589  	-0.0073  	0.02253  	-0.2797  	
-0.0239  	0.02119  	0.01035  	0.65301  	0.09157  	0.37061  	0.12216  	-0.6054  	0.15161  	0.03041  	0.06392  	0.24283  	0.04777  	-0.4252  	-0.6876  	0.77221  	-0.0711  	0.22383  	-0.3005  	0.39006  	0.03670  	-0.1807  	-0.5409  	0.31971  	-0.1443  	-0.1517  	-0.2867  	-0.2525  	-0.1312  	-0.1044  	-0.1949  	0.24996  	0.22848  	-0.0568  	0.24041  	0.20496  	0.16779  	-0.0184  	-0.1973  	0.24697  	-0.0513  	0.04370  	0.00417  	-0.0214  	-0.0847  	-0.0437  	0.03103  	0.01177  	0.05074  	-0.0147  	0.00083  	0.01596  	-0.0046  	0.01882  	0.00981  	-0.0341  	0.02814  	0.00203  	-0.0357  	0.02925  	0.00313  	-0.0029  	0.02688  	-0.0044  	-0.0069  	-0.0242  	0.03589  	-0.0073  	0.02253  	-0.2797  	
-0.0725  	-0.0405  	0.03127  	0.49594  	0.03563  	0.39329  	0.10812  	-0.6829  	0.15955  	0.00779  	0.16633  	0.32058  	-0.0416  	-0.6816  	-1.0034  	0.89295  	-0.1041  	0.28088  	-0.2681  	0.43908  	-0.0672  	-0.2311  	-0.5636  	0.28749  	-0.1982  	-0.1409  	-0.3786  	-0.1310  	-0.1074  	-0.1334  	-0.2222  	0.24864  	0.23543  	-0.0599  	0.19155  	0.27336  	0.13751  	0.00118  	-0.1911  	0.25213  	0.00031  	0.04201  	0.00683  	-0.0192  	-0.0823  	-0.0488  	0.03938  	0.00289  	0.04669  	-0.0149  	0.01409  	0.01533  	-0.0053  	0.02352  	0.00515  	-0.0345  	0.03658  	0.00301  	-0.0258  	0.02295  	-0.0020  	-0.0093  	0.04418  	-0.0035  	-0.0069  	-0.0242  	0.03589  	-0.0073  	0.02253  	-0.2797  	
-0.1054  	-0.0659  	0.00701  	0.47342  	0.01942  	0.35733  	0.13335  	-0.7068  	0.15834  	0.05428  	0.18699  	0.28366  	-0.0471  	-0.7091  	-1.0506  	0.87717  	-0.1145  	0.33141  	-0.2645  	0.47745  	-0.1283  	-0.2132  	-0.6050  	0.25915  	-0.1132  	-0.1500  	-0.3902  	-0.0229  	-0.0583  	-0.1167  	-0.2061  	0.25021  	0.22702  	-0.0486  	0.17656  	0.32631  	0.10516  	-0.0050  	-0.1734  	0.24291  	0.01379  	0.03385  	0.02219  	-0.0118  	-0.0756  	-0.0478  	0.03639  	0.00265  	0.04336  	-0.0177  	0.02660  	0.01466  	0.00427  	0.02260  	0.00980  	-0.0291  	0.03532  	0.00436  	-0.0282  	0.03524  	0.00107  	-0.0130  	0.03333  	-0.0001  	-0.0069  	-0.0242  	0.03589  	-0.0073  	0.02253  	-0.2797  	
-0.2074  	-0.0613  	-0.0501  	0.50305  	0.04708  	0.35737  	0.12078  	-0.7185  	0.11567  	0.01051  	0.11115  	0.26034  	-0.0792  	-0.6717  	-1.0015  	0.82599  	-0.0811  	0.30068  	-0.2725  	0.44706  	-0.1403  	-0.2344  	-0.5906  	0.28347  	-0.1222  	-0.1398  	-0.3486  	-0.0241  	-0.0402  	-0.0944  	-0.2263  	0.25631  	0.21371  	-0.0591  	0.16506  	0.33337  	0.08794  	-0.0121  	-0.1669  	0.24763  	0.01164  	0.02967  	0.01641  	-0.0185  	-0.0750  	-0.0506  	0.03100  	-0.0067  	0.03925  	-0.0118  	0.02267  	0.01628  	0.00525  	0.01560  	0.01048  	-0.0377  	0.03893  	0.01245  	-0.0286  	0.02670  	-0.0028  	-0.0181  	0.03493  	0.00062  	-0.0069  	-0.0242  	0.03589  	-0.0073  	0.02253  	-0.2797  	
-0.0593  	0.01098  	0.06146  	0.58472  	0.04455  	0.38065  	0.10008  	-0.5828  	0.14766  	-0.0322  	0.11762  	0.31642  	0.01978  	-0.5824  	-0.7392  	0.74995  	-0.0075  	0.14607  	-0.2287  	0.20081  	0.04091  	-0.3799  	-0.7557  	0.32348  	-0.2036  	-0.0587  	-0.3380  	-0.2485  	-0.0603  	-0.1488  	-0.1028  	0.21543  	0.17132  	-0.1832  	0.17679  	0.21035  	0.09522  	-0.0054  	-0.2808  	0.17726  	0.04022  	0.14867  	-0.0884  	0.03372  	-0.1226  	-0.0253  	0.01804  	0.01098  	0.02737  	-0.0200  	0.02222  	0.02135  	0.00122  	0.03470  	0.01206  	-0.0326  	0.02805  	-0.0017  	-0.0256  	0.03502  	0.00739  	-0.0060  	0.01726  	-0.0033  	-0.0069  	-0.0242  	0.03589  	-0.0073  	0.02253  	-0.2797  	
0.09221  	0.07242  	0.17048  	0.64871  	0.09806  	0.38420  	0.10011  	-0.4939  	0.16994  	-0.0109  	0.11310  	0.32706  	0.10569  	-0.4904  	-0.6581  	0.75664  	0.04390  	0.02074  	-0.1706  	0.02771  	0.13752  	-0.5214  	-0.9254  	0.30712  	-0.2432  	0.00184  	-0.3588  	-0.3333  	-0.0061  	-0.1631  	-0.0403  	0.17945  	0.12022  	-0.2953  	0.14510  	0.17497  	0.03280  	-0.0056  	-0.3458  	0.13212  	0.08478  	0.23260  	-0.1518  	0.10153  	-0.1650  	-0.0167  	-0.0034  	0.03968  	0.02589  	-0.0288  	0.02283  	0.02155  	-4.2175  	0.04683  	0.01876  	-0.0302  	0.02826  	-0.0153  	-0.0333  	0.04693  	0.01006  	-0.0071  	0.01106  	-0.0043  	-0.0069  	-0.0242  	0.03589  	-0.0073  	0.02253  	-0.2797  	
0.15251  	0.10341  	0.14103  	0.88191  	0.21696  	0.46279  	0.12702  	-0.4709  	0.15778  	-0.0394  	-0.0481  	0.29137  	0.14889  	-0.3911  	-0.4989  	0.67125  	0.05822  	-0.0396  	-0.1813  	-0.0542  	0.06113  	-0.5072  	-1.0028  	0.27697  	-0.1495  	0.00154  	-0.2857  	-0.2852  	0.12023  	-0.0846  	-0.0716  	0.15225  	0.09225  	-0.3029  	0.12473  	0.17671  	-0.0555  	-0.0414  	-0.3209  	0.13059  	0.04503  	0.27601  	-0.1810  	0.10169  	-0.1691  	-0.0113  	-0.0129  	0.05233  	0.03962  	-0.0405  	0.03176  	0.01723  	-0.0015  	0.05178  	0.01629  	-0.0244  	0.02116  	-0.0109  	-0.0242  	0.04280  	0.00795  	-0.0089  	0.00527  	-0.0095  	-0.0069  	-0.0242  	0.03589  	-0.0073  	0.02253  	-0.2797  	
0.17107  	0.12174  	0.05175  	1.04706  	0.34576  	0.43502  	0.13340  	-0.4672  	0.15189  	-0.0231  	-0.1682  	0.30685  	0.19127  	-0.2460  	-0.4031  	0.65145  	0.01399  	-0.0229  	-0.2006  	-0.0237  	0.00643  	-0.4521  	-1.0096  	0.29724  	-0.0677  	-0.0309  	-0.2564  	-0.2351  	0.17900  	-0.0452  	-0.1185  	0.14556  	0.09997  	-0.2767  	0.16881  	0.19886  	-0.0924  	-0.0562  	-0.2780  	0.18142  	-0.0174  	0.26443  	-0.1801  	0.08860  	-0.1558  	-0.0091  	-0.0107  	0.05449  	0.04048  	-0.0391  	0.03801  	0.01736  	-0.0004  	0.04438  	0.01373  	-0.0177  	0.01970  	-0.0104  	-0.0183  	0.04539  	0.00822  	-0.0076  	0.00274  	-0.0121  	-0.0069  	-0.0242  	0.03589  	-0.0073  	0.02253  	-0.2797  	
0.08307  	0.03561  	-0.0625  	1.32745  	0.54855  	0.39874  	0.09978  	-0.5470  	0.17004  	-0.0426  	-0.1355  	0.40183  	0.17812  	-0.0981  	-0.3269  	0.65306  	-0.0508  	0.05017  	-0.2857  	0.27789  	-0.1088  	-0.3306  	-0.9664  	0.37637  	0.02067  	-0.1152  	-0.3200  	-0.1022  	0.12117  	0.01484  	-0.1928  	0.18878  	0.17030  	-0.1774  	0.28315  	0.22040  	-0.0645  	-0.0812  	-0.2394  	0.26897  	-0.1146  	0.19594  	-0.1522  	0.01227  	-0.1009  	-0.0367  	0.01536  	0.02672  	0.04026  	-0.0252  	0.01813  	0.01357  	-0.0034  	0.03404  	0.00099  	-0.0361  	0.05074  	-0.0137  	-0.0357  	0.04029  	-0.0034  	-0.0034  	0.01140  	-0.0110  	-0.0069  	-0.0242  	0.03589  	-0.0073  	0.02253  	-0.2797  	
0.00849  	0.04664  	-0.1200  	1.24609  	0.49675  	0.32214  	0.15737  	-0.5764  	0.18644  	-0.0444  	-0.1188  	0.42459  	0.14677  	-0.1454  	-0.5165  	0.75161  	-0.1329  	0.25024  	-0.3712  	0.54722  	-0.2468  	-0.1809  	-0.7990  	0.32548  	-0.0099  	-0.1763  	-0.3308  	0.06397  	0.08027  	0.02296  	-0.3020  	0.23718  	0.26967  	-0.0049  	0.31069  	0.25774  	-0.0331  	-0.0770  	-0.1179  	0.32557  	-0.1653  	0.08332  	-0.0405  	-0.0569  	-0.0441  	-0.0470  	0.02923  	0.00595  	0.05416  	-0.0168  	0.02733  	0.01410  	-0.0010  	0.02823  	-0.0022  	-0.0232  	0.03237  	-0.0028  	-0.0239  	0.03086  	-0.0042  	0.00070  	0.03428  	-0.0095  	-0.0069  	-0.0242  	0.03589  	-0.0073  	0.02253  	-0.2797  	
-0.0407  	0.03990  	-0.1268  	1.03222  	0.37239  	0.36505  	0.12121  	-0.5878  	0.17357  	-0.0680  	-0.1442  	0.42124  	0.15550  	-0.2341  	-0.5911  	0.79201  	-0.1305  	0.30004  	-0.3490  	0.55238  	-0.2046  	-0.1871  	-0.7513  	0.26592  	-0.0289  	-0.1572  	-0.3739  	0.10055  	0.11841  	0.00829  	-0.2793  	0.21417  	0.27237  	-0.0056  	0.24251  	0.23636  	-0.0388  	-0.0766  	-0.1168  	0.29639  	-0.1164  	0.07064  	-0.0220  	-0.0490  	-0.0643  	-0.0446  	0.03923  	0.00891  	0.06346  	-0.0231  	0.02508  	0.01023  	-0.0009  	0.02725  	-0.0005  	-0.0160  	0.02576  	-0.0026  	-0.0234  	0.02758  	3.78116  	-3.1062  	0.03013  	-0.0154  	-0.0069  	-0.0242  	0.03589  	-0.0073  	0.02253  	-0.2797  	
-0.0656  	0.03150  	-0.1074  	0.89317  	0.27592  	0.44728  	0.11437  	-0.5911  	0.17206  	-0.0787  	-0.1472  	0.43182  	0.12977  	-0.3141  	-0.6423  	0.82926  	-0.1200  	0.31846  	-0.2982  	0.52853  	-0.1986  	-0.1757  	-0.6879  	0.23946  	-0.0762  	-0.1205  	-0.4141  	0.10249  	0.12115  	-0.0226  	-0.2638  	0.19240  	0.27178  	-0.0080  	0.18547  	0.22209  	-0.0372  	-0.0675  	-0.1003  	0.26757  	-0.0843  	0.07372  	-0.0030  	-0.0383  	-0.0729  	-0.0443  	0.03615  	0.01509  	0.05580  	-0.0251  	0.01906  	0.01344  	0.00165  	0.02699  	0.00211  	-0.0185  	0.03138  	0.00347  	-0.0229  	0.02159  	0.00294  	-0.0038  	0.01831  	-0.0173  	-0.0069  	-0.0242  	0.03589  	-0.0073  	0.02253  	-0.2797  	
-0.0442  	0.06534  	-0.0060  	0.87305  	0.21762  	0.54073  	0.10088  	-0.5512  	0.17121  	-0.0954  	-0.1605  	0.37347  	0.08183  	-0.3325  	-0.5187  	0.80147  	-0.0949  	0.27756  	-0.3031  	0.46635  	-0.0955  	-0.1560  	-0.5774  	0.27980  	-0.1285  	-0.1417  	-0.4094  	-0.0145  	0.05248  	-0.0614  	-0.2425  	0.19740  	0.25834  	-0.0335  	0.17862  	0.21954  	0.01720  	-0.0536  	-0.1091  	0.26411  	-0.0357  	0.04838  	0.00409  	-0.0401  	-0.0756  	-0.0430  	0.02503  	0.00954  	0.05289  	-0.0288  	0.01113  	0.01350  	-0.0011  	0.02021  	0.00173  	-0.0281  	0.02834  	0.00852  	-0.0238  	0.02326  	0.00657  	0.00623  	0.03285  	-0.0058  	-0.0069  	-0.0242  	0.03589  	-0.0073  	0.02253  	-0.2797  	
0.11659  	0.07682  	0.07425  	0.92812  	0.22558  	0.54355  	0.15213  	-0.5845  	0.17052  	0.00290  	-0.1609  	0.28529  	0.10366  	-0.2662  	-0.4483  	0.72425  	-0.0874  	0.22823  	-0.3043  	0.38987  	-0.0687  	-0.1035  	-0.5413  	0.25122  	-0.0659  	-0.1558  	-0.3553  	-0.1509  	0.02048  	-0.0586  	-0.2162  	0.21706  	0.25130  	-0.0403  	0.20463  	0.20217  	0.07560  	-0.0409  	-0.1176  	0.27191  	-0.0455  	0.04769  	0.01331  	-0.0246  	-0.0786  	-0.0414  	0.02883  	0.02258  	0.06218  	-0.0244  	0.01542  	0.01078  	0.00151  	0.01714  	0.00125  	-0.0212  	0.02851  	0.00459  	-0.0294  	0.03461  	0.00672  	1.82122  	0.03550  	-0.0091  	-0.0069  	-0.0242  	0.03589  	-0.0073  	0.02253  	-0.2797  	
0.06209  	0.03658  	0.02673  	0.79335  	0.20561  	0.45153  	0.11677  	-0.6001  	0.17104  	-0.0412  	-0.0395  	0.32826  	0.05458  	-0.4406  	-0.6609  	0.78431  	-0.0695  	0.22737  	-0.2774  	0.40141  	-0.0183  	-0.1374  	-0.5441  	0.29773  	-0.1216  	-0.1675  	-0.2855  	-0.1362  	-0.0644  	-0.0786  	-0.2555  	0.23435  	0.24019  	-0.0531  	0.20994  	0.19967  	0.13494  	-0.0228  	-0.1609  	0.26497  	-0.0427  	0.05213  	0.00548  	-0.0041  	-0.0807  	-0.0432  	0.02230  	0.02093  	0.06158  	-0.0147  	0.01612  	0.01267  	-0.0054  	0.02256  	0.00612  	-0.0237  	0.02863  	-0.0004  	-0.0227  	0.03221  	0.00263  	0.00211  	0.02646  	-0.0109  	-0.0069  	-0.0242  	0.03589  	-0.0073  	0.02253  	-0.2797  	
0.01607  	0.00690  	0.05130  	0.59471  	0.06183  	0.45530  	0.15208  	-0.6261  	0.15447  	-0.0385  	0.13022  	0.33296  	-0.0099  	-0.5311  	-0.8742  	0.83531  	-0.0827  	0.26934  	-0.2715  	0.42839  	0.01681  	-0.1787  	-0.5495  	0.30372  	-0.2045  	-0.1306  	-0.3636  	-0.1575  	-0.1461  	-0.1308  	-0.2261  	0.24806  	0.24348  	-0.0581  	0.20479  	0.22025  	0.17064  	-0.0035  	-0.2107  	0.24309  	-0.0120  	0.04136  	0.01346  	-0.0200  	-0.0800  	-0.0465  	0.03231  	0.00996  	0.05072  	-0.0061  	0.01577  	0.01582  	-0.0035  	0.02450  	0.00392  	-0.0321  	0.03158  	0.00447  	-0.0303  	0.02702  	-0.0042  	-0.0109  	0.03464  	-0.0087  	-0.0069  	-0.0242  	0.03589  	-0.0073  	0.02253  	-0.2797  	
-0.0347  	-0.0103  	0.04626  	0.41518  	-0.0383  	0.37180  	0.13325  	-0.6398  	0.15882  	0.03216  	0.14133  	0.27396  	0.01152  	-0.5403  	-0.9990  	0.80728  	-0.1054  	0.32130  	-0.2661  	0.46265  	-0.0982  	-0.2093  	-0.5784  	0.25923  	-0.1646  	-0.1471  	-0.3857  	-0.0990  	-0.0583  	-0.1462  	-0.1731  	0.22926  	0.25686  	-0.0394  	0.17491  	0.28041  	0.10133  	-0.0104  	-0.1557  	0.25360  	0.02276  	0.01972  	0.02524  	-0.0232  	-0.0725  	-0.0456  	0.03518  	0.00291  	0.04293  	-0.0020  	0.01681  	0.01385  	0.00233  	0.02230  	0.00427  	-0.0320  	0.03444  	0.00241  	-0.0324  	0.03202  	0.00291  	0.00048  	0.03414  	-0.0008  	-0.0069  	-0.0242  	0.03589  	-0.0073  	0.02253  	-0.2797  	
-0.1595  	-0.0148  	-0.0177  	0.41588  	-0.0157  	0.32830  	0.13187  	-0.6738  	0.14839  	0.04996  	0.17887  	0.25119  	-0.0130  	-0.5587  	-1.0272  	0.78849  	-0.0994  	0.30903  	-0.2892  	0.45720  	-0.0628  	-0.2081  	-0.5859  	0.26283  	-0.1215  	-0.1411  	-0.3761  	-0.1137  	-0.0533  	-0.1430  	-0.1850  	0.22110  	0.26497  	-0.0606  	0.17452  	0.28105  	0.11000  	-0.0161  	-0.1798  	0.26153  	0.01830  	0.03780  	0.02830  	-0.0283  	-0.0786  	-0.0470  	0.04055  	0.00056  	0.03276  	-0.0119  	0.01876  	0.01465  	-0.0011  	0.02606  	0.00703  	-0.0341  	0.03353  	0.00159  	-0.0298  	0.03538  	0.00162  	-0.0019  	0.03464  	0.00158  	-0.0069  	-0.0242  	0.03589  	-0.0073  	0.02253  	-0.2797  	
-0.3153  	-0.0799  	-0.0577  	0.25426  	-0.1146  	0.28574  	0.09288  	-0.7020  	0.12572  	0.05113  	0.25678  	0.22367  	-0.0766  	-0.7450  	-1.1145  	0.78196  	-0.0652  	0.31199  	-0.2727  	0.44588  	-0.0907  	-0.2306  	-0.5311  	0.23350  	-0.1637  	-0.1317  	-0.4153  	-0.0828  	-0.0566  	-0.1567  	-0.1937  	0.23332  	0.22153  	-0.0605  	0.10762  	0.27772  	0.11376  	0.00735  	-0.1729  	0.22284  	0.05944  	0.02219  	0.01885  	-0.0198  	-0.0731  	-0.0457  	0.04103  	-0.0091  	0.03601  	-0.0136  	0.01013  	0.01712  	0.00495  	0.02683  	0.00563  	-0.0380  	0.03236  	0.00569  	-0.0295  	0.02920  	0.00580  	-0.0050  	0.02972  	-0.0035  	-0.0069  	-0.0242  	0.03589  	-0.0073  	0.02253  	-0.2797  	
-0.3165  	-0.0801  	-0.0809  	0.34061  	-0.0803  	0.27815  	0.07737  	-0.7043  	0.14215  	0.04578  	0.19986  	0.27556  	-0.0442  	-0.7479  	-1.0627  	0.78649  	-0.0426  	0.31145  	-0.2890  	0.44415  	-0.1532  	-0.2347  	-0.5027  	0.20970  	-0.2013  	-0.0976  	-0.4640  	-0.0062  	-0.0246  	-0.1473  	-0.1670  	0.22697  	0.23413  	-0.0548  	0.06789  	0.26933  	0.05928  	-0.0039  	-0.1516  	0.23700  	0.06613  	0.01805  	0.03655  	-0.0194  	-0.0790  	-0.0476  	0.03853  	-0.0025  	0.03642  	-0.0093  	0.00682  	0.01641  	-0.0010  	0.02531  	0.00642  	-0.0377  	0.02826  	0.00389  	-0.0276  	0.03010  	0.00491  	0.00028  	0.03398  	-0.0034  	-0.0069  	-0.0242  	0.03589  	-0.0073  	0.02253  	-0.2797  	
-0.1416  	-0.0480  	-0.0547  	0.46632  	-0.0280  	0.34374  	0.10737  	-0.6588  	0.15873  	0.00569  	0.17661  	0.32713  	-0.0163  	-0.6267  	-0.9236  	0.77006  	-0.0794  	0.29518  	-0.2965  	0.43747  	-0.0703  	-0.2018  	-0.5256  	0.22214  	-0.2423  	-0.1065  	-0.4617  	-0.0613  	-0.0726  	-0.1514  	-0.1805  	0.22287  	0.26853  	-0.0613  	0.14865  	0.23637  	0.09228  	-0.0079  	-0.1768  	0.22823  	0.04771  	0.03094  	0.03513  	-0.0268  	-0.0795  	-0.0451  	0.04252  	0.00094  	0.04009  	-0.0085  	0.01213  	0.01318  	-0.0014  	0.02183  	0.00697  	-0.0396  	0.03245  	0.00731  	-0.0325  	0.02513  	-0.0001  	-0.0015  	0.03889  	0.00187  	-0.0069  	-0.0242  	0.03589  	-0.0073  	0.02253  	-0.2797  	
-0.1964  	-0.0221  	-0.0525  	0.41621  	0.00516  	0.29531  	0.12773  	-0.6977  	0.15365  	0.06120  	0.17976  	0.31637  	-0.0156  	-0.6275  	-0.9884  	0.80496  	-0.1105  	0.34371  	-0.2934  	0.48830  	-0.1518  	-0.2210  	-0.5895  	0.17561  	-0.2213  	-0.1198  	-0.5247  	0.02921  	0.00512  	-0.1606  	-0.1838  	0.21340  	0.25831  	-0.0457  	0.09508  	0.28627  	0.03281  	-0.0122  	-0.1541  	0.25070  	0.06965  	0.02170  	0.03832  	-0.0233  	-0.0844  	-0.0460  	0.03933  	-0.0016  	0.03902  	-0.0110  	0.01382  	0.01287  	0.00117  	0.02531  	0.00884  	-0.0403  	0.03645  	0.00442  	-0.0258  	0.02709  	-0.0011  	0.00131  	0.03542  	0.00055  	-0.0069  	-0.0242  	0.03589  	-0.0073  	0.02253  	-0.2797  	
-0.1920  	-0.0487  	-0.0097  	0.40586  	0.00156  	0.30282  	0.13575  	-0.6830  	0.15568  	0.06970  	0.22629  	0.30131  	-0.0206  	-0.6525  	-1.0417  	0.84240  	-0.1175  	0.34645  	-0.2899  	0.51548  	-0.1781  	-0.2374  	-0.5995  	0.20315  	-0.1866  	-0.1234  	-0.5120  	0.02323  	-0.0156  	-0.1496  	-0.1868  	0.22519  	0.25696  	-0.0534  	0.11054  	0.29174  	0.05124  	-0.0176  	-0.1658  	0.26023  	0.04879  	0.02160  	0.03249  	-0.0172  	-0.0838  	-0.0463  	0.04514  	0.00693  	0.04499  	-0.0234  	0.01777  	0.01224  	0.00263  	0.02171  	0.00968  	-0.0393  	0.03865  	0.00569  	-0.0258  	0.03002  	0.00141  	-0.0094  	0.03986  	0.00194  	-0.0069  	-0.0242  	0.03589  	-0.0073  	0.02253  	-0.2797  	
-0.2737  	-0.0891  	-0.0860  	0.39675  	-0.0349  	0.23214  	0.11385  	-0.7491  	0.12780  	0.06709  	0.19935  	0.29107  	-0.0568  	-0.7422  	-1.0726  	0.82077  	-0.0866  	0.34329  	-0.2754  	0.50119  	-0.1902  	-0.2473  	-0.5879  	0.22837  	-0.1361  	-0.1266  	-0.4475  	0.02390  	0.00817  	-0.1322  	-0.1963  	0.24375  	0.21772  	-0.0470  	0.09037  	0.31536  	0.04353  	-0.0288  	-0.1536  	0.25983  	0.03917  	0.02311  	0.02290  	-0.0154  	-0.0691  	-0.0454  	0.04051  	-0.0074  	0.04450  	-0.0113  	0.01604  	0.01549  	-8.1247  	0.02123  	0.00516  	-0.0368  	0.02809  	0.00839  	-0.0263  	0.02900  	0.00328  	-0.0072  	0.03464  	-0.0089  	-0.0069  	-0.0242  	0.03589  	-0.0073  	0.02253  	-0.2797  	
-0.3186  	-0.0949  	-0.1392  	0.43961  	0.04847  	0.21936  	0.11771  	-0.7370  	0.12989  	0.07745  	0.19812  	0.30950  	-0.0571  	-0.6828  	-1.0420  	0.78343  	-0.1007  	0.34142  	-0.2947  	0.47817  	-0.1800  	-0.2365  	-0.5904  	0.21460  	-0.1672  	-0.1174  	-0.4607  	0.03550  	0.02342  	-0.1231  	-0.1892  	0.22067  	0.23249  	-0.0427  	0.10000  	0.30427  	0.02918  	-0.0294  	-0.1441  	0.24570  	0.02678  	0.03237  	0.01082  	-0.0284  	-0.0706  	-0.0458  	0.04311  	-0.0045  	0.03867  	-0.0178  	0.01565  	0.01537  	0.00058  	0.02115  	0.00607  	-0.0403  	0.03615  	0.00573  	-0.0267  	0.02536  	0.00163  	-0.0085  	0.03508  	-0.0032  	-0.0069  	-0.0242  	0.03589  	-0.0073  	0.02253  	-0.2797  	
-0.3166  	-0.0815  	-0.1577  	0.50197  	0.10741  	0.20334  	0.10078  	-0.7121  	0.14592  	0.06425  	0.21196  	0.36994  	-0.0388  	-0.6272  	-0.9855  	0.77180  	-0.1165  	0.33407  	-0.3030  	0.48515  	-0.1644  	-0.2412  	-0.5899  	0.21395  	-0.2099  	-0.1098  	-0.4835  	0.04279  	0.02577  	-0.1143  	-0.1769  	0.21128  	0.25676  	-0.0436  	0.12607  	0.27558  	0.02728  	-0.0435  	-0.1425  	0.25001  	0.01345  	0.03665  	0.00407  	-0.0306  	-0.0690  	-0.0461  	0.04274  	-0.0106  	0.04033  	-0.0147  	0.01881  	0.01222  	-0.0008  	0.02060  	0.00642  	-0.0347  	0.03742  	0.00495  	-0.0269  	0.02806  	0.00112  	-0.0016  	0.03271  	-0.0017  	-0.0069  	-0.0242  	0.03589  	-0.0073  	0.02253  	-0.2797  	
-0.2064  	-0.0401  	-0.0759  	0.61724  	0.13901  	0.26983  	0.08971  	-0.6565  	0.17179  	0.00095  	0.16112  	0.41057  	-0.0014  	-0.5228  	-0.8390  	0.79088  	-0.0798  	0.30621  	-0.3041  	0.48024  	-0.1169  	-0.2353  	-0.5888  	0.24974  	-0.2416  	-0.1168  	-0.4850  	0.02815  	-0.0048  	-0.1329  	-0.2041  	0.21733  	0.26708  	-0.0395  	0.16229  	0.22035  	0.05096  	-0.0332  	-0.1479  	0.24627  	0.00910  	0.03047  	0.00744  	-0.0344  	-0.0777  	-0.0427  	0.03923  	-0.0027  	0.03730  	-0.0108  	0.01670  	0.01465  	-0.0052  	0.02085  	0.00821  	-0.0343  	0.03222  	0.00200  	-0.0270  	0.02876  	0.00261  	0.00018  	0.02503  	-0.0048  	-0.0069  	-0.0242  	0.03589  	-0.0073  	0.02253  	-0.2797  	
0.01187  	0.04670  	0.06154  	0.68575  	0.13755  	0.41358  	0.10808  	-0.5600  	0.21310  	-0.0018  	0.06544  	0.40473  	0.04701  	-0.4135  	-0.7348  	0.82211  	-0.0791  	0.26254  	-0.2896  	0.46400  	-0.0247  	-0.2415  	-0.5923  	0.26309  	-0.2378  	-0.1260  	-0.4105  	-0.0932  	-0.1152  	-0.1270  	-0.1926  	0.23867  	0.29316  	-0.0442  	0.20476  	0.16829  	0.11398  	-0.0101  	-0.1696  	0.24698  	-0.0085  	0.03145  	0.02305  	-0.0233  	-0.0816  	-0.0457  	0.03812  	0.01053  	0.04668  	-0.0171  	0.00792  	0.01231  	-0.0049  	0.02195  	0.00183  	-0.0263  	0.03294  	-0.0025  	-0.0327  	0.03221  	0.00654  	0.00857  	0.03239  	-0.0046  	-0.0069  	-0.0242  	0.03589  	-0.0073  	0.02253  	-0.2797  	
0.11320  	0.10417  	0.17512  	0.59855  	0.01353  	0.48779  	0.11133  	-0.4982  	0.22866  	-0.0380  	0.16786  	0.33270  	0.02883  	-0.3685  	-0.7229  	0.87126  	-0.0845  	0.20798  	-0.2631  	0.37277  	0.16156  	-0.1812  	-0.4813  	0.33876  	-0.1985  	-0.1391  	-0.3074  	-0.2960  	-0.2327  	-0.1469  	-0.2100  	0.25473  	0.27397  	-0.0617  	0.26633  	0.14879  	0.23250  	0.03173  	-0.2045  	0.20610  	-0.0430  	0.04116  	0.01471  	-0.0181  	-0.0793  	-0.0444  	0.03522  	0.01650  	0.04966  	-0.0099  	0.00702  	0.01604  	0.00084  	0.02724  	0.00350  	-0.0195  	0.02457  	0.00207  	-0.0331  	0.03274  	0.00830  	0.00180  	0.02874  	-0.0062  	-0.0069  	-0.0242  	0.03589  	-0.0073  	0.02253  	-0.2797  	
0.14084  	0.10736  	0.19862  	0.59194  	-0.0257  	0.52030  	0.10984  	-0.4624  	0.24043  	-0.0620  	0.25546  	0.34976  	0.01384  	-0.3781  	-0.7606  	0.91822  	-0.0737  	0.19247  	-0.2526  	0.33918  	0.21605  	-0.1987  	-0.4574  	0.35623  	-0.2284  	-0.1607  	-0.2876  	-0.3558  	-0.3131  	-0.1567  	-0.2144  	0.27337  	0.27584  	-0.0614  	0.28917  	0.12845  	0.29426  	0.05939  	-0.2323  	0.17180  	-0.0434  	0.03181  	0.01227  	-0.0232  	-0.0784  	-0.0404  	0.03096  	0.01400  	0.04879  	-0.0080  	0.00081  	0.01697  	0.00372  	0.03270  	0.00112  	-0.0217  	0.01859  	0.00522  	-0.0368  	0.03303  	0.00886  	0.00151  	0.03263  	-0.0075  	-0.0069  	-0.0242  	0.03589  	-0.0073  	0.02253  	-0.2797  	
0.13687  	0.10372  	0.18709  	0.57132  	-0.0404  	0.50180  	0.11023  	-0.4657  	0.25054  	-0.0695  	0.28342  	0.35660  	0.00339  	-0.3947  	-0.7790  	0.92106  	-0.0728  	0.19862  	-0.2588  	0.33819  	0.21225  	-0.2046  	-0.4551  	0.34924  	-0.2489  	-0.1541  	-0.2978  	-0.3595  	-0.3279  	-0.1606  	-0.2019  	0.27470  	0.28439  	-0.0625  	0.29089  	0.12338  	0.31018  	0.06692  	-0.2444  	0.16259  	-0.0346  	0.02977  	0.01779  	-0.0257  	-0.0799  	-0.0415  	0.03474  	0.00907  	0.04839  	-0.0063  	-0.0011  	0.01675  	0.00381  	0.03348  	0.00153  	-0.0207  	0.01846  	0.00569  	-0.0358  	0.03441  	0.00876  	0.00282  	0.03114  	-0.0060  	-0.0069  	-0.0242  	0.03589  	-0.0073  	0.02253  	-0.2797  	
0.13929  	0.09722  	0.17708  	0.56548  	-0.0304  	0.49116  	0.11117  	-0.4824  	0.25304  	-0.0565  	0.29280  	0.36116  	0.00424  	-0.3990  	-0.7991  	0.91522  	-0.0656  	0.19290  	-0.2722  	0.33399  	0.19078  	-0.2090  	-0.4516  	0.35314  	-0.2619  	-0.1502  	-0.2931  	-0.3453  	-0.3278  	-0.1541  	-0.1994  	0.27424  	0.28259  	-0.0645  	0.29931  	0.12135  	0.30285  	0.06377  	-0.2490  	0.16482  	-0.0346  	0.03051  	0.01804  	-0.0294  	-0.0833  	-0.0424  	0.03455  	0.00584  	0.04842  	-0.0091  	0.00028  	0.01876  	0.00170  	0.03202  	0.00279  	-0.0219  	0.01910  	0.00490  	-0.0349  	0.03383  	0.00814  	0.00331  	0.03168  	-0.0051  	-0.0069  	-0.0242  	0.03589  	-0.0073  	0.02253  	-0.2797  	
0.13928  	0.09723  	0.17708  	0.56548  	-0.0304  	0.49115  	0.11117  	-0.4824  	0.25304  	-0.0565  	0.29281  	0.36116  	0.00424  	-0.3990  	-0.7991  	0.91521  	-0.0656  	0.19290  	-0.2722  	0.33399  	0.19077  	-0.2090  	-0.4516  	0.35313  	-0.2619  	-0.1502  	-0.2931  	-0.3452  	-0.3278  	-0.1541  	-0.1994  	0.27424  	0.28260  	-0.0645  	0.29931  	0.12135  	0.30285  	0.06377  	-0.2490  	0.16481  	-0.0345  	0.03051  	0.01804  	-0.0294  	-0.0833  	-0.0424  	0.03455  	0.00584  	0.04841  	-0.0091  	0.00028  	0.01876  	0.00170  	0.03202  	0.00279  	-0.0219  	0.01911  	0.00489  	-0.0349  	0.03383  	0.00814  	0.00331  	0.03168  	-0.0051  	-0.0069  	-0.0242  	0.03589  	-0.0073  	0.02253  	-0.2797  	
0.13929  	0.09722  	0.17708  	0.56548  	-0.0304  	0.49116  	0.11117  	-0.4824  	0.25304  	-0.0565  	0.29280  	0.36116  	0.00424  	-0.3990  	-0.7991  	0.91522  	-0.0656  	0.19290  	-0.2722  	0.33399  	0.19078  	-0.2090  	-0.4516  	0.35314  	-0.2619  	-0.1502  	-0.2931  	-0.3452  	-0.3278  	-0.1541  	-0.1994  	0.27424  	0.28259  	-0.0645  	0.29931  	0.12135  	0.30285  	0.06377  	-0.2490  	0.16482  	-0.0346  	0.03051  	0.01804  	-0.0294  	-0.0833  	-0.0424  	0.03455  	0.00584  	0.04842  	-0.0091  	0.00028  	0.01876  	0.00170  	0.03202  	0.00279  	-0.0219  	0.01910  	0.00490  	-0.0349  	0.03384  	0.00814  	0.00331  	0.03168  	-0.0051  	-0.0069  	-0.0242  	0.03589  	-0.0073  	0.02253  	-0.2797  	
0.13929  	0.09722  	0.17708  	0.56548  	-0.0304  	0.49116  	0.11117  	-0.4824  	0.25304  	-0.0565  	0.29280  	0.36116  	0.00424  	-0.3990  	-0.7991  	0.91522  	-0.0656  	0.19290  	-0.2722  	0.33399  	0.19078  	-0.2090  	-0.4516  	0.35314  	-0.2619  	-0.1502  	-0.2931  	-0.3452  	-0.3278  	-0.1541  	-0.1994  	0.27424  	0.28259  	-0.0645  	0.29931  	0.12135  	0.30285  	0.06377  	-0.2490  	0.16482  	-0.0346  	0.03051  	0.01804  	-0.0294  	-0.0833  	-0.0424  	0.03455  	0.00584  	0.04842  	-0.0091  	0.00028  	0.01876  	0.00170  	0.03202  	0.00279  	-0.0219  	0.01910  	0.00490  	-0.0349  	0.03384  	0.00814  	0.00331  	0.03168  	-0.0051  	-0.0069  	-0.0242  	0.03589  	-0.0073  	0.02253  	-0.2797  	
