0.13932  	0.09724  	0.17709  	0.56552  	-0.0303  	0.49116  	0.11117  	-0.4824  	0.25303  	-0.0565  	0.29278  	0.36116  	0.00425  	-0.3990  	-0.7991  	0.91521  	-0.0657  	0.19290  	-0.2722  	0.33400  	0.19078  	-0.2090  	-0.4516  	0.35313  	-0.2618  	-0.1502  	-0.2931  	-0.3452  	-0.3278  	-0.1541  	-0.1994  	0.27423  	0.28261  	-0.0645  	0.29929  	0.12135  	0.30283  	0.06377  	-0.2490  	0.16484  	-0.0345  	0.03053  	0.01804  	-0.0294  	-0.0833  	-0.0424  	0.03456  	0.00585  	0.04840  	-0.0091  	0.00028  	0.01875  	0.00170  	0.03200  	0.00279  	-0.0219  	0.01912  	0.00490  	-0.0349  	0.03383  	0.00814  	0.00330  	0.03167  	-0.0051  	-0.0069  	-0.0242  	0.03589  	-0.0073  	0.02253  	-0.2797  	
0.13932  	0.09724  	0.17709  	0.56552  	-0.0303  	0.49116  	0.11117  	-0.4824  	0.25303  	-0.0565  	0.29278  	0.36116  	0.00425  	-0.3990  	-0.7991  	0.91521  	-0.0657  	0.19290  	-0.2722  	0.33400  	0.19078  	-0.2090  	-0.4516  	0.35313  	-0.2618  	-0.1502  	-0.2931  	-0.3452  	-0.3278  	-0.1541  	-0.1994  	0.27423  	0.28261  	-0.0645  	0.29929  	0.12135  	0.30283  	0.06377  	-0.2490  	0.16484  	-0.0345  	0.03053  	0.01804  	-0.0294  	-0.0833  	-0.0424  	0.03456  	0.00585  	0.04840  	-0.0091  	0.00028  	0.01875  	0.00170  	0.03200  	0.00279  	-0.0219  	0.01912  	0.00490  	-0.0349  	0.03383  	0.00814  	0.00330  	0.03167  	-0.0051  	-0.0069  	-0.0242  	0.03589  	-0.0073  	0.02253  	-0.2797  	
0.13932  	0.09724  	0.17709  	0.56552  	-0.0303  	0.49116  	0.11117  	-0.4824  	0.25303  	-0.0565  	0.29278  	0.36116  	0.00425  	-0.3990  	-0.7991  	0.91521  	-0.0657  	0.19290  	-0.2722  	0.33400  	0.19078  	-0.2090  	-0.4516  	0.35313  	-0.2618  	-0.1502  	-0.2931  	-0.3452  	-0.3278  	-0.1541  	-0.1994  	0.27423  	0.28261  	-0.0645  	0.29929  	0.12135  	0.30283  	0.06377  	-0.2490  	0.16484  	-0.0345  	0.03053  	0.01804  	-0.0294  	-0.0833  	-0.0424  	0.03456  	0.00585  	0.04840  	-0.0091  	0.00028  	0.01875  	0.00170  	0.03200  	0.00279  	-0.0219  	0.01912  	0.00490  	-0.0349  	0.03383  	0.00814  	0.00330  	0.03167  	-0.0051  	-0.0069  	-0.0242  	0.03589  	-0.0073  	0.02253  	-0.2797  	
0.14780  	0.09547  	0.17377  	0.57891  	-0.0169  	0.49618  	0.11308  	-0.4880  	0.24962  	-0.0614  	0.27329  	0.35207  	0.01225  	-0.3950  	-0.7902  	0.91292  	-0.0630  	0.19846  	-0.2699  	0.33894  	0.18022  	-0.2049  	-0.4595  	0.35734  	-0.2491  	-0.1499  	-0.2900  	-0.3408  	-0.3137  	-0.1501  	-0.2022  	0.27154  	0.28195  	-0.0659  	0.30237  	0.12674  	0.28893  	0.05683  	-0.2423  	0.16914  	-0.0411  	0.03098  	0.01699  	-0.0302  	-0.0823  	-0.0418  	0.03466  	0.00675  	0.05006  	-0.0090  	0.00264  	0.01817  	0.00130  	0.02996  	0.00316  	-0.0220  	0.01961  	0.00551  	-0.0357  	0.03330  	0.00659  	0.00293  	0.03315  	-0.0059  	-0.0069  	-0.0242  	0.03589  	-0.0073  	0.02253  	-0.2797  	
0.15094  	0.10188  	0.16694  	0.61972  	0.02264  	0.50296  	0.11726  	-0.5013  	0.23426  	-0.0569  	0.21286  	0.33712  	0.03236  	-0.3596  	-0.7732  	0.89957  	-0.0683  	0.20212  	-0.2694  	0.34329  	0.14476  	-0.1986  	-0.4813  	0.36297  	-0.2065  	-0.1536  	-0.2803  	-0.3133  	-0.2685  	-0.1345  	-0.2124  	0.26015  	0.27298  	-0.0660  	0.30525  	0.14197  	0.25453  	0.03376  	-0.2323  	0.18646  	-0.0569  	0.03859  	0.01039  	-0.0284  	-0.0822  	-0.0416  	0.03207  	0.01092  	0.05184  	-0.0061  	0.00894  	0.01658  	-2.6311  	0.02685  	0.00366  	-0.0199  	0.01962  	0.00464  	-0.0365  	0.03175  	0.00538  	0.00471  	0.03370  	-0.0079  	-0.0069  	-0.0242  	0.03589  	-0.0073  	0.02253  	-0.2797  	
0.14766  	0.06745  	0.10956  	0.77312  	0.15251  	0.51476  	0.13291  	-0.5335  	0.18786  	-0.0510  	0.06352  	0.30909  	0.09387  	-0.2745  	-0.6890  	0.82708  	-0.0823  	0.21190  	-0.2743  	0.36514  	0.04036  	-0.1742  	-0.5736  	0.32391  	-0.1047  	-0.1727  	-0.2842  	-0.2150  	-0.1265  	-0.0749  	-0.2360  	0.24210  	0.25197  	-0.0583  	0.29439  	0.19473  	0.16802  	-0.0065  	-0.1985  	0.22826  	-0.0685  	0.06120  	-0.0063  	-0.0284  	-0.0785  	-0.0381  	0.03053  	0.02224  	0.05434  	-0.0119  	0.01881  	0.01465  	0.00019  	0.02432  	0.00640  	-0.0152  	0.02208  	0.00323  	-0.0318  	0.03197  	0.00497  	0.00101  	0.02819  	-0.0113  	-0.0069  	-0.0242  	0.03589  	-0.0073  	0.02253  	-0.2797  	
0.14387  	0.08686  	0.01385  	0.93588  	0.31266  	0.50292  	0.16332  	-0.5475  	0.17915  	-0.0269  	-0.0925  	0.32325  	0.13075  	-0.1922  	-0.5639  	0.78405  	-0.1093  	0.22365  	-0.2994  	0.38547  	-0.0964  	-0.1625  	-0.6514  	0.26662  	-0.0338  	-0.1836  	-0.2795  	-0.0816  	0.02377  	-0.0090  	-0.2649  	0.21462  	0.25528  	-0.0408  	0.27305  	0.23302  	0.06838  	-0.0496  	-0.1409  	0.27036  	-0.1054  	0.06837  	-0.0134  	-0.0308  	-0.0684  	-0.0330  	0.02297  	0.02645  	0.05777  	-0.0162  	0.02900  	0.01242  	-0.0014  	0.02014  	0.00520  	-0.0143  	0.02279  	0.00539  	-0.0258  	0.03013  	0.00173  	0.00197  	0.02735  	-0.0132  	-0.0069  	-0.0242  	0.03589  	-0.0073  	0.02253  	-0.2797  	
0.17082  	0.13064  	-0.1164  	1.14507  	0.44281  	0.43851  	0.18180  	-0.5622  	0.20205  	0.02198  	-0.3149  	0.29582  	0.18770  	-0.0833  	-0.4111  	0.69775  	-0.1460  	0.22728  	-0.3018  	0.35828  	-0.1911  	-0.0997  	-0.6875  	0.26734  	0.05551  	-0.1718  	-0.2444  	-0.0503  	0.16324  	0.04737  	-0.2711  	0.18539  	0.25475  	-0.0327  	0.27209  	0.23004  	-0.0236  	-0.0851  	-0.0867  	0.29572  	-0.1476  	0.07823  	-0.0201  	-0.0155  	-0.0718  	-0.0398  	0.02074  	0.01743  	0.06714  	-0.0276  	0.02603  	0.01123  	0.00485  	0.02181  	0.00548  	-0.0108  	0.01582  	0.00156  	-0.0208  	0.03448  	0.00558  	0.00372  	0.01729  	-0.0138  	-0.0069  	-0.0242  	0.03589  	-0.0073  	0.02253  	-0.2797  	
0.06730  	0.06288  	-0.1648  	1.18465  	0.47592  	0.36444  	0.12548  	-0.5706  	0.19602  	0.03122  	-0.2122  	0.32319  	0.18987  	0.00377  	-0.4025  	0.73639  	-0.1631  	0.19789  	-0.3410  	0.42121  	-0.1471  	-0.1018  	-0.7505  	0.36461  	0.06967  	-0.1745  	-0.2968  	-0.0826  	0.09573  	0.04286  	-0.2392  	0.18228  	0.24776  	-0.0380  	0.31207  	0.20693  	-0.0313  	-0.0944  	-0.1334  	0.31258  	-0.1772  	0.10523  	-0.0586  	-0.0495  	-0.0764  	-0.0439  	0.03229  	0.00280  	0.05322  	-0.0217  	0.02668  	0.01009  	-0.0089  	0.02654  	-0.0035  	-0.0258  	0.02339  	0.00343  	-0.0361  	0.02335  	-0.0001  	0.00402  	0.01189  	-0.0111  	-0.0069  	-0.0242  	0.03589  	-0.0073  	0.02253  	-0.2797  	
-0.1825  	-0.0356  	-0.2196  	0.93077  	0.38346  	0.09397  	0.16265  	-0.5806  	0.15851  	0.06901  	0.08524  	0.40535  	0.09738  	-0.2660  	-0.6897  	0.76231  	-0.1616  	0.28133  	-0.3156  	0.56402  	-0.1414  	-0.2254  	-0.7878  	0.29751  	-0.1162  	-0.1585  	-0.4088  	0.00745  	0.00571  	-0.0600  	-0.2158  	0.19779  	0.29428  	-0.0505  	0.30570  	0.23755  	0.01669  	-0.0867  	-0.1407  	0.32132  	-0.1160  	0.08259  	-0.0747  	-0.0430  	-0.0711  	-0.0433  	0.03686  	0.00315  	0.03908  	-0.0188  	0.00684  	0.02568  	-0.0056  	0.03218  	0.01045  	-0.0336  	0.04208  	-0.0070  	-0.0266  	0.03495  	0.00702  	0.00360  	0.01570  	-0.0139  	-0.0069  	-0.0242  	0.03589  	-0.0073  	0.02253  	-0.2797  	
-0.3845  	-0.1261  	-0.2305  	0.69963  	0.19546  	0.05037  	0.11577  	-0.7161  	0.13479  	0.11318  	0.23258  	0.48647  	0.05861  	-0.5060  	-0.9286  	0.80068  	-0.1476  	0.36587  	-0.3002  	0.61116  	-0.1357  	-0.2250  	-0.6881  	0.27865  	-0.2796  	-0.1194  	-0.6047  	0.06026  	-0.0496  	-0.1188  	-0.1892  	0.20442  	0.29728  	-0.0431  	0.20048  	0.22898  	0.00070  	-0.0559  	-0.1524  	0.27183  	-0.0511  	0.05196  	-0.0222  	-0.0604  	-0.0713  	-0.0459  	0.04058  	0.01973  	0.04815  	-0.0214  	0.01126  	0.01463  	-0.0054  	0.03137  	-0.0025  	-0.0358  	0.03060  	-0.0005  	-0.0324  	0.02799  	0.00068  	-0.0095  	0.01313  	-0.0115  	-0.0069  	-0.0242  	0.03589  	-0.0073  	0.02253  	-0.2797  	
-0.3803  	-0.0944  	-0.1696  	0.51527  	0.18546  	0.18249  	0.16304  	-0.6776  	0.15201  	0.11882  	0.27308  	0.46727  	-0.0123  	-0.5819  	-0.9588  	0.76182  	-0.1597  	0.33574  	-0.2841  	0.57561  	-0.1246  	-0.2464  	-0.6287  	0.27064  	-0.2259  	-0.1218  	-0.5094  	0.03569  	-0.0575  	-0.1514  	-0.1851  	0.20243  	0.27081  	-0.0368  	0.18158  	0.24900  	0.04512  	-0.0471  	-0.1558  	0.23747  	0.00033  	0.04313  	-0.0120  	-0.0461  	-0.0595  	-0.0456  	0.03823  	0.00076  	0.04011  	-0.0038  	0.02000  	0.01552  	-0.0016  	0.02214  	0.00227  	-0.0358  	0.03759  	0.00244  	-0.0318  	0.03109  	0.00197  	-0.0099  	0.02422  	-0.0075  	-0.0069  	-0.0242  	0.03589  	-0.0073  	0.02253  	-0.2797  	
-0.1841  	-0.0192  	-0.0389  	0.48245  	0.04324  	0.32191  	0.12785  	-0.6589  	0.18445  	0.02123  	0.08810  	0.34071  	0.00891  	-0.5605  	-0.8718  	0.72271  	-0.1075  	0.32398  	-0.2924  	0.46727  	-0.0948  	-0.2233  	-0.5666  	0.22921  	-0.2033  	-0.1272  	-0.4678  	-0.0175  	-0.0229  	-0.1154  	-0.1923  	0.20909  	0.26785  	-0.0432  	0.13095  	0.22691  	0.05659  	-0.0302  	-0.1371  	0.25127  	0.00835  	0.03479  	0.01658  	-0.0192  	-0.0755  	-0.0433  	0.03887  	0.01094  	0.04799  	-0.0142  	0.01638  	0.01511  	-3.0100  	0.02181  	0.00231  	-0.0346  	0.03321  	0.00032  	-0.0278  	0.02829  	0.00486  	-0.0097  	0.03353  	0.00027  	-0.0069  	-0.0242  	0.03589  	-0.0073  	0.02253  	-0.2797  	
0.00704  	0.02500  	0.07911  	0.58686  	0.02958  	0.41347  	0.10858  	-0.5920  	0.17751  	0.00277  	0.08662  	0.32940  	0.03151  	-0.4972  	-0.7994  	0.77459  	-0.0705  	0.27883  	-0.2824  	0.42934  	0.01233  	-0.2128  	-0.5185  	0.23194  	-0.2223  	-0.1457  	-0.4197  	-0.1391  	-0.1160  	-0.1308  	-0.1852  	0.23852  	0.26000  	-0.0514  	0.17584  	0.19673  	0.15143  	0.00034  	-0.1804  	0.22954  	0.01041  	0.02355  	0.03673  	-0.0127  	-0.0710  	-0.0395  	0.03960  	0.01385  	0.04597  	-0.0168  	0.00657  	0.00872  	-0.0006  	0.01921  	0.00013  	-0.0235  	0.03393  	0.00369  	-0.0297  	0.02467  	0.00253  	0.00399  	0.02981  	-0.0051  	-0.0069  	-0.0242  	0.03589  	-0.0073  	0.02253  	-0.2797  	
0.10862  	0.06258  	0.15034  	0.61080  	0.02216  	0.46583  	0.10513  	-0.5214  	0.21301  	-0.0181  	0.16523  	0.33929  	0.01745  	-0.4561  	-0.7692  	0.85591  	-0.0832  	0.25678  	-0.2767  	0.41736  	0.08633  	-0.1880  	-0.5275  	0.24916  	-0.2188  	-0.1387  	-0.4206  	-0.2236  	-0.1512  	-0.1558  	-0.1956  	0.23798  	0.28079  	-0.0600  	0.19961  	0.18187  	0.19502  	0.02731  	-0.1895  	0.19934  	0.01792  	0.01597  	0.03752  	-0.0207  	-0.0750  	-0.0442  	0.04296  	0.00936  	0.05358  	-0.0146  	0.00290  	0.01156  	0.00150  	0.02586  	0.00376  	-0.0267  	0.02663  	0.00368  	-0.0351  	0.03346  	0.00098  	0.00282  	0.03027  	-0.0047  	-0.0069  	-0.0242  	0.03589  	-0.0073  	0.02253  	-0.2797  	
0.15750  	0.08756  	0.19844  	0.59776  	-0.0172  	0.53513  	0.11742  	-0.4885  	0.22963  	-0.0362  	0.24869  	0.31488  	-0.0045  	-0.4152  	-0.7631  	0.90824  	-0.0720  	0.18302  	-0.2636  	0.35311  	0.18844  	-0.1787  	-0.4685  	0.33597  	-0.2233  	-0.1483  	-0.3039  	-0.3541  	-0.2885  	-0.1585  	-0.2040  	0.27496  	0.27346  	-0.0618  	0.26528  	0.14502  	0.28888  	0.05580  	-0.2374  	0.17642  	-0.0327  	0.02539  	0.02571  	-0.0211  	-0.0802  	-0.0431  	0.03699  	0.01209  	0.05361  	-0.0125  	-0.0011  	0.01505  	0.00294  	0.03130  	0.00382  	-0.0225  	0.02147  	0.00307  	-0.0357  	0.03682  	0.00656  	0.00075  	0.03495  	-0.0048  	-0.0069  	-0.0242  	0.03589  	-0.0073  	0.02253  	-0.2797  	
0.15699  	0.08611  	0.21091  	0.60383  	-0.0209  	0.54186  	0.12631  	-0.4916  	0.23103  	-0.0420  	0.24301  	0.29601  	0.01634  	-0.3889  	-0.7654  	0.90632  	-0.0751  	0.18238  	-0.2630  	0.35005  	0.20972  	-0.1891  	-0.4836  	0.36543  	-0.1953  	-0.1589  	-0.2798  	-0.3760  	-0.2972  	-0.1520  	-0.2060  	0.27571  	0.26179  	-0.0606  	0.28884  	0.14697  	0.28924  	0.05014  	-0.2385  	0.17902  	-0.0516  	0.03340  	0.01551  	-0.0286  	-0.0782  	-0.0438  	0.03303  	0.01480  	0.05451  	-0.0104  	0.00768  	0.01551  	0.00377  	0.03028  	0.00364  	-0.0186  	0.02130  	0.00622  	-0.0366  	0.03580  	0.00686  	-0.0009  	0.03709  	-0.0049  	-0.0069  	-0.0242  	0.03589  	-0.0073  	0.02253  	-0.2797  	
0.14333  	0.08838  	0.20892  	0.56894  	-0.0498  	0.52557  	0.11784  	-0.4730  	0.25108  	-0.0471  	0.28125  	0.32571  	0.01858  	-0.3897  	-0.7943  	0.92007  	-0.0750  	0.19608  	-0.2621  	0.34308  	0.21603  	-0.2034  	-0.4695  	0.35274  	-0.2422  	-0.1542  	-0.2921  	-0.3621  	-0.3152  	-0.1575  	-0.2017  	0.27584  	0.28099  	-0.0615  	0.28957  	0.13443  	0.30310  	0.06170  	-0.2427  	0.17071  	-0.0327  	0.03365  	0.02073  	-0.0296  	-0.0773  	-0.0450  	0.03493  	0.00801  	0.04942  	-0.0060  	0.00267  	0.01557  	0.00505  	0.03257  	0.00327  	-0.0206  	0.01868  	0.00612  	-0.0349  	0.03781  	0.00854  	0.00053  	0.03320  	-0.0040  	-0.0069  	-0.0242  	0.03589  	-0.0073  	0.02253  	-0.2797  	
0.14094  	0.09893  	0.18955  	0.56721  	-0.0385  	0.50721  	0.11442  	-0.4725  	0.25662  	-0.0563  	0.28997  	0.35565  	0.01232  	-0.3844  	-0.8015  	0.92196  	-0.0717  	0.19273  	-0.2666  	0.33315  	0.20440  	-0.2018  	-0.4604  	0.35473  	-0.2582  	-0.1525  	-0.2922  	-0.3576  	-0.3283  	-0.1566  	-0.1997  	0.27651  	0.28394  	-0.0624  	0.29561  	0.12664  	0.30665  	0.06283  	-0.2459  	0.16810  	-0.0302  	0.03037  	0.01994  	-0.0291  	-0.0811  	-0.0430  	0.03474  	0.00747  	0.04961  	-0.0074  	0.00066  	0.01680  	0.00341  	0.03305  	0.00242  	-0.0215  	0.01744  	0.00570  	-0.0347  	0.03661  	0.00855  	0.00288  	0.03307  	-0.0049  	-0.0069  	-0.0242  	0.03589  	-0.0073  	0.02253  	-0.2797  	
0.14250  	0.09994  	0.18184  	0.56633  	-0.0336  	0.49471  	0.11092  	-0.4776  	0.25583  	-0.0586  	0.29302  	0.36416  	0.00708  	-0.3925  	-0.8001  	0.91936  	-0.0699  	0.19213  	-0.2694  	0.33049  	0.19722  	-0.2040  	-0.4533  	0.35224  	-0.2629  	-0.1507  	-0.2938  	-0.3521  	-0.3307  	-0.1548  	-0.1980  	0.27549  	0.28461  	-0.0635  	0.29776  	0.12162  	0.30676  	0.06428  	-0.2487  	0.16556  	-0.0314  	0.03043  	0.01929  	-0.0290  	-0.0828  	-0.0425  	0.03493  	0.00621  	0.04889  	-0.0086  	-0.0007  	0.01793  	0.00242  	0.03291  	0.00250  	-0.0218  	0.01798  	0.00533  	-0.0348  	0.03505  	0.00830  	0.00363  	0.03209  	-0.0053  	-0.0069  	-0.0242  	0.03589  	-0.0073  	0.02253  	-0.2797  	
0.13932  	0.09724  	0.17709  	0.56552  	-0.0303  	0.49116  	0.11117  	-0.4824  	0.25303  	-0.0565  	0.29278  	0.36116  	0.00425  	-0.3990  	-0.7991  	0.91521  	-0.0657  	0.19290  	-0.2722  	0.33400  	0.19078  	-0.2090  	-0.4516  	0.35313  	-0.2618  	-0.1502  	-0.2931  	-0.3452  	-0.3278  	-0.1541  	-0.1994  	0.27423  	0.28261  	-0.0645  	0.29929  	0.12135  	0.30283  	0.06377  	-0.2490  	0.16484  	-0.0345  	0.03053  	0.01804  	-0.0294  	-0.0833  	-0.0424  	0.03456  	0.00585  	0.04840  	-0.0091  	0.00028  	0.01875  	0.00170  	0.03200  	0.00279  	-0.0219  	0.01912  	0.00490  	-0.0349  	0.03383  	0.00814  	0.00330  	0.03167  	-0.0051  	-0.0069  	-0.0242  	0.03589  	-0.0073  	0.02253  	-0.2797  	
0.13932  	0.09724  	0.17709  	0.56552  	-0.0303  	0.49116  	0.11117  	-0.4824  	0.25303  	-0.0565  	0.29278  	0.36116  	0.00425  	-0.3990  	-0.7991  	0.91521  	-0.0657  	0.19290  	-0.2722  	0.33400  	0.19078  	-0.2090  	-0.4516  	0.35313  	-0.2618  	-0.1502  	-0.2931  	-0.3452  	-0.3278  	-0.1541  	-0.1994  	0.27423  	0.28261  	-0.0645  	0.29929  	0.12135  	0.30283  	0.06377  	-0.2490  	0.16484  	-0.0345  	0.03053  	0.01804  	-0.0294  	-0.0833  	-0.0424  	0.03456  	0.00585  	0.04840  	-0.0091  	0.00028  	0.01875  	0.00170  	0.03200  	0.00279  	-0.0219  	0.01912  	0.00490  	-0.0349  	0.03383  	0.00814  	0.00330  	0.03167  	-0.0051  	-0.0069  	-0.0242  	0.03589  	-0.0073  	0.02253  	-0.2797  	
0.13932  	0.09724  	0.17709  	0.56552  	-0.0303  	0.49116  	0.11117  	-0.4824  	0.25303  	-0.0565  	0.29278  	0.36116  	0.00425  	-0.3990  	-0.7991  	0.91521  	-0.0657  	0.19290  	-0.2722  	0.33400  	0.19078  	-0.2090  	-0.4516  	0.35313  	-0.2618  	-0.1502  	-0.2931  	-0.3452  	-0.3278  	-0.1541  	-0.1994  	0.27423  	0.28261  	-0.0645  	0.29929  	0.12135  	0.30283  	0.06377  	-0.2490  	0.16484  	-0.0345  	0.03053  	0.01804  	-0.0294  	-0.0833  	-0.0424  	0.03456  	0.00585  	0.04840  	-0.0091  	0.00028  	0.01875  	0.00170  	0.03200  	0.00279  	-0.0219  	0.01912  	0.00490  	-0.0349  	0.03383  	0.00814  	0.00330  	0.03167  	-0.0051  	-0.0069  	-0.0242  	0.03589  	-0.0073  	0.02253  	-0.2797  	
0.13932  	0.09724  	0.17709  	0.56552  	-0.0303  	0.49116  	0.11117  	-0.4824  	0.25303  	-0.0565  	0.29278  	0.36116  	0.00425  	-0.3990  	-0.7991  	0.91521  	-0.0657  	0.19290  	-0.2722  	0.33400  	0.19078  	-0.2090  	-0.4516  	0.35313  	-0.2618  	-0.1502  	-0.2931  	-0.3452  	-0.3278  	-0.1541  	-0.1994  	0.27423  	0.28261  	-0.0645  	0.29929  	0.12135  	0.30283  	0.06377  	-0.2490  	0.16484  	-0.0345  	0.03053  	0.01804  	-0.0294  	-0.0833  	-0.0424  	0.03456  	0.00585  	0.04840  	-0.0091  	0.00028  	0.01875  	0.00170  	0.03200  	0.00279  	-0.0219  	0.01912  	0.00490  	-0.0349  	0.03383  	0.00814  	0.00330  	0.03167  	-0.0051  	-0.0069  	-0.0242  	0.03589  	-0.0073  	0.02253  	-0.2797  	
0.13932  	0.09724  	0.17709  	0.56552  	-0.0303  	0.49116  	0.11117  	-0.4824  	0.25303  	-0.0565  	0.29278  	0.36116  	0.00425  	-0.3990  	-0.7991  	0.91521  	-0.0657  	0.19290  	-0.2722  	0.33400  	0.19078  	-0.2090  	-0.4516  	0.35313  	-0.2618  	-0.1502  	-0.2931  	-0.3452  	-0.3278  	-0.1541  	-0.1994  	0.27423  	0.28261  	-0.0645  	0.29929  	0.12135  	0.30283  	0.06377  	-0.2490  	0.16484  	-0.0345  	0.03053  	0.01804  	-0.0294  	-0.0833  	-0.0424  	0.03456  	0.00585  	0.04840  	-0.0091  	0.00028  	0.01875  	0.00170  	0.03200  	0.00279  	-0.0219  	0.01912  	0.00490  	-0.0349  	0.03383  	0.00814  	0.00330  	0.03167  	-0.0051  	-0.0069  	-0.0242  	0.03589  	-0.0073  	0.02253  	-0.2797  	
0.14610  	0.09706  	0.17913  	0.57832  	-0.0186  	0.50082  	0.11504  	-0.4822  	0.24992  	-0.0598  	0.27236  	0.35431  	0.01319  	-0.3902  	-0.7949  	0.91546  	-0.0647  	0.19743  	-0.2694  	0.33598  	0.18077  	-0.2043  	-0.4583  	0.35819  	-0.2506  	-0.1503  	-0.2850  	-0.3470  	-0.3152  	-0.1503  	-0.2019  	0.27157  	0.28077  	-0.0643  	0.30185  	0.12797  	0.28993  	0.05797  	-0.2416  	0.16941  	-0.0423  	0.03153  	0.01744  	-0.0293  	-0.0827  	-0.0421  	0.03470  	0.00845  	0.05080  	-0.0093  	0.00338  	0.01798  	0.00174  	0.03062  	0.00303  	-0.0218  	0.01869  	0.00564  	-0.0355  	0.03323  	0.00698  	0.00358  	0.03413  	-0.0056  	-0.0069  	-0.0242  	0.03589  	-0.0073  	0.02253  	-0.2797  	
0.16135  	0.09467  	0.18891  	0.61460  	0.00905  	0.52782  	0.11959  	-0.4907  	0.23111  	-0.0570  	0.21856  	0.33386  	0.03577  	-0.3592  	-0.7847  	0.90558  	-0.0694  	0.19670  	-0.2732  	0.33415  	0.15872  	-0.1977  	-0.4743  	0.36182  	-0.2099  	-0.1534  	-0.2745  	-0.3276  	-0.2713  	-0.1391  	-0.2044  	0.26209  	0.27312  	-0.0657  	0.30215  	0.14407  	0.25949  	0.03072  	-0.2337  	0.18134  	-0.0566  	0.03690  	0.00832  	-0.0283  	-0.0803  	-0.0427  	0.03274  	0.01271  	0.05438  	-0.0080  	0.01045  	0.01590  	0.00251  	0.02635  	0.00343  	-0.0202  	0.01882  	0.00580  	-0.0353  	0.03308  	0.00694  	0.00577  	0.03798  	-0.0055  	-0.0069  	-0.0242  	0.03589  	-0.0073  	0.02253  	-0.2797  	
0.09942  	0.06621  	0.12907  	0.61479  	0.06579  	0.46420  	0.12582  	-0.5533  	0.22002  	-0.0071  	0.20979  	0.36394  	0.04119  	-0.4156  	-0.8800  	0.89408  	-0.1063  	0.26281  	-0.2894  	0.41700  	0.05304  	-0.2360  	-0.5538  	0.28399  	-0.2204  	-0.1391  	-0.3785  	-0.2100  	-0.1682  	-0.1295  	-0.2038  	0.25100  	0.29588  	-0.0572  	0.26176  	0.19943  	0.17219  	0.01490  	-0.1903  	0.21469  	-0.0237  	0.04169  	0.01193  	-0.0361  	-0.0786  	-0.0409  	0.03422  	0.01720  	0.05025  	-0.0107  	0.01274  	0.01676  	0.00157  	0.02838  	0.00674  	-0.0249  	0.02840  	0.00306  	-0.0317  	0.02946  	0.00662  	-0.0033  	0.03715  	-0.0071  	-0.0069  	-0.0242  	0.03589  	-0.0073  	0.02253  	-0.2797  	
0.02281  	0.03161  	0.10354  	0.53252  	0.03190  	0.39695  	0.15193  	-0.5875  	0.23825  	0.04795  	0.19058  	0.32954  	0.04253  	-0.4819  	-0.9546  	0.91252  	-0.1032  	0.32965  	-0.2923  	0.45416  	-0.0601  	-0.2435  	-0.5863  	0.22063  	-0.2303  	-0.1266  	-0.4871  	-0.0647  	-0.0840  	-0.1486  	-0.2009  	0.23224  	0.31322  	-0.0546  	0.18881  	0.23482  	0.10303  	-0.0047  	-0.1719  	0.23886  	0.02868  	0.02615  	0.03920  	-0.0370  	-0.0842  	-0.0461  	0.04140  	0.01319  	0.05236  	-0.0161  	0.02274  	0.01193  	-0.0019  	0.02218  	0.00835  	-0.0324  	0.03271  	0.00168  	-0.0288  	0.02697  	0.00437  	-0.0025  	0.03867  	0.00072  	-0.0069  	-0.0242  	0.03589  	-0.0073  	0.02253  	-0.2797  	
-0.1913  	-0.0212  	-0.0390  	0.39104  	-0.0317  	0.26727  	0.14165  	-0.6955  	0.16496  	0.12044  	0.20861  	0.26660  	-0.0255  	-0.5920  	-1.0828  	0.81494  	-0.1178  	0.35296  	-0.2783  	0.48828  	-0.1645  	-0.2491  	-0.5999  	0.19045  	-0.1507  	-0.1337  	-0.4709  	0.02495  	-0.0234  	-0.1428  	-0.1866  	0.21573  	0.25931  	-0.0533  	0.12610  	0.29880  	0.05283  	-0.0178  	-0.1508  	0.25389  	0.04817  	0.02487  	0.03111  	-0.0219  	-0.0798  	-0.0508  	0.04454  	0.00904  	0.03587  	-0.0224  	0.02054  	0.01862  	-0.0047  	0.02362  	0.00763  	-0.0353  	0.03261  	0.00437  	-0.0303  	0.02872  	0.00968  	-0.0029  	0.03872  	-0.0035  	-0.0069  	-0.0242  	0.03589  	-0.0073  	0.02253  	-0.2797  	
-0.3072  	-0.0701  	-0.0817  	0.32949  	-0.0814  	0.27452  	0.10755  	-0.7258  	0.12298  	0.02816  	0.24180  	0.22258  	-0.0677  	-0.7148  	-1.0461  	0.77920  	-0.0619  	0.29586  	-0.2817  	0.42381  	-0.1013  	-0.2342  	-0.5507  	0.25971  	-0.1404  	-0.1353  	-0.3756  	-0.0842  	-0.0534  	-0.1338  	-0.1972  	0.24973  	0.23090  	-0.0566  	0.14850  	0.28571  	0.11907  	0.00241  	-0.1840  	0.22667  	0.05066  	0.03070  	0.02436  	-0.0281  	-0.0681  	-0.0456  	0.04467  	-0.0184  	0.03750  	-0.0103  	0.01693  	0.01819  	0.00356  	0.02569  	0.00875  	-0.0370  	0.02998  	0.00829  	-0.0257  	0.03287  	0.00152  	-0.0110  	0.03429  	-0.0025  	-0.0069  	-0.0242  	0.03589  	-0.0073  	0.02253  	-0.2797  	
-0.2978  	-0.0585  	-0.0475  	0.32255  	-0.0866  	0.30419  	0.08689  	-0.6929  	0.13232  	-0.0044  	0.25280  	0.23349  	-0.0801  	-0.7170  	-1.0143  	0.78675  	-0.0548  	0.25886  	-0.2823  	0.40076  	-0.0766  	-0.2125  	-0.4751  	0.25725  	-0.1787  	-0.1235  	-0.3795  	-0.0987  	-0.0908  	-0.1529  	-0.1997  	0.24549  	0.23793  	-0.0522  	0.14424  	0.27887  	0.13289  	0.01419  	-0.1921  	0.21748  	0.04236  	0.03437  	0.01468  	-0.0292  	-0.0688  	-0.0466  	0.04105  	-0.0147  	0.03856  	-0.0102  	0.01272  	0.01573  	0.00028  	0.03058  	0.00565  	-0.0364  	0.02968  	0.00544  	-0.0256  	0.03142  	0.00341  	-0.0069  	0.03530  	0.00098  	-0.0069  	-0.0242  	0.03589  	-0.0073  	0.02253  	-0.2797  	
-0.1416  	-0.0389  	0.01634  	0.42273  	-0.0005  	0.32516  	0.13691  	-0.6893  	0.16805  	0.08100  	0.20177  	0.28118  	-0.0346  	-0.7136  	-1.0797  	0.85897  	-0.1215  	0.32909  	-0.2814  	0.48676  	-0.1546  	-0.2610  	-0.6052  	0.21058  	-0.1855  	-0.1276  	-0.4431  	0.01009  	-0.0406  	-0.1362  	-0.1906  	0.24938  	0.24075  	-0.0461  	0.15143  	0.30385  	0.07303  	-0.0051  	-0.1575  	0.24283  	0.04152  	0.03371  	0.01990  	-0.0225  	-0.0795  	-0.0497  	0.03883  	-0.0010  	0.04350  	-0.0180  	0.02179  	0.01919  	0.00128  	0.02175  	0.01099  	-0.0347  	0.03446  	0.00405  	-0.0296  	0.02929  	-0.0030  	-0.0056  	0.03345  	-0.0012  	-0.0069  	-0.0242  	0.03589  	-0.0073  	0.02253  	-0.2797  	
-0.0734  	-0.0343  	0.04801  	0.44495  	0.00439  	0.34312  	0.14666  	-0.6927  	0.16868  	0.10043  	0.22027  	0.30591  	-0.0164  	-0.6828  	-1.0966  	0.89754  	-0.1350  	0.34660  	-0.2804  	0.52211  	-0.1826  	-0.2692  	-0.6411  	0.18402  	-0.1711  	-0.1511  	-0.4674  	0.04416  	-0.0069  	-0.1313  	-0.2020  	0.23684  	0.24465  	-0.0382  	0.15382  	0.33750  	0.04243  	-0.0113  	-0.1486  	0.26044  	0.02868  	0.03254  	0.01592  	-0.0274  	-0.0852  	-0.0447  	0.03552  	0.00330  	0.04491  	-0.0179  	0.02108  	0.01658  	0.00257  	0.02243  	0.01099  	-0.0338  	0.03537  	0.00394  	-0.0266  	0.02654  	0.00179  	-0.0056  	0.03933  	-0.0030  	-0.0069  	-0.0242  	0.03589  	-0.0073  	0.02253  	-0.2797  	
-0.1031  	-0.0436  	0.00273  	0.38413  	-0.0016  	0.33752  	0.14334  	-0.7610  	0.12822  	0.13209  	0.19402  	0.27816  	-0.0248  	-0.7102  	-1.1609  	0.88209  	-0.1380  	0.36280  	-0.2902  	0.55322  	-0.2303  	-0.2741  	-0.6777  	0.17401  	-0.1748  	-0.1379  	-0.4984  	0.06245  	0.03088  	-0.1366  	-0.2026  	0.24475  	0.24471  	-0.0348  	0.13028  	0.35958  	0.01904  	-0.0174  	-0.1229  	0.28627  	0.05459  	0.02311  	0.03028  	-0.0245  	-0.0771  	-0.0480  	0.03564  	-0.0038  	0.04648  	-0.0133  	0.02714  	0.01426  	0.00280  	0.02488  	0.01263  	-0.0363  	0.03632  	0.00287  	-0.0291  	0.02700  	0.00243  	-0.0058  	0.03721  	-0.0054  	-0.0069  	-0.0242  	0.03589  	-0.0073  	0.02253  	-0.2797  	
-0.2201  	-0.0616  	-0.0480  	0.34306  	-0.0601  	0.32431  	0.12141  	-0.7766  	0.09666  	0.07617  	0.12219  	0.25687  	-0.0757  	-0.7347  	-1.1572  	0.82650  	-0.1146  	0.33737  	-0.2734  	0.50919  	-0.1959  	-0.2499  	-0.6059  	0.20349  	-0.1429  	-0.1302  	-0.4596  	0.01548  	-0.0215  	-0.1233  	-0.1956  	0.23801  	0.21562  	-0.0482  	0.14277  	0.35458  	0.04648  	-0.0167  	-0.1405  	0.27982  	0.04789  	0.03200  	0.02282  	-0.0208  	-0.0774  	-0.0479  	0.03606  	-0.0071  	0.03850  	-0.0078  	0.02041  	0.01626  	-0.0037  	0.02775  	0.00632  	-0.0321  	0.03936  	0.00291  	-0.0254  	0.03266  	0.00044  	-0.0034  	0.03284  	-0.0042  	-0.0069  	-0.0242  	0.03589  	-0.0073  	0.02253  	-0.2797  	
-0.3359  	-0.0974  	-0.1177  	0.36975  	-0.0385  	0.25478  	0.10147  	-0.7252  	0.11124  	0.05495  	0.17074  	0.28045  	-0.0684  	-0.7384  	-1.0615  	0.77095  	-0.0639  	0.31523  	-0.2906  	0.45317  	-0.1435  	-0.2352  	-0.5607  	0.24189  	-0.1291  	-0.1351  	-0.3955  	-0.0432  	0.00536  	-0.1238  	-0.2113  	0.24646  	0.21109  	-0.0562  	0.10314  	0.30887  	0.08193  	-0.0154  	-0.1590  	0.24381  	0.03423  	0.03412  	0.01882  	-0.0211  	-0.0723  	-0.0451  	0.04202  	-0.0099  	0.04397  	-0.0184  	0.01070  	0.01576  	0.00114  	0.02645  	0.00608  	-0.0366  	0.02947  	0.00540  	-0.0286  	0.02690  	0.00194  	-0.0151  	0.03393  	-0.0023  	-0.0069  	-0.0242  	0.03589  	-0.0073  	0.02253  	-0.2797  	
-0.3782  	-0.1057  	-0.1363  	0.35563  	-0.0013  	0.19630  	0.11896  	-0.7395  	0.12926  	0.08259  	0.23325  	0.29915  	-0.0608  	-0.7194  	-1.1047  	0.76790  	-0.0907  	0.33376  	-0.2982  	0.48670  	-0.1774  	-0.2560  	-0.5741  	0.20748  	-0.1784  	-0.1171  	-0.4773  	0.02800  	0.01644  	-0.1322  	-0.1881  	0.21719  	0.22957  	-0.0473  	0.09238  	0.30086  	0.04298  	-0.0123  	-0.1426  	0.23650  	0.05287  	0.02764  	0.01811  	-0.0185  	-0.0716  	-0.0475  	0.04278  	-0.0058  	0.04109  	-0.0195  	0.01348  	0.01692  	0.00189  	0.02531  	0.00923  	-0.0407  	0.03308  	0.00687  	-0.0291  	0.02760  	0.00387  	-0.0047  	0.03541  	-0.0012  	-0.0069  	-0.0242  	0.03589  	-0.0073  	0.02253  	-0.2797  	
-0.4126  	-0.1045  	-0.1539  	0.28628  	-0.0334  	0.15518  	0.11758  	-0.7288  	0.13545  	0.09850  	0.29467  	0.29618  	-0.0696  	-0.7356  	-1.1664  	0.76372  	-0.1047  	0.33431  	-0.2880  	0.50241  	-0.1724  	-0.2544  	-0.5554  	0.21341  	-0.2037  	-0.1135  	-0.4896  	0.02553  	0.01419  	-0.1500  	-0.1889  	0.22079  	0.23408  	-0.0478  	0.08571  	0.29607  	0.05175  	-0.0178  	-0.1544  	0.23501  	0.05608  	0.02382  	0.01367  	-0.0204  	-0.0726  	-0.0464  	0.04285  	-0.0034  	0.04418  	-0.0196  	0.00995  	0.01454  	0.00151  	0.02245  	0.00879  	-0.0396  	0.03038  	0.00370  	-0.0273  	0.02672  	0.00728  	-0.0036  	0.03363  	-0.0011  	-0.0069  	-0.0242  	0.03589  	-0.0073  	0.02253  	-0.2797  	
-0.4318  	-0.1023  	-0.1560  	0.28704  	-0.0249  	0.15192  	0.12114  	-0.7307  	0.14428  	0.11946  	0.27694  	0.31169  	-0.0499  	-0.7031  	-1.1585  	0.75891  	-0.1159  	0.34263  	-0.2864  	0.49263  	-0.2063  	-0.2416  	-0.5529  	0.20360  	-0.2142  	-0.1070  	-0.5152  	0.05094  	0.02766  	-0.1492  	-0.1743  	0.21073  	0.24624  	-0.0413  	0.07300  	0.29030  	0.01738  	-0.0350  	-0.1414  	0.24368  	0.05871  	0.02355  	0.02059  	-0.0209  	-0.0750  	-0.0459  	0.03836  	-0.0029  	0.04462  	-0.0190  	0.00984  	0.01441  	-0.0010  	0.02006  	0.00663  	-0.0404  	0.02727  	0.00097  	-0.0284  	0.02512  	0.00840  	-0.0031  	0.03439  	-0.0029  	-0.0069  	-0.0242  	0.03589  	-0.0073  	0.02253  	-0.2797  	
-0.5073  	-0.1202  	-0.1834  	0.24578  	-0.0370  	0.07112  	0.12051  	-0.7466  	0.13493  	0.12270  	0.34811  	0.28851  	-0.0484  	-0.7181  	-1.1754  	0.73944  	-0.1092  	0.32656  	-0.2958  	0.51299  	-0.1688  	-0.2354  	-0.5518  	0.22407  	-0.2110  	-0.1047  	-0.5255  	0.02640  	-0.0039  	-0.1696  	-0.1657  	0.20459  	0.24911  	-0.0461  	0.09331  	0.28269  	0.03541  	-0.0360  	-0.1518  	0.22815  	0.05615  	0.02449  	0.01565  	-0.0328  	-0.0724  	-0.0463  	0.03954  	-0.0013  	0.04257  	-0.0167  	0.00492  	0.01558  	-0.0004  	0.02256  	0.00571  	-0.0385  	0.02941  	0.00052  	-0.0281  	0.02871  	0.00721  	-0.0013  	0.03203  	-0.0045  	-0.0069  	-0.0242  	0.03589  	-0.0073  	0.02253  	-0.2797  	
-0.5152  	-0.1381  	-0.2248  	0.27917  	-0.0189  	0.06204  	0.09118  	-0.7261  	0.14757  	0.08513  	0.33560  	0.31098  	-0.0531  	-0.7145  	-1.1070  	0.73424  	-0.0828  	0.33044  	-0.2962  	0.52381  	-0.1130  	-0.2711  	-0.5808  	0.24390  	-0.2225  	-0.1099  	-0.4875  	-0.0120  	-0.0423  	-0.1609  	-0.1819  	0.20519  	0.24882  	-0.0492  	0.14093  	0.27638  	0.04966  	-0.0249  	-0.1672  	0.22709  	0.02993  	0.02721  	-0.0001  	-0.0465  	-0.0676  	-0.0477  	0.04325  	-0.0143  	0.03432  	-0.0120  	0.00804  	0.01464  	-0.0019  	0.02416  	0.00812  	-0.0376  	0.03243  	0.00399  	-0.0322  	0.03239  	0.00413  	-0.0020  	0.03343  	-0.0036  	-0.0069  	-0.0242  	0.03589  	-0.0073  	0.02253  	-0.2797  	
-0.4793  	-0.0724  	-0.1708  	0.18881  	-0.0827  	0.04871  	0.09760  	-0.7024  	0.13301  	0.08491  	0.34897  	0.26072  	-0.0706  	-0.6988  	-1.0834  	0.69408  	-0.0777  	0.27996  	-0.2756  	0.46678  	-0.0765  	-0.2464  	-0.5430  	0.24150  	-0.1836  	-0.1007  	-0.4223  	-0.0853  	-0.0978  	-0.1585  	-0.1593  	0.20138  	0.26144  	-0.0567  	0.14224  	0.26528  	0.08627  	-0.0288  	-0.1604  	0.20492  	0.02573  	0.04198  	0.00637  	-0.0344  	-0.0631  	-0.0486  	0.04126  	-0.0106  	0.03215  	-0.0158  	0.00777  	0.01720  	-0.0014  	0.02607  	0.00616  	-0.0335  	0.02852  	0.00545  	-0.0267  	0.03458  	0.00481  	0.00027  	0.02845  	-0.0060  	-0.0069  	-0.0242  	0.03589  	-0.0073  	0.02253  	-0.2797  	
-0.2310  	-0.0675  	-0.0148  	0.34607  	-0.0362  	0.32242  	0.10979  	-0.6797  	0.16786  	0.04058  	0.17375  	0.27836  	-0.0554  	-0.7183  	-1.0882  	0.85688  	-0.0579  	0.32698  	-0.2655  	0.44702  	-0.1470  	-0.2543  	-0.5639  	0.24277  	-0.1710  	-0.1210  	-0.4362  	-0.0151  	-0.0463  	-0.1446  	-0.1869  	0.23209  	0.25024  	-0.0548  	0.11269  	0.28950  	0.06126  	-0.0229  	-0.1560  	0.25033  	0.04138  	0.01416  	0.01760  	-0.0133  	-0.0707  	-0.0392  	0.03536  	-6.9144  	0.04578  	-0.0093  	0.02296  	0.01640  	0.00160  	0.02375  	0.00919  	-0.0376  	0.03296  	0.00706  	-0.0314  	0.03240  	0.00217  	0.00036  	0.03753  	0.00054  	-0.0069  	-0.0242  	0.03589  	-0.0073  	0.02253  	-0.2797  	
-0.1326  	-0.0520  	0.05058  	0.51506  	0.06758  	0.31617  	0.13800  	-0.7075  	0.14681  	0.11011  	0.15792  	0.33056  	-0.0404  	-0.7259  	-1.1015  	0.95720  	-0.1162  	0.35532  	-0.2765  	0.51423  	-0.2297  	-0.2469  	-0.6601  	0.20708  	-0.1465  	-0.1202  	-0.4834  	0.05246  	0.00027  	-0.1305  	-0.1981  	0.22914  	0.23940  	-0.0409  	0.11996  	0.33748  	0.00424  	-0.0200  	-0.1233  	0.27694  	0.04878  	0.03458  	0.03333  	-0.0188  	-0.0818  	-0.0421  	0.03917  	0.01295  	0.04449  	-0.0107  	0.02036  	0.01811  	0.00059  	0.02022  	0.01162  	-0.0382  	0.03569  	0.00359  	-0.0337  	0.03174  	0.00068  	-0.0143  	0.03504  	-0.0013  	-0.0069  	-0.0242  	0.03589  	-0.0073  	0.02253  	-0.2797  	
-0.0586  	-0.0658  	0.03143  	0.51914  	0.06769  	0.34702  	0.14483  	-0.7137  	0.15382  	0.10747  	0.18937  	0.33563  	-0.0524  	-0.7375  	-1.0788  	0.97730  	-0.1277  	0.34429  	-0.2957  	0.51922  	-0.1841  	-0.2635  	-0.6803  	0.22863  	-0.1440  	-0.1345  	-0.4206  	0.02458  	-0.0139  	-0.1196  	-0.2133  	0.25657  	0.23279  	-0.0427  	0.16295  	0.35639  	0.04114  	-0.0191  	-0.1705  	0.27129  	0.01194  	0.03953  	0.02060  	-0.0222  	-0.0799  	-0.0473  	0.03630  	0.01226  	0.04595  	-0.0146  	0.02179  	0.01182  	-0.0010  	0.02331  	0.00924  	-0.0348  	0.04040  	0.00585  	-0.0294  	0.02998  	-0.0004  	-0.0187  	0.03743  	-0.0002  	-0.0069  	-0.0242  	0.03589  	-0.0073  	0.02253  	-0.2797  	
0.01081  	-0.0034  	0.10516  	0.62105  	0.08725  	0.38955  	0.12799  	-0.6523  	0.15518  	0.05117  	0.10325  	0.30077  	0.00837  	-0.5525  	-0.8624  	0.84478  	-0.1072  	0.26424  	-0.2712  	0.44951  	-0.0446  	-0.2168  	-0.5610  	0.32508  	-0.1757  	-0.1504  	-0.3570  	-0.1433  	-0.1025  	-0.1280  	-0.2141  	0.25649  	0.23529  	-0.0574  	0.22452  	0.24913  	0.13715  	-0.0095  	-0.2008  	0.26874  	0.01042  	0.04736  	0.00648  	-0.0105  	-0.0793  	-0.0455  	0.03588  	0.00594  	0.04666  	-0.0173  	0.01837  	0.01721  	-0.0017  	0.02561  	0.00538  	-0.0333  	0.03199  	0.00757  	-0.0284  	0.03116  	0.00249  	-0.0072  	0.02832  	-0.0073  	-0.0069  	-0.0242  	0.03589  	-0.0073  	0.02253  	-0.2797  	
0.16418  	0.05795  	0.14288  	0.75330  	0.15057  	0.51279  	0.17286  	-0.5711  	0.18503  	0.05346  	-0.0196  	0.27436  	0.11535  	-0.3023  	-0.7116  	0.78742  	-0.1007  	0.23162  	-0.2832  	0.37985  	-0.0504  	-0.1334  	-0.6121  	0.26635  	-0.0707  	-0.1675  	-0.2934  	-0.1976  	-0.0519  	-0.0590  	-0.2150  	0.22648  	0.25272  	-0.0379  	0.22559  	0.24518  	0.09153  	-0.0234  	-0.1416  	0.27356  	-0.0361  	0.04891  	0.02080  	-0.0065  	-0.0821  	-0.0467  	0.01987  	0.03850  	0.06589  	-0.0220  	0.02031  	0.01509  	0.00138  	0.02210  	0.00767  	-0.0256  	0.03304  	0.00248  	-0.0332  	0.02574  	0.00630  	-0.0037  	0.03550  	-0.0082  	-0.0069  	-0.0242  	0.03589  	-0.0073  	0.02253  	-0.2797  	
0.02582  	0.03322  	0.06898  	0.67638  	0.09355  	0.37567  	0.13319  	-0.5922  	0.17380  	0.04135  	0.09968  	0.24218  	0.05937  	-0.3702  	-0.6976  	0.78476  	-0.0726  	0.23914  	-0.2995  	0.40030  	0.04379  	-0.2049  	-0.5841  	0.33022  	-0.1154  	-0.1557  	-0.2807  	-0.2349  	-0.1455  	-0.1007  	-0.2091  	0.26246  	0.25720  	-0.0661  	0.28439  	0.20804  	0.15809  	-0.0209  	-0.1922  	0.26517  	-0.0526  	0.04204  	-0.0006  	-0.0196  	-0.0825  	-0.0400  	0.03221  	0.01522  	0.04892  	-0.0127  	0.01266  	0.01786  	-0.0015  	0.02242  	0.00935  	-0.0279  	0.02491  	-0.0007  	-0.0299  	0.03168  	0.00793  	-0.0079  	0.02921  	-0.0106  	-0.0069  	-0.0242  	0.03589  	-0.0073  	0.02253  	-0.2797  	
-0.1643  	-0.0352  	-0.0528  	0.66525  	0.15613  	0.34381  	0.11682  	-0.6576  	0.13881  	0.00694  	0.11879  	0.38367  	-0.0045  	-0.5217  	-0.8191  	0.82166  	-0.0800  	0.29277  	-0.2709  	0.44205  	-0.0539  	-0.2197  	-0.5659  	0.32665  	-0.1731  	-0.1308  	-0.3772  	-0.0792  	-0.1119  	-0.1022  	-0.2029  	0.23829  	0.23465  	-0.0642  	0.21228  	0.23613  	0.12221  	-0.0227  	-0.1833  	0.22895  	-0.0375  	0.04913  	-0.0095  	-0.0288  	-0.0642  	-0.0434  	0.03654  	-0.0050  	0.04252  	-0.0133  	0.00841  	0.00919  	-0.0047  	0.02084  	-0.0008  	-0.0363  	0.03739  	0.00983  	-0.0293  	0.02552  	-0.0049  	-0.0016  	0.02864  	-0.0114  	-0.0069  	-0.0242  	0.03589  	-0.0073  	0.02253  	-0.2797  	
-0.0722  	0.01153  	0.00752  	0.66098  	0.09939  	0.44358  	0.10095  	-0.6522  	0.16092  	-0.0566  	0.02051  	0.34939  	-0.0028  	-0.5373  	-0.7884  	0.77026  	-0.0572  	0.27801  	-0.2679  	0.41739  	-0.0679  	-0.1999  	-0.5406  	0.29076  	-0.1314  	-0.1339  	-0.3576  	-0.0943  	-0.0715  	-0.0852  	-0.2213  	0.22578  	0.23982  	-0.0490  	0.17639  	0.22303  	0.10758  	-0.0071  	-0.1733  	0.24979  	-0.0266  	0.02763  	0.01024  	-0.0094  	-0.0851  	-0.0465  	0.03490  	0.00685  	0.04418  	-0.0171  	0.01372  	0.01471  	-0.0015  	0.02381  	0.00362  	-0.0297  	0.03144  	0.00406  	-0.0283  	0.03071  	0.00266  	-0.0100  	0.02521  	-0.0094  	-0.0069  	-0.0242  	0.03589  	-0.0073  	0.02253  	-0.2797  	
-0.0427  	0.01525  	0.04712  	0.59065  	0.06368  	0.43837  	0.09937  	-0.6390  	0.16442  	-0.0061  	0.14597  	0.34492  	-0.0135  	-0.5789  	-0.8736  	0.85898  	-0.0880  	0.31366  	-0.2638  	0.45724  	-0.0177  	-0.2243  	-0.5760  	0.27668  	-0.1622  	-0.1500  	-0.3936  	-0.1074  	-0.1018  	-0.1318  	-0.2060  	0.23980  	0.25380  	-0.0460  	0.18440  	0.24629  	0.14486  	0.00240  	-0.1769  	0.24435  	0.00255  	0.02731  	0.02041  	-0.0191  	-0.0739  	-0.0463  	0.03091  	0.00147  	0.04568  	-0.0208  	0.01631  	0.01386  	-0.0004  	0.02030  	0.00634  	-0.0240  	0.03280  	0.00511  	-0.0284  	0.03149  	0.00213  	-0.0109  	0.03141  	-0.0044  	-0.0069  	-0.0242  	0.03589  	-0.0073  	0.02253  	-0.2797  	
-0.0689  	-0.0378  	0.02231  	0.49265  	0.02621  	0.40518  	0.10298  	-0.6513  	0.18177  	0.04797  	0.20715  	0.32138  	-0.0284  	-0.6448  	-1.0141  	0.89044  	-0.1003  	0.33879  	-0.2702  	0.47537  	-0.0464  	-0.2353  	-0.5935  	0.24979  	-0.1806  	-0.1432  	-0.4268  	-0.0493  	-0.0841  	-0.1300  	-0.2020  	0.23664  	0.25234  	-0.0552  	0.19481  	0.26948  	0.11926  	-0.0079  	-0.1837  	0.23849  	0.01359  	0.03192  	0.02891  	-0.0185  	-0.0755  	-0.0455  	0.03681  	-0.0043  	0.04426  	-0.0151  	0.02567  	0.01312  	0.00359  	0.02058  	0.00543  	-0.0275  	0.03698  	0.00444  	-0.0281  	0.03227  	0.00222  	-0.0090  	0.03348  	-0.0009  	-0.0069  	-0.0242  	0.03589  	-0.0073  	0.02253  	-0.2797  	
-0.2020  	-0.0720  	-0.0521  	0.44364  	0.00114  	0.32218  	0.09948  	-0.7114  	0.13102  	0.00386  	0.23594  	0.27572  	-0.0847  	-0.7045  	-0.9956  	0.81070  	-0.0808  	0.30340  	-0.2876  	0.41908  	-0.0700  	-0.2373  	-0.5622  	0.25417  	-0.1692  	-0.1421  	-0.3803  	-0.0931  	-0.0806  	-0.1253  	-0.2044  	0.24878  	0.23002  	-0.0641  	0.19555  	0.29512  	0.13254  	-0.0025  	-0.2051  	0.21996  	0.02152  	0.03413  	0.01729  	-0.0211  	-0.0720  	-0.0425  	0.04264  	-0.0132  	0.03588  	-0.0122  	0.01841  	0.01783  	0.00161  	0.01912  	0.00977  	-0.0348  	0.03620  	0.01140  	-0.0293  	0.02879  	-0.0023  	-0.0151  	0.03989  	-0.0016  	-0.0069  	-0.0242  	0.03589  	-0.0073  	0.02253  	-0.2797  	
-0.1762  	-0.0626  	-0.0430  	0.42955  	-0.0115  	0.32483  	0.12010  	-0.6983  	0.14023  	0.02117  	0.22067  	0.25109  	-0.0702  	-0.7003  	-0.9860  	0.84009  	-0.1076  	0.29644  	-0.2813  	0.44546  	-0.0909  	-0.2289  	-0.5622  	0.23442  	-0.1558  	-0.1379  	-0.3991  	-0.0760  	-0.0767  	-0.1268  	-0.1939  	0.25560  	0.22943  	-0.0500  	0.17707  	0.29752  	0.12853  	-0.0010  	-0.1916  	0.22477  	0.01655  	0.03428  	0.00827  	-0.0224  	-0.0762  	-0.0453  	0.03847  	-0.0127  	0.03577  	-0.0142  	0.01479  	0.01677  	-0.0015  	0.02313  	0.01104  	-0.0299  	0.03304  	0.00828  	-0.0324  	0.02755  	-0.0007  	-0.0073  	0.03468  	-0.0035  	-0.0069  	-0.0242  	0.03589  	-0.0073  	0.02253  	-0.2797  	
-0.0916  	-0.0510  	0.02341  	0.44146  	0.01239  	0.37213  	0.11367  	-0.6935  	0.15757  	0.06911  	0.20377  	0.27970  	-0.0640  	-0.7084  	-1.0306  	0.91464  	-0.1083  	0.28930  	-0.2611  	0.47719  	-0.0969  	-0.2499  	-0.5848  	0.27359  	-0.2022  	-0.1440  	-0.3992  	-0.0618  	-0.0971  	-0.1386  	-0.2072  	0.26935  	0.23274  	-0.0544  	0.20189  	0.29884  	0.11779  	-0.0076  	-0.1972  	0.25933  	0.01621  	0.04148  	0.00653  	-0.0168  	-0.0740  	-0.0442  	0.03372  	-0.0040  	0.04262  	-0.0111  	0.01901  	0.01635  	0.00093  	0.02068  	0.00862  	-0.0291  	0.03501  	0.00571  	-0.0316  	0.03348  	-0.0012  	-0.0125  	0.03011  	-0.0015  	-0.0069  	-0.0242  	0.03589  	-0.0073  	0.02253  	-0.2797  	
0.06507  	0.02235  	0.10287  	0.53461  	0.08957  	0.39570  	0.15870  	-0.6700  	0.16297  	0.09497  	0.21767  	0.21158  	0.01076  	-0.5219  	-0.8983  	0.88761  	-0.1272  	0.25855  	-0.3042  	0.43129  	0.01448  	-0.2199  	-0.6122  	0.34113  	-0.2639  	-0.1279  	-0.3357  	-0.2062  	-0.2356  	-0.1443  	-0.2079  	0.30117  	0.26401  	-0.0733  	0.29149  	0.25078  	0.19952  	-0.0209  	-0.2331  	0.27292  	-0.0150  	0.05444  	-0.0063  	-0.0303  	-0.0637  	-0.0425  	0.03649  	-0.0046  	0.06356  	-0.0130  	0.01396  	0.01368  	0.00028  	0.02390  	0.00626  	-0.0378  	0.02228  	0.00032  	-0.0283  	0.03310  	0.00708  	-0.0075  	0.02561  	-0.0109  	-0.0069  	-0.0242  	0.03589  	-0.0073  	0.02253  	-0.2797  	
0.24175  	0.08919  	0.17582  	0.69284  	0.10978  	0.49060  	0.17787  	-0.6021  	0.18605  	0.10702  	0.02449  	0.30355  	0.09537  	-0.3508  	-0.7279  	0.78698  	-0.1234  	0.22593  	-0.2673  	0.36496  	-0.0490  	-0.1256  	-0.5616  	0.26317  	-0.1068  	-0.1566  	-0.3215  	-0.2537  	-0.1197  	-0.0940  	-0.1997  	0.21984  	0.24490  	-0.0454  	0.23844  	0.23678  	0.13475  	-0.0081  	-0.1593  	0.25063  	-0.0294  	0.05225  	0.02868  	0.00473  	-0.0767  	-0.0511  	0.02381  	0.03954  	0.07104  	-0.0171  	0.02439  	0.01448  	0.00060  	0.02555  	0.01073  	-0.0234  	0.02960  	0.00426  	-0.0382  	0.02542  	-0.0015  	0.00220  	0.03473  	-0.0096  	-0.0069  	-0.0242  	0.03589  	-0.0073  	0.02253  	-0.2797  	
0.16136  	0.10265  	0.15100  	0.61237  	0.10463  	0.48994  	0.18664  	-0.5814  	0.18364  	0.11643  	-0.0585  	0.17334  	0.12944  	-0.2830  	-0.6726  	0.71220  	-0.1105  	0.21215  	-0.2751  	0.30163  	-0.0776  	-0.0939  	-0.5449  	0.28661  	0.00163  	-0.1644  	-0.2476  	-0.2472  	-0.0525  	-0.0562  	-0.1964  	0.22312  	0.22059  	-0.0511  	0.20273  	0.24167  	0.09397  	-0.0351  	-0.1148  	0.27148  	-0.0378  	0.04415  	0.02212  	0.00173  	-0.0892  	-0.0454  	0.01407  	0.03911  	0.07356  	-0.0179  	0.02966  	0.01325  	-0.0023  	0.02205  	0.00830  	-0.0224  	0.02487  	0.00271  	-0.0311  	0.03465  	0.00508  	0.00280  	0.03505  	-0.0099  	-0.0069  	-0.0242  	0.03589  	-0.0073  	0.02253  	-0.2797  	
0.08049  	0.05808  	-0.0077  	0.90335  	0.24339  	0.38973  	0.16710  	-0.6396  	0.15389  	0.08144  	-0.1855  	0.20247  	0.10248  	-0.2579  	-0.5387  	0.64877  	-0.0795  	0.17350  	-0.3133  	0.35865  	-0.1154  	-0.0949  	-0.6055  	0.34977  	0.07111  	-0.1610  	-0.2103  	-0.1706  	0.00331  	-0.0186  	-0.2625  	0.22426  	0.20813  	-0.0453  	0.25522  	0.22839  	0.05846  	-0.0565  	-0.1225  	0.29292  	-0.1178  	0.08758  	-0.0160  	-0.0265  	-0.0716  	-0.0475  	0.01799  	0.02264  	0.06423  	-0.0181  	0.02609  	0.00812  	-0.0067  	0.02227  	0.00106  	-0.0202  	0.03631  	0.00268  	-0.0223  	0.03009  	-0.0011  	-0.0035  	0.02729  	-0.0082  	-0.0069  	-0.0242  	0.03589  	-0.0073  	0.02253  	-0.2797  	
0.05365  	-0.0037  	-0.0495  	0.94897  	0.29711  	0.40740  	0.14160  	-0.6390  	0.17163  	-0.0322  	-0.1145  	0.33582  	0.08919  	-0.3732  	-0.5565  	0.71102  	-0.0726  	0.21365  	-0.3004  	0.38308  	-0.1040  	-0.1478  	-0.5788  	0.27699  	-0.0804  	-0.1508  	-0.2848  	-0.0849  	-0.0041  	-0.0389  	-0.2472  	0.23096  	0.25445  	-0.0427  	0.24571  	0.21459  	0.04712  	-0.0556  	-0.1386  	0.25781  	-0.0789  	0.07754  	-0.0016  	-0.0183  	-0.0783  	-0.0509  	0.02355  	0.00847  	0.06859  	-0.0195  	0.01577  	0.01234  	-0.0068  	0.02390  	0.00491  	-0.0226  	0.03325  	-0.0009  	-0.0228  	0.03049  	0.00222  	-0.0036  	0.02597  	-0.0068  	-0.0069  	-0.0242  	0.03589  	-0.0073  	0.02253  	-0.2797  	
0.05161  	0.03651  	0.02774  	0.78575  	0.17334  	0.51425  	0.12802  	-0.5857  	0.18410  	-0.0057  	-0.0450  	0.30780  	0.05523  	-0.4715  	-0.7781  	0.89407  	-0.0870  	0.27975  	-0.2891  	0.43389  	-0.0884  	-0.1561  	-0.6242  	0.26704  	-0.1465  	-0.1551  	-0.3927  	-0.0540  	-0.0189  	-0.0904  	-0.2348  	0.22706  	0.24554  	-0.0405  	0.19620  	0.23670  	0.05083  	-0.0310  	-0.1325  	0.27472  	-0.0225  	0.03945  	0.02380  	-0.0494  	-0.0815  	-0.0394  	0.02706  	0.01223  	0.05431  	-0.0159  	0.02121  	0.01353  	-0.0057  	0.02167  	0.00147  	-0.0315  	0.03515  	0.00368  	-0.0256  	0.02514  	0.00338  	-0.0033  	0.03812  	-0.0041  	-0.0069  	-0.0242  	0.03589  	-0.0073  	0.02253  	-0.2797  	
-0.0778  	-0.0441  	0.03517  	0.44527  	0.02284  	0.36350  	0.13999  	-0.6563  	0.16370  	0.04327  	0.17359  	0.29819  	-0.0386  	-0.6580  	-1.0511  	0.88880  	-0.1249  	0.34335  	-0.2802  	0.49643  	-0.0934  	-0.2329  	-0.6089  	0.28304  	-0.1542  	-0.1478  	-0.3749  	-0.0706  	-0.0641  	-0.1246  	-0.2062  	0.24651  	0.25083  	-0.0484  	0.19300  	0.27219  	0.10363  	-0.0142  	-0.1676  	0.25568  	0.01422  	0.03414  	0.02808  	-0.0085  	-0.0768  	-0.0461  	0.03732  	-0.0023  	0.04896  	-0.0211  	0.02003  	0.01608  	0.00190  	0.02059  	0.00646  	-0.0357  	0.03981  	0.00455  	-0.0254  	0.02950  	-0.0019  	-0.0123  	0.03698  	-0.0021  	-0.0069  	-0.0242  	0.03589  	-0.0073  	0.02253  	-0.2797  	
-0.2543  	-0.0861  	-0.0739  	0.39840  	-0.0255  	0.27963  	0.14381  	-0.7399  	0.12645  	0.04246  	0.20994  	0.26772  	-0.0667  	-0.7075  	-1.0940  	0.81847  	-0.1003  	0.34927  	-0.2896  	0.48739  	-0.1655  	-0.2539  	-0.5887  	0.25680  	-0.0988  	-0.1354  	-0.3857  	-0.0006  	-0.0031  	-0.1265  	-0.2030  	0.24111  	0.23093  	-0.0565  	0.12310  	0.32949  	0.07273  	-0.0206  	-0.1676  	0.26773  	0.02420  	0.02467  	0.02672  	-0.0112  	-0.0664  	-0.0489  	0.04456  	-0.0038  	0.03620  	-0.0125  	0.02167  	0.01689  	0.00054  	0.02426  	0.00725  	-0.0345  	0.03537  	0.00751  	-0.0245  	0.03301  	0.00071  	-0.0072  	0.03480  	-0.0035  	-0.0069  	-0.0242  	0.03589  	-0.0073  	0.02253  	-0.2797  	
-0.3433  	-0.1134  	-0.1438  	0.31271  	-0.0518  	0.21002  	0.12398  	-0.7340  	0.12505  	0.06215  	0.25505  	0.25567  	-0.0712  	-0.7126  	-1.0947  	0.74713  	-0.0859  	0.32648  	-0.2843  	0.47453  	-0.1288  	-0.2481  	-0.5487  	0.23227  	-0.1607  	-0.1240  	-0.4294  	-0.0255  	-0.0187  	-0.1424  	-0.1993  	0.23310  	0.22519  	-0.0516  	0.12346  	0.29839  	0.08224  	-0.0037  	-0.1666  	0.23140  	0.04725  	0.02741  	0.00572  	-0.0254  	-0.0682  	-0.0464  	0.04163  	-0.0098  	0.03366  	-0.0171  	0.00991  	0.01816  	0.00310  	0.02143  	0.00708  	-0.0395  	0.03211  	0.00619  	-0.0284  	0.02934  	0.00566  	-0.0088  	0.03125  	-0.0033  	-0.0069  	-0.0242  	0.03589  	-0.0073  	0.02253  	-0.2797  	
-0.3914  	-0.0984  	-0.1104  	0.31750  	-0.0329  	0.20357  	0.10185  	-0.7077  	0.14452  	0.05405  	0.23434  	0.27777  	-0.0520  	-0.7271  	-1.0785  	0.79780  	-0.0675  	0.31884  	-0.2786  	0.46341  	-0.1677  	-0.2572  	-0.5081  	0.21035  	-0.2171  	-0.1067  	-0.4761  	-0.0115  	-0.0067  	-0.1366  	-0.1822  	0.22056  	0.23632  	-0.0505  	0.07666  	0.27628  	0.06822  	-0.0059  	-0.1591  	0.22582  	0.06271  	0.01973  	0.03175  	-0.0221  	-0.0798  	-0.0467  	0.04300  	-0.0085  	0.04253  	-0.0206  	0.01069  	0.01634  	-0.0003  	0.02300  	0.00828  	-0.0407  	0.02613  	0.00577  	-0.0302  	0.02840  	0.00551  	-0.0011  	0.03272  	-0.0001  	-0.0069  	-0.0242  	0.03589  	-0.0073  	0.02253  	-0.2797  	
-0.3389  	-0.0679  	-0.0838  	0.38883  	-0.0016  	0.23021  	0.10128  	-0.6918  	0.15539  	0.05988  	0.18428  	0.31626  	-0.0280  	-0.6675  	-1.0235  	0.77607  	-0.0727  	0.32751  	-0.2916  	0.45816  	-0.1730  	-0.2375  	-0.5362  	0.18691  	-0.2264  	-0.1041  	-0.5011  	0.01406  	0.00062  	-0.1397  	-0.1717  	0.21187  	0.26059  	-0.0439  	0.06764  	0.25137  	0.04272  	-0.0200  	-0.1434  	0.23663  	0.05804  	0.02775  	0.03880  	-0.0233  	-0.0767  	-0.0450  	0.04068  	-0.0070  	0.03991  	-0.0109  	0.00776  	0.01719  	-0.0053  	0.02312  	0.00639  	-0.0378  	0.02726  	0.00298  	-0.0298  	0.02696  	0.00508  	0.00517  	0.03337  	-0.0017  	-0.0069  	-0.0242  	0.03589  	-0.0073  	0.02253  	-0.2797  	
-0.1265  	0.01563  	0.03017  	0.56291  	0.04299  	0.30693  	0.05279  	-0.5626  	0.16014  	-0.0298  	0.21084  	0.37929  	0.01849  	-0.5801  	-0.7912  	0.75104  	-0.0060  	0.13204  	-0.2351  	0.23427  	0.06135  	-0.4245  	-0.7406  	0.25284  	-0.2943  	-0.0431  	-0.4408  	-0.1829  	-0.0510  	-0.1636  	-0.0916  	0.18848  	0.20050  	-0.1792  	0.13181  	0.16254  	0.06944  	0.00380  	-0.2842  	0.14888  	0.08375  	0.13589  	-0.0829  	0.03684  	-0.1277  	-0.0285  	0.02539  	0.00691  	0.02568  	-0.0188  	0.01264  	0.01957  	-0.0019  	0.03831  	0.00979  	-0.0334  	0.02429  	-0.0065  	-0.0285  	0.03884  	0.00952  	-0.0021  	0.01881  	-0.0040  	-0.0069  	-0.0242  	0.03589  	-0.0073  	0.02253  	-0.2797  	
0.00015  	0.07374  	0.13264  	0.59094  	0.01512  	0.34714  	0.04299  	-0.4734  	0.16592  	-0.0629  	0.26195  	0.35387  	0.06056  	-0.5435  	-0.7253  	0.75090  	0.06225  	-0.0070  	-0.1776  	0.00024  	0.22617  	-0.5528  	-0.8882  	0.28888  	-0.3492  	0.00764  	-0.3531  	-0.3854  	-0.1151  	-0.1813  	-0.0322  	0.18500  	0.12774  	-0.2990  	0.16720  	0.10925  	0.10314  	0.03995  	-0.4070  	0.06774  	0.10472  	0.22408  	-0.1614  	0.08377  	-0.1619  	-0.0111  	0.00670  	0.01789  	0.01472  	-0.0238  	0.01221  	0.02462  	0.00344  	0.05420  	0.01507  	-0.0310  	0.01827  	-0.0147  	-0.0297  	0.03984  	0.01475  	0.00040  	0.00541  	-0.0087  	-0.0069  	-0.0242  	0.03589  	-0.0073  	0.02253  	-0.2797  	
0.08765  	0.11392  	0.20013  	0.60775  	-0.0068  	0.40219  	0.04362  	-0.4156  	0.20849  	-0.0877  	0.29992  	0.37151  	0.07549  	-0.5110  	-0.7042  	0.78076  	0.07835  	-0.0607  	-0.1625  	-0.0690  	0.30005  	-0.5831  	-0.8887  	0.32629  	-0.3767  	0.01594  	-0.3233  	-0.4671  	-0.1764  	-0.1975  	-0.0119  	0.18762  	0.12457  	-0.3325  	0.18859  	0.08101  	0.13885  	0.05071  	-0.4437  	0.04246  	0.09868  	0.23761  	-0.1807  	0.09828  	-0.1754  	-0.0085  	-0.0025  	0.02572  	0.01588  	-0.0204  	0.01303  	0.02367  	0.00314  	0.05585  	0.01254  	-0.0247  	0.01749  	-0.0138  	-0.0306  	0.04444  	0.01610  	0.00184  	-0.0001  	-0.0071  	-0.0069  	-0.0242  	0.03589  	-0.0073  	0.02253  	-0.2797  	
0.12981  	0.12215  	0.22822  	0.59051  	-0.0248  	0.43661  	0.05977  	-0.4039  	0.21956  	-0.0994  	0.31522  	0.37991  	0.06933  	-0.4800  	-0.7100  	0.81465  	0.06665  	-0.0448  	-0.1657  	-0.0474  	0.29612  	-0.5404  	-0.8232  	0.35101  	-0.3581  	-0.0034  	-0.3021  	-0.4762  	-0.2061  	-0.1904  	-0.0277  	0.20091  	0.14440  	-0.3046  	0.20566  	0.07967  	0.17394  	0.05795  	-0.4222  	0.04424  	0.08141  	0.21876  	-0.1514  	0.08434  	-0.1680  	-0.0133  	0.00071  	0.03288  	0.02403  	-0.0222  	0.00897  	0.02554  	0.00248  	0.05548  	0.01178  	-0.0242  	0.01719  	-0.0118  	-0.0337  	0.04537  	0.01418  	-0.0014  	0.00622  	-0.0058  	-0.0069  	-0.0242  	0.03589  	-0.0073  	0.02253  	-0.2797  	
0.13983  	0.11132  	0.20936  	0.58144  	-0.0255  	0.46662  	0.08310  	-0.4354  	0.23601  	-0.0793  	0.30533  	0.37411  	0.04304  	-0.4399  	-0.7501  	0.86496  	0.00808  	0.05918  	-0.2140  	0.11999  	0.24869  	-0.3916  	-0.6566  	0.35416  	-0.3170  	-0.0684  	-0.2969  	-0.4201  	-0.2620  	-0.1707  	-0.1043  	0.23424  	0.20667  	-0.1966  	0.24789  	0.09835  	0.23221  	0.06114  	-0.3434  	0.09758  	0.02749  	0.13623  	-0.0765  	0.03378  	-0.1311  	-0.0264  	0.01546  	0.02097  	0.03581  	-0.0182  	0.00530  	0.02260  	0.00280  	0.04566  	0.00764  	-0.0228  	0.01703  	-0.0043  	-0.0343  	0.04115  	0.01194  	0.00098  	0.01848  	-0.0049  	-0.0069  	-0.0242  	0.03589  	-0.0073  	0.02253  	-0.2797  	
0.13932  	0.09724  	0.17709  	0.56552  	-0.0303  	0.49116  	0.11117  	-0.4824  	0.25303  	-0.0565  	0.29278  	0.36116  	0.00425  	-0.3990  	-0.7991  	0.91521  	-0.0657  	0.19290  	-0.2722  	0.33400  	0.19078  	-0.2090  	-0.4516  	0.35313  	-0.2618  	-0.1502  	-0.2931  	-0.3452  	-0.3278  	-0.1541  	-0.1994  	0.27423  	0.28261  	-0.0645  	0.29929  	0.12135  	0.30283  	0.06377  	-0.2490  	0.16484  	-0.0345  	0.03053  	0.01804  	-0.0294  	-0.0833  	-0.0424  	0.03456  	0.00585  	0.04840  	-0.0091  	0.00028  	0.01875  	0.00170  	0.03200  	0.00279  	-0.0219  	0.01912  	0.00490  	-0.0349  	0.03383  	0.00814  	0.00330  	0.03167  	-0.0051  	-0.0069  	-0.0242  	0.03589  	-0.0073  	0.02253  	-0.2797  	
0.13932  	0.09724  	0.17709  	0.56552  	-0.0303  	0.49116  	0.11117  	-0.4824  	0.25303  	-0.0565  	0.29278  	0.36116  	0.00425  	-0.3990  	-0.7991  	0.91521  	-0.0657  	0.19290  	-0.2722  	0.33400  	0.19078  	-0.2090  	-0.4516  	0.35313  	-0.2618  	-0.1502  	-0.2931  	-0.3452  	-0.3278  	-0.1541  	-0.1994  	0.27423  	0.28261  	-0.0645  	0.29929  	0.12135  	0.30283  	0.06377  	-0.2490  	0.16484  	-0.0345  	0.03053  	0.01804  	-0.0294  	-0.0833  	-0.0424  	0.03456  	0.00585  	0.04840  	-0.0091  	0.00028  	0.01875  	0.00170  	0.03200  	0.00279  	-0.0219  	0.01912  	0.00490  	-0.0349  	0.03383  	0.00814  	0.00330  	0.03167  	-0.0051  	-0.0069  	-0.0242  	0.03589  	-0.0073  	0.02253  	-0.2797  	
0.13932  	0.09724  	0.17709  	0.56552  	-0.0303  	0.49116  	0.11117  	-0.4824  	0.25303  	-0.0565  	0.29278  	0.36116  	0.00425  	-0.3990  	-0.7991  	0.91521  	-0.0657  	0.19290  	-0.2722  	0.33400  	0.19078  	-0.2090  	-0.4516  	0.35313  	-0.2618  	-0.1502  	-0.2931  	-0.3452  	-0.3278  	-0.1541  	-0.1994  	0.27423  	0.28261  	-0.0645  	0.29929  	0.12135  	0.30283  	0.06377  	-0.2490  	0.16484  	-0.0345  	0.03053  	0.01804  	-0.0294  	-0.0833  	-0.0424  	0.03456  	0.00585  	0.04840  	-0.0091  	0.00028  	0.01875  	0.00170  	0.03200  	0.00279  	-0.0219  	0.01912  	0.00490  	-0.0349  	0.03383  	0.00814  	0.00330  	0.03167  	-0.0051  	-0.0069  	-0.0242  	0.03589  	-0.0073  	0.02253  	-0.2797  	
0.13932  	0.09724  	0.17709  	0.56552  	-0.0303  	0.49116  	0.11117  	-0.4824  	0.25303  	-0.0565  	0.29278  	0.36116  	0.00425  	-0.3990  	-0.7991  	0.91521  	-0.0657  	0.19290  	-0.2722  	0.33400  	0.19078  	-0.2090  	-0.4516  	0.35313  	-0.2618  	-0.1502  	-0.2931  	-0.3452  	-0.3278  	-0.1541  	-0.1994  	0.27423  	0.28261  	-0.0645  	0.29929  	0.12135  	0.30283  	0.06377  	-0.2490  	0.16484  	-0.0345  	0.03053  	0.01804  	-0.0294  	-0.0833  	-0.0424  	0.03456  	0.00585  	0.04840  	-0.0091  	0.00028  	0.01875  	0.00170  	0.03200  	0.00279  	-0.0219  	0.01912  	0.00490  	-0.0349  	0.03383  	0.00814  	0.00330  	0.03167  	-0.0051  	-0.0069  	-0.0242  	0.03589  	-0.0073  	0.02253  	-0.2797  	
0.13932  	0.09724  	0.17709  	0.56552  	-0.0303  	0.49116  	0.11117  	-0.4824  	0.25303  	-0.0565  	0.29278  	0.36116  	0.00425  	-0.3990  	-0.7991  	0.91521  	-0.0657  	0.19290  	-0.2722  	0.33400  	0.19078  	-0.2090  	-0.4516  	0.35313  	-0.2618  	-0.1502  	-0.2931  	-0.3452  	-0.3278  	-0.1541  	-0.1994  	0.27423  	0.28261  	-0.0645  	0.29929  	0.12135  	0.30283  	0.06377  	-0.2490  	0.16484  	-0.0345  	0.03053  	0.01804  	-0.0294  	-0.0833  	-0.0424  	0.03456  	0.00585  	0.04840  	-0.0091  	0.00028  	0.01875  	0.00170  	0.03200  	0.00279  	-0.0219  	0.01912  	0.00490  	-0.0349  	0.03383  	0.00814  	0.00330  	0.03167  	-0.0051  	-0.0069  	-0.0242  	0.03589  	-0.0073  	0.02253  	-0.2797  	
0.13932  	0.09724  	0.17709  	0.56552  	-0.0303  	0.49116  	0.11117  	-0.4824  	0.25303  	-0.0565  	0.29278  	0.36116  	0.00425  	-0.3990  	-0.7991  	0.91521  	-0.0657  	0.19290  	-0.2722  	0.33400  	0.19078  	-0.2090  	-0.4516  	0.35313  	-0.2618  	-0.1502  	-0.2931  	-0.3452  	-0.3278  	-0.1541  	-0.1994  	0.27423  	0.28261  	-0.0645  	0.29929  	0.12135  	0.30283  	0.06377  	-0.2490  	0.16484  	-0.0345  	0.03053  	0.01804  	-0.0294  	-0.0833  	-0.0424  	0.03456  	0.00585  	0.04840  	-0.0091  	0.00028  	0.01875  	0.00170  	0.03200  	0.00279  	-0.0219  	0.01912  	0.00490  	-0.0349  	0.03383  	0.00814  	0.00330  	0.03167  	-0.0051  	-0.0069  	-0.0242  	0.03589  	-0.0073  	0.02253  	-0.2797  	
0.15492  	0.10350  	0.17444  	0.59717  	0.00815  	0.50360  	0.11922  	-0.4952  	0.23785  	-0.0557  	0.23011  	0.34258  	0.02744  	-0.3711  	-0.7893  	0.90701  	-0.0672  	0.20083  	-0.2719  	0.33875  	0.15246  	-0.1993  	-0.4726  	0.36244  	-0.2207  	-0.1504  	-0.2764  	-0.3273  	-0.2806  	-0.1424  	-0.2045  	0.26244  	0.27590  	-0.0675  	0.30199  	0.13930  	0.26354  	0.03774  	-0.2338  	0.18278  	-0.0528  	0.03439  	0.01336  	-0.0292  	-0.0827  	-0.0430  	0.03387  	0.01073  	0.05387  	-0.0062  	0.00862  	0.01652  	0.00129  	0.02827  	0.00334  	-0.0208  	0.01909  	0.00505  	-0.0354  	0.03232  	0.00572  	0.00637  	0.03575  	-0.0071  	-0.0069  	-0.0242  	0.03589  	-0.0073  	0.02253  	-0.2797  	
0.16188  	0.08371  	0.18136  	0.64091  	0.03222  	0.54221  	0.11919  	-0.4957  	0.21976  	-0.0619  	0.18708  	0.32061  	0.05108  	-0.3453  	-0.7702  	0.88947  	-0.0705  	0.20588  	-0.2795  	0.33780  	0.13358  	-0.1961  	-0.4939  	0.35281  	-0.1889  	-0.1557  	-0.2891  	-0.3029  	-0.2408  	-0.1259  	-0.2004  	0.25933  	0.26931  	-0.0674  	0.30068  	0.15640  	0.23793  	0.01540  	-0.2250  	0.18583  	-0.0505  	0.04064  	0.00409  	-0.0309  	-0.0793  	-0.0408  	0.03151  	0.01325  	0.05643  	-0.0080  	0.01225  	0.01693  	0.00369  	0.02457  	0.00396  	-0.0190  	0.01811  	0.00637  	-0.0343  	0.03383  	0.00673  	0.00668  	0.03871  	-0.0064  	-0.0069  	-0.0242  	0.03589  	-0.0073  	0.02253  	-0.2797  	
0.03402  	0.03746  	0.10822  	0.58709  	0.06428  	0.43441  	0.14769  	-0.5767  	0.23509  	0.02429  	0.15848  	0.34814  	0.05304  	-0.4650  	-0.9052  	0.89501  	-0.0981  	0.31211  	-0.2925  	0.45192  	-0.0377  	-0.2486  	-0.5770  	0.22098  	-0.2259  	-0.1304  	-0.4793  	-0.0655  	-0.0759  	-0.1366  	-0.2131  	0.23616  	0.30348  	-0.0566  	0.18370  	0.22005  	0.08575  	-0.0045  	-0.1573  	0.23731  	0.01653  	0.03287  	0.02792  	-0.0361  	-0.0842  	-0.0452  	0.03790  	0.01457  	0.05399  	-0.0185  	0.02001  	0.01510  	-0.0024  	0.02092  	0.00611  	-0.0324  	0.03325  	0.00360  	-0.0292  	0.02588  	0.00654  	-0.0061  	0.03918  	-0.0038  	-0.0069  	-0.0242  	0.03589  	-0.0073  	0.02253  	-0.2797  	
-0.0579  	0.01232  	0.04145  	0.46438  	-0.0224  	0.32213  	0.16656  	-0.6477  	0.19163  	0.09901  	0.20507  	0.28089  	-0.0069  	-0.5342  	-1.0047  	0.86894  	-0.1138  	0.37018  	-0.2949  	0.48443  	-0.1187  	-0.2487  	-0.5984  	0.19461  	-0.1802  	-0.1292  	-0.5019  	0.00434  	-0.0461  	-0.1317  	-0.1996  	0.21387  	0.27722  	-0.0427  	0.14028  	0.27745  	0.06839  	-0.0222  	-0.1602  	0.24721  	0.02151  	0.03277  	0.03401  	-0.0280  	-0.0850  	-0.0435  	0.04233  	0.01445  	0.03939  	-0.0252  	0.01639  	0.01317  	-0.0046  	0.02048  	0.00520  	-0.0347  	0.02812  	0.00389  	-0.0310  	0.02226  	0.00581  	-0.0044  	0.04011  	-0.0011  	-0.0069  	-0.0242  	0.03589  	-0.0073  	0.02253  	-0.2797  	
-0.2566  	-0.0777  	-0.1156  	0.52438  	0.07745  	0.30131  	0.10980  	-0.6725  	0.16239  	0.02210  	0.20628  	0.31427  	-0.0536  	-0.6037  	-0.9853  	0.82027  	-0.1020  	0.30519  	-0.2689  	0.47777  	-0.0700  	-0.2360  	-0.6301  	0.27391  	-0.1460  	-0.1450  	-0.3887  	-0.0489  	-0.0737  	-0.1135  	-0.2193  	0.24055  	0.24002  	-0.0622  	0.17803  	0.27831  	0.08745  	-0.0289  	-0.1768  	0.24022  	-0.0108  	0.03840  	0.00437  	-0.0156  	-0.0648  	-0.0443  	0.03603  	-0.0029  	0.04109  	-0.0130  	0.01608  	0.01395  	-0.0031  	0.02567  	0.00464  	-0.0396  	0.03911  	0.01036  	-0.0299  	0.02812  	-0.0001  	-0.0116  	0.03539  	-0.0014  	-0.0069  	-0.0242  	0.03589  	-0.0073  	0.02253  	-0.2797  	
-0.1621  	-0.0489  	-0.0470  	0.53873  	0.06878  	0.34526  	0.06407  	-0.6222  	0.18351  	-0.0057  	0.19054  	0.39686  	-0.0198  	-0.5338  	-0.8503  	0.79737  	-0.0856  	0.26830  	-0.2927  	0.47039  	-0.0161  	-0.2380  	-0.5425  	0.27916  	-0.2276  	-0.1367  	-0.3986  	-0.0942  	-0.1108  	-0.1238  	-0.1999  	0.23081  	0.26464  	-0.0529  	0.19744  	0.20620  	0.11899  	-0.0191  	-0.1808  	0.23134  	-0.0067  	0.03778  	-0.0014  	-0.0248  	-0.0673  	-0.0482  	0.03979  	-0.0074  	0.04552  	-0.0154  	0.01699  	0.01231  	-0.0070  	0.02622  	-0.0006  	-0.0281  	0.03703  	0.00387  	-0.0254  	0.02911  	0.00329  	-0.0066  	0.03068  	-0.0052  	-0.0069  	-0.0242  	0.03589  	-0.0073  	0.02253  	-0.2797  	
0.06186  	0.05574  	0.13358  	0.63460  	0.06206  	0.51615  	0.10851  	-0.5390  	0.20483  	-0.0099  	0.12454  	0.40143  	0.04033  	-0.3841  	-0.7943  	0.91200  	-0.0746  	0.25842  	-0.2753  	0.44125  	0.05426  	-0.2006  	-0.5650  	0.31680  	-0.1307  	-0.1453  	-0.3638  	-0.1661  	-0.1557  	-0.1312  	-0.2101  	0.23918  	0.27131  	-0.0565  	0.21705  	0.19695  	0.14525  	0.00660  	-0.1637  	0.22447  	-0.0312  	0.03307  	0.01830  	-0.0316  	-0.0818  	-0.0431  	0.03174  	0.00730  	0.04983  	-0.0128  	0.01889  	0.01400  	-7.2376  	0.02414  	0.00321  	-0.0239  	0.03020  	0.00063  	-0.0287  	0.03304  	0.00140  	-0.0054  	0.03526  	-0.0002  	-0.0069  	-0.0242  	0.03589  	-0.0073  	0.02253  	-0.2797  	
0.13382  	0.05930  	0.16819  	0.66372  	0.07292  	0.50320  	0.10704  	-0.5465  	0.22360  	-0.0198  	0.18199  	0.38767  	0.03019  	-0.4284  	-0.8755  	0.94431  	-0.1045  	0.25968  	-0.2724  	0.40677  	0.07916  	-0.2178  	-0.5469  	0.30926  	-0.1814  	-0.1564  	-0.3893  	-0.1974  	-0.1819  	-0.1200  	-0.2107  	0.24833  	0.26749  	-0.0587  	0.21159  	0.18600  	0.17423  	0.01831  	-0.1654  	0.20638  	-0.0026  	0.02252  	0.04183  	-0.0262  	-0.0890  	-0.0466  	0.02971  	0.01319  	0.05471  	-0.0152  	0.01243  	0.01328  	0.00525  	0.02793  	-0.0003  	-0.0236  	0.03118  	0.00496  	-0.0303  	0.03152  	-0.0022  	-0.0059  	0.03902  	-0.0061  	-0.0069  	-0.0242  	0.03589  	-0.0073  	0.02253  	-0.2797  	
-0.0330  	-0.0055  	0.06854  	0.65364  	0.10398  	0.43696  	0.09979  	-0.5977  	0.17027  	-0.0108  	0.16328  	0.37055  	-0.0068  	-0.5445  	-0.9186  	0.88345  	-0.0961  	0.28191  	-0.2696  	0.43251  	0.01610  	-0.2347  	-0.5460  	0.26881  	-0.1726  	-0.1534  	-0.3688  	-0.1330  	-0.1459  	-0.1247  	-0.2283  	0.24439  	0.26386  	-0.0563  	0.20420  	0.20455  	0.16697  	0.00926  	-0.1905  	0.21975  	-0.0122  	0.02586  	0.02820  	-0.0094  	-0.0775  	-0.0464  	0.04071  	0.00760  	0.05367  	-0.0233  	0.01349  	0.01026  	0.00241  	0.02432  	0.00202  	-0.0270  	0.03097  	0.00515  	-0.0302  	0.03309  	-0.0001  	-0.0159  	0.03284  	-0.0102  	-0.0069  	-0.0242  	0.03589  	-0.0073  	0.02253  	-0.2797  	
-0.2518  	-0.0607  	-0.0305  	0.41819  	-0.0247  	0.33856  	0.09775  	-0.7073  	0.13340  	0.00594  	0.19281  	0.27274  	-0.0682  	-0.7112  	-1.0245  	0.80721  	-0.0886  	0.31518  	-0.2672  	0.45752  	-0.0601  	-0.2141  	-0.5316  	0.25055  	-0.1923  	-0.1290  	-0.3999  	-0.0933  	-0.0827  	-0.1414  	-0.2084  	0.24063  	0.23300  	-0.0533  	0.14979  	0.27363  	0.12069  	0.00277  	-0.1859  	0.24452  	0.02607  	0.03620  	0.01876  	-0.0199  	-0.0784  	-0.0456  	0.03573  	-0.0095  	0.03435  	-0.0171  	0.01411  	0.01700  	0.00132  	0.02670  	0.00234  	-0.0320  	0.03267  	0.00375  	-0.0270  	0.02909  	0.00121  	-0.0040  	0.03280  	-0.0036  	-0.0069  	-0.0242  	0.03589  	-0.0073  	0.02253  	-0.2797  	
-0.2087  	-0.0693  	-0.0571  	0.46543  	-0.0117  	0.32723  	0.08859  	-0.7338  	0.12444  	0.04757  	0.18834  	0.30732  	-0.0504  	-0.7111  	-1.0143  	0.81658  	-0.0906  	0.31520  	-0.2786  	0.45198  	-0.1175  	-0.2258  	-0.5577  	0.24038  	-0.1661  	-0.1227  	-0.4092  	-0.0427  	-0.0683  	-0.1232  	-0.1997  	0.24599  	0.23384  	-0.0539  	0.14551  	0.29412  	0.09061  	-0.0078  	-0.1853  	0.24607  	0.01360  	0.03774  	0.02121  	-0.0223  	-0.0804  	-0.0441  	0.03497  	-0.0067  	0.03562  	-0.0177  	0.01571  	0.01706  	0.00249  	0.02934  	0.00832  	-0.0339  	0.03262  	0.00578  	-0.0275  	0.02685  	-0.0025  	-0.0044  	0.03435  	-0.0042  	-0.0069  	-0.0242  	0.03589  	-0.0073  	0.02253  	-0.2797  	
-0.1354  	-0.0490  	-0.0205  	0.48550  	0.05190  	0.30761  	0.13735  	-0.7134  	0.14886  	0.11119  	0.20688  	0.32639  	-0.0486  	-0.7275  	-1.0750  	0.89352  	-0.1158  	0.35012  	-0.2811  	0.49433  	-0.1910  	-0.2447  	-0.6349  	0.22572  	-0.1636  	-0.1400  	-0.4484  	0.03360  	-0.0120  	-0.1259  	-0.2084  	0.23619  	0.23107  	-0.0546  	0.14856  	0.32879  	0.04836  	-0.0303  	-0.1618  	0.26050  	0.03088  	0.03272  	0.01960  	-0.0158  	-0.0746  	-0.0492  	0.03670  	-0.0009  	0.04610  	-0.0152  	0.02415  	0.01350  	0.00274  	0.02097  	0.01090  	-0.0359  	0.03907  	0.00542  	-0.0306  	0.02887  	-0.0022  	-0.0065  	0.03421  	-0.0018  	-0.0069  	-0.0242  	0.03589  	-0.0073  	0.02253  	-0.2797  	
-0.1436  	-0.0530  	0.02247  	0.43817  	0.04283  	0.30415  	0.14547  	-0.7146  	0.15334  	0.12387  	0.22836  	0.29665  	-0.0604  	-0.7387  	-1.1101  	0.95069  	-0.1444  	0.36466  	-0.2725  	0.48654  	-0.2034  	-0.2317  	-0.6364  	0.20894  	-0.1293  	-0.1375  	-0.4398  	0.03024  	-0.0066  	-0.1197  	-0.2007  	0.23939  	0.23093  	-0.0456  	0.14903  	0.34794  	0.05646  	-0.0171  	-0.1701  	0.26848  	0.02362  	0.03735  	0.01780  	-0.0092  	-0.0804  	-0.0444  	0.03520  	0.00224  	0.04124  	-0.0171  	0.02650  	0.01402  	0.00244  	0.02080  	0.01201  	-0.0358  	0.03493  	0.00619  	-0.0273  	0.03003  	0.00136  	-0.0101  	0.03378  	-0.0015  	-0.0069  	-0.0242  	0.03589  	-0.0073  	0.02253  	-0.2797  	
-0.2099  	-0.0768  	-0.0583  	0.43032  	0.01585  	0.31008  	0.11283  	-0.7400  	0.11318  	0.06066  	0.18045  	0.25408  	-0.0761  	-0.7595  	-1.0628  	0.86936  	-0.0982  	0.32660  	-0.2625  	0.45477  	-0.1793  	-0.2367  	-0.5989  	0.24457  	-0.0908  	-0.1548  	-0.3872  	0.01201  	-0.0311  	-0.1074  	-0.2126  	0.26277  	0.20573  	-0.0593  	0.14771  	0.36135  	0.07432  	-0.0135  	-0.1646  	0.25359  	0.01828  	0.02793  	0.01076  	-0.0098  	-0.0845  	-0.0476  	0.03286  	-0.0063  	0.04191  	-0.0104  	0.02589  	0.01598  	0.00736  	0.02357  	0.00867  	-0.0344  	0.03532  	0.00728  	-0.0280  	0.03387  	0.00403  	-0.0105  	0.03887  	-0.0036  	-0.0069  	-0.0242  	0.03589  	-0.0073  	0.02253  	-0.2797  	
-0.2220  	-0.0658  	-0.0626  	0.43713  	-0.0060  	0.33420  	0.08795  	-0.7089  	0.13916  	-0.0053  	0.13854  	0.22909  	-0.0401  	-0.6847  	-0.9632  	0.79319  	-0.0731  	0.28125  	-0.2755  	0.42723  	-0.1027  	-0.2258  	-0.5493  	0.25455  	-0.1244  	-0.1339  	-0.3923  	-0.0657  	-0.0607  	-0.1171  	-0.2012  	0.25607  	0.21730  	-0.0500  	0.14698  	0.29742  	0.12681  	0.00158  	-0.1862  	0.22296  	0.02031  	0.03667  	0.01086  	-0.0328  	-0.0766  	-0.0486  	0.03567  	-0.0110  	0.03571  	-0.0148  	0.01423  	0.01413  	0.00248  	0.02458  	0.00843  	-0.0363  	0.03794  	0.00555  	-0.0258  	0.02393  	0.00052  	-0.0095  	0.04015  	0.00035  	-0.0069  	-0.0242  	0.03589  	-0.0073  	0.02253  	-0.2797  	
-0.1354  	-0.0397  	-0.0129  	0.49018  	0.01133  	0.33905  	0.11663  	-0.6878  	0.13322  	0.03156  	0.18288  	0.26997  	-0.0513  	-0.6337  	-0.9538  	0.82417  	-0.1205  	0.31656  	-0.2744  	0.44350  	-0.0704  	-0.2195  	-0.5731  	0.24005  	-0.1696  	-0.1397  	-0.3936  	-0.0913  	-0.0969  	-0.1200  	-0.2022  	0.24904  	0.24070  	-0.0446  	0.19517  	0.29873  	0.12351  	-0.0015  	-0.2026  	0.23056  	-0.0021  	0.04131  	0.00658  	-0.0287  	-0.0795  	-0.0501  	0.03587  	-0.0148  	0.04020  	-0.0174  	0.01651  	0.01516  	-0.0004  	0.02660  	0.00619  	-0.0350  	0.03485  	0.00692  	-0.0263  	0.02970  	-0.0064  	-0.0020  	0.03604  	-0.0066  	-0.0069  	-0.0242  	0.03589  	-0.0073  	0.02253  	-0.2797  	
-0.0855  	-0.0283  	0.01056  	0.50217  	0.06167  	0.35289  	0.16596  	-0.6756  	0.14369  	0.06974  	0.21432  	0.31669  	-0.0275  	-0.5975  	-1.0163  	0.86242  	-0.1398  	0.33927  	-0.2872  	0.50545  	-0.1414  	-0.2566  	-0.6309  	0.23186  	-0.1681  	-0.1467  	-0.4374  	0.01232  	-0.0289  	-0.1264  	-0.2134  	0.23711  	0.24927  	-0.0464  	0.18283  	0.31706  	0.07953  	-0.0161  	-0.1713  	0.24426  	0.00453  	0.03587  	0.00975  	-0.0276  	-0.0754  	-0.0517  	0.03858  	-0.0053  	0.04717  	-0.0210  	0.02152  	0.01162  	0.00307  	0.02364  	0.01019  	-0.0377  	0.03852  	0.00689  	-0.0278  	0.02845  	-0.0042  	-0.0072  	0.03839  	-0.0029  	-0.0069  	-0.0242  	0.03589  	-0.0073  	0.02253  	-0.2797  	
-0.0636  	-0.0318  	0.02540  	0.49081  	0.05159  	0.37837  	0.16523  	-0.6747  	0.16608  	0.07702  	0.18841  	0.29586  	-0.0189  	-0.6450  	-1.0326  	0.87003  	-0.1435  	0.34424  	-0.2785  	0.52259  	-0.1654  	-0.2516  	-0.6624  	0.20073  	-0.1359  	-0.1560  	-0.4495  	0.04398  	0.02028  	-0.1120  	-0.2034  	0.23469  	0.23740  	-0.0397  	0.16258  	0.33845  	0.05278  	-0.0152  	-0.1503  	0.26750  	0.00708  	0.03758  	0.01415  	-0.0181  	-0.0787  	-0.0451  	0.03705  	0.00111  	0.04205  	-0.0196  	0.02448  	0.01798  	0.00152  	0.02030  	0.01159  	-0.0371  	0.03966  	0.00845  	-0.0283  	0.02605  	-0.0018  	-0.0127  	0.03784  	-0.0070  	-0.0069  	-0.0242  	0.03589  	-0.0073  	0.02253  	-0.2797  	
-0.0695  	-0.0405  	0.02527  	0.47298  	0.06891  	0.37215  	0.17677  	-0.7058  	0.15491  	0.09324  	0.18618  	0.27225  	-0.0057  	-0.6385  	-1.0423  	0.87333  	-0.1575  	0.33405  	-0.2875  	0.51325  	-0.1810  	-0.2282  	-0.6686  	0.20003  	-0.1314  	-0.1549  	-0.4410  	0.03788  	0.01802  	-0.1063  	-0.2036  	0.23822  	0.23196  	-0.0369  	0.16720  	0.35041  	0.04969  	-0.0186  	-0.1574  	0.27028  	0.01238  	0.04327  	0.01588  	-0.0255  	-0.0821  	-0.0458  	0.03627  	0.00304  	0.04272  	-0.0145  	0.02800  	0.01737  	0.00142  	0.02109  	0.00688  	-0.0386  	0.04273  	0.00963  	-0.0291  	0.02324  	-0.0050  	-0.0100  	0.03799  	-0.0095  	-0.0069  	-0.0242  	0.03589  	-0.0073  	0.02253  	-0.2797  	
-0.0987  	-0.0484  	0.03011  	0.41968  	0.02928  	0.36175  	0.15204  	-0.7202  	0.15222  	0.08760  	0.19460  	0.26473  	-0.0384  	-0.6990  	-1.0766  	0.90687  	-0.1298  	0.33684  	-0.2795  	0.51296  	-0.1585  	-0.2389  	-0.6239  	0.22308  	-0.1466  	-0.1368  	-0.4516  	0.03139  	-0.0156  	-0.1296  	-0.2043  	0.23719  	0.23330  	-0.0380  	0.16927  	0.33870  	0.06154  	-0.0156  	-0.1647  	0.28023  	0.02747  	0.03893  	0.01599  	-0.0177  	-0.0800  	-0.0441  	0.03914  	0.00040  	0.03873  	-0.0155  	0.02734  	0.01399  	0.00267  	0.01982  	0.01100  	-0.0390  	0.03970  	0.00503  	-0.0279  	0.02939  	4.58747  	-0.0109  	0.03436  	-0.0011  	-0.0069  	-0.0242  	0.03589  	-0.0073  	0.02253  	-0.2797  	
-0.1563  	-0.0595  	-0.0187  	0.42008  	-0.0073  	0.31999  	0.13740  	-0.7250  	0.13241  	0.02159  	0.17087  	0.25917  	-0.0545  	-0.6877  	-1.0113  	0.81558  	-0.0989  	0.31268  	-0.2851  	0.45934  	-0.1300  	-0.2391  	-0.5804  	0.23399  	-0.1361  	-0.1406  	-0.3970  	-0.0269  	-0.0434  	-0.1236  	-0.2067  	0.24875  	0.22839  	-0.0599  	0.17594  	0.31632  	0.10230  	-0.0087  	-0.1859  	0.25014  	0.03178  	0.03758  	0.01385  	-0.0081  	-0.0819  	-0.0481  	0.04496  	-0.0030  	0.04169  	-0.0225  	0.02161  	0.01868  	0.00198  	0.02373  	0.01222  	-0.0367  	0.03277  	0.00553  	-0.0302  	0.03212  	-0.0011  	-0.0121  	0.04023  	-0.0017  	-0.0069  	-0.0242  	0.03589  	-0.0073  	0.02253  	-0.2797  	
-0.1799  	-0.0764  	-0.0614  	0.39896  	-0.0234  	0.31395  	0.11781  	-0.7550  	0.09939  	-0.0188  	0.19622  	0.22224  	-0.0925  	-0.7261  	-0.9760  	0.78511  	-0.0918  	0.27818  	-0.2864  	0.42863  	-0.0824  	-0.2139  	-0.5411  	0.27943  	-0.1005  	-0.1511  	-0.3461  	-0.1073  	-0.0932  	-0.1133  	-0.2060  	0.27464  	0.20959  	-0.0537  	0.20037  	0.31440  	0.15597  	0.01141  	-0.2053  	0.23323  	0.01850  	0.03061  	-0.0021  	-0.0176  	-0.0739  	-0.0449  	0.03854  	-0.0196  	0.03595  	-0.0116  	0.02255  	0.02043  	-0.0002  	0.02409  	0.01066  	-0.0327  	0.03722  	0.01068  	-0.0300  	0.02908  	-0.0012  	-0.0124  	0.03717  	-0.0061  	-0.0069  	-0.0242  	0.03589  	-0.0073  	0.02253  	-0.2797  	
-0.1229  	-0.0678  	-0.0136  	0.40714  	-0.0241  	0.35543  	0.11743  	-0.7013  	0.14084  	0.03981  	0.22456  	0.24603  	-0.0722  	-0.7330  	-1.0480  	0.90500  	-0.0971  	0.27542  	-0.2625  	0.45271  	-0.0843  	-0.2386  	-0.5719  	0.28442  	-0.1649  	-0.1431  	-0.3799  	-0.0860  	-0.1253  	-0.1313  	-0.2045  	0.27418  	0.22303  	-0.0568  	0.19556  	0.30437  	0.14680  	-0.0021  	-0.2005  	0.23814  	0.00229  	0.04308  	0.00047  	-0.0240  	-0.0717  	-0.0462  	0.03262  	-0.0103  	0.04187  	-0.0137  	0.01457  	0.01740  	0.00108  	0.02359  	0.01109  	-0.0291  	0.03426  	0.00571  	-0.0320  	0.03040  	-0.0026  	-0.0096  	0.03103  	-0.0027  	-0.0069  	-0.0242  	0.03589  	-0.0073  	0.02253  	-0.2797  	
0.09133  	0.01546  	0.12873  	0.55909  	0.13152  	0.41281  	0.15076  	-0.6673  	0.13557  	0.09632  	0.18305  	0.21677  	0.00944  	-0.4989  	-0.8466  	0.89108  	-0.1293  	0.20767  	-0.2760  	0.37721  	0.05298  	-0.1896  	-0.5986  	0.36114  	-0.2738  	-0.1359  	-0.2756  	-0.2639  	-0.2730  	-0.1381  	-0.2192  	0.31504  	0.23981  	-0.0849  	0.31662  	0.25132  	0.24463  	-0.0083  	-0.2463  	0.26277  	-0.0175  	0.05627  	-0.0088  	-0.0181  	-0.0699  	-0.0450  	0.03175  	-0.0074  	0.05979  	-0.0093  	0.01064  	0.01483  	0.00069  	0.02516  	0.00432  	-0.0354  	0.02118  	-0.0014  	-0.0305  	0.03980  	0.00780  	-0.0027  	0.02527  	-0.0108  	-0.0069  	-0.0242  	0.03589  	-0.0073  	0.02253  	-0.2797  	
0.30969  	0.11840  	0.19193  	0.73974  	0.13532  	0.49666  	0.17904  	-0.6015  	0.18131  	0.11359  	-0.0300  	0.29304  	0.11869  	-0.3034  	-0.6000  	0.73978  	-0.1192  	0.23820  	-0.2652  	0.38339  	-0.0599  	-0.1059  	-0.5540  	0.26089  	-0.0933  	-0.1626  	-0.3391  	-0.2388  	-0.0708  	-0.0796  	-0.1973  	0.22298  	0.24504  	-0.0447  	0.23853  	0.23482  	0.10785  	-0.0126  	-0.1473  	0.26291  	-0.0283  	0.04520  	0.02692  	-0.0012  	-0.0877  	-0.0489  	0.02217  	0.04226  	0.07425  	-0.0161  	0.02865  	0.01080  	0.00010  	0.02183  	0.01100  	-0.0236  	0.02860  	0.00556  	-0.0402  	0.02947  	-0.0055  	-0.0006  	0.02648  	-0.0166  	-0.0069  	-0.0242  	0.03589  	-0.0073  	0.02253  	-0.2797  	
0.18716  	0.07753  	0.15236  	0.59902  	0.08765  	0.47040  	0.22082  	-0.5891  	0.17428  	0.14035  	-0.1017  	0.08062  	0.14238  	-0.2481  	-0.6212  	0.61058  	-0.0906  	0.18943  	-0.2785  	0.31594  	-0.0772  	-0.0763  	-0.5586  	0.33706  	-0.0118  	-0.1706  	-0.1890  	-0.2774  	-0.0409  	-0.0436  	-0.2065  	0.23609  	0.21094  	-0.0553  	0.21880  	0.24553  	0.09252  	-0.0420  	-0.1286  	0.29750  	-0.0358  	0.05365  	0.01855  	-0.0045  	-0.0868  	-0.0434  	0.01159  	0.04059  	0.07026  	-0.0164  	0.02530  	0.01366  	-0.0035  	0.01834  	0.00693  	-0.0285  	0.02575  	0.00492  	-0.0323  	0.03303  	0.00398  	-0.0059  	0.03143  	-0.0105  	-0.0069  	-0.0242  	0.03589  	-0.0073  	0.02253  	-0.2797  	
0.01130  	0.06928  	0.08081  	0.70888  	0.12521  	0.38530  	0.17986  	-0.6044  	0.17832  	0.09179  	-0.0015  	0.17758  	0.01817  	-0.3418  	-0.6929  	0.75060  	-0.0713  	0.20281  	-0.2983  	0.42189  	-0.0164  	-0.1224  	-0.6328  	0.37451  	-0.0123  	-0.1683  	-0.1813  	-0.2358  	-0.0851  	-0.0517  	-0.2579  	0.26510  	0.22747  	-0.0544  	0.27789  	0.23716  	0.14430  	-0.0415  	-0.1861  	0.30166  	-0.0653  	0.07029  	-0.0285  	-0.0101  	-0.0770  	-0.0457  	0.02043  	0.04183  	0.06124  	-0.0103  	0.02604  	0.00898  	-0.0070  	0.03261  	0.00232  	-0.0176  	0.03598  	0.00069  	-0.0273  	0.03609  	0.00231  	-0.0140  	0.01186  	-0.0196  	-0.0069  	-0.0242  	0.03589  	-0.0073  	0.02253  	-0.2797  	
0.03075  	0.02181  	0.01473  	0.86278  	0.21700  	0.42289  	0.10793  	-0.5968  	0.13837  	-0.0249  	-0.0401  	0.33293  	0.07491  	-0.4805  	-0.6134  	0.75181  	-0.0186  	0.11570  	-0.2203  	0.21914  	-0.0334  	-0.3374  	-0.8178  	0.28958  	-0.1353  	-0.0835  	-0.3450  	-0.1701  	0.05122  	-0.0635  	-0.1476  	0.19518  	0.16202  	-0.1756  	0.19679  	0.20963  	0.01281  	-0.0356  	-0.2492  	0.20150  	0.00457  	0.16305  	-0.0988  	0.05161  	-0.1186  	-0.0304  	0.00547  	0.02143  	0.04418  	-0.0276  	0.02878  	0.01498  	0.00036  	0.03779  	0.00829  	-0.0254  	0.03488  	-0.0032  	-0.0291  	0.04039  	-0.0003  	-0.0044  	0.02032  	-0.0073  	-0.0069  	-0.0242  	0.03589  	-0.0073  	0.02253  	-0.2797  	
0.12882  	0.05853  	0.09445  	0.93591  	0.24473  	0.48518  	0.08126  	-0.4753  	0.16855  	-0.0336  	-0.0887  	0.30382  	0.14232  	-0.4460  	-0.5230  	0.72364  	0.01342  	0.01082  	-0.1804  	0.04198  	0.02487  	-0.4437  	-0.9525  	0.30510  	-0.1796  	-0.0117  	-0.3591  	-0.2605  	0.10977  	-0.0750  	-0.0827  	0.17593  	0.11516  	-0.2810  	0.14247  	0.16713  	-0.0606  	-0.0407  	-0.3070  	0.15421  	0.04852  	0.23333  	-0.1466  	0.10133  	-0.1553  	-0.0115  	-0.0097  	0.03740  	0.03358  	-0.0310  	0.03148  	0.02076  	0.00826  	0.04902  	0.01702  	-0.0276  	0.01859  	-0.0162  	-0.0291  	0.05260  	0.00618  	-0.0107  	0.00258  	-0.0099  	-0.0069  	-0.0242  	0.03589  	-0.0073  	0.02253  	-0.2797  	
0.19435  	0.02619  	0.20795  	0.72282  	0.15513  	0.39507  	0.10835  	-0.5063  	0.13075  	-0.0258  	0.22375  	0.38127  	0.10153  	-0.5654  	-0.8407  	0.83432  	0.02240  	0.03763  	-0.1658  	0.03136  	0.10516  	-0.5299  	-1.0292  	0.34679  	-0.2559  	-0.0079  	-0.4014  	-0.2765  	-0.0024  	-0.1516  	-0.0546  	0.15761  	0.09612  	-0.3304  	0.15510  	0.18911  	0.01515  	-0.0183  	-0.3872  	0.12994  	0.08677  	0.24929  	-0.1676  	0.10880  	-0.1660  	-0.0095  	-0.0057  	0.04033  	0.03146  	-0.0410  	0.03801  	0.01865  	0.00954  	0.04495  	0.01015  	-0.0297  	0.02728  	-0.0151  	-0.0352  	0.04840  	0.00078  	-0.0205  	0.00573  	-0.0115  	-0.0069  	-0.0242  	0.03589  	-0.0073  	0.02253  	-0.2797  	
-0.1219  	-0.0177  	0.08387  	0.49713  	0.03762  	0.30445  	0.07468  	-0.6044  	0.10291  	0.00951  	0.19660  	0.28611  	0.01174  	-0.7094  	-0.9617  	0.81168  	0.02446  	0.07995  	-0.1726  	0.10410  	0.03402  	-0.5612  	-0.9774  	0.32311  	-0.1865  	-0.0092  	-0.3358  	-0.2473  	0.04327  	-0.1481  	-0.0421  	0.17915  	0.08191  	-0.2993  	0.10327  	0.26834  	0.00701  	0.00249  	-0.3620  	0.12837  	0.11361  	0.21681  	-0.1600  	0.11005  	-0.1681  	-0.0160  	0.00122  	0.02795  	0.01982  	-0.0319  	0.03294  	0.02222  	-0.0020  	0.04784  	0.01813  	-0.0367  	0.03685  	-0.0082  	-0.0257  	0.04530  	0.00270  	-0.0228  	0.01330  	-0.0040  	-0.0069  	-0.0242  	0.03589  	-0.0073  	0.02253  	-0.2797  	
-0.2209  	-0.0571  	-0.0397  	0.51124  	0.00217  	0.34358  	0.07627  	-0.6663  	0.10130  	-0.0505  	0.12427  	0.24734  	-0.0195  	-0.7120  	-0.9011  	0.71838  	0.00411  	0.14044  	-0.2199  	0.20300  	-0.0375  	-0.3916  	-0.7571  	0.31421  	-0.1540  	-0.0656  	-0.3441  	-0.1747  	-0.0031  	-0.1177  	-0.1199  	0.22812  	0.13021  	-0.1907  	0.12085  	0.28122  	0.05423  	-0.0023  	-0.2804  	0.17871  	0.06101  	0.13680  	-0.0865  	0.04258  	-0.1218  	-0.0342  	0.01738  	0.00150  	0.03168  	-0.0271  	0.02261  	0.01762  	0.00616  	0.03675  	0.01642  	-0.0371  	0.03587  	-0.0002  	-0.0269  	0.03523  	0.00333  	-0.0221  	0.02334  	-0.0010  	-0.0069  	-0.0242  	0.03589  	-0.0073  	0.02253  	-0.2797  	
-0.1073  	-0.0236  	0.02257  	0.54601  	0.03144  	0.37712  	0.11076  	-0.6593  	0.15470  	-0.0062  	0.10810  	0.26713  	-0.0320  	-0.5798  	-0.8569  	0.81335  	-0.0912  	0.29626  	-0.2680  	0.39990  	-0.0026  	-0.2022  	-0.5646  	0.29389  	-0.1571  	-0.1367  	-0.3313  	-0.1745  	-0.1301  	-0.1331  	-0.2075  	0.26307  	0.24379  	-0.0498  	0.23087  	0.25342  	0.16596  	0.00172  	-0.2105  	0.23933  	-0.0109  	0.04377  	0.00745  	-0.0225  	-0.0706  	-0.0469  	0.03437  	-0.0135  	0.04262  	-0.0246  	0.00840  	0.01658  	0.00060  	0.02668  	0.00429  	-0.0304  	0.02812  	0.00628  	-0.0247  	0.03483  	0.00030  	-0.0010  	0.02612  	-0.0037  	-0.0069  	-0.0242  	0.03589  	-0.0073  	0.02253  	-0.2797  	
-0.0412  	-0.0282  	0.01877  	0.55482  	0.04923  	0.37563  	0.12317  	-0.6555  	0.15638  	0.03493  	0.18008  	0.29152  	-0.0368  	-0.6112  	-0.9406  	0.87402  	-0.1061  	0.31902  	-0.2777  	0.47207  	-0.0646  	-0.2347  	-0.5902  	0.27834  	-0.1598  	-0.1491  	-0.4196  	-0.0822  	-0.0769  	-0.1345  	-0.2140  	0.24236  	0.24014  	-0.0551  	0.20507  	0.27725  	0.11828  	-0.0097  	-0.1846  	0.26377  	0.00587  	0.03561  	0.01302  	-0.0131  	-0.0747  	-0.0449  	0.03952  	-0.0052  	0.04487  	-0.0143  	0.01947  	0.01372  	-0.0005  	0.02427  	0.01005  	-0.0326  	0.03289  	0.00615  	-0.0303  	0.03342  	-0.0037  	-0.0093  	0.03191  	-0.0038  	-0.0069  	-0.0242  	0.03589  	-0.0073  	0.02253  	-0.2797  	
-0.0301  	-0.0240  	0.06085  	0.49603  	0.07642  	0.35574  	0.14264  	-0.6880  	0.15467  	0.12841  	0.23210  	0.29615  	-0.0601  	-0.6507  	-1.0640  	0.94457  	-0.1614  	0.33649  	-0.2768  	0.48665  	-0.1223  	-0.2280  	-0.6539  	0.23486  	-0.1331  	-0.1667  	-0.4012  	-0.0301  	-0.0410  	-0.1151  	-0.2163  	0.25547  	0.23374  	-0.0492  	0.20218  	0.34989  	0.10283  	-0.0105  	-0.1730  	0.26980  	0.00692  	0.04849  	0.01943  	-0.0125  	-0.0821  	-0.0442  	0.03177  	0.00901  	0.04671  	-0.0194  	0.02409  	0.01662  	0.00368  	0.02452  	0.01300  	-0.0336  	0.03610  	0.00545  	-0.0285  	0.03009  	-0.0036  	-0.0057  	0.03631  	-0.0065  	-0.0069  	-0.0242  	0.03589  	-0.0073  	0.02253  	-0.2797  	
-0.0642  	-0.0576  	0.04602  	0.41528  	0.03655  	0.35312  	0.14463  	-0.7447  	0.13905  	0.12988  	0.22100  	0.26730  	-0.0617  	-0.7334  	-1.1648  	0.96221  	-0.1497  	0.34297  	-0.2779  	0.48218  	-0.1624  	-0.2444  	-0.6468  	0.22551  	-0.1208  	-0.1489  	-0.4047  	-0.0056  	-0.0328  	-0.1167  	-0.2063  	0.24868  	0.22738  	-0.0405  	0.16988  	0.35172  	0.08042  	-0.0073  	-0.1587  	0.27276  	0.02185  	0.04033  	0.02456  	-0.0087  	-0.0797  	-0.0450  	0.03310  	0.00664  	0.04531  	-0.0141  	0.02693  	0.01549  	0.00392  	0.02394  	0.01163  	-0.0352  	0.03560  	0.00287  	-0.0303  	0.02913  	-0.0016  	-0.0106  	0.03709  	-0.0029  	-0.0069  	-0.0242  	0.03589  	-0.0073  	0.02253  	-0.2797  	
-0.1734  	-0.0724  	-0.0187  	0.37335  	-0.0204  	0.31317  	0.11517  	-0.7278  	0.12706  	0.08866  	0.22296  	0.26243  	-0.0623  	-0.7715  	-1.0997  	0.90557  	-0.1172  	0.33317  	-0.2636  	0.46263  	-0.1526  	-0.2307  	-0.6001  	0.22928  	-0.1263  	-0.1363  	-0.4169  	-0.0020  	-0.0402  	-0.1307  	-0.2067  	0.25375  	0.21577  	-0.0526  	0.15757  	0.33365  	0.08816  	-0.0071  	-0.1742  	0.25825  	0.03845  	0.03922  	0.01839  	-0.0122  	-0.0851  	-0.0462  	0.03586  	-0.0006  	0.03964  	-0.0156  	0.02288  	0.01565  	0.00273  	0.02417  	0.00902  	-0.0361  	0.03423  	0.00333  	-0.0279  	0.03227  	0.00190  	-0.0092  	0.03238  	-0.0009  	-0.0069  	-0.0242  	0.03589  	-0.0073  	0.02253  	-0.2797  	
-0.2512  	-0.0831  	-0.0837  	0.38196  	-0.0331  	0.30208  	0.10859  	-0.7484  	0.10971  	0.02364  	0.20591  	0.25773  	-0.0943  	-0.7634  	-1.0513  	0.84584  	-0.0669  	0.30514  	-0.2641  	0.42793  	-0.1290  	-0.2592  	-0.5776  	0.25536  	-0.1185  	-0.1461  	-0.3784  	-0.0335  	-0.0491  	-0.1206  	-0.2159  	0.25861  	0.19918  	-0.0632  	0.14703  	0.33886  	0.11522  	-0.0091  	-0.1937  	0.24567  	0.02699  	0.02912  	0.01542  	-0.0153  	-0.0717  	-0.0503  	0.03635  	-0.0180  	0.03967  	-0.0137  	0.01722  	0.01629  	0.00184  	0.02734  	0.01191  	-0.0337  	0.03427  	0.00598  	-0.0260  	0.02667  	-0.0003  	-0.0093  	0.03990  	-0.0011  	-0.0069  	-0.0242  	0.03589  	-0.0073  	0.02253  	-0.2797  	
-0.2555  	-0.0718  	-0.0766  	0.39825  	-0.0256  	0.30039  	0.07954  	-0.7325  	0.12629  	-0.0205  	0.14538  	0.24594  	-0.0771  	-0.7525  	-0.9975  	0.79171  	-0.0542  	0.29185  	-0.2685  	0.42667  	-0.1197  	-0.2351  	-0.5371  	0.24244  	-0.1374  	-0.1275  	-0.3793  	-0.0574  	-0.0608  	-0.1201  	-0.2031  	0.25891  	0.20245  	-0.0525  	0.13918  	0.29445  	0.11496  	0.00807  	-0.1856  	0.21522  	0.03314  	0.03060  	0.01511  	-0.0279  	-0.0766  	-0.0534  	0.03695  	-0.0123  	0.04020  	-0.0178  	0.01727  	0.01417  	0.00334  	0.02596  	0.00982  	-0.0343  	0.03881  	0.00587  	-0.0269  	0.02816  	0.00169  	-0.0111  	0.03952  	0.00080  	-0.0069  	-0.0242  	0.03589  	-0.0073  	0.02253  	-0.2797  	
-0.1926  	-0.0498  	-0.0342  	0.38356  	-0.0371  	0.31041  	0.11127  	-0.6885  	0.15273  	0.01317  	0.16984  	0.28413  	-0.0158  	-0.7037  	-0.9911  	0.81266  	-0.0939  	0.31315  	-0.2792  	0.45602  	-0.1356  	-0.2340  	-0.5556  	0.18684  	-0.2159  	-0.1195  	-0.4648  	-0.0092  	-0.0419  	-0.1474  	-0.1895  	0.22970  	0.24781  	-0.0510  	0.12078  	0.28552  	0.08676  	-0.0050  	-0.1681  	0.23547  	0.05272  	0.03511  	0.02347  	-0.0237  	-0.0832  	-0.0433  	0.04322  	-0.0025  	0.03770  	-0.0148  	0.01349  	0.01531  	0.00148  	0.02259  	0.01293  	-0.0384  	0.03492  	0.00438  	-0.0305  	0.02845  	-0.0013  	-0.0058  	0.03397  	0.00172  	-0.0069  	-0.0242  	0.03589  	-0.0073  	0.02253  	-0.2797  	
-0.1604  	-0.0472  	0.02183  	0.41719  	-0.0222  	0.31935  	0.14169  	-0.6704  	0.17021  	0.05616  	0.18970  	0.29179  	-0.0159  	-0.6614  	-1.0385  	0.85870  	-0.1204  	0.35548  	-0.2811  	0.51866  	-0.1621  	-0.2318  	-0.5912  	0.19461  	-0.1920  	-0.1260  	-0.4990  	0.03001  	-0.0129  	-0.1404  	-0.1953  	0.22689  	0.25516  	-0.0464  	0.11981  	0.28831  	0.06328  	-0.0099  	-0.1679  	0.25550  	0.04266  	0.02832  	0.03269  	-0.0142  	-0.0847  	-0.0452  	0.04041  	0.00838  	0.03975  	-0.0259  	0.01865  	0.01401  	0.00266  	0.01780  	0.00947  	-0.0366  	0.03753  	0.00431  	-0.0267  	0.02873  	0.00620  	-0.0097  	0.03479  	0.00074  	-0.0069  	-0.0242  	0.03589  	-0.0073  	0.02253  	-0.2797  	
-0.2154  	-0.0564  	-0.0535  	0.43812  	0.01278  	0.29796  	0.11013  	-0.7195  	0.13600  	0.00890  	0.19305  	0.27660  	-0.0653  	-0.6674  	-0.9906  	0.81181  	-0.0840  	0.31600  	-0.2865  	0.46215  	-0.1197  	-0.2517  	-0.5912  	0.21982  	-0.1673  	-0.1361  	-0.4258  	-0.0088  	-0.0225  	-0.1216  	-0.2052  	0.23688  	0.23639  	-0.0533  	0.15071  	0.30442  	0.08685  	-0.0190  	-0.1760  	0.23958  	0.03310  	0.03446  	0.01832  	-0.0178  	-0.0750  	-0.0474  	0.04046  	-0.0088  	0.03441  	-0.0143  	0.01973  	0.01451  	0.00213  	0.01973  	0.01105  	-0.0363  	0.03602  	0.01029  	-0.0282  	0.02727  	-0.0016  	-0.0058  	0.04146  	-0.0001  	-0.0069  	-0.0242  	0.03589  	-0.0073  	0.02253  	-0.2797  	
-0.2083  	-0.0518  	-0.0652  	0.42764  	-0.0061  	0.31904  	0.08896  	-0.6991  	0.14057  	-0.0255  	0.20106  	0.25452  	-0.0775  	-0.6633  	-0.9349  	0.79166  	-0.0861  	0.27605  	-0.2808  	0.41597  	-0.0465  	-0.2186  	-0.5439  	0.25827  	-0.1583  	-0.1358  	-0.3830  	-0.1247  	-0.0946  	-0.1318  	-0.2009  	0.25885  	0.22945  	-0.0550  	0.19472  	0.27335  	0.15033  	0.01034  	-0.2016  	0.22184  	0.02119  	0.03837  	0.00662  	-0.0262  	-0.0711  	-0.0479  	0.04171  	-0.0139  	0.03578  	-0.0140  	0.01233  	0.01570  	0.00132  	0.02298  	0.01216  	-0.0351  	0.03602  	0.00687  	-0.0318  	0.02877  	0.00184  	-0.0115  	0.03782  	-0.0019  	-0.0069  	-0.0242  	0.03589  	-0.0073  	0.02253  	-0.2797  	
-0.1333  	-0.0449  	-0.0084  	0.46459  	0.00265  	0.32692  	0.11001  	-0.6869  	0.14327  	0.03740  	0.21608  	0.25848  	-0.0626  	-0.6773  	-0.9939  	0.86471  	-0.1203  	0.31395  	-0.2729  	0.45839  	-0.0652  	-0.2335  	-0.5743  	0.24360  	-0.1693  	-0.1441  	-0.4115  	-0.0775  	-0.0987  	-0.1219  	-0.2020  	0.25713  	0.23116  	-0.0509  	0.19343  	0.29722  	0.13927  	0.00339  	-0.1966  	0.22277  	0.00071  	0.02894  	0.00935  	-0.0258  	-0.0743  	-0.0511  	0.03726  	-0.0165  	0.04218  	-0.0196  	0.01840  	0.01502  	0.00313  	0.02385  	0.00876  	-0.0314  	0.03490  	0.00694  	-0.0290  	0.03217  	-0.0041  	-0.0074  	0.03855  	-0.0042  	-0.0069  	-0.0242  	0.03589  	-0.0073  	0.02253  	-0.2797  	
-0.0587  	-0.0288  	0.05506  	0.44039  	0.00295  	0.35460  	0.14647  	-0.6840  	0.17952  	0.09490  	0.21304  	0.29333  	-0.0280  	-0.6916  	-1.0825  	0.91303  	-0.1394  	0.35796  	-0.2774  	0.52262  	-0.1712  	-0.2626  	-0.6354  	0.18146  	-0.1552  	-0.1534  	-0.4676  	0.04846  	-0.0053  	-0.1223  	-0.1983  	0.23455  	0.24137  	-0.0375  	0.15427  	0.33253  	0.05022  	-0.0106  	-0.1516  	0.26246  	0.01844  	0.03101  	0.01991  	-0.0224  	-0.0866  	-0.0425  	0.03542  	0.00431  	0.04354  	-0.0195  	0.02472  	0.01785  	0.00267  	0.02250  	0.01074  	-0.0347  	0.03544  	0.00588  	-0.0276  	0.02738  	-7.8405  	-0.0082  	0.03780  	-0.0054  	-0.0069  	-0.0242  	0.03589  	-0.0073  	0.02253  	-0.2797  	
-0.1262  	-0.0326  	0.04005  	0.33526  	-0.0682  	0.29283  	0.14643  	-0.7297  	0.12821  	0.12321  	0.16863  	0.24312  	-0.0230  	-0.6845  	-1.1681  	0.87139  	-0.1336  	0.36198  	-0.2977  	0.50349  	-0.2349  	-0.2608  	-0.6430  	0.16213  	-0.1670  	-0.1277  	-0.5030  	0.04603  	0.03361  	-0.1157  	-0.1833  	0.22678  	0.24783  	-0.0411  	0.10664  	0.35902  	0.01978  	-0.0287  	-0.1297  	0.27501  	0.05537  	0.02520  	0.02634  	-0.0272  	-0.0815  	-0.0472  	0.03787  	0.00030  	0.04881  	-0.0158  	0.02298  	0.01388  	-6.3493  	0.02322  	0.01137  	-0.0414  	0.03554  	0.00483  	-0.0326  	0.02431  	-0.0017  	-0.0053  	0.04042  	-0.0039  	-0.0069  	-0.0242  	0.03589  	-0.0073  	0.02253  	-0.2797  	
-0.3404  	-0.0847  	-0.0694  	0.31988  	-0.0554  	0.20471  	0.12902  	-0.7478  	0.13449  	0.11173  	0.20815  	0.21287  	-0.0093  	-0.6829  	-1.1233  	0.81289  	-0.1156  	0.30306  	-0.3016  	0.48577  	-0.1910  	-0.2434  	-0.6065  	0.21283  	-0.1234  	-0.1346  	-0.4823  	0.00842  	-0.0060  	-0.1199  	-0.1841  	0.22895  	0.23152  	-0.0537  	0.13493  	0.34861  	0.05264  	-0.0305  	-0.1669  	0.25271  	0.04820  	0.04554  	0.01236  	-0.0304  	-0.0678  	-0.0422  	0.04035  	-0.0069  	0.04027  	-0.0173  	0.01981  	0.01339  	-0.0050  	0.02595  	0.00516  	-0.0352  	0.03569  	0.00490  	-0.0290  	0.02549  	0.00472  	-0.0117  	0.03926  	-0.0009  	-0.0069  	-0.0242  	0.03589  	-0.0073  	0.02253  	-0.2797  	
-0.4273  	-0.1243  	-0.1504  	0.29846  	-0.0698  	0.14801  	0.10557  	-0.7273  	0.12859  	0.06581  	0.26310  	0.25655  	-0.0690  	-0.6679  	-1.0416  	0.69671  	-0.0909  	0.31500  	-0.2719  	0.47297  	-0.1024  	-0.2643  	-0.5721  	0.23906  	-0.1359  	-0.1293  	-0.4312  	-0.0527  	-0.0481  	-0.1461  	-0.1928  	0.22625  	0.23548  	-0.0509  	0.16006  	0.29709  	0.09524  	-0.0143  	-0.1765  	0.21890  	0.01842  	0.03418  	0.00511  	-0.0265  	-0.0673  	-0.0451  	0.03745  	-0.0132  	0.03164  	-0.0175  	0.00637  	0.01482  	-0.0015  	0.02337  	0.00190  	-0.0393  	0.03463  	0.00902  	-0.0291  	0.02642  	0.00436  	-0.0074  	0.03795  	-0.0003  	-0.0069  	-0.0242  	0.03589  	-0.0073  	0.02253  	-0.2797  	
-0.4509  	-0.1165  	-0.1392  	0.22448  	-0.1023  	0.13274  	0.10985  	-0.7346  	0.13158  	0.10744  	0.31041  	0.23829  	-0.0760  	-0.7115  	-1.0746  	0.72792  	-0.0792  	0.28588  	-0.2929  	0.43986  	-0.0886  	-0.2652  	-0.5309  	0.22962  	-0.2033  	-0.1116  	-0.4459  	-0.0927  	-0.0618  	-0.1573  	-0.1778  	0.21848  	0.24030  	-0.0493  	0.12093  	0.26498  	0.10631  	0.00795  	-0.1881  	0.21498  	0.05927  	0.02893  	0.02364  	-0.0172  	-0.0771  	-0.0431  	0.04557  	-0.0169  	0.03040  	-0.0144  	0.00179  	0.01712  	-0.0016  	0.02699  	0.00029  	-0.0404  	0.02842  	0.00673  	-0.0329  	0.02650  	0.00741  	-0.0014  	0.03540  	-0.0014  	-0.0069  	-0.0242  	0.03589  	-0.0073  	0.02253  	-0.2797  	
-0.2436  	-0.0279  	-0.0351  	0.39974  	-0.0171  	0.27881  	0.07701  	-0.6280  	0.13617  	0.00753  	0.17058  	0.33493  	0.03432  	-0.6835  	-0.9249  	0.70984  	0.02430  	0.16608  	-0.2308  	0.24528  	-0.0529  	-0.3822  	-0.7229  	0.21451  	-0.2809  	-0.0252  	-0.4722  	-0.1134  	0.02123  	-0.1629  	-0.0774  	0.17041  	0.18342  	-0.1841  	0.05288  	0.22047  	0.00263  	-0.0168  	-0.2427  	0.16808  	0.10346  	0.12542  	-0.0649  	0.03693  	-0.1326  	-0.0267  	0.02340  	0.01672  	0.02571  	-0.0206  	0.01699  	0.01873  	-0.0059  	0.03297  	0.00747  	-0.0374  	0.02775  	-0.0048  	-0.0269  	0.03557  	0.00713  	-0.0045  	0.02432  	-0.0032  	-0.0069  	-0.0242  	0.03589  	-0.0073  	0.02253  	-0.2797  	
-0.1532  	0.01470  	0.01947  	0.53042  	0.02975  	0.28789  	0.07078  	-0.5841  	0.13271  	0.00093  	0.11638  	0.35073  	0.07272  	-0.6785  	-0.8373  	0.68901  	0.04379  	0.08691  	-0.1906  	0.09748  	-0.0636  	-0.5227  	-0.9177  	0.19508  	-0.3326  	0.04214  	-0.5489  	-0.1100  	0.10606  	-0.1758  	-0.0031  	0.13237  	0.13087  	-0.2822  	-0.0263  	0.20461  	-0.1110  	-0.0281  	-0.2808  	0.13972  	0.17948  	0.20700  	-0.1258  	0.09595  	-0.1794  	-0.0142  	0.00248  	0.03609  	0.01733  	-0.0246  	0.02079  	0.02127  	-0.0028  	0.04654  	0.01497  	-0.0446  	0.02433  	-0.0094  	-0.0260  	0.03641  	0.00589  	-0.0008  	0.01156  	-0.0020  	-0.0069  	-0.0242  	0.03589  	-0.0073  	0.02253  	-0.2797  	
-0.0261  	0.04845  	0.10512  	0.69473  	0.15647  	0.38696  	0.07783  	-0.5191  	0.17878  	-0.0171  	0.08723  	0.40129  	0.12679  	-0.5986  	-0.8012  	0.77353  	0.04218  	0.06229  	-0.1613  	0.06011  	-0.0142  	-0.6151  	-1.0347  	0.23293  	-0.2835  	0.03190  	-0.4955  	-0.1376  	0.12623  	-0.1492  	-0.0257  	0.15648  	0.12704  	-0.3142  	0.04331  	0.19200  	-0.1048  	-0.0149  	-0.3059  	0.14678  	0.16621  	0.23206  	-0.1435  	0.10542  	-0.1798  	-0.0150  	-0.0066  	0.04454  	0.02478  	-0.0295  	0.02827  	0.02259  	-0.0043  	0.04881  	0.02157  	-0.0384  	0.02887  	-0.0147  	-0.0240  	0.04294  	0.00643  	-0.0060  	0.00948  	-0.0062  	-0.0069  	-0.0242  	0.03589  	-0.0073  	0.02253  	-0.2797  	
-0.0503  	0.02415  	0.05185  	0.70679  	0.17707  	0.36834  	0.07307  	-0.5919  	0.12070  	-0.0040  	0.09006  	0.38623  	0.06299  	-0.6166  	-0.8735  	0.76177  	0.02345  	0.07738  	-0.1764  	0.12547  	-0.0481  	-0.5689  	-1.0153  	0.25174  	-0.2205  	0.00298  	-0.4123  	-0.0981  	0.11716  	-0.1156  	-0.0708  	0.17443  	0.11457  	-0.2773  	0.07833  	0.24248  	-0.0754  	-0.0258  	-0.2999  	0.13498  	0.10238  	0.22092  	-0.1446  	0.08953  	-0.1581  	-0.0121  	-0.0021  	0.04509  	0.02819  	-0.0393  	0.03294  	0.02156  	-0.0033  	0.04839  	0.01656  	-0.0308  	0.03173  	-0.0138  	-0.0276  	0.04474  	0.00690  	-0.0162  	0.01168  	-0.0089  	-0.0069  	-0.0242  	0.03589  	-0.0073  	0.02253  	-0.2797  	
-0.0648  	0.01360  	-0.0536  	0.78272  	0.21291  	0.35082  	0.06719  	-0.6251  	0.11232  	-0.0090  	0.10178  	0.44237  	0.06218  	-0.4604  	-0.6941  	0.75971  	-0.0305  	0.11416  	-0.2361  	0.24900  	-0.0014  	-0.3580  	-0.8231  	0.36478  	-0.2583  	-0.0416  	-0.3542  	-0.1729  	-0.0629  	-0.1001  	-0.1199  	0.20460  	0.17915  	-0.1897  	0.19390  	0.21933  	0.03899  	-0.0298  	-0.2947  	0.19283  	0.00802  	0.17166  	-0.1160  	0.04022  	-0.1210  	-0.0250  	0.02012  	0.00927  	0.03071  	-0.0236  	0.02356  	0.01953  	-0.0011  	0.03126  	0.00139  	-0.0352  	0.02560  	-0.0067  	-0.0275  	0.03578  	0.00354  	-0.0056  	0.00397  	-0.0125  	-0.0069  	-0.0242  	0.03589  	-0.0073  	0.02253  	-0.2797  	
0.20941  	0.08410  	0.17203  	0.75984  	0.12763  	0.54351  	0.15985  	-0.6006  	0.16977  	0.04601  	-0.1076  	0.26349  	0.12842  	-0.1929  	-0.5205  	0.71097  	-0.1143  	0.21174  	-0.3163  	0.35535  	-0.0422  	-0.1353  	-0.5560  	0.33092  	-0.1588  	-0.1580  	-0.3362  	-0.2479  	-0.1131  	-0.0837  	-0.2072  	0.23431  	0.25647  	-0.0464  	0.24896  	0.20901  	0.11776  	-0.0158  	-0.1731  	0.26863  	-0.0571  	0.05355  	-0.0009  	-0.0263  	-0.0807  	-0.0362  	0.02195  	0.01779  	0.06081  	-0.0106  	0.01581  	0.01766  	-0.0070  	0.01787  	0.00604  	-0.0190  	0.02009  	0.00313  	-0.0315  	0.03217  	0.00278  	0.00619  	0.02840  	-0.0098  	-0.0069  	-0.0242  	0.03589  	-0.0073  	0.02253  	-0.2797  	
0.27689  	0.03959  	0.16198  	0.81125  	0.13857  	0.58150  	0.20071  	-0.5435  	0.21745  	-0.0019  	-0.1188  	0.17493  	0.16132  	-0.2448  	-0.6018  	0.72890  	-0.0584  	0.18277  	-0.2994  	0.30308  	-0.0445  	-0.0930  	-0.5201  	0.29493  	-0.0565  	-0.1672  	-0.2603  	-0.2676  	-0.0495  	-0.0642  	-0.2207  	0.23035  	0.24647  	-0.0430  	0.21020  	0.21669  	0.09753  	-0.0188  	-0.1083  	0.27331  	-0.0368  	0.05989  	0.01494  	-0.0164  	-0.0802  	-0.0479  	0.02179  	0.04302  	0.07360  	-0.0171  	0.01637  	0.02017  	0.00582  	0.02924  	0.01179  	-0.0167  	0.01917  	0.00093  	-0.0337  	0.03498  	0.00399  	-0.0021  	0.03250  	-0.0100  	-0.0069  	-0.0242  	0.03589  	-0.0073  	0.02253  	-0.2797  	
0.25185  	0.11140  	0.22433  	0.71665  	0.12330  	0.53646  	0.21245  	-0.5467  	0.21515  	0.05937  	-0.1033  	0.16284  	0.14865  	-0.2730  	-0.6477  	0.72630  	-0.0784  	0.19829  	-0.2804  	0.27214  	-0.0722  	-0.0785  	-0.5069  	0.29345  	-0.0355  	-0.1667  	-0.2477  	-0.2764  	-0.0601  	-0.0577  	-0.2014  	0.23878  	0.24357  	-0.0478  	0.17352  	0.20698  	0.12176  	-0.0044  	-0.1279  	0.25122  	-0.0222  	0.04344  	0.03528  	-0.0117  	-0.0920  	-0.0429  	0.01790  	0.04842  	0.07608  	-0.0189  	0.00893  	0.01383  	0.00160  	0.02887  	0.00913  	-0.0198  	0.01777  	-0.0045  	-0.0350  	0.03983  	0.00465  	0.00122  	0.02744  	-0.0118  	-0.0069  	-0.0242  	0.03589  	-0.0073  	0.02253  	-0.2797  	
0.09837  	0.06389  	0.11506  	0.61994  	0.10408  	0.32282  	0.19505  	-0.6316  	0.17770  	0.15406  	-0.1258  	0.09112  	0.13314  	-0.2448  	-0.6524  	0.59906  	-0.0665  	0.19727  	-0.2698  	0.34975  	-0.0885  	-0.1139  	-0.5719  	0.32722  	0.02336  	-0.1796  	-0.1784  	-0.2841  	-0.0471  	-0.0330  	-0.2027  	0.24029  	0.21573  	-0.0611  	0.23801  	0.24177  	0.12553  	-0.0241  	-0.1421  	0.28614  	-0.0393  	0.05486  	0.01555  	-0.0139  	-0.0776  	-0.0438  	0.02078  	0.02693  	0.06875  	-0.0133  	0.01514  	0.01214  	-0.0059  	0.02868  	0.00891  	-0.0238  	0.01956  	-0.0035  	-0.0326  	0.04112  	0.00472  	0.00093  	0.02854  	-0.0105  	-0.0069  	-0.0242  	0.03589  	-0.0073  	0.02253  	-0.2797  	
-0.0813  	0.00016  	0.01627  	0.52149  	0.06897  	0.32404  	0.15398  	-0.6594  	0.16522  	0.03874  	0.13180  	0.24153  	0.01884  	-0.4707  	-0.8499  	0.76031  	-0.0962  	0.26388  	-0.3001  	0.43130  	0.02091  	-0.2208  	-0.5483  	0.31802  	-0.1750  	-0.1345  	-0.3246  	-0.1900  	-0.1274  	-0.1343  	-0.1883  	0.24965  	0.24712  	-0.0559  	0.24759  	0.21248  	0.16825  	-0.0110  	-0.2056  	0.27302  	-0.0240  	0.05176  	0.00371  	-0.0210  	-0.0753  	-0.0496  	0.03035  	-0.0045  	0.04938  	-0.0130  	0.00840  	0.01432  	-0.0076  	0.02938  	0.00217  	-0.0349  	0.03128  	0.00035  	-0.0305  	0.03112  	0.00519  	-0.0008  	0.03592  	-0.0042  	-0.0069  	-0.0242  	0.03589  	-0.0073  	0.02253  	-0.2797  	
-0.2701  	-0.0777  	-0.0484  	0.41305  	-0.0299  	0.29922  	0.10636  	-0.7296  	0.12660  	0.01607  	0.20340  	0.26467  	-0.0623  	-0.7215  	-1.0432  	0.79976  	-0.0811  	0.30388  	-0.2679  	0.44654  	-0.0990  	-0.2012  	-0.5404  	0.25846  	-0.1824  	-0.1271  	-0.3932  	-0.0857  	-0.0847  	-0.1299  	-0.2059  	0.24923  	0.23256  	-0.0605  	0.13382  	0.29248  	0.11528  	0.00214  	-0.1888  	0.24719  	0.03744  	0.03615  	0.01361  	-0.0246  	-0.0790  	-0.0433  	0.03704  	-0.0084  	0.03759  	-0.0200  	0.01083  	0.01696  	0.00066  	0.02661  	0.00520  	-0.0363  	0.03253  	0.00490  	-0.0264  	0.02938  	0.00034  	-0.0046  	0.03111  	-0.0051  	-0.0069  	-0.0242  	0.03589  	-0.0073  	0.02253  	-0.2797  	
-0.2004  	-0.0468  	-0.0433  	0.38705  	-0.0413  	0.29706  	0.11818  	-0.7031  	0.14062  	0.06750  	0.20861  	0.28093  	-0.0421  	-0.7037  	-1.1026  	0.84779  	-0.1014  	0.33468  	-0.2711  	0.47752  	-0.1542  	-0.2440  	-0.5629  	0.20317  	-0.2016  	-0.1274  	-0.4669  	-0.0008  	-0.0376  	-0.1401  	-0.1889  	0.22716  	0.24085  	-0.0528  	0.11284  	0.30139  	0.07731  	-0.0097  	-0.1734  	0.23755  	0.04575  	0.03465  	0.02582  	-0.0152  	-0.0797  	-0.0428  	0.03874  	-0.0001  	0.04156  	-0.0183  	0.01153  	0.01376  	0.00279  	0.02496  	0.00990  	-0.0394  	0.03322  	0.00403  	-0.0272  	0.02763  	-0.0014  	-0.0025  	0.03709  	0.00085  	-0.0069  	-0.0242  	0.03589  	-0.0073  	0.02253  	-0.2797  	
-0.2113  	-0.0510  	-0.0072  	0.36881  	-0.0555  	0.29291  	0.12675  	-0.6755  	0.14976  	0.07275  	0.22359  	0.27175  	-0.0479  	-0.7049  	-1.1044  	0.84910  	-0.1080  	0.34951  	-0.2779  	0.49733  	-0.1601  	-0.2356  	-0.5866  	0.18864  	-0.1697  	-0.1253  	-0.4814  	0.00654  	-0.0214  	-0.1389  	-0.1978  	0.22320  	0.23831  	-0.0495  	0.11005  	0.29615  	0.07677  	-0.0076  	-0.1674  	0.24154  	0.04484  	0.02908  	0.03126  	-0.0099  	-0.0790  	-0.0431  	0.04476  	0.00433  	0.03982  	-0.0237  	0.01651  	0.01440  	0.00132  	0.02325  	0.00807  	-0.0389  	0.03547  	0.00684  	-0.0256  	0.02699  	0.00334  	-0.0094  	0.03612  	0.00049  	-0.0069  	-0.0242  	0.03589  	-0.0073  	0.02253  	-0.2797  	
-0.2799  	-0.0816  	-0.0759  	0.33738  	-0.0619  	0.24727  	0.10742  	-0.7354  	0.12699  	0.08782  	0.23273  	0.26754  	-0.0665  	-0.7429  	-1.1375  	0.84244  	-0.0906  	0.33556  	-0.2696  	0.47253  	-0.1590  	-0.2658  	-0.5958  	0.22152  	-0.1287  	-0.1317  	-0.4337  	-0.0286  	-0.0172  	-0.1314  	-0.2036  	0.23383  	0.22511  	-0.0542  	0.11607  	0.32476  	0.08544  	-0.0128  	-0.1739  	0.24989  	0.03907  	0.03121  	0.02294  	-0.0113  	-0.0650  	-0.0458  	0.04077  	-0.0126  	0.03763  	-0.0161  	0.01541  	0.01396  	-0.0004  	0.02411  	0.00850  	-0.0365  	0.03246  	0.00781  	-0.0300  	0.02616  	0.00138  	-0.0073  	0.03585  	-0.0019  	-0.0069  	-0.0242  	0.03589  	-0.0073  	0.02253  	-0.2797  	
-0.3422  	-0.0868  	-0.0807  	0.26942  	-0.1065  	0.24569  	0.10019  	-0.7463  	0.11755  	0.04700  	0.21425  	0.21217  	-0.0879  	-0.7949  	-1.1145  	0.76123  	-0.0700  	0.32596  	-0.2811  	0.45518  	-0.1336  	-0.2553  	-0.5232  	0.21305  	-0.1680  	-0.1128  	-0.4285  	-0.0487  	-0.0157  	-0.1463  	-0.1977  	0.24160  	0.21459  	-0.0532  	0.07677  	0.29878  	0.09063  	0.00656  	-0.1611  	0.22898  	0.07244  	0.02770  	0.02851  	-0.0170  	-0.0721  	-0.0445  	0.03451  	-0.0146  	0.03105  	-0.0182  	0.00517  	0.01703  	0.00573  	0.02272  	0.00657  	-0.0366  	0.02621  	0.00462  	-0.0271  	0.03019  	0.00601  	-0.0081  	0.03078  	-0.0022  	-0.0069  	-0.0242  	0.03589  	-0.0073  	0.02253  	-0.2797  	
-0.3284  	-0.0834  	-0.0714  	0.35784  	-0.0595  	0.26716  	0.08090  	-0.6976  	0.13456  	0.02121  	0.18696  	0.27949  	-0.0552  	-0.7587  	-1.0299  	0.77928  	-0.0541  	0.32054  	-0.2882  	0.44362  	-0.1507  	-0.2289  	-0.4803  	0.19084  	-0.2223  	-0.0932  	-0.4836  	-0.0360  	-0.0295  	-0.1511  	-0.1744  	0.22816  	0.23852  	-0.0538  	0.06574  	0.25704  	0.08092  	0.00969  	-0.1624  	0.23319  	0.06720  	0.02133  	0.03160  	-0.0128  	-0.0758  	-0.0475  	0.04197  	-0.0138  	0.03822  	-0.0115  	0.00701  	0.01700  	0.00263  	0.02491  	0.00860  	-0.0402  	0.02904  	0.00265  	-0.0282  	0.02881  	0.00417  	0.00095  	0.03098  	-0.0014  	-0.0069  	-0.0242  	0.03589  	-0.0073  	0.02253  	-0.2797  	
-0.2061  	-0.0096  	-0.0076  	0.48275  	-0.0215  	0.31301  	0.09405  	-0.6270  	0.17552  	0.02169  	0.20132  	0.33478  	-0.0070  	-0.5800  	-0.9093  	0.79976  	-0.0865  	0.27692  	-0.2995  	0.44434  	-0.0669  	-0.2210  	-0.5045  	0.18467  	-0.2531  	-0.1020  	-0.4872  	-0.0775  	-0.0611  	-0.1570  	-0.1672  	0.20847  	0.27626  	-0.0399  	0.13549  	0.21953  	0.10767  	0.00462  	-0.1746  	0.21350  	0.05874  	0.02489  	0.03095  	-0.0246  	-0.0755  	-0.0465  	0.04638  	-0.0033  	0.03386  	-0.0091  	-0.0009  	0.01533  	0.00144  	0.02645  	0.00699  	-0.0386  	0.02488  	0.00548  	-0.0306  	0.02702  	0.00753  	0.00485  	0.03768  	-0.0017  	-0.0069  	-0.0242  	0.03589  	-0.0073  	0.02253  	-0.2797  	
0.00762  	0.06543  	0.10892  	0.58472  	0.01138  	0.42485  	0.11045  	-0.5373  	0.21742  	-0.0187  	0.22594  	0.34307  	0.01092  	-0.4443  	-0.8378  	0.85155  	-0.0939  	0.23621  	-0.2868  	0.41536  	0.09295  	-0.2043  	-0.5167  	0.25571  	-0.2520  	-0.1343  	-0.4038  	-0.2170  	-0.1772  	-0.1543  	-0.1949  	0.23845  	0.28515  	-0.0595  	0.23173  	0.16484  	0.18815  	0.03103  	-0.2157  	0.19312  	0.02037  	0.01642  	0.01762  	-0.0244  	-0.0782  	-0.0460  	0.04139  	0.00151  	0.04186  	-0.0054  	0.00654  	0.01287  	0.00167  	0.02341  	0.00360  	-0.0281  	0.02618  	0.00442  	-0.0370  	0.02617  	0.00655  	0.00658  	0.03418  	-0.0074  	-0.0069  	-0.0242  	0.03589  	-0.0073  	0.02253  	-0.2797  	
0.14165  	0.08952  	0.20071  	0.56533  	-0.0450  	0.52212  	0.11492  	-0.4744  	0.24899  	-0.0459  	0.27280  	0.32283  	0.02084  	-0.3886  	-0.7968  	0.92015  	-0.0749  	0.19484  	-0.2631  	0.34425  	0.20789  	-0.1993  	-0.4716  	0.35238  	-0.2343  	-0.1529  	-0.2962  	-0.3568  	-0.3083  	-0.1565  	-0.2042  	0.27626  	0.28077  	-0.0618  	0.28944  	0.13379  	0.29678  	0.05939  	-0.2364  	0.17126  	-0.0274  	0.03221  	0.02334  	-0.0298  	-0.0791  	-0.0449  	0.03468  	0.00987  	0.05217  	-0.0064  	0.00303  	0.01560  	0.00414  	0.03260  	0.00318  	-0.0205  	0.01861  	0.00558  	-0.0351  	0.03731  	0.00777  	0.00107  	0.03275  	-0.0044  	-0.0069  	-0.0242  	0.03589  	-0.0073  	0.02253  	-0.2797  	
0.13008  	0.10061  	0.19488  	0.56002  	-0.0535  	0.50906  	0.11476  	-0.4737  	0.25433  	-0.0604  	0.29193  	0.33479  	0.01331  	-0.3835  	-0.8030  	0.91936  	-0.0764  	0.19362  	-0.2639  	0.33289  	0.21656  	-0.2038  	-0.4691  	0.35605  	-0.2489  	-0.1551  	-0.2903  	-0.3616  	-0.3252  	-0.1587  	-0.2015  	0.27726  	0.28216  	-0.0628  	0.29903  	0.12977  	0.30881  	0.06199  	-0.2473  	0.16894  	-0.0254  	0.03176  	0.01973  	-0.0314  	-0.0808  	-0.0441  	0.03493  	0.00630  	0.04911  	-0.0051  	0.00184  	0.01595  	0.00447  	0.03387  	0.00162  	-0.0204  	0.01789  	0.00545  	-0.0344  	0.03773  	0.00882  	0.00207  	0.03272  	-0.0057  	-0.0069  	-0.0242  	0.03589  	-0.0073  	0.02253  	-0.2797  	
0.13946  	0.09795  	0.17737  	0.56525  	-0.0309  	0.49089  	0.11092  	-0.4823  	0.25348  	-0.0568  	0.29299  	0.36157  	0.00462  	-0.3981  	-0.7996  	0.91559  	-0.0664  	0.19276  	-0.2720  	0.33336  	0.19135  	-0.2082  	-0.4519  	0.35268  	-0.2622  	-0.1501  	-0.2937  	-0.3455  	-0.3280  	-0.1542  	-0.1990  	0.27411  	0.28313  	-0.0643  	0.29923  	0.12127  	0.30323  	0.06355  	-0.2491  	0.16497  	-0.0338  	0.03045  	0.01816  	-0.0295  	-0.0833  	-0.0425  	0.03467  	0.00583  	0.04842  	-0.0089  	0.00014  	0.01866  	0.00176  	0.03213  	0.00276  	-0.0219  	0.01896  	0.00493  	-0.0349  	0.03403  	0.00815  	0.00340  	0.03169  	-0.0052  	-0.0069  	-0.0242  	0.03589  	-0.0073  	0.02253  	-0.2797  	
0.13932  	0.09724  	0.17709  	0.56552  	-0.0303  	0.49116  	0.11117  	-0.4824  	0.25303  	-0.0565  	0.29278  	0.36116  	0.00425  	-0.3990  	-0.7991  	0.91521  	-0.0657  	0.19290  	-0.2722  	0.33400  	0.19078  	-0.2090  	-0.4516  	0.35313  	-0.2618  	-0.1502  	-0.2931  	-0.3452  	-0.3278  	-0.1541  	-0.1994  	0.27423  	0.28261  	-0.0645  	0.29929  	0.12135  	0.30283  	0.06377  	-0.2490  	0.16484  	-0.0345  	0.03053  	0.01804  	-0.0294  	-0.0833  	-0.0424  	0.03456  	0.00585  	0.04840  	-0.0091  	0.00028  	0.01875  	0.00170  	0.03200  	0.00279  	-0.0219  	0.01912  	0.00490  	-0.0349  	0.03383  	0.00814  	0.00330  	0.03167  	-0.0051  	-0.0069  	-0.0242  	0.03589  	-0.0073  	0.02253  	-0.2797  	
0.13932  	0.09724  	0.17709  	0.56552  	-0.0303  	0.49116  	0.11117  	-0.4824  	0.25303  	-0.0565  	0.29278  	0.36116  	0.00425  	-0.3990  	-0.7991  	0.91521  	-0.0657  	0.19290  	-0.2722  	0.33400  	0.19078  	-0.2090  	-0.4516  	0.35313  	-0.2618  	-0.1502  	-0.2931  	-0.3452  	-0.3278  	-0.1541  	-0.1994  	0.27423  	0.28261  	-0.0645  	0.29929  	0.12135  	0.30283  	0.06377  	-0.2490  	0.16484  	-0.0345  	0.03053  	0.01804  	-0.0294  	-0.0833  	-0.0424  	0.03456  	0.00585  	0.04840  	-0.0091  	0.00028  	0.01875  	0.00170  	0.03200  	0.00279  	-0.0219  	0.01912  	0.00490  	-0.0349  	0.03383  	0.00814  	0.00330  	0.03167  	-0.0051  	-0.0069  	-0.0242  	0.03589  	-0.0073  	0.02253  	-0.2797  	
0.13929  	0.09723  	0.17709  	0.56548  	-0.0304  	0.49117  	0.11117  	-0.4824  	0.25304  	-0.0565  	0.29280  	0.36116  	0.00424  	-0.3990  	-0.7991  	0.91522  	-0.0656  	0.19290  	-0.2722  	0.33399  	0.19079  	-0.2090  	-0.4516  	0.35314  	-0.2619  	-0.1502  	-0.2931  	-0.3453  	-0.3278  	-0.1541  	-0.1994  	0.27424  	0.28259  	-0.0645  	0.29931  	0.12135  	0.30286  	0.06377  	-0.2490  	0.16482  	-0.0346  	0.03051  	0.01804  	-0.0294  	-0.0833  	-0.0424  	0.03455  	0.00584  	0.04841  	-0.0091  	0.00028  	0.01876  	0.00170  	0.03202  	0.00279  	-0.0219  	0.01910  	0.00490  	-0.0349  	0.03384  	0.00814  	0.00331  	0.03168  	-0.0051  	-0.0069  	-0.0242  	0.03589  	-0.0073  	0.02253  	-0.2797  	
