0.13932  	0.09724  	0.17709  	0.56552  	-0.0303  	0.49116  	0.11117  	-0.4824  	0.25303  	-0.0565  	0.29278  	0.36116  	0.00425  	-0.3990  	-0.7991  	0.91521  	-0.0657  	0.19290  	-0.2722  	0.33400  	0.19078  	-0.2090  	-0.4516  	0.35313  	-0.2618  	-0.1502  	-0.2931  	-0.3452  	-0.3278  	-0.1541  	-0.1994  	0.27423  	0.28261  	-0.0645  	0.29929  	0.12135  	0.30283  	0.06377  	-0.2490  	0.16484  	-0.0345  	0.03053  	0.01804  	-0.0294  	-0.0833  	-0.0424  	0.03456  	0.00585  	0.04840  	-0.0091  	0.00028  	0.01875  	0.00170  	0.03200  	0.00279  	-0.0219  	0.01912  	0.00490  	-0.0349  	0.03383  	0.00814  	0.00330  	0.03167  	-0.0051  	-0.0069  	-0.0242  	0.03589  	-0.0073  	0.02253  	-0.2797  	
0.13983  	0.09717  	0.17751  	0.56733  	-0.0287  	0.49181  	0.11188  	-0.4826  	0.25278  	-0.0559  	0.29189  	0.36088  	0.00467  	-0.3989  	-0.7999  	0.91526  	-0.0661  	0.19315  	-0.2722  	0.33553  	0.18923  	-0.2091  	-0.4528  	0.35242  	-0.2612  	-0.1502  	-0.2942  	-0.3436  	-0.3258  	-0.1539  	-0.1999  	0.27408  	0.28318  	-0.0643  	0.29821  	0.12221  	0.30184  	0.06351  	-0.2481  	0.16524  	-0.0345  	0.03057  	0.01831  	-0.0293  	-0.0833  	-0.0422  	0.03465  	0.00600  	0.04846  	-0.0091  	0.00036  	0.01868  	0.00166  	0.03194  	0.00287  	-0.0220  	0.01928  	0.00485  	-0.0350  	0.03380  	0.00804  	0.00328  	0.03172  	-0.0051  	-0.0069  	-0.0242  	0.03589  	-0.0073  	0.02253  	-0.2797  	
0.10778  	0.09503  	0.15837  	0.54388  	-0.0064  	0.44074  	0.11149  	-0.5262  	0.22686  	-0.0319  	0.29260  	0.35575  	0.00739  	-0.4250  	-0.8616  	0.90177  	-0.0849  	0.22408  	-0.2919  	0.36148  	0.16091  	-0.2366  	-0.4934  	0.33328  	-0.2671  	-0.1466  	-0.3238  	-0.2913  	-0.2931  	-0.1632  	-0.2007  	0.26559  	0.28989  	-0.0639  	0.29540  	0.14450  	0.26824  	0.04092  	-0.2429  	0.17408  	-0.0200  	0.04134  	0.01163  	-0.0310  	-0.0869  	-0.0415  	0.03691  	0.00517  	0.04466  	-0.0049  	0.00511  	0.01824  	0.00374  	0.03156  	0.00488  	-0.0202  	0.02172  	0.00225  	-0.0353  	0.02961  	0.01014  	0.00177  	0.03002  	-0.0049  	-0.0069  	-0.0242  	0.03589  	-0.0073  	0.02253  	-0.2797  	
-0.0264  	0.02954  	0.08731  	0.50393  	0.01385  	0.37583  	0.10607  	-0.6266  	0.17015  	0.00896  	0.27828  	0.34192  	-0.0456  	-0.5609  	-0.9506  	0.87793  	-0.1138  	0.29572  	-0.2937  	0.43197  	0.02261  	-0.2584  	-0.5436  	0.27531  	-0.2352  	-0.1373  	-0.4331  	-0.1263  	-0.1572  	-0.1621  	-0.1995  	0.24662  	0.26474  	-0.0587  	0.23368  	0.22282  	0.16003  	0.01595  	-0.2102  	0.21802  	-0.0065  	0.04286  	0.00089  	-0.0323  	-0.0817  	-0.0468  	0.04363  	0.00122  	0.03954  	-0.0136  	0.01380  	0.01829  	-0.0006  	0.02524  	0.00563  	-0.0304  	0.03123  	0.00411  	-0.0329  	0.03102  	0.00461  	-0.0094  	0.03065  	-0.0035  	-0.0069  	-0.0242  	0.03589  	-0.0073  	0.02253  	-0.2797  	
-0.0298  	-0.0151  	0.05962  	0.50723  	0.02304  	0.37065  	0.10461  	-0.6573  	0.16486  	0.07344  	0.27558  	0.30827  	-0.0495  	-0.5966  	-1.0149  	0.89355  	-0.1193  	0.32153  	-0.2867  	0.45831  	-0.0263  	-0.2595  	-0.5793  	0.24862  	-0.2073  	-0.1478  	-0.4449  	-0.0802  	-0.1239  	-0.1392  	-0.2115  	0.25229  	0.25368  	-0.0611  	0.23099  	0.26140  	0.13737  	-0.0019  	-0.2005  	0.22327  	-0.0013  	0.04377  	0.00699  	-0.0293  	-0.0757  	-0.0434  	0.04035  	2.02283  	0.04186  	-0.0122  	0.02309  	0.01655  	0.00056  	0.02139  	0.00684  	-0.0318  	0.03407  	0.00739  	-0.0309  	0.02927  	6.58087  	-0.0117  	0.03603  	-0.0029  	-0.0069  	-0.0242  	0.03589  	-0.0073  	0.02253  	-0.2797  	
-0.0523  	-0.0259  	0.03803  	0.48668  	0.01713  	0.35859  	0.11571  	-0.6660  	0.16256  	0.09014  	0.26576  	0.29691  	-0.0568  	-0.6486  	-1.0614  	0.91197  	-0.1255  	0.33460  	-0.2792  	0.48780  	-0.0674  	-0.2549  	-0.6218  	0.22360  	-0.1696  	-0.1538  	-0.4378  	-0.0446  	-0.0772  	-0.1294  	-0.2129  	0.25537  	0.24033  	-0.0544  	0.20919  	0.31076  	0.11347  	-0.0029  	-0.1850  	0.23462  	0.00331  	0.03995  	0.01488  	-0.0242  	-0.0744  	-0.0454  	0.03574  	0.00040  	0.04580  	-0.0196  	0.02399  	0.01502  	0.00246  	0.02124  	0.01039  	-0.0346  	0.03742  	0.01022  	-0.0274  	0.02812  	-0.0010  	-0.0114  	0.03930  	-0.0002  	-0.0069  	-0.0242  	0.03589  	-0.0073  	0.02253  	-0.2797  	
-0.0434  	-0.0319  	0.07285  	0.43415  	-0.0005  	0.35565  	0.13117  	-0.7122  	0.15728  	0.10889  	0.25416  	0.30617  	-0.0648  	-0.7037  	-1.1233  	0.95347  	-0.1267  	0.36090  	-0.2719  	0.50051  	-0.1489  	-0.2723  	-0.6284  	0.20494  	-0.1765  	-0.1531  	-0.4696  	0.00448  	-0.0496  	-0.1286  	-0.2047  	0.24435  	0.24641  	-0.0459  	0.17294  	0.32930  	0.07836  	-0.0049  	-0.1754  	0.25815  	0.03201  	0.03305  	0.02501  	-0.0269  	-0.0824  	-0.0447  	0.03416  	0.00392  	0.04805  	-0.0163  	0.02168  	0.01587  	0.00199  	0.02426  	0.00979  	-0.0367  	0.03619  	0.00478  	-0.0295  	0.03009  	-0.0004  	-0.0035  	0.03952  	-0.0032  	-0.0069  	-0.0242  	0.03589  	-0.0073  	0.02253  	-0.2797  	
-0.1388  	-0.0539  	0.00876  	0.35966  	-0.0549  	0.28125  	0.13417  	-0.7220  	0.12386  	0.10601  	0.20621  	0.22952  	-0.0506  	-0.7251  	-1.1203  	0.85317  	-0.1166  	0.35312  	-0.2899  	0.46887  	-0.1672  	-0.2588  	-0.5939  	0.19204  	-0.1527  	-0.1297  	-0.4851  	0.02513  	0.00665  	-0.1170  	-0.2015  	0.23767  	0.22790  	-0.0522  	0.12944  	0.33896  	0.05537  	-0.0249  	-0.1558  	0.26735  	0.04970  	0.03428  	0.02448  	-0.0204  	-0.0790  	-0.0485  	0.03746  	-0.0058  	0.04493  	-0.0217  	0.01279  	0.01440  	-0.0009  	0.02594  	0.01214  	-0.0386  	0.03552  	0.00275  	-0.0319  	0.02835  	0.00115  	-0.0051  	0.03783  	-0.0001  	-0.0069  	-0.0242  	0.03589  	-0.0073  	0.02253  	-0.2797  	
-0.4312  	-0.1151  	-0.1309  	0.32518  	-0.0682  	0.17167  	0.10442  	-0.7261  	0.12524  	0.08492  	0.26583  	0.24449  	-0.0558  	-0.7234  	-1.0718  	0.76308  	-0.0862  	0.31081  	-0.2605  	0.46327  	-0.1234  	-0.2732  	-0.6001  	0.26558  	-0.1217  	-0.1407  	-0.3924  	-0.0319  	-0.0653  	-0.1317  	-0.1878  	0.25244  	0.22430  	-0.0476  	0.16607  	0.32742  	0.08242  	-0.0197  	-0.1896  	0.22732  	0.01498  	0.03376  	0.00031  	-0.0245  	-0.0647  	-0.0510  	0.03109  	-0.0293  	0.03456  	-0.0094  	0.01365  	0.01307  	-0.0005  	0.02848  	0.00626  	-0.0328  	0.03661  	0.01085  	-0.0260  	0.03396  	0.00200  	-0.0056  	0.04174  	-0.0010  	-0.0069  	-0.0242  	0.03589  	-0.0073  	0.02253  	-0.2797  	
-0.3190  	-0.0887  	-0.1243  	0.43596  	-0.0172  	0.21306  	0.03637  	-0.6015  	0.14834  	-0.0122  	0.27362  	0.34692  	-0.0578  	-0.5698  	-0.8886  	0.72630  	-0.0973  	0.21252  	-0.2811  	0.46092  	0.00574  	-0.2519  	-0.5477  	0.31393  	-0.2324  	-0.1507  	-0.3543  	-0.1571  	-0.1923  	-0.1461  	-0.2053  	0.25172  	0.24341  	-0.0553  	0.24290  	0.22400  	0.15797  	-0.0060  	-0.1819  	0.20302  	-0.0523  	0.03699  	-0.0225  	-0.0260  	-0.0702  	-0.0413  	0.03824  	-0.0155  	0.03123  	-0.0037  	0.00809  	0.01181  	-0.0028  	0.02389  	-0.0013  	-0.0420  	0.04020  	0.01400  	-0.0218  	0.03222  	-0.0015  	-0.0161  	0.03880  	0.00325  	-0.0069  	-0.0242  	0.03589  	-0.0073  	0.02253  	-0.2797  	
0.01190  	0.03803  	0.09513  	0.59593  	0.09058  	0.44772  	0.12138  	-0.5751  	0.20051  	0.01162  	0.07418  	0.35025  	0.03941  	-0.3894  	-0.7147  	0.81841  	-0.0566  	0.22599  	-0.2842  	0.41445  	0.03043  	-0.2103  	-0.5344  	0.34465  	-0.2061  	-0.1243  	-0.3490  	-0.1973  	-0.1952  	-0.1480  	-0.1873  	0.24249  	0.27155  	-0.0668  	0.24349  	0.17722  	0.17152  	-0.0151  	-0.1854  	0.23760  	-0.0349  	0.04009  	0.01431  	-0.0142  	-0.0900  	-0.0421  	0.03583  	0.01205  	0.04840  	-0.0070  	0.01181  	0.01664  	-0.0063  	0.02529  	0.00220  	-0.0277  	0.02188  	-0.0055  	-0.0344  	0.03747  	0.00369  	0.00022  	0.02328  	-0.0053  	-0.0069  	-0.0242  	0.03589  	-0.0073  	0.02253  	-0.2797  	
0.16366  	0.04447  	0.19501  	0.63464  	0.05981  	0.49980  	0.13599  	-0.5277  	0.21580  	-0.0034  	-0.0158  	0.27004  	0.09493  	-0.3215  	-0.6739  	0.80790  	-0.0587  	0.22226  	-0.2751  	0.37256  	0.06116  	-0.1584  	-0.4762  	0.28460  	-0.1574  	-0.1509  	-0.3221  	-0.2279  	-0.1587  	-0.0988  	-0.1934  	0.24515  	0.25964  	-0.0553  	0.23772  	0.18448  	0.17836  	0.00782  	-0.1832  	0.23103  	-0.0259  	0.02751  	0.02886  	-0.0137  	-0.0876  	-0.0444  	0.02908  	0.02701  	0.06264  	-0.0093  	0.01357  	0.01205  	-0.0010  	0.02514  	0.01021  	-0.0191  	0.01878  	0.00620  	-0.0340  	0.03670  	0.00739  	-0.0018  	0.03093  	-0.0107  	-0.0069  	-0.0242  	0.03589  	-0.0073  	0.02253  	-0.2797  	
-0.0443  	-0.0074  	0.01658  	0.62550  	0.11054  	0.38294  	0.11438  	-0.6232  	0.15326  	0.01743  	0.14862  	0.36279  	0.00547  	-0.5114  	-0.8293  	0.82226  	-0.0753  	0.23705  	-0.2599  	0.41528  	0.03144  	-0.1899  	-0.5198  	0.33361  	-0.1788  	-0.1431  	-0.3333  	-0.2218  	-0.1911  	-0.1372  	-0.1973  	0.25441  	0.23680  	-0.0546  	0.23170  	0.19079  	0.19084  	0.00744  	-0.2053  	0.23095  	-0.0283  	0.03296  	0.01245  	-0.0171  	-0.0773  	-0.0471  	0.03770  	0.00277  	0.05481  	-0.0133  	0.00554  	0.01597  	0.00038  	0.02478  	0.00349  	-0.0381  	0.02528  	-0.0002  	-0.0273  	0.03339  	0.00538  	-0.0041  	0.03115  	-0.0068  	-0.0069  	-0.0242  	0.03589  	-0.0073  	0.02253  	-0.2797  	
-0.0966  	-0.0026  	0.00249  	0.52321  	0.01257  	0.39368  	0.09731  	-0.6316  	0.17615  	-0.0546  	0.18281  	0.32285  	-0.0432  	-0.6078  	-0.8515  	0.79924  	-0.0774  	0.26477  	-0.2674  	0.40955  	0.04901  	-0.2136  	-0.4847  	0.32542  	-0.2210  	-0.1438  	-0.3796  	-0.1920  	-0.1777  	-0.1363  	-0.2068  	0.25327  	0.24843  	-0.0581  	0.20773  	0.19356  	0.19177  	0.01538  	-0.2112  	0.21616  	0.01439  	0.03793  	-0.0015  	-0.0247  	-0.0808  	-0.0429  	0.03414  	-0.0103  	0.04685  	-0.0113  	0.01026  	0.01263  	-0.0006  	0.02309  	0.00087  	-0.0316  	0.02809  	0.00744  	-0.0246  	0.02345  	-0.0005  	-0.0026  	0.03124  	-0.0082  	-0.0069  	-0.0242  	0.03589  	-0.0073  	0.02253  	-0.2797  	
-0.0537  	0.00761  	0.04925  	0.57108  	0.00502  	0.39689  	0.11299  	-0.6166  	0.17033  	-0.0282  	0.17779  	0.29046  	-0.0278  	-0.5412  	-0.8215  	0.79616  	-0.0937  	0.26753  	-0.2904  	0.40882  	0.03745  	-0.1941  	-0.5158  	0.28248  	-0.1899  	-0.1406  	-0.3714  	-0.1948  	-0.1387  	-0.1360  	-0.1921  	0.24660  	0.24335  	-0.0498  	0.21779  	0.20400  	0.19681  	0.02145  	-0.2058  	0.21763  	0.00908  	0.02762  	0.01493  	-0.0198  	-0.0754  	-0.0434  	0.03994  	-0.0086  	0.03726  	-0.0103  	0.00710  	0.01666  	0.00128  	0.02441  	0.00332  	-0.0333  	0.02804  	0.00771  	-0.0281  	0.02957  	0.00091  	-0.0003  	0.03510  	-0.0065  	-0.0069  	-0.0242  	0.03589  	-0.0073  	0.02253  	-0.2797  	
0.08306  	0.07332  	0.14672  	0.59608  	0.00177  	0.48447  	0.12048  	-0.5297  	0.21846  	-0.0361  	0.25657  	0.30575  	-0.0126  	-0.4488  	-0.8054  	0.88049  	-0.0886  	0.21479  	-0.2891  	0.40254  	0.14293  	-0.2052  	-0.5223  	0.30509  	-0.2209  	-0.1484  	-0.3458  	-0.2773  	-0.2333  	-0.1642  	-0.2010  	0.25953  	0.27635  	-0.0592  	0.25694  	0.16716  	0.23514  	0.03623  	-0.2198  	0.19351  	-0.0100  	0.02042  	0.01830  	-0.0205  	-0.0727  	-0.0450  	0.03957  	9.05841  	0.04740  	-0.0111  	0.00497  	0.01345  	0.00348  	0.02901  	0.00279  	-0.0270  	0.02788  	0.00376  	-0.0366  	0.03223  	0.00417  	0.00395  	0.03439  	-0.0053  	-0.0069  	-0.0242  	0.03589  	-0.0073  	0.02253  	-0.2797  	
0.14188  	0.08885  	0.18415  	0.57553  	-0.0372  	0.51660  	0.11696  	-0.4891  	0.24450  	-0.0436  	0.28043  	0.30988  	-0.0004  	-0.4273  	-0.7810  	0.90419  	-0.0729  	0.18837  	-0.2685  	0.35967  	0.20064  	-0.2005  	-0.4816  	0.34323  	-0.2381  	-0.1541  	-0.3014  	-0.3527  	-0.3093  	-0.1622  	-0.1982  	0.27934  	0.27932  	-0.0642  	0.28132  	0.14156  	0.29286  	0.05719  	-0.2424  	0.17659  	-0.0315  	0.02893  	0.02017  	-0.0258  	-0.0774  	-0.0437  	0.03530  	0.00537  	0.04870  	-0.0079  	0.00139  	0.01564  	0.00409  	0.03189  	0.00354  	-0.0217  	0.02306  	0.00450  	-0.0340  	0.03665  	0.00811  	-0.0007  	0.03309  	-0.0045  	-0.0069  	-0.0242  	0.03589  	-0.0073  	0.02253  	-0.2797  	
0.13807  	0.09425  	0.19376  	0.57208  	-0.0431  	0.51539  	0.11481  	-0.4729  	0.24682  	-0.0509  	0.28201  	0.32310  	0.01216  	-0.4022  	-0.7899  	0.91418  	-0.0749  	0.20072  	-0.2603  	0.34304  	0.20896  	-0.2079  	-0.4710  	0.35291  	-0.2443  	-0.1555  	-0.2939  	-0.3610  	-0.3166  	-0.1608  	-0.2035  	0.27503  	0.28356  	-0.0608  	0.29102  	0.13548  	0.29809  	0.06263  	-0.2398  	0.17020  	-0.0363  	0.03222  	0.01847  	-0.0289  	-0.0787  	-0.0428  	0.03355  	0.00610  	0.04696  	-0.0064  	0.00273  	0.01639  	0.00529  	0.03221  	0.00275  	-0.0221  	0.01935  	0.00641  	-0.0349  	0.03608  	0.00839  	0.00084  	0.03240  	-0.0052  	-0.0069  	-0.0242  	0.03589  	-0.0073  	0.02253  	-0.2797  	
0.14380  	0.10238  	0.18957  	0.56794  	-0.0415  	0.50453  	0.11292  	-0.4701  	0.25596  	-0.0625  	0.29165  	0.35357  	0.00928  	-0.3893  	-0.7973  	0.92251  	-0.0722  	0.19442  	-0.2635  	0.33223  	0.20980  	-0.2030  	-0.4577  	0.35370  	-0.2559  	-0.1531  	-0.2919  	-0.3611  	-0.3309  	-0.1582  	-0.2009  	0.27644  	0.28424  	-0.0625  	0.29582  	0.12533  	0.30944  	0.06511  	-0.2470  	0.16684  	-0.0319  	0.03005  	0.01936  	-0.0277  	-0.0808  	-0.0428  	0.03475  	0.00712  	0.04872  	-0.0070  	-4.5173  	0.01684  	0.00377  	0.03320  	0.00229  	-0.0215  	0.01745  	0.00594  	-0.0351  	0.03591  	0.00854  	0.00297  	0.03244  	-0.0058  	-0.0069  	-0.0242  	0.03589  	-0.0073  	0.02253  	-0.2797  	
0.13932  	0.09724  	0.17710  	0.56550  	-0.0304  	0.49116  	0.11115  	-0.4824  	0.25304  	-0.0565  	0.29279  	0.36116  	0.00426  	-0.3990  	-0.7991  	0.91522  	-0.0657  	0.19289  	-0.2722  	0.33400  	0.19080  	-0.2090  	-0.4516  	0.35313  	-0.2619  	-0.1502  	-0.2931  	-0.3452  	-0.3278  	-0.1541  	-0.1994  	0.27424  	0.28261  	-0.0645  	0.29929  	0.12135  	0.30285  	0.06377  	-0.2490  	0.16483  	-0.0345  	0.03053  	0.01804  	-0.0294  	-0.0833  	-0.0424  	0.03456  	0.00585  	0.04840  	-0.0091  	0.00028  	0.01875  	0.00170  	0.03201  	0.00279  	-0.0219  	0.01912  	0.00490  	-0.0349  	0.03383  	0.00814  	0.00330  	0.03167  	-0.0051  	-0.0069  	-0.0242  	0.03589  	-0.0073  	0.02253  	-0.2797  	
0.13932  	0.09724  	0.17709  	0.56552  	-0.0303  	0.49116  	0.11117  	-0.4824  	0.25303  	-0.0565  	0.29278  	0.36116  	0.00425  	-0.3990  	-0.7991  	0.91521  	-0.0657  	0.19290  	-0.2722  	0.33400  	0.19078  	-0.2090  	-0.4516  	0.35313  	-0.2618  	-0.1502  	-0.2931  	-0.3452  	-0.3278  	-0.1541  	-0.1994  	0.27423  	0.28261  	-0.0645  	0.29929  	0.12135  	0.30283  	0.06377  	-0.2490  	0.16484  	-0.0345  	0.03053  	0.01804  	-0.0294  	-0.0833  	-0.0424  	0.03456  	0.00585  	0.04840  	-0.0091  	0.00028  	0.01875  	0.00170  	0.03200  	0.00279  	-0.0219  	0.01912  	0.00490  	-0.0349  	0.03383  	0.00814  	0.00330  	0.03167  	-0.0051  	-0.0069  	-0.0242  	0.03589  	-0.0073  	0.02253  	-0.2797  	
0.13932  	0.09724  	0.17709  	0.56552  	-0.0303  	0.49116  	0.11117  	-0.4824  	0.25303  	-0.0565  	0.29278  	0.36116  	0.00425  	-0.3990  	-0.7991  	0.91521  	-0.0657  	0.19290  	-0.2722  	0.33400  	0.19078  	-0.2090  	-0.4516  	0.35313  	-0.2618  	-0.1502  	-0.2931  	-0.3452  	-0.3278  	-0.1541  	-0.1994  	0.27423  	0.28261  	-0.0645  	0.29929  	0.12135  	0.30283  	0.06377  	-0.2490  	0.16484  	-0.0345  	0.03053  	0.01804  	-0.0294  	-0.0833  	-0.0424  	0.03456  	0.00585  	0.04840  	-0.0091  	0.00028  	0.01875  	0.00170  	0.03200  	0.00279  	-0.0219  	0.01912  	0.00490  	-0.0349  	0.03383  	0.00814  	0.00330  	0.03167  	-0.0051  	-0.0069  	-0.0242  	0.03589  	-0.0073  	0.02253  	-0.2797  	
0.13932  	0.09724  	0.17709  	0.56552  	-0.0303  	0.49116  	0.11117  	-0.4824  	0.25303  	-0.0565  	0.29278  	0.36116  	0.00425  	-0.3990  	-0.7991  	0.91521  	-0.0657  	0.19290  	-0.2722  	0.33400  	0.19078  	-0.2090  	-0.4516  	0.35313  	-0.2618  	-0.1502  	-0.2931  	-0.3452  	-0.3278  	-0.1541  	-0.1994  	0.27423  	0.28261  	-0.0645  	0.29929  	0.12135  	0.30283  	0.06377  	-0.2490  	0.16484  	-0.0345  	0.03053  	0.01804  	-0.0294  	-0.0833  	-0.0424  	0.03456  	0.00585  	0.04840  	-0.0091  	0.00028  	0.01875  	0.00170  	0.03200  	0.00279  	-0.0219  	0.01912  	0.00490  	-0.0349  	0.03383  	0.00814  	0.00330  	0.03167  	-0.0051  	-0.0069  	-0.0242  	0.03589  	-0.0073  	0.02253  	-0.2797  	
0.13932  	0.09724  	0.17709  	0.56552  	-0.0303  	0.49116  	0.11117  	-0.4824  	0.25303  	-0.0565  	0.29278  	0.36116  	0.00425  	-0.3990  	-0.7991  	0.91521  	-0.0657  	0.19290  	-0.2722  	0.33400  	0.19078  	-0.2090  	-0.4516  	0.35313  	-0.2618  	-0.1502  	-0.2931  	-0.3452  	-0.3278  	-0.1541  	-0.1994  	0.27423  	0.28261  	-0.0645  	0.29929  	0.12135  	0.30283  	0.06377  	-0.2490  	0.16484  	-0.0345  	0.03053  	0.01804  	-0.0294  	-0.0833  	-0.0424  	0.03456  	0.00585  	0.04840  	-0.0091  	0.00028  	0.01875  	0.00170  	0.03200  	0.00279  	-0.0219  	0.01912  	0.00490  	-0.0349  	0.03383  	0.00814  	0.00330  	0.03167  	-0.0051  	-0.0069  	-0.0242  	0.03589  	-0.0073  	0.02253  	-0.2797  	
0.13932  	0.09724  	0.17709  	0.56552  	-0.0303  	0.49116  	0.11117  	-0.4824  	0.25303  	-0.0565  	0.29278  	0.36116  	0.00425  	-0.3990  	-0.7991  	0.91521  	-0.0657  	0.19290  	-0.2722  	0.33400  	0.19078  	-0.2090  	-0.4516  	0.35313  	-0.2618  	-0.1502  	-0.2931  	-0.3452  	-0.3278  	-0.1541  	-0.1994  	0.27423  	0.28261  	-0.0645  	0.29929  	0.12135  	0.30283  	0.06377  	-0.2490  	0.16484  	-0.0345  	0.03053  	0.01804  	-0.0294  	-0.0833  	-0.0424  	0.03456  	0.00585  	0.04840  	-0.0091  	0.00028  	0.01875  	0.00170  	0.03200  	0.00279  	-0.0219  	0.01912  	0.00490  	-0.0349  	0.03383  	0.00814  	0.00330  	0.03167  	-0.0051  	-0.0069  	-0.0242  	0.03589  	-0.0073  	0.02253  	-0.2797  	
0.13933  	0.09707  	0.17657  	0.56560  	-0.0301  	0.49090  	0.11106  	-0.4827  	0.25312  	-0.0569  	0.29226  	0.36139  	0.00454  	-0.3985  	-0.7987  	0.91515  	-0.0656  	0.19299  	-0.2724  	0.33384  	0.19069  	-0.2089  	-0.4517  	0.35332  	-0.2618  	-0.1502  	-0.2932  	-0.3455  	-0.3278  	-0.1540  	-0.1992  	0.27409  	0.28273  	-0.0645  	0.29956  	0.12108  	0.30283  	0.06364  	-0.2491  	0.16473  	-0.0343  	0.03052  	0.01806  	-0.0296  	-0.0834  	-0.0424  	0.03459  	0.00584  	0.04846  	-0.0091  	0.00024  	0.01875  	0.00164  	0.03200  	0.00275  	-0.0218  	0.01903  	0.00494  	-0.0350  	0.03381  	0.00814  	0.00338  	0.03166  	-0.0051  	-0.0069  	-0.0242  	0.03589  	-0.0073  	0.02253  	-0.2797  	
-0.0054  	0.05143  	0.11381  	0.50194  	0.00646  	0.38638  	0.10415  	-0.6027  	0.17982  	-0.0125  	0.29479  	0.34820  	-0.0311  	-0.5250  	-0.9395  	0.88151  	-0.1053  	0.27875  	-0.2947  	0.40893  	0.07062  	-0.2596  	-0.5339  	0.28988  	-0.2417  	-0.1371  	-0.4013  	-0.1594  	-0.1961  	-0.1637  	-0.1951  	0.24992  	0.26789  	-0.0607  	0.25279  	0.20239  	0.19121  	0.01818  	-0.2181  	0.21014  	-0.0137  	0.05034  	-0.0025  	-0.0360  	-0.0836  	-0.0461  	0.04177  	0.00194  	0.03798  	-0.0097  	0.01277  	0.01951  	0.00168  	0.02635  	0.00487  	-0.0262  	0.02993  	0.00519  	-0.0314  	0.03238  	0.00800  	-0.0066  	0.03041  	-0.0031  	-0.0069  	-0.0242  	0.03589  	-0.0073  	0.02253  	-0.2797  	
-0.0381  	-0.0162  	0.05388  	0.49329  	0.01462  	0.36857  	0.10687  	-0.6535  	0.16952  	0.06957  	0.27954  	0.31096  	-0.0498  	-0.6021  	-1.0224  	0.90022  	-0.1198  	0.32465  	-0.2842  	0.46393  	-0.0271  	-0.2606  	-0.5864  	0.25179  	-0.2084  	-0.1440  	-0.4433  	-0.0795  	-0.1222  	-0.1429  	-0.2082  	0.24914  	0.25455  	-0.0595  	0.22905  	0.25972  	0.13686  	0.00020  	-0.2043  	0.22510  	0.00303  	0.04111  	0.00777  	-0.0301  	-0.0752  	-0.0443  	0.04202  	-0.0007  	0.04238  	-0.0124  	0.02285  	0.01700  	0.00028  	0.02099  	0.00656  	-0.0329  	0.03396  	0.00693  	-0.0314  	0.02879  	-0.0006  	-0.0119  	0.03534  	-0.0027  	-0.0069  	-0.0242  	0.03589  	-0.0073  	0.02253  	-0.2797  	
-0.0614  	-0.0321  	0.04844  	0.46811  	0.00558  	0.34089  	0.12041  	-0.6813  	0.16062  	0.10550  	0.27482  	0.30773  	-0.0565  	-0.6695  	-1.1004  	0.93239  	-0.1293  	0.35262  	-0.2785  	0.49710  	-0.1089  	-0.2657  	-0.6337  	0.21525  	-0.1793  	-0.1522  	-0.4532  	-0.0217  	-0.0626  	-0.1329  	-0.2118  	0.25009  	0.24713  	-0.0507  	0.19438  	0.31833  	0.09109  	-0.0059  	-0.1851  	0.24261  	0.01500  	0.03537  	0.01952  	-0.0267  	-0.0781  	-0.0468  	0.03667  	-0.0007  	0.04710  	-0.0212  	0.02393  	0.01338  	0.00187  	0.02280  	0.00978  	-0.0354  	0.03677  	0.00675  	-0.0270  	0.02891  	-0.0010  	-0.0055  	0.04134  	-0.0001  	-0.0069  	-0.0242  	0.03589  	-0.0073  	0.02253  	-0.2797  	
-0.0511  	-0.0350  	0.07304  	0.40488  	-0.0131  	0.34228  	0.13007  	-0.7248  	0.14684  	0.11599  	0.23852  	0.29375  	-0.0621  	-0.7088  	-1.1422  	0.94862  	-0.1235  	0.36243  	-0.2766  	0.49612  	-0.1730  	-0.2689  	-0.6342  	0.19335  	-0.1701  	-0.1471  	-0.4722  	0.00524  	-0.0279  	-0.1222  	-0.1985  	0.24126  	0.24419  	-0.0430  	0.16506  	0.34030  	0.06768  	-0.0109  	-0.1681  	0.26166  	0.03905  	0.03200  	0.02820  	-0.0267  	-0.0787  	-0.0453  	0.03590  	0.00453  	0.04766  	-0.0153  	0.02140  	0.01441  	0.00148  	0.02332  	0.00953  	-0.0378  	0.03718  	0.00481  	-0.0325  	0.02869  	-5.7664  	-0.0046  	0.04190  	-0.0018  	-0.0069  	-0.0242  	0.03589  	-0.0073  	0.02253  	-0.2797  	
-0.1761  	-0.0686  	-0.0164  	0.32441  	-0.0692  	0.25165  	0.13759  	-0.7374  	0.12171  	0.10388  	0.18374  	0.21296  	-0.0485  	-0.7459  	-1.1302  	0.83801  	-0.1180  	0.34943  	-0.2830  	0.46608  	-0.1697  	-0.2379  	-0.6012  	0.19442  	-0.1382  	-0.1232  	-0.4605  	0.02870  	0.00357  	-0.1255  	-0.1944  	0.23646  	0.22408  	-0.0529  	0.11297  	0.34450  	0.05102  	-0.0220  	-0.1555  	0.27246  	0.05159  	0.03424  	0.02790  	-0.0111  	-0.0757  	-0.0522  	0.03863  	-0.0075  	0.04363  	-0.0211  	0.01512  	0.01685  	-0.0019  	0.02608  	0.01003  	-0.0385  	0.03385  	0.00326  	-0.0308  	0.02862  	0.00134  	-0.0040  	0.03406  	0.00085  	-0.0069  	-0.0242  	0.03589  	-0.0073  	0.02253  	-0.2797  	
-0.4238  	-0.1177  	-0.1580  	0.33829  	-0.0899  	0.15812  	0.10182  	-0.6823  	0.10124  	0.04295  	0.33820  	0.24963  	-0.0869  	-0.7224  	-1.0609  	0.75776  	-0.0888  	0.28031  	-0.2396  	0.44196  	-0.0414  	-0.2578  	-0.6116  	0.30229  	-0.1162  	-0.1398  	-0.3172  	-0.1186  	-0.1351  	-0.1415  	-0.2007  	0.26293  	0.21928  	-0.0761  	0.20623  	0.32606  	0.15133  	-0.0090  	-0.2143  	0.20943  	-0.0131  	0.04606  	-0.0186  	-0.0215  	-0.0565  	-0.0450  	0.02785  	-0.0223  	0.02952  	-0.0131  	0.00894  	0.01626  	0.00231  	0.02471  	0.00579  	-0.0314  	0.03261  	0.01172  	-0.0251  	0.03221  	0.00135  	-0.0196  	0.03498  	-0.0024  	-0.0069  	-0.0242  	0.03589  	-0.0073  	0.02253  	-0.2797  	
0.05898  	0.04567  	0.07145  	0.58751  	0.08533  	0.44168  	0.09810  	-0.5881  	0.19091  	-0.0034  	0.06500  	0.33542  	0.07410  	-0.3960  	-0.7047  	0.80103  	-0.0690  	0.19479  	-0.2834  	0.37930  	0.04251  	-0.2077  	-0.5356  	0.32517  	-0.2007  	-0.1359  	-0.3263  	-0.2243  	-0.1918  	-0.1432  	-0.1865  	0.23278  	0.26674  	-0.0654  	0.26573  	0.18661  	0.16445  	-0.0188  	-0.1819  	0.23926  	-0.0497  	0.04163  	0.01604  	-0.0153  	-0.0893  	-0.0428  	0.03140  	0.00673  	0.04583  	-0.0038  	0.01649  	0.01765  	-0.0069  	0.03017  	0.00268  	-0.0257  	0.02173  	-0.0029  	-0.0346  	0.03546  	0.00425  	0.00044  	0.02925  	-0.0018  	-0.0069  	-0.0242  	0.03589  	-0.0073  	0.02253  	-0.2797  	
0.14071  	0.02657  	0.15292  	0.70152  	0.09466  	0.43873  	0.14249  	-0.5465  	0.20058  	0.00736  	0.04104  	0.27717  	0.09223  	-0.3375  	-0.6802  	0.79406  	-0.0681  	0.20230  	-0.2807  	0.42496  	0.04596  	-0.1744  	-0.5108  	0.27140  	-0.1364  	-0.1476  	-0.3028  	-0.2303  	-0.1580  	-0.0917  	-0.2041  	0.24439  	0.25842  	-0.0487  	0.27135  	0.20340  	0.17421  	0.01351  	-0.1938  	0.22239  	-0.0314  	0.03913  	0.02362  	-0.0101  	-0.0778  	-0.0462  	0.03268  	0.02193  	0.06352  	-0.0119  	0.01730  	0.01398  	-0.0010  	0.02740  	0.01335  	-0.0165  	0.01626  	0.00532  	-0.0368  	0.03412  	0.00632  	-0.0055  	0.02633  	-0.0110  	-0.0069  	-0.0242  	0.03589  	-0.0073  	0.02253  	-0.2797  	
-0.0331  	-0.0024  	0.05801  	0.60338  	0.10191  	0.39092  	0.11809  	-0.6274  	0.15802  	0.00682  	0.11546  	0.30092  	-0.0107  	-0.5163  	-0.8549  	0.81587  	-0.0668  	0.24410  	-0.2687  	0.39666  	0.02807  	-0.2131  	-0.5143  	0.31896  	-0.1605  	-0.1511  	-0.3188  	-0.2485  	-0.1822  	-0.1279  	-0.2133  	0.25721  	0.23180  	-0.0551  	0.22692  	0.19044  	0.19591  	0.01458  	-0.2059  	0.22856  	-0.0198  	0.03627  	0.02488  	-0.0076  	-0.0761  	-0.0479  	0.03914  	0.00737  	0.05889  	-0.0176  	0.00022  	0.01398  	0.00046  	0.02555  	0.00560  	-0.0346  	0.02539  	0.00187  	-0.0307  	0.03329  	0.00429  	-0.0089  	0.03283  	-0.0100  	-0.0069  	-0.0242  	0.03589  	-0.0073  	0.02253  	-0.2797  	
-0.1175  	-0.0380  	0.00913  	0.49063  	-0.0228  	0.38967  	0.08755  	-0.6523  	0.16792  	-0.0396  	0.16339  	0.29031  	-0.0482  	-0.6618  	-0.9013  	0.81019  	-0.0757  	0.26790  	-0.2579  	0.41598  	0.02395  	-0.2180  	-0.4866  	0.30394  	-0.1917  	-0.1413  	-0.3579  	-0.2026  	-0.1716  	-0.1358  	-0.2174  	0.25545  	0.23860  	-0.0599  	0.19415  	0.22505  	0.18199  	0.02629  	-0.2104  	0.21684  	0.01032  	0.03201  	0.01039  	-0.0165  	-0.0826  	-0.0478  	0.03885  	-0.0076  	0.04590  	-0.0133  	0.00746  	0.01394  	0.00059  	0.02580  	0.00564  	-0.0344  	0.02954  	0.00825  	-0.0241  	0.02232  	-0.0020  	-0.0072  	0.03420  	-0.0083  	-0.0069  	-0.0242  	0.03589  	-0.0073  	0.02253  	-0.2797  	
-0.0613  	-0.0163  	0.00701  	0.56521  	0.02668  	0.37321  	0.12329  	-0.6668  	0.16901  	-0.0113  	0.14861  	0.29047  	-0.0172  	-0.5691  	-0.8637  	0.81271  	-0.1039  	0.29438  	-0.2723  	0.43885  	-0.0300  	-0.1954  	-0.5499  	0.28484  	-0.1630  	-0.1368  	-0.3831  	-0.1439  	-0.0989  	-0.1349  	-0.1972  	0.25000  	0.24552  	-0.0452  	0.20657  	0.24323  	0.15032  	0.00493  	-0.1867  	0.25131  	0.00130  	0.03301  	0.01352  	-0.0236  	-0.0759  	-0.0443  	0.03754  	-0.0019  	0.03945  	-0.0077  	0.01593  	0.01770  	-0.0005  	0.02573  	0.00487  	-0.0303  	0.02883  	0.00955  	-0.0260  	0.03127  	0.00241  	-0.0046  	0.03234  	-0.0059  	-0.0069  	-0.0242  	0.03589  	-0.0073  	0.02253  	-0.2797  	
0.23861  	0.06166  	0.21609  	0.63435  	0.04668  	0.45839  	0.17662  	-0.5268  	0.19653  	0.07956  	0.04313  	0.22348  	0.08251  	-0.2980  	-0.7736  	0.77454  	-0.0949  	0.25271  	-0.2853  	0.39183  	0.02635  	-0.1700  	-0.5543  	0.29083  	-0.0539  	-0.1728  	-0.2969  	-0.2254  	-0.0967  	-0.0856  	-0.1944  	0.24761  	0.24063  	-0.0644  	0.24472  	0.23188  	0.16954  	0.00482  	-0.1621  	0.24680  	-0.0182  	0.02830  	0.03365  	-0.0053  	-0.0867  	-0.0388  	0.02118  	0.03343  	0.06361  	-0.0208  	0.01876  	0.01525  	0.00166  	0.01652  	0.00902  	-0.0213  	0.01847  	-0.0021  	-0.0297  	0.04121  	0.00420  	-0.0002  	0.03303  	-0.0072  	-0.0069  	-0.0242  	0.03589  	-0.0073  	0.02253  	-0.2797  	
-0.0270  	0.03283  	0.03268  	0.58237  	0.07582  	0.33247  	0.14634  	-0.6141  	0.14896  	0.06170  	0.03154  	0.19142  	0.05378  	-0.3828  	-0.7541  	0.73181  	-0.0876  	0.22686  	-0.2948  	0.38247  	0.02574  	-0.1613  	-0.5585  	0.34579  	-0.0826  	-0.1558  	-0.2521  	-0.2457  	-0.1565  	-0.0973  	-0.2000  	0.24997  	0.24695  	-0.0594  	0.25878  	0.21016  	0.17028  	-0.0065  	-0.2135  	0.27013  	-0.0419  	0.05840  	0.00204  	-0.0174  	-0.0879  	-0.0438  	0.03291  	0.01063  	0.04785  	-0.0178  	0.00703  	0.01855  	-0.0070  	0.02480  	0.00253  	-0.0362  	0.02457  	0.00120  	-0.0337  	0.02939  	0.00191  	-0.0023  	0.02872  	-0.0100  	-0.0069  	-0.0242  	0.03589  	-0.0073  	0.02253  	-0.2797  	
-0.2189  	-0.0571  	-0.0175  	0.40683  	-0.0122  	0.27889  	0.12871  	-0.6494  	0.14886  	0.05023  	0.25306  	0.23969  	-0.0305  	-0.6366  	-0.9836  	0.79878  	-0.0861  	0.28910  	-0.2733  	0.45354  	-0.0075  	-0.2392  	-0.5540  	0.28449  	-0.1901  	-0.1329  	-0.4143  	-0.1287  	-0.1041  	-0.1474  	-0.2056  	0.21440  	0.25189  	-0.0523  	0.19343  	0.24785  	0.14699  	-0.0032  	-0.1910  	0.25955  	0.01618  	0.02844  	0.01260  	-0.0227  	-0.0791  	-0.0456  	0.04076  	-0.0018  	0.04006  	-0.0165  	0.00949  	0.01098  	-0.0003  	0.02913  	0.00441  	-0.0332  	0.02640  	-0.0021  	-0.0295  	0.03892  	0.00279  	0.00126  	0.03510  	-0.0049  	-0.0069  	-0.0242  	0.03589  	-0.0073  	0.02253  	-0.2797  	
-0.3471  	-0.0775  	-0.0694  	0.34454  	-0.0611  	0.26167  	0.12169  	-0.7167  	0.13107  	0.05326  	0.22140  	0.24487  	-0.0708  	-0.7604  	-1.1050  	0.78104  	-0.0798  	0.33456  	-0.2827  	0.46497  	-0.1522  	-0.2297  	-0.5494  	0.18872  	-0.1670  	-0.1220  	-0.4626  	-0.0099  	0.00586  	-0.1317  	-0.1955  	0.22439  	0.21319  	-0.0492  	0.06788  	0.30550  	0.06003  	-0.0051  	-0.1439  	0.23451  	0.07103  	0.02585  	0.02703  	-0.0182  	-0.0766  	-0.0484  	0.03638  	-0.0063  	0.03824  	-0.0182  	0.01168  	0.01796  	0.00313  	0.02547  	0.00792  	-0.0390  	0.03279  	0.00520  	-0.0277  	0.02733  	0.00525  	-0.0016  	0.03245  	-0.0005  	-0.0069  	-0.0242  	0.03589  	-0.0073  	0.02253  	-0.2797  	
-0.3323  	-0.0693  	-0.0802  	0.35389  	-0.0377  	0.24796  	0.09894  	-0.7064  	0.13045  	0.05063  	0.18512  	0.28138  	-0.0551  	-0.7403  	-1.0734  	0.78105  	-0.0730  	0.33197  	-0.2878  	0.44741  	-0.1696  	-0.2385  	-0.5407  	0.17868  	-0.1765  	-0.1156  	-0.4622  	0.01345  	0.00726  	-0.1281  	-0.1821  	0.21971  	0.22751  	-0.0468  	0.06457  	0.29223  	0.04454  	-0.0115  	-0.1492  	0.24004  	0.06180  	0.02722  	0.03321  	-0.0171  	-0.0801  	-0.0496  	0.03947  	-0.0040  	0.03765  	-0.0128  	0.00788  	0.01719  	0.00011  	0.02504  	0.00787  	-0.0398  	0.03357  	0.00372  	-0.0277  	0.02494  	0.00187  	0.00048  	0.03554  	-0.0007  	-0.0069  	-0.0242  	0.03589  	-0.0073  	0.02253  	-0.2797  	
-0.2280  	-0.0474  	-0.0672  	0.46062  	0.02408  	0.31573  	0.10194  	-0.6847  	0.14457  	0.04021  	0.16784  	0.32986  	-0.0304  	-0.6558  	-1.0022  	0.80210  	-0.0949  	0.31922  	-0.2848  	0.47909  	-0.1507  	-0.2380  	-0.5892  	0.23183  	-0.1822  	-0.1188  	-0.4386  	0.00879  	-0.0141  	-0.1334  	-0.1911  	0.22959  	0.25256  	-0.0481  	0.12177  	0.29497  	0.04537  	-0.0178  	-0.1669  	0.24822  	0.01609  	0.02957  	0.02164  	-0.0244  	-0.0806  	-0.0512  	0.03951  	-0.0007  	0.04294  	-0.0213  	0.01418  	0.01466  	-0.0002  	0.02482  	0.00870  	-0.0381  	0.03395  	0.00255  	-0.0258  	0.02731  	-0.0008  	-0.0089  	0.03444  	-0.0013  	-0.0069  	-0.0242  	0.03589  	-0.0073  	0.02253  	-0.2797  	
-0.1329  	-0.0229  	-0.0068  	0.46812  	0.05315  	0.32256  	0.14997  	-0.6886  	0.14688  	0.06332  	0.18380  	0.30763  	-0.0231  	-0.6403  	-1.0006  	0.84323  	-0.1356  	0.33106  	-0.2941  	0.49437  	-0.1620  	-0.2511  	-0.6121  	0.21535  	-0.1847  	-0.1292  	-0.4392  	0.01306  	-0.0228  	-0.1303  	-0.1892  	0.24123  	0.25816  	-0.0419  	0.15542  	0.30610  	0.05651  	-0.0171  	-0.1568  	0.24792  	0.02503  	0.03061  	0.01420  	-0.0205  	-0.0788  	-0.0550  	0.03648  	-0.0045  	0.04754  	-0.0183  	0.01861  	0.01578  	0.00340  	0.02549  	0.01008  	-0.0367  	0.03350  	0.00352  	-0.0282  	0.02807  	-0.0040  	-0.0028  	0.03554  	-0.0049  	-0.0069  	-0.0242  	0.03589  	-0.0073  	0.02253  	-0.2797  	
-0.0723  	-0.0306  	0.01947  	0.47177  	0.02545  	0.34389  	0.15425  	-0.6816  	0.16184  	0.08637  	0.21651  	0.30204  	-0.0362  	-0.6499  	-1.0566  	0.88375  	-0.1309  	0.34209  	-0.2818  	0.51638  	-0.1494  	-0.2531  	-0.6529  	0.20062  	-0.1559  	-0.1526  	-0.4477  	0.02306  	-0.0104  	-0.1268  	-0.2037  	0.23881  	0.23893  	-0.0427  	0.16756  	0.33662  	0.06405  	-0.0163  	-0.1548  	0.25556  	0.01440  	0.03382  	0.01192  	-0.0196  	-0.0758  	-0.0473  	0.03753  	0.00118  	0.04637  	-0.0171  	0.02222  	0.01590  	0.00374  	0.02200  	0.01324  	-0.0346  	0.03696  	0.00591  	-0.0280  	0.02775  	-0.0017  	-0.0081  	0.03780  	-0.0043  	-0.0069  	-0.0242  	0.03589  	-0.0073  	0.02253  	-0.2797  	
-0.0730  	-0.0350  	0.04074  	0.41952  	-0.0048  	0.34456  	0.15633  	-0.7009  	0.16353  	0.08859  	0.21677  	0.26737  	-0.0182  	-0.6613  	-1.1061  	0.88859  	-0.1367  	0.33808  	-0.2804  	0.51155  	-0.1656  	-0.2558  	-0.6276  	0.18250  	-0.1656  	-0.1419  	-0.4589  	0.01944  	-0.0175  	-0.1270  	-0.1998  	0.23408  	0.24473  	-0.0388  	0.15584  	0.34401  	0.05783  	-0.0101  	-0.1563  	0.26364  	0.02521  	0.03291  	0.01421  	-0.0235  	-0.0826  	-0.0451  	0.04150  	0.00569  	0.04471  	-0.0145  	0.02358  	0.01761  	0.00236  	0.02330  	0.00966  	-0.0370  	0.03473  	0.00636  	-0.0288  	0.02526  	-0.0007  	-0.0057  	0.03691  	-0.0065  	-0.0069  	-0.0242  	0.03589  	-0.0073  	0.02253  	-0.2797  	
-0.1239  	-0.0359  	0.00946  	0.37763  	-0.0303  	0.32665  	0.14303  	-0.7225  	0.14072  	0.06775  	0.21785  	0.24581  	-0.0390  	-0.6702  	-1.0702  	0.83714  	-0.1185  	0.31902  	-0.2884  	0.49166  	-0.1281  	-0.2551  	-0.5974  	0.19700  	-0.1822  	-0.1361  	-0.4544  	-0.0071  	-0.0339  	-0.1425  	-0.1948  	0.23698  	0.24199  	-0.0478  	0.15958  	0.32433  	0.08715  	-0.0104  	-0.1707  	0.25191  	0.03246  	0.04051  	0.01810  	-0.0259  	-0.0797  	-0.0462  	0.04071  	-0.0036  	0.04224  	-0.0157  	0.01918  	0.01505  	0.00292  	0.02412  	0.01021  	-0.0353  	0.03488  	0.00416  	-0.0273  	0.02843  	0.00170  	-0.0064  	0.03973  	0.00027  	-0.0069  	-0.0242  	0.03589  	-0.0073  	0.02253  	-0.2797  	
-0.1238  	-0.0282  	-0.0119  	0.40577  	-0.0285  	0.30248  	0.12587  	-0.6852  	0.14681  	-0.0163  	0.25462  	0.24349  	-0.0606  	-0.6370  	-0.9648  	0.77535  	-0.1121  	0.26809  	-0.2801  	0.44356  	-0.0306  	-0.2229  	-0.5405  	0.24663  	-0.2017  	-0.1298  	-0.4327  	-0.1188  	-0.1273  	-0.1461  	-0.1892  	0.25167  	0.26158  	-0.0565  	0.21964  	0.25683  	0.16377  	0.01525  	-0.2183  	0.21433  	0.02583  	0.04872  	0.00121  	-0.0360  	-0.0773  	-0.0453  	0.04086  	-0.0085  	0.03755  	-0.0120  	0.00880  	0.01572  	0.00333  	0.02644  	0.00796  	-0.0400  	0.03528  	0.00649  	-0.0345  	0.02849  	0.00294  	-0.0015  	0.03925  	-0.0028  	-0.0069  	-0.0242  	0.03589  	-0.0073  	0.02253  	-0.2797  	
-0.0306  	0.02380  	0.04752  	0.48552  	-0.0220  	0.34791  	0.11759  	-0.6144  	0.17439  	-0.0311  	0.26035  	0.28970  	-0.0401  	-0.5262  	-0.8370  	0.80448  	-0.0917  	0.26307  	-0.2794  	0.37876  	0.06045  	-0.2265  	-0.5173  	0.30451  	-0.2193  	-0.1454  	-0.3847  	-0.2266  	-0.1885  	-0.1567  	-0.1915  	0.25746  	0.26796  	-0.0560  	0.25267  	0.19059  	0.20443  	0.03682  	-0.2369  	0.21838  	0.01365  	0.03090  	0.00037  	-0.0276  	-0.0885  	-0.0406  	0.04078  	-0.0129  	0.03461  	-0.0099  	0.00253  	0.02011  	0.00039  	0.03000  	0.00718  	-0.0383  	0.02294  	0.00227  	-0.0301  	0.02878  	0.00791  	0.00150  	0.03020  	-0.0079  	-0.0069  	-0.0242  	0.03589  	-0.0073  	0.02253  	-0.2797  	
-0.0903  	0.03649  	0.02866  	0.45888  	-0.0250  	0.32720  	0.09888  	-0.6186  	0.19830  	0.01246  	0.27433  	0.35235  	-0.0090  	-0.5259  	-0.9685  	0.84988  	-0.1021  	0.28913  	-0.2836  	0.45056  	0.02781  	-0.2461  	-0.5642  	0.25374  	-0.2376  	-0.1242  	-0.4234  	-0.1113  	-0.1522  	-0.1581  	-0.1847  	0.22800  	0.28807  	-0.0567  	0.21349  	0.19995  	0.15939  	0.00880  	-0.2086  	0.21808  	0.02587  	0.03333  	0.00973  	-0.0287  	-0.0777  	-0.0450  	0.04565  	-0.0151  	0.03604  	-0.0086  	0.00717  	0.01570  	0.00086  	0.02830  	0.00386  	-0.0343  	0.02619  	0.00419  	-0.0303  	0.02914  	0.00511  	0.00339  	0.03074  	-0.0004  	-0.0069  	-0.0242  	0.03589  	-0.0073  	0.02253  	-0.2797  	
-0.1400  	-0.0119  	-0.0329  	0.39917  	-0.0009  	0.26551  	0.11407  	-0.6819  	0.17288  	0.06183  	0.26730  	0.32998  	-0.0234  	-0.6044  	-1.0558  	0.81868  	-0.0913  	0.31213  	-0.2987  	0.49246  	-0.1003  	-0.2510  	-0.5797  	0.22033  	-0.2193  	-0.1205  	-0.4689  	-0.0319  	-0.0816  	-0.1552  	-0.1911  	0.22508  	0.27863  	-0.0630  	0.15047  	0.25151  	0.09211  	-0.0135  	-0.1734  	0.24078  	0.04463  	0.02342  	0.02500  	-0.0255  	-0.0789  	-0.0472  	0.04103  	0.00792  	0.04056  	-0.0158  	0.01241  	0.01448  	-0.0009  	0.02468  	0.00458  	-0.0325  	0.03206  	0.00155  	-0.0348  	0.03272  	0.00465  	-0.0018  	0.03236  	0.00202  	-0.0069  	-0.0242  	0.03589  	-0.0073  	0.02253  	-0.2797  	
-0.3549  	-0.1025  	-0.1160  	0.24281  	-0.0845  	0.17406  	0.12332  	-0.7288  	0.14454  	0.10537  	0.28846  	0.27364  	-0.0697  	-0.7118  	-1.1774  	0.77091  	-0.0757  	0.33612  	-0.2907  	0.47281  	-0.1585  	-0.2616  	-0.5702  	0.20090  	-0.1892  	-0.1137  	-0.4771  	-0.0002  	-0.0153  	-0.1501  	-0.1907  	0.22074  	0.23279  	-0.0566  	0.08353  	0.30399  	0.05687  	-0.0071  	-0.1469  	0.22665  	0.06266  	0.02735  	0.02841  	-0.0208  	-0.0744  	-0.0488  	0.04281  	-0.0048  	0.04144  	-0.0123  	0.00806  	0.01693  	0.00092  	0.02587  	0.00861  	-0.0395  	0.03123  	0.00830  	-0.0314  	0.02886  	0.00738  	-0.0007  	0.03620  	-0.0018  	-0.0069  	-0.0242  	0.03589  	-0.0073  	0.02253  	-0.2797  	
-0.3446  	-0.0836  	-0.0854  	0.30001  	-0.0901  	0.24353  	0.08901  	-0.7136  	0.14003  	0.06467  	0.22514  	0.27697  	-0.0509  	-0.7401  	-1.0864  	0.79058  	-0.0499  	0.31303  	-0.2806  	0.44023  	-0.1555  	-0.2272  	-0.5075  	0.20727  	-0.2027  	-0.0982  	-0.4704  	-0.0006  	-0.0233  	-0.1537  	-0.1694  	0.22360  	0.23437  	-0.0533  	0.06237  	0.27023  	0.05422  	-0.0116  	-0.1414  	0.22949  	0.06482  	0.01901  	0.03553  	-0.0229  	-0.0774  	-0.0485  	0.03919  	0.00035  	0.03953  	-0.0124  	0.00848  	0.01783  	-0.0004  	0.02430  	0.00711  	-0.0395  	0.02753  	0.00361  	-0.0271  	0.03094  	0.00596  	-0.0001  	0.03389  	-0.0032  	-0.0069  	-0.0242  	0.03589  	-0.0073  	0.02253  	-0.2797  	
-0.2434  	-0.0562  	-0.0490  	0.37900  	-0.0540  	0.30555  	0.09690  	-0.6905  	0.14800  	0.03368  	0.17662  	0.31107  	-0.0210  	-0.6988  	-1.0073  	0.78415  	-0.0575  	0.31125  	-0.2878  	0.44042  	-0.1528  	-0.2077  	-0.5399  	0.18703  	-0.2091  	-0.0995  	-0.4676  	-0.0151  	-0.0368  	-0.1622  	-0.1844  	0.21634  	0.25882  	-0.0489  	0.09210  	0.27222  	0.06440  	-0.0084  	-0.1515  	0.23422  	0.05863  	0.01860  	0.03558  	-0.0209  	-0.0851  	-0.0474  	0.03934  	0.00093  	0.03920  	-0.0149  	0.01187  	0.01456  	0.00099  	0.02077  	0.00612  	-0.0413  	0.03185  	0.00752  	-0.0305  	0.02747  	0.00474  	-0.0024  	0.03995  	-0.0005  	-0.0069  	-0.0242  	0.03589  	-0.0073  	0.02253  	-0.2797  	
-0.2249  	-0.0256  	-0.0735  	0.36293  	-0.0179  	0.28330  	0.11110  	-0.6984  	0.14992  	0.05356  	0.16767  	0.30262  	-0.0176  	-0.6816  	-1.0327  	0.79236  	-0.0935  	0.33733  	-0.2847  	0.47405  	-0.1590  	-0.2123  	-0.5733  	0.15960  	-0.2117  	-0.1062  	-0.5271  	0.03568  	0.00924  	-0.1677  	-0.1865  	0.20136  	0.24845  	-0.0499  	0.06723  	0.28636  	0.02779  	-0.0213  	-0.1350  	0.25343  	0.07978  	0.01039  	0.03684  	-0.0201  	-0.0886  	-0.0433  	0.04193  	0.00461  	0.03990  	-0.0136  	0.01270  	0.01061  	0.00070  	0.02409  	0.00776  	-0.0434  	0.03592  	0.00707  	-0.0286  	0.02508  	0.00105  	-0.0028  	0.03878  	0.00098  	-0.0069  	-0.0242  	0.03589  	-0.0073  	0.02253  	-0.2797  	
-0.2436  	-0.0528  	-0.0546  	0.36890  	-0.0366  	0.27864  	0.11039  	-0.7038  	0.14886  	0.06446  	0.22229  	0.27991  	-0.0217  	-0.6817  	-1.0334  	0.80889  	-0.1000  	0.33881  	-0.2816  	0.48748  	-0.1612  	-0.2311  	-0.5792  	0.17677  	-0.2001  	-0.1151  	-0.5127  	0.02046  	-0.0137  	-0.1592  	-0.1896  	0.21197  	0.25197  	-0.0499  	0.09483  	0.28867  	0.06639  	-0.0140  	-0.1632  	0.23564  	0.06977  	0.01334  	0.03164  	-0.0152  	-0.0758  	-0.0428  	0.04787  	-0.0002  	0.04003  	-0.0195  	0.01034  	0.01265  	0.00265  	0.02466  	0.00798  	-0.0440  	0.03358  	0.00696  	-0.0281  	0.02578  	0.00052  	-0.0081  	0.04258  	0.00221  	-0.0069  	-0.0242  	0.03589  	-0.0073  	0.02253  	-0.2797  	
-0.2739  	-0.0611  	-0.0305  	0.36606  	-0.0406  	0.23190  	0.07840  	-0.6905  	0.11364  	0.02630  	0.23613  	0.27683  	-0.0061  	-0.7778  	-1.0404  	0.76596  	-0.0030  	0.19668  	-0.2138  	0.24841  	-0.1062  	-0.4330  	-0.7722  	0.21278  	-0.2186  	-0.0356  	-0.4659  	-0.0743  	0.04302  	-0.1669  	-0.1003  	0.18901  	0.15780  	-0.1876  	0.03411  	0.27105  	-0.0002  	-0.0134  	-0.2609  	0.17026  	0.11737  	0.12107  	-0.0650  	0.04420  	-0.1168  	-0.0270  	0.02075  	0.01047  	0.02787  	-0.0211  	0.01838  	0.01656  	0.00095  	0.03520  	0.01007  	-0.0388  	0.02819  	0.00067  	-0.0266  	0.03358  	0.00752  	-0.0099  	0.02553  	-0.0048  	-0.0069  	-0.0242  	0.03589  	-0.0073  	0.02253  	-0.2797  	
-0.3159  	-0.0716  	-0.0492  	0.40498  	0.00343  	0.16821  	0.05588  	-0.6503  	0.09363  	0.03447  	0.22898  	0.31921  	0.01279  	-0.8180  	-0.9934  	0.71170  	0.03933  	0.09436  	-0.1833  	0.09229  	-0.0855  	-0.5732  	-0.9290  	0.19650  	-0.2748  	0.02882  	-0.4762  	-0.1094  	0.14474  	-0.1576  	-0.0179  	0.15311  	0.09088  	-0.2805  	-0.0212  	0.26567  	-0.0898  	-0.0205  	-0.3147  	0.12093  	0.15927  	0.21588  	-0.1472  	0.09734  	-0.1619  	-0.0167  	0.00775  	0.02473  	0.01580  	-0.0324  	0.02016  	0.02223  	0.00464  	0.04600  	0.01371  	-0.0416  	0.02667  	-0.0136  	-0.0277  	0.03803  	0.01102  	-0.0114  	0.00651  	-0.0039  	-0.0069  	-0.0242  	0.03589  	-0.0073  	0.02253  	-0.2797  	
-0.3657  	-0.0613  	-0.0943  	0.44187  	0.06371  	0.14042  	0.04993  	-0.6255  	0.09986  	0.04653  	0.25412  	0.36107  	0.02743  	-0.7762  	-0.9433  	0.68010  	0.04750  	0.06521  	-0.1726  	0.04193  	-0.0597  	-0.6144  	-0.9685  	0.22014  	-0.3218  	0.05080  	-0.4856  	-0.1306  	0.14957  	-0.1579  	0.01098  	0.12969  	0.08796  	-0.3108  	-0.0073  	0.23962  	-0.1019  	-0.0338  	-0.3317  	0.11193  	0.15925  	0.23739  	-0.1756  	0.10507  	-0.1702  	-0.0124  	0.00403  	0.02027  	0.01587  	-0.0357  	0.02151  	0.02207  	0.00349  	0.04881  	0.01626  	-0.0411  	0.02582  	-0.0148  	-0.0262  	0.04057  	0.01011  	-0.0096  	0.00574  	-0.0027  	-0.0069  	-0.0242  	0.03589  	-0.0073  	0.02253  	-0.2797  	
-0.2973  	-0.0453  	-0.0755  	0.50111  	0.08285  	0.19149  	0.04364  	-0.6110  	0.12134  	0.00285  	0.20907  	0.37487  	0.02706  	-0.7307  	-0.8963  	0.68120  	0.03875  	0.08111  	-0.1797  	0.08123  	-0.0487  	-0.5741  	-0.9236  	0.19584  	-0.3150  	0.03494  	-0.4839  	-0.1102  	0.13844  	-0.1453  	-0.0149  	0.13609  	0.11080  	-0.2799  	0.01380  	0.23038  	-0.0827  	-0.0337  	-0.3148  	0.12032  	0.14689  	0.21536  	-0.1506  	0.09540  	-0.1560  	-0.0164  	0.00839  	0.01813  	0.01749  	-0.0299  	0.02340  	0.02104  	0.00333  	0.04608  	0.01776  	-0.0377  	0.03208  	-0.0085  	-0.0268  	0.04224  	0.00826  	-0.0074  	0.00791  	-0.0003  	-0.0069  	-0.0242  	0.03589  	-0.0073  	0.02253  	-0.2797  	
-0.2485  	-0.0259  	-0.0143  	0.51698  	0.07150  	0.25324  	0.05046  	-0.6163  	0.15264  	0.00252  	0.16462  	0.38924  	0.01619  	-0.6331  	-0.8556  	0.71381  	-0.0045  	0.18085  	-0.2421  	0.23383  	-0.0537  	-0.4095  	-0.7490  	0.21073  	-0.2862  	-0.0363  	-0.4990  	-0.0705  	0.05889  	-0.1460  	-0.0925  	0.16798  	0.18661  	-0.1714  	0.06314  	0.20699  	-0.0081  	-0.0214  	-0.2383  	0.16620  	0.10683  	0.12833  	-0.0740  	0.03642  	-0.1232  	-0.0261  	0.02271  	0.00621  	0.02715  	-0.0222  	0.01398  	0.01987  	-0.0012  	0.03561  	0.01046  	-0.0378  	0.03030  	-0.0045  	-0.0306  	0.03457  	0.00832  	-0.0053  	0.01784  	-0.0008  	-0.0069  	-0.0242  	0.03589  	-0.0073  	0.02253  	-0.2797  	
-0.1725  	-0.0008  	-0.0093  	0.56226  	0.06876  	0.33052  	0.08012  	-0.6284  	0.17561  	0.01414  	0.10967  	0.38201  	-0.0045  	-0.5500  	-0.8555  	0.77419  	-0.0890  	0.29925  	-0.3011  	0.47147  	-0.0685  	-0.2320  	-0.5347  	0.20910  	-0.2463  	-0.1181  	-0.4954  	-0.0276  	-0.0319  	-0.1397  	-0.1875  	0.21356  	0.27113  	-0.0386  	0.13208  	0.20102  	0.07227  	-0.0092  	-0.1538  	0.24118  	0.03664  	0.01738  	0.02654  	-0.0149  	-0.0818  	-0.0474  	0.04435  	-0.0017  	0.04014  	-0.0137  	0.00710  	0.01571  	-0.0032  	0.02313  	0.00427  	-0.0378  	0.02624  	0.00358  	-0.0323  	0.02686  	0.00672  	-0.0031  	0.02801  	-0.0038  	-0.0069  	-0.0242  	0.03589  	-0.0073  	0.02253  	-0.2797  	
-0.0585  	0.04515  	0.04689  	0.57317  	0.02358  	0.38983  	0.08049  	-0.5781  	0.17617  	-0.0186  	0.19970  	0.35459  	-0.0140  	-0.4953  	-0.8106  	0.82840  	-0.0875  	0.24730  	-0.2907  	0.42962  	0.06642  	-0.2312  	-0.5373  	0.26694  	-0.2310  	-0.1376  	-0.4063  	-0.1680  	-0.1710  	-0.1440  	-0.1876  	0.24073  	0.26459  	-0.0476  	0.22693  	0.16109  	0.19076  	0.02001  	-0.2020  	0.20356  	0.00953  	0.03346  	0.01144  	-0.0275  	-0.0803  	-0.0404  	0.04247  	-0.0086  	0.03503  	-0.0074  	0.00063  	0.01353  	0.00242  	0.02514  	0.00370  	-0.0314  	0.02735  	0.00115  	-0.0310  	0.02949  	0.00529  	0.00368  	0.03281  	-0.0044  	-0.0069  	-0.0242  	0.03589  	-0.0073  	0.02253  	-0.2797  	
0.08496  	0.08139  	0.12984  	0.58544  	-0.0037  	0.43749  	0.08765  	-0.5305  	0.22236  	-0.0509  	0.25498  	0.32512  	-0.0031  	-0.4454  	-0.7831  	0.86296  	-0.0743  	0.21365  	-0.2821  	0.35823  	0.17842  	-0.2207  	-0.5019  	0.31097  	-0.2500  	-0.1535  	-0.3135  	-0.3111  	-0.2968  	-0.1563  	-0.2032  	0.27067  	0.27347  	-0.0633  	0.29496  	0.13607  	0.28064  	0.05425  	-0.2525  	0.17919  	-0.0273  	0.03045  	0.00632  	-0.0317  	-0.0801  	-0.0404  	0.03823  	-0.0074  	0.04005  	-0.0028  	0.00259  	0.01530  	0.00213  	0.03041  	0.00356  	-0.0214  	0.02307  	0.00342  	-0.0318  	0.03158  	0.00847  	0.00518  	0.02612  	-0.0084  	-0.0069  	-0.0242  	0.03589  	-0.0073  	0.02253  	-0.2797  	
0.10987  	0.09752  	0.15880  	0.56838  	-0.0368  	0.46920  	0.10271  	-0.4958  	0.24855  	-0.0632  	0.28645  	0.33874  	-0.0036  	-0.4223  	-0.7947  	0.89208  	-0.0725  	0.20261  	-0.2701  	0.34273  	0.20234  	-0.2124  	-0.4689  	0.33611  	-0.2556  	-0.1525  	-0.2988  	-0.3406  	-0.3282  	-0.1657  	-0.1986  	0.27313  	0.28002  	-0.0669  	0.30159  	0.12007  	0.30255  	0.06072  	-0.2596  	0.16958  	-0.0274  	0.02612  	0.01359  	-0.0299  	-0.0800  	-0.0411  	0.03533  	-0.0003  	0.04361  	-0.0022  	0.00100  	0.01706  	0.00063  	0.03024  	0.00205  	-0.0214  	0.02157  	0.00439  	-0.0336  	0.03231  	0.00766  	0.00454  	0.02781  	-0.0083  	-0.0069  	-0.0242  	0.03589  	-0.0073  	0.02253  	-0.2797  	
0.13930  	0.09731  	0.17713  	0.56544  	-0.0304  	0.49111  	0.11113  	-0.4824  	0.25307  	-0.0566  	0.29285  	0.36118  	0.00423  	-0.3990  	-0.7992  	0.91525  	-0.0657  	0.19289  	-0.2722  	0.33396  	0.19089  	-0.2090  	-0.4516  	0.35307  	-0.2619  	-0.1502  	-0.2931  	-0.3453  	-0.3279  	-0.1541  	-0.1993  	0.27424  	0.28266  	-0.0645  	0.29927  	0.12133  	0.30291  	0.06378  	-0.2491  	0.16482  	-0.0345  	0.03051  	0.01805  	-0.0294  	-0.0833  	-0.0424  	0.03458  	0.00584  	0.04840  	-0.0090  	0.00027  	0.01874  	0.00171  	0.03202  	0.00279  	-0.0219  	0.01910  	0.00491  	-0.0349  	0.03385  	0.00815  	0.00331  	0.03167  	-0.0051  	-0.0069  	-0.0242  	0.03589  	-0.0073  	0.02253  	-0.2797  	
0.13932  	0.09724  	0.17709  	0.56552  	-0.0303  	0.49116  	0.11117  	-0.4824  	0.25303  	-0.0565  	0.29278  	0.36116  	0.00425  	-0.3990  	-0.7991  	0.91521  	-0.0657  	0.19290  	-0.2722  	0.33400  	0.19078  	-0.2090  	-0.4516  	0.35313  	-0.2618  	-0.1502  	-0.2931  	-0.3452  	-0.3278  	-0.1541  	-0.1994  	0.27423  	0.28261  	-0.0645  	0.29929  	0.12135  	0.30283  	0.06377  	-0.2490  	0.16484  	-0.0345  	0.03053  	0.01804  	-0.0294  	-0.0833  	-0.0424  	0.03456  	0.00585  	0.04840  	-0.0091  	0.00028  	0.01875  	0.00170  	0.03200  	0.00279  	-0.0219  	0.01912  	0.00490  	-0.0349  	0.03383  	0.00814  	0.00330  	0.03167  	-0.0051  	-0.0069  	-0.0242  	0.03589  	-0.0073  	0.02253  	-0.2797  	
0.13932  	0.09724  	0.17709  	0.56552  	-0.0303  	0.49116  	0.11117  	-0.4824  	0.25303  	-0.0565  	0.29278  	0.36116  	0.00425  	-0.3990  	-0.7991  	0.91521  	-0.0657  	0.19290  	-0.2722  	0.33400  	0.19078  	-0.2090  	-0.4516  	0.35313  	-0.2618  	-0.1502  	-0.2931  	-0.3452  	-0.3278  	-0.1541  	-0.1994  	0.27423  	0.28261  	-0.0645  	0.29929  	0.12135  	0.30283  	0.06377  	-0.2490  	0.16484  	-0.0345  	0.03053  	0.01804  	-0.0294  	-0.0833  	-0.0424  	0.03456  	0.00585  	0.04840  	-0.0091  	0.00028  	0.01875  	0.00170  	0.03200  	0.00279  	-0.0219  	0.01912  	0.00490  	-0.0349  	0.03383  	0.00814  	0.00330  	0.03167  	-0.0051  	-0.0069  	-0.0242  	0.03589  	-0.0073  	0.02253  	-0.2797  	
0.13932  	0.09724  	0.17709  	0.56552  	-0.0303  	0.49116  	0.11117  	-0.4824  	0.25303  	-0.0565  	0.29278  	0.36116  	0.00425  	-0.3990  	-0.7991  	0.91521  	-0.0657  	0.19290  	-0.2722  	0.33400  	0.19078  	-0.2090  	-0.4516  	0.35313  	-0.2618  	-0.1502  	-0.2931  	-0.3452  	-0.3278  	-0.1541  	-0.1994  	0.27423  	0.28261  	-0.0645  	0.29929  	0.12135  	0.30283  	0.06377  	-0.2490  	0.16484  	-0.0345  	0.03053  	0.01804  	-0.0294  	-0.0833  	-0.0424  	0.03456  	0.00585  	0.04840  	-0.0091  	0.00028  	0.01875  	0.00170  	0.03200  	0.00279  	-0.0219  	0.01912  	0.00490  	-0.0349  	0.03383  	0.00814  	0.00330  	0.03167  	-0.0051  	-0.0069  	-0.0242  	0.03589  	-0.0073  	0.02253  	-0.2797  	
0.15743  	0.07251  	0.21419  	0.59232  	0.01322  	0.51717  	0.12536  	-0.5022  	0.24591  	-0.0028  	0.21447  	0.32840  	0.03596  	-0.3793  	-0.8550  	0.93302  	-0.0681  	0.21947  	-0.2667  	0.36011  	0.11550  	-0.2104  	-0.5005  	0.31470  	-0.2057  	-0.1489  	-0.3022  	-0.2792  	-0.2542  	-0.1385  	-0.1989  	0.26672  	0.28034  	-0.0651  	0.24674  	0.15235  	0.24492  	0.03178  	-0.2205  	0.19274  	-0.0345  	0.03109  	0.03905  	-0.0166  	-0.0779  	-0.0447  	0.03132  	0.01864  	0.05592  	-0.0120  	-5.0338  	0.01626  	-0.0010  	0.02947  	0.00669  	-0.0213  	0.01916  	0.00033  	-0.0362  	0.03294  	0.01244  	0.00109  	0.03616  	-0.0030  	-0.0069  	-0.0242  	0.03589  	-0.0073  	0.02253  	-0.2797  	
0.19279  	0.07795  	0.19135  	0.53770  	0.05657  	0.43312  	0.17132  	-0.5848  	0.20908  	0.10511  	0.07008  	0.22781  	0.11582  	-0.3283  	-0.8566  	0.79529  	-0.0777  	0.24784  	-0.2666  	0.33753  	-0.0220  	-0.1786  	-0.5565  	0.28954  	-0.0840  	-0.1801  	-0.2833  	-0.2526  	-0.1418  	-0.0953  	-0.1916  	0.23863  	0.26284  	-0.0585  	0.21396  	0.22218  	0.16065  	0.00051  	-0.1693  	0.25249  	-0.0306  	0.03915  	0.03732  	-0.0189  	-0.0901  	-0.0429  	0.02197  	0.03829  	0.06188  	-0.0195  	0.01078  	0.01238  	-0.0043  	0.02341  	0.00523  	-0.0164  	0.02142  	-0.0029  	-0.0340  	0.03559  	0.01202  	-0.0006  	0.03447  	-0.0083  	-0.0069  	-0.0242  	0.03589  	-0.0073  	0.02253  	-0.2797  	
-0.0160  	0.03456  	0.01906  	0.64774  	0.12934  	0.33695  	0.14956  	-0.5870  	0.16596  	0.09312  	0.15163  	0.31810  	0.07010  	-0.2867  	-0.7634  	0.79382  	-0.1010  	0.21760  	-0.2768  	0.43984  	0.01495  	-0.1683  	-0.5960  	0.32312  	-0.1295  	-0.1539  	-0.2912  	-0.2331  	-0.1660  	-0.0828  	-0.2157  	0.23811  	0.27791  	-0.0567  	0.28222  	0.20036  	0.14890  	-0.0058  	-0.2112  	0.26421  	-0.0379  	0.05575  	-0.0017  	-0.0215  	-0.0602  	-0.0416  	0.03921  	0.00193  	0.04697  	-0.0091  	0.00659  	0.01718  	-0.0055  	0.02732  	-0.0030  	-0.0359  	0.02335  	-0.0013  	-0.0336  	0.02917  	0.00580  	-0.0004  	0.02707  	-0.0116  	-0.0069  	-0.0242  	0.03589  	-0.0073  	0.02253  	-0.2797  	
-0.3519  	-0.0758  	-0.1231  	0.43411  	0.06544  	0.20332  	0.11128  	-0.6827  	0.14766  	0.07300  	0.29902  	0.37651  	-0.0257  	-0.6165  	-0.9717  	0.74361  	-0.0913  	0.31269  	-0.2791  	0.51160  	-0.0580  	-0.2402  	-0.5713  	0.27298  	-0.2618  	-0.1143  	-0.4635  	-0.0525  	-0.1331  	-0.1522  	-0.1798  	0.23232  	0.28888  	-0.0529  	0.19001  	0.23725  	0.09351  	-0.0232  	-0.1892  	0.24563  	-0.0076  	0.04654  	-0.0103  	-0.0488  	-0.0681  	-0.0390  	0.05124  	-0.0166  	0.03909  	-0.0048  	0.00980  	0.01501  	-0.0016  	0.02903  	0.00862  	-0.0411  	0.03463  	0.00751  	-0.0288  	0.03865  	0.00372  	-0.0055  	0.02704  	-0.0108  	-0.0069  	-0.0242  	0.03589  	-0.0073  	0.02253  	-0.2797  	
-0.3832  	-0.0956  	-0.1432  	0.27477  	-0.0380  	0.25698  	0.10847  	-0.7348  	0.11316  	0.09155  	0.21488  	0.29514  	-0.0572  	-0.7238  	-1.1420  	0.71593  	-0.0824  	0.38344  	-0.2750  	0.50047  	-0.2155  	-0.2394  	-0.5444  	0.20682  	-0.1826  	-0.1090  	-0.5118  	0.05466  	0.05032  	-0.1335  	-0.1727  	0.19188  	0.22498  	-0.0510  	0.03211  	0.30526  	0.01265  	-0.0367  	-0.1186  	0.25152  	0.04466  	0.01909  	0.03656  	-0.0170  	-0.0670  	-0.0465  	0.03648  	-0.0085  	0.03619  	-0.0092  	0.00220  	0.01386  	-0.0039  	0.02156  	0.00746  	-0.0412  	0.03390  	0.00653  	-0.0275  	0.03174  	0.00108  	-0.0065  	0.03495  	-0.0050  	-0.0069  	-0.0242  	0.03589  	-0.0073  	0.02253  	-0.2797  	
-0.3187  	-0.0771  	-0.1467  	0.32214  	-0.0316  	0.28808  	0.07632  	-0.7280  	0.12609  	0.03006  	0.15258  	0.30867  	-0.0558  	-0.7841  	-1.0659  	0.77191  	-0.0511  	0.36208  	-0.2688  	0.46808  	-0.1815  	-0.2365  	-0.5259  	0.20571  	-0.1622  	-0.1142  	-0.4606  	0.00634  	0.03796  	-0.1254  	-0.1733  	0.20076  	0.23377  	-0.0549  	0.02490  	0.28005  	0.03275  	-0.0236  	-0.1285  	0.25732  	0.05668  	0.02168  	0.02952  	-0.0133  	-0.0763  	-0.0457  	0.04361  	0.00068  	0.03443  	-0.0112  	0.00421  	0.01521  	-0.0033  	0.02569  	0.00736  	-0.0378  	0.03481  	0.00457  	-0.0266  	0.03131  	0.00361  	-0.0087  	0.03638  	-5.1335  	-0.0069  	-0.0242  	0.03589  	-0.0073  	0.02253  	-0.2797  	
-0.2291  	-0.0625  	-0.0665  	0.44491  	0.01860  	0.32492  	0.08896  	-0.6881  	0.12379  	-0.0043  	0.15835  	0.34403  	-0.0429  	-0.7122  	-0.9552  	0.79493  	-0.0762  	0.32075  	-0.2833  	0.46538  	-0.1650  	-0.2313  	-0.5567  	0.22445  	-0.1552  	-0.1163  	-0.4225  	0.01553  	-0.0194  	-0.1364  	-0.2021  	0.22071  	0.25130  	-0.0513  	0.12422  	0.29763  	0.06842  	-0.0047  	-0.1540  	0.25055  	0.01820  	0.03657  	0.03343  	-0.0119  	-0.0813  	-0.0458  	0.04472  	0.00438  	0.04161  	-0.0171  	0.01339  	0.01792  	0.00211  	0.02570  	0.00837  	-0.0405  	0.03713  	0.00864  	-0.0330  	0.02931  	0.00414  	-0.0116  	0.03713  	0.00046  	-0.0069  	-0.0242  	0.03589  	-0.0073  	0.02253  	-0.2797  	
-0.1506  	-0.0228  	0.00360  	0.45719  	0.06700  	0.32282  	0.15429  	-0.7025  	0.14595  	0.03058  	0.15507  	0.29587  	-0.0415  	-0.6983  	-0.9848  	0.85764  	-0.1152  	0.34256  	-0.2971  	0.49364  	-0.2029  	-0.2577  	-0.6003  	0.19626  	-0.1622  	-0.1281  	-0.4548  	0.07095  	0.00907  	-0.1387  	-0.1945  	0.22699  	0.25355  	-0.0387  	0.14002  	0.31484  	0.04505  	-0.0202  	-0.1321  	0.25949  	0.03234  	0.02908  	0.02127  	-0.0248  	-0.0799  	-0.0458  	0.03721  	0.00337  	0.04308  	-0.0196  	0.02329  	0.01657  	0.00137  	0.02119  	0.00847  	-0.0332  	0.03741  	0.00550  	-0.0316  	0.02920  	0.00153  	-0.0061  	0.03712  	0.00265  	-0.0069  	-0.0242  	0.03589  	-0.0073  	0.02253  	-0.2797  	
-0.0984  	-0.0372  	0.06979  	0.41350  	-0.0061  	0.29681  	0.15006  	-0.7258  	0.16336  	0.10563  	0.22761  	0.30804  	-0.0358  	-0.7046  	-1.1184  	0.91999  	-0.1268  	0.36947  	-0.2945  	0.56203  	-0.2106  	-0.2729  	-0.6697  	0.16652  	-0.1921  	-0.1459  	-0.5110  	0.05118  	-0.0105  	-0.1416  	-0.1962  	0.23484  	0.24760  	-0.0312  	0.14223  	0.33642  	0.03849  	-0.0213  	-0.1423  	0.26697  	0.04242  	0.02486  	0.01963  	-0.0320  	-0.0834  	-0.0473  	0.03487  	0.00771  	0.05005  	-0.0146  	0.02642  	0.01446  	0.00117  	0.02410  	0.01025  	-0.0287  	0.03686  	0.00659  	-0.0337  	0.02878  	0.00271  	-0.0036  	0.03588  	-0.0022  	-0.0069  	-0.0242  	0.03589  	-0.0073  	0.02253  	-0.2797  	
-0.0968  	-0.0409  	0.06311  	0.33985  	-0.0546  	0.28747  	0.14715  	-0.7175  	0.13801  	0.12454  	0.21617  	0.23318  	-0.0505  	-0.7227  	-1.1924  	0.90439  	-0.1330  	0.36813  	-0.2982  	0.51582  	-0.2214  	-0.2653  	-0.6400  	0.18011  	-0.1674  	-0.1307  	-0.4980  	0.03045  	0.00724  	-0.1307  	-0.1938  	0.23669  	0.24854  	-0.0445  	0.11351  	0.35255  	0.04836  	-0.0241  	-0.1440  	0.27186  	0.03620  	0.02082  	0.02083  	-0.0206  	-0.0798  	-0.0477  	0.03369  	0.00580  	0.05161  	-0.0146  	0.02342  	0.01114  	0.00198  	0.02069  	0.01059  	-0.0376  	0.03714  	0.00538  	-0.0346  	0.02493  	0.00085  	-0.0101  	0.04012  	-1.5983  	-0.0069  	-0.0242  	0.03589  	-0.0073  	0.02253  	-0.2797  	
-0.3723  	-0.0978  	-0.0980  	0.36816  	-0.0271  	0.16557  	0.12427  	-0.7266  	0.14085  	0.12162  	0.27468  	0.25380  	-0.0191  	-0.6730  	-1.1382  	0.79140  	-0.1089  	0.30626  	-0.2940  	0.49984  	-0.1570  	-0.2569  	-0.6159  	0.25196  	-0.1300  	-0.1359  	-0.4514  	-0.0042  	-0.0227  	-0.1258  	-0.1922  	0.24268  	0.23595  	-0.0463  	0.14602  	0.33830  	0.07194  	-0.0209  	-0.1732  	0.24998  	0.02166  	0.03241  	0.00807  	-0.0311  	-0.0668  	-0.0532  	0.03898  	-0.0124  	0.04576  	-0.0194  	0.01814  	0.01373  	-0.0018  	0.02514  	0.00681  	-0.0378  	0.03351  	0.00808  	-0.0281  	0.02811  	0.00522  	-0.0077  	0.03820  	0.00149  	-0.0069  	-0.0242  	0.03589  	-0.0073  	0.02253  	-0.2797  	
-0.4588  	-0.1244  	-0.1994  	0.40891  	0.02105  	0.13313  	0.09042  	-0.6912  	0.11459  	0.06261  	0.26101  	0.34561  	-0.0634  	-0.5740  	-0.9807  	0.67526  	-0.0940  	0.29369  	-0.2853  	0.45963  	-0.1094  	-0.2552  	-0.5939  	0.26348  	-0.1469  	-0.1280  	-0.4134  	-0.0690  	-0.0342  	-0.1358  	-0.1979  	0.21614  	0.23877  	-0.0635  	0.16922  	0.27857  	0.07760  	-0.0216  	-0.1574  	0.23376  	-0.0110  	0.04149  	-0.0102  	-0.0335  	-0.0626  	-0.0450  	0.04550  	-0.0156  	0.03658  	-0.0121  	0.01117  	0.01367  	-0.0049  	0.02490  	0.00649  	-0.0355  	0.03364  	0.00491  	-0.0263  	0.03170  	0.00398  	-0.0064  	0.03367  	-0.0012  	-0.0069  	-0.0242  	0.03589  	-0.0073  	0.02253  	-0.2797  	
-0.2065  	-0.0452  	-0.0616  	0.45771  	0.02449  	0.29999  	0.07605  	-0.6484  	0.17121  	-0.0039  	0.16191  	0.34685  	-0.0144  	-0.5380  	-0.8709  	0.72024  	-0.0699  	0.26234  	-0.2948  	0.39624  	-0.0496  	-0.2126  	-0.5212  	0.30186  	-0.2099  	-0.1220  	-0.3938  	-0.1215  	-0.0832  	-0.1191  	-0.1949  	0.23592  	0.24561  	-0.0625  	0.17521  	0.22124  	0.11223  	-0.0179  	-0.1847  	0.23625  	-0.0007  	0.02483  	0.00098  	-0.0288  	-0.0770  	-0.0421  	0.04720  	-0.0073  	0.04107  	-0.0173  	0.00886  	0.01708  	-0.0044  	0.02139  	0.00026  	-0.0367  	0.02725  	0.00492  	-0.0295  	0.02713  	0.00738  	-0.0049  	0.03230  	-0.0090  	-0.0069  	-0.0242  	0.03589  	-0.0073  	0.02253  	-0.2797  	
-0.0842  	-0.0218  	0.04863  	0.55007  	0.06950  	0.35916  	0.14136  	-0.6766  	0.15997  	0.04934  	0.13190  	0.31809  	-0.0279  	-0.6139  	-0.9717  	0.86933  	-0.1099  	0.35657  	-0.2753  	0.49217  	-0.1497  	-0.2380  	-0.5979  	0.24703  	-0.1937  	-0.1408  	-0.4811  	-0.0317  	-0.0246  	-0.1440  	-0.2015  	0.22673  	0.26744  	-0.0400  	0.14297  	0.27071  	0.07057  	-0.0240  	-0.1586  	0.26701  	0.01608  	0.03001  	0.03219  	-0.0195  	-0.0714  	-0.0482  	0.03572  	0.00629  	0.05421  	-0.0187  	0.01828  	0.01104  	-0.0015  	0.02270  	0.00478  	-0.0316  	0.03375  	0.00262  	-0.0296  	0.03134  	-0.0006  	-0.0070  	0.03431  	-0.0047  	-0.0069  	-0.0242  	0.03589  	-0.0073  	0.02253  	-0.2797  	
-0.0361  	-0.0048  	0.05976  	0.51609  	0.06872  	0.36149  	0.15695  	-0.6780  	0.15966  	0.08534  	0.20552  	0.30050  	-0.0246  	-0.6136  	-1.0182  	0.89270  	-0.1360  	0.32752  	-0.2901  	0.52382  	-0.1386  	-0.2499  	-0.6369  	0.21781  	-0.1625  	-0.1382  	-0.4583  	0.02187  	-0.0229  	-0.1263  	-0.2061  	0.23480  	0.25512  	-0.0414  	0.17555  	0.30379  	0.07240  	-0.0209  	-0.1428  	0.24593  	0.00379  	0.03901  	0.01764  	-0.0207  	-0.0722  	-0.0475  	0.03881  	0.00615  	0.04514  	-0.0122  	0.02007  	0.01395  	0.00167  	0.02225  	0.01008  	-0.0365  	0.03799  	0.00345  	-0.0296  	0.02576  	-0.0022  	-0.0108  	0.03691  	-0.0035  	-0.0069  	-0.0242  	0.03589  	-0.0073  	0.02253  	-0.2797  	
-0.0525  	-0.0294  	0.06344  	0.47001  	0.05450  	0.35316  	0.15918  	-0.7095  	0.16743  	0.11296  	0.20534  	0.29626  	-0.0335  	-0.6872  	-1.0659  	0.93524  	-0.1455  	0.34460  	-0.2727  	0.52081  	-0.1879  	-0.2459  	-0.6591  	0.19343  	-0.1438  	-0.1558  	-0.4579  	0.03758  	0.00239  	-0.1133  	-0.2044  	0.23706  	0.23079  	-0.0373  	0.15822  	0.34352  	0.05441  	-0.0167  	-0.1563  	0.27629  	0.02553  	0.03410  	0.02189  	-0.0156  	-0.0852  	-0.0460  	0.03415  	0.00594  	0.04512  	-0.0163  	0.02404  	0.01542  	0.00074  	0.02407  	0.01115  	-0.0344  	0.03719  	0.00374  	-0.0319  	0.02713  	-0.0014  	-0.0070  	0.03675  	-0.0059  	-0.0069  	-0.0242  	0.03589  	-0.0073  	0.02253  	-0.2797  	
-0.0878  	-0.0406  	0.07074  	0.33471  	-0.0511  	0.30358  	0.16004  	-0.7234  	0.13097  	0.12833  	0.20298  	0.23410  	-0.0455  	-0.7110  	-1.1827  	0.92324  	-0.1378  	0.36432  	-0.2972  	0.49261  	-0.2388  	-0.2453  	-0.6453  	0.16729  	-0.1577  	-0.1312  	-0.4852  	0.01609  	0.01268  	-0.1151  	-0.1914  	0.23343  	0.24269  	-0.0429  	0.11988  	0.35524  	0.04351  	-0.0181  	-0.1413  	0.27362  	0.05559  	0.02335  	0.02398  	-0.0200  	-0.0827  	-0.0487  	0.03365  	0.00544  	0.05106  	-0.0116  	0.02433  	0.01362  	0.00097  	0.02120  	0.01057  	-0.0394  	0.03649  	0.00277  	-0.0380  	0.02313  	-0.0027  	-0.0095  	0.03964  	-0.0036  	-0.0069  	-0.0242  	0.03589  	-0.0073  	0.02253  	-0.2797  	
-0.3361  	-0.0948  	-0.0857  	0.32903  	-0.0581  	0.17441  	0.13755  	-0.7503  	0.13133  	0.11168  	0.24307  	0.21428  	-0.0129  	-0.7003  	-1.1338  	0.79260  	-0.1014  	0.29099  	-0.3130  	0.48829  	-0.1781  	-0.2546  	-0.6202  	0.24242  	-0.1079  	-0.1423  	-0.4424  	-0.0082  	-0.0160  	-0.1170  	-0.1860  	0.23136  	0.22134  	-0.0587  	0.17494  	0.36922  	0.05063  	-0.0246  	-0.1764  	0.25523  	0.04112  	0.04232  	0.00157  	-0.0198  	-0.0684  	-0.0519  	0.04325  	-0.0166  	0.04759  	-0.0233  	0.02375  	0.01714  	-0.0033  	0.02291  	0.00639  	-0.0364  	0.02969  	0.00891  	-0.0325  	0.02595  	0.00077  	-0.0061  	0.04254  	-0.0030  	-0.0069  	-0.0242  	0.03589  	-0.0073  	0.02253  	-0.2797  	
-0.5148  	-0.1514  	-0.2015  	0.25435  	-0.0694  	0.08304  	0.08971  	-0.7117  	0.12393  	0.11492  	0.33312  	0.27552  	-0.0935  	-0.6798  	-1.0448  	0.69104  	-0.0813  	0.27312  	-0.2696  	0.45867  	-0.0923  	-0.2560  	-0.5471  	0.27492  	-0.1365  	-0.1274  	-0.4051  	-0.0822  	-0.0692  	-0.1385  	-0.1834  	0.22579  	0.24529  	-0.0645  	0.16167  	0.28079  	0.11036  	-0.0146  	-0.1782  	0.22239  	0.01526  	0.03776  	-0.0196  	-0.0294  	-0.0632  	-0.0429  	0.04638  	-0.0222  	0.03108  	-0.0109  	0.00504  	0.01782  	0.00107  	0.02602  	0.00407  	-0.0423  	0.03121  	0.00546  	-0.0306  	0.03689  	0.00581  	-0.0058  	0.03392  	-0.0023  	-0.0069  	-0.0242  	0.03589  	-0.0073  	0.02253  	-0.2797  	
-0.3754  	-0.1144  	-0.1283  	0.28321  	-0.0780  	0.19371  	0.11227  	-0.6901  	0.14613  	0.08115  	0.30528  	0.27903  	-0.0296  	-0.6312  	-1.0382  	0.73064  	-0.0781  	0.27291  	-0.2873  	0.44974  	-0.0814  	-0.2446  	-0.4939  	0.26046  	-0.2151  	-0.1109  	-0.4546  	-0.1013  	-0.0659  	-0.1442  	-0.1764  	0.21483  	0.23944  	-0.0649  	0.13882  	0.25329  	0.09982  	-0.0085  	-0.1838  	0.23545  	0.04360  	0.02529  	0.01886  	-0.0240  	-0.0765  	-0.0482  	0.04375  	-0.0080  	0.03740  	-0.0149  	0.00844  	0.01400  	-0.0018  	0.02250  	0.00302  	-0.0358  	0.02742  	0.00409  	-0.0323  	0.02936  	0.00965  	0.00049  	0.03044  	-0.0043  	-0.0069  	-0.0242  	0.03589  	-0.0073  	0.02253  	-0.2797  	
-0.2121  	-0.0290  	-0.0409  	0.41454  	-0.0121  	0.34156  	0.10691  	-0.6626  	0.16467  	0.06205  	0.17003  	0.34237  	-0.0072  	-0.6130  	-0.9920  	0.77209  	-0.0762  	0.31295  	-0.2916  	0.48506  	-0.1089  	-0.2104  	-0.5477  	0.22297  	-0.2175  	-0.1092  	-0.4945  	-0.0308  	-0.0408  	-0.1398  	-0.1637  	0.20847  	0.26576  	-0.0556  	0.09064  	0.22907  	0.04879  	-0.0275  	-0.1361  	0.25089  	0.04289  	0.01783  	0.03900  	-0.0321  	-0.0842  	-0.0449  	0.03985  	-0.0008  	0.04210  	-0.0121  	0.01654  	0.01398  	-0.0077  	0.01727  	0.00212  	-0.0376  	0.03299  	0.00403  	-0.0300  	0.02690  	0.00244  	-0.0007  	0.03188  	-0.0019  	-0.0069  	-0.0242  	0.03589  	-0.0073  	0.02253  	-0.2797  	
-0.1713  	-0.0131  	-0.0233  	0.54019  	0.08561  	0.32731  	0.12134  	-0.6626  	0.17180  	0.05408  	0.12825  	0.33947  	-0.0087  	-0.5958  	-0.9947  	0.82200  	-0.1076  	0.34825  	-0.2800  	0.50449  	-0.1950  	-0.2166  	-0.6037  	0.21597  	-0.2089  	-0.1193  	-0.5428  	0.08138  	0.02182  	-0.1297  	-0.1980  	0.21556  	0.27044  	-0.0502  	0.08841  	0.26757  	0.01015  	-0.0506  	-0.1267  	0.25997  	0.06096  	0.01404  	0.04848  	-0.0237  	-0.0852  	-0.0474  	0.03487  	0.00755  	0.04429  	-0.0093  	0.01641  	0.01252  	9.57008  	0.02367  	0.00242  	-0.0352  	0.03458  	0.00124  	-0.0291  	0.03045  	0.00341  	0.00189  	0.03021  	-0.0012  	-0.0069  	-0.0242  	0.03589  	-0.0073  	0.02253  	-0.2797  	
-0.1213  	-0.0191  	-0.0595  	0.72884  	0.21073  	0.39213  	0.10626  	-0.6534  	0.15895  	-0.0136  	0.09400  	0.40293  	-0.0008  	-0.5529  	-0.8802  	0.83632  	-0.0921  	0.32013  	-0.2851  	0.51645  	-0.1325  	-0.2337  	-0.6508  	0.26861  	-0.1471  	-0.1337  	-0.4519  	0.04402  	0.00542  	-0.1117  	-0.2352  	0.23229  	0.26398  	-0.0490  	0.15760  	0.26222  	0.02828  	-0.0373  	-0.1345  	0.26785  	-0.0113  	0.03687  	0.01682  	-0.0315  	-0.0712  	-0.0431  	0.03747  	0.00604  	0.05576  	-0.0186  	0.01748  	0.01195  	-0.0061  	0.02194  	0.00610  	-0.0299  	0.03493  	0.00131  	-0.0271  	0.03042  	0.00131  	-0.0114  	0.02348  	-0.0083  	-0.0069  	-0.0242  	0.03589  	-0.0073  	0.02253  	-0.2797  	
-0.0950  	0.00725  	-0.0607  	0.79521  	0.21111  	0.44235  	0.10618  	-0.5988  	0.17190  	-0.0524  	0.01868  	0.43283  	0.02438  	-0.4339  	-0.7354  	0.81168  	-0.0824  	0.30112  	-0.2986  	0.49259  	-0.0845  	-0.2114  	-0.6348  	0.25737  	-0.1165  	-0.1494  	-0.3807  	0.01841  	0.00104  	-0.0698  	-0.2189  	0.22272  	0.25700  	-0.0375  	0.18531  	0.24423  	0.04642  	-0.0364  	-0.1370  	0.26481  	-0.0620  	0.04336  	-0.0001  	-0.0286  	-0.0732  	-0.0464  	0.03677  	0.00768  	0.04360  	-0.0191  	0.01674  	0.01171  	-0.0013  	0.02354  	0.00445  	-0.0285  	0.04164  	0.00496  	-0.0246  	0.03059  	0.00051  	-0.0041  	0.02860  	-0.0051  	-0.0069  	-0.0242  	0.03589  	-0.0073  	0.02253  	-0.2797  	
-0.0649  	0.00091  	-0.0253  	0.75217  	0.15625  	0.43228  	0.09146  	-0.5846  	0.18114  	-0.0572  	0.00695  	0.38018  	0.04412  	-0.4381  	-0.6665  	0.78628  	-0.0884  	0.25005  	-0.2942  	0.45546  	-0.0464  	-0.1934  	-0.5882  	0.28760  	-0.1596  	-0.1420  	-0.3580  	-0.0695  	-0.0636  	-0.0765  	-0.2099  	0.23112  	0.25792  	-0.0522  	0.21082  	0.20266  	0.10262  	-0.0265  	-0.1662  	0.25241  	-0.0485  	0.03619  	0.00739  	-0.0147  	-0.0752  	-0.0468  	0.04145  	0.00089  	0.04835  	-0.0170  	0.01329  	0.01222  	-0.0054  	0.02075  	0.00515  	-0.0312  	0.03593  	0.00632  	-0.0283  	0.03076  	0.00162  	-0.0025  	0.02866  	-0.0077  	-0.0069  	-0.0242  	0.03589  	-0.0073  	0.02253  	-0.2797  	
0.11630  	0.08147  	0.16319  	0.63865  	0.03973  	0.51237  	0.13401  	-0.5187  	0.22185  	-0.0415  	0.17815  	0.33667  	0.01759  	-0.3711  	-0.7165  	0.86769  	-0.0742  	0.22147  	-0.2646  	0.39021  	0.15281  	-0.1829  	-0.5119  	0.36729  	-0.2032  	-0.1648  	-0.3035  	-0.2754  	-0.2473  	-0.1482  	-0.2265  	0.26824  	0.26720  	-0.0589  	0.28982  	0.15772  	0.23818  	0.02251  	-0.2100  	0.21632  	-0.0485  	0.03816  	0.00537  	-0.0242  	-0.0756  	-0.0425  	0.02686  	0.01325  	0.05026  	-0.0087  	0.01307  	0.01483  	-0.0010  	0.02514  	0.00380  	-0.0203  	0.02742  	0.00489  	-0.0301  	0.03203  	0.00372  	0.00333  	0.03242  	-0.0068  	-0.0069  	-0.0242  	0.03589  	-0.0073  	0.02253  	-0.2797  	
0.18935  	0.09175  	0.22767  	0.55175  	-0.0132  	0.44941  	0.11598  	-0.5190  	0.23198  	0.01933  	0.26819  	0.37271  	-0.0173  	-0.4324  	-0.8448  	0.96089  	-0.0921  	0.24017  	-0.2462  	0.39289  	0.15736  	-0.2160  	-0.5102  	0.33981  	-0.2163  	-0.1531  	-0.3267  	-0.3079  	-0.2826  	-0.1472  	-0.2235  	0.27702  	0.27685  	-0.0499  	0.28082  	0.14885  	0.26855  	0.04294  	-0.2202  	0.19032  	-0.0472  	0.03268  	0.02159  	-0.0241  	-0.0730  	-0.0391  	0.02393  	0.01671  	0.05388  	-0.0076  	0.00657  	0.01367  	0.00266  	0.02599  	0.00180  	-0.0201  	0.02034  	0.00305  	-0.0319  	0.03665  	-0.0014  	-0.0034  	0.03301  	-0.0110  	-0.0069  	-0.0242  	0.03589  	-0.0073  	0.02253  	-0.2797  	
0.21164  	0.03700  	0.25572  	0.47380  	-0.0774  	0.44886  	0.14830  	-0.4932  	0.24068  	0.04589  	0.34148  	0.34302  	-0.0277  	-0.4421  	-0.8863  	0.99227  	-0.0825  	0.23766  	-0.2419  	0.38586  	0.22269  	-0.2513  	-0.5304  	0.33896  	-0.1895  	-0.1702  	-0.2775  	-0.3641  	-0.2869  	-0.1710  	-0.2105  	0.28422  	0.27564  	-0.0684  	0.28891  	0.14350  	0.28707  	0.04695  	-0.2265  	0.18752  	-0.0566  	0.04099  	0.02998  	-0.0252  	-0.0679  	-0.0429  	0.02640  	0.01863  	0.06116  	-0.0039  	0.01649  	0.01091  	0.00305  	0.03269  	0.00438  	-0.0174  	0.01789  	0.00873  	-0.0359  	0.03712  	0.00137  	-0.0085  	0.03567  	-0.0062  	-0.0069  	-0.0242  	0.03589  	-0.0073  	0.02253  	-0.2797  	
0.20235  	0.07399  	0.21050  	0.61318  	0.04814  	0.47278  	0.15830  	-0.5374  	0.22935  	0.01475  	0.14508  	0.29068  	0.05652  	-0.3977  	-0.8557  	0.87700  	-0.0841  	0.22700  	-0.2524  	0.39024  	0.07726  	-0.2044  	-0.5554  	0.28850  	-0.1072  	-0.1645  	-0.3017  	-0.2522  	-0.1509  	-0.1318  	-0.2076  	0.24808  	0.27985  	-0.0540  	0.23292  	0.19014  	0.17712  	0.01133  	-0.1773  	0.21541  	-0.0301  	0.03037  	0.03031  	-0.0106  	-0.0796  	-0.0495  	0.02845  	0.02854  	0.06854  	-0.0140  	0.02185  	0.01217  	0.00048  	0.03127  	0.01041  	-0.0203  	0.03018  	0.00392  	-0.0356  	0.02990  	0.00860  	-0.0064  	0.03318  	-0.0100  	-0.0069  	-0.0242  	0.03589  	-0.0073  	0.02253  	-0.2797  	
0.09158  	0.04323  	0.11112  	0.59370  	0.06159  	0.38779  	0.14536  	-0.6218  	0.17353  	0.05797  	0.04825  	0.26193  	0.03823  	-0.4217  	-0.8382  	0.82698  	-0.0971  	0.24229  	-0.2954  	0.43800  	-0.0131  	-0.1954  	-0.5799  	0.28354  	-0.0876  	-0.1689  	-0.3031  	-0.1986  	-0.1224  	-0.1150  	-0.2097  	0.24415  	0.22881  	-0.0588  	0.23880  	0.26093  	0.15823  	-0.0108  	-0.1943  	0.24395  	-0.0526  	0.05087  	0.01331  	-0.0067  	-0.0791  	-0.0493  	0.02823  	0.01515  	0.05791  	-0.0057  	0.02160  	0.01342  	0.00062  	0.03030  	0.00308  	-0.0205  	0.03226  	-0.0012  	-0.0297  	0.03366  	0.00310  	-0.0067  	0.02946  	-0.0069  	-0.0069  	-0.0242  	0.03589  	-0.0073  	0.02253  	-0.2797  	
0.10069  	0.03237  	0.04765  	0.76864  	0.12861  	0.47008  	0.13513  	-0.5996  	0.17684  	-0.0289  	0.03298  	0.28941  	0.04701  	-0.4281  	-0.6697  	0.80925  	-0.0886  	0.20955  	-0.2823  	0.40229  	0.01480  	-0.1660  	-0.5499  	0.29438  	-0.1026  	-0.1569  	-0.2838  	-0.2031  	-0.1053  	-0.0714  	-0.2428  	0.25906  	0.23782  	-0.0431  	0.25456  	0.20497  	0.15232  	-0.0018  	-0.1881  	0.24217  	-0.0553  	0.04916  	0.00175  	-0.0144  	-0.0659  	-0.0496  	0.02596  	0.01329  	0.05802  	-0.0247  	0.01673  	0.01496  	-0.0029  	0.02710  	0.00596  	-0.0227  	0.03028  	0.00425  	-0.0273  	0.02891  	0.00374  	-0.0112  	0.03056  	-0.0078  	-0.0069  	-0.0242  	0.03589  	-0.0073  	0.02253  	-0.2797  	
0.15505  	0.04635  	0.08881  	0.78784  	0.14792  	0.53443  	0.13535  	-0.5649  	0.21419  	-0.0189  	0.01763  	0.31663  	0.07825  	-0.3233  	-0.6614  	0.81106  	-0.0881  	0.22078  	-0.2856  	0.41310  	0.02648  	-0.1469  	-0.5759  	0.29422  	-0.1524  	-0.1675  	-0.3311  	-0.2080  	-0.1163  	-0.0736  	-0.2431  	0.25146  	0.25987  	-0.0486  	0.26587  	0.19177  	0.15250  	-0.0083  	-0.1696  	0.23748  	-0.0537  	0.05048  	0.00516  	-0.0161  	-0.0688  	-0.0411  	0.02533  	0.02289  	0.05950  	-0.0166  	0.01870  	0.01554  	-0.0005  	0.02157  	0.00745  	-0.0163  	0.02817  	0.00046  	-0.0333  	0.03270  	0.00606  	-0.0064  	0.02780  	-0.0067  	-0.0069  	-0.0242  	0.03589  	-0.0073  	0.02253  	-0.2797  	
0.24030  	0.06582  	0.14232  	0.67786  	0.09465  	0.51352  	0.14864  	-0.5285  	0.23557  	-0.0045  	0.13433  	0.32141  	0.07797  	-0.4378  	-0.8566  	0.90483  	-0.0944  	0.25620  	-0.2793  	0.41627  	0.05918  	-0.1945  	-0.5796  	0.32122  	-0.1926  	-0.1642  	-0.3651  	-0.1752  	-0.1905  	-0.1251  	-0.2247  	0.25165  	0.27395  	-0.0586  	0.26518  	0.20016  	0.16606  	0.01174  	-0.2001  	0.23021  	-0.0291  	0.03837  	0.02946  	-0.0267  	-0.0916  	-0.0413  	0.02948  	0.01888  	0.05730  	-0.0154  	0.02217  	0.01358  	0.00682  	0.02392  	0.00370  	-0.0254  	0.03095  	0.00375  	-0.0328  	0.02936  	0.00241  	0.00234  	0.03779  	-0.0096  	-0.0069  	-0.0242  	0.03589  	-0.0073  	0.02253  	-0.2797  	
-0.0829  	-0.0279  	0.01366  	0.46937  	0.02561  	0.36976  	0.15805  	-0.6466  	0.15326  	0.06354  	0.22616  	0.27211  	-0.0364  	-0.5883  	-1.0935  	0.88743  	-0.1328  	0.34396  	-0.2939  	0.52304  	-0.0692  	-0.2293  	-0.6551  	0.30930  	-0.1142  	-0.1560  	-0.3572  	-0.0571  	-0.0700  	-0.1228  	-0.2092  	0.24045  	0.25026  	-0.0439  	0.20133  	0.29453  	0.11371  	-0.0134  	-0.1810  	0.25998  	-0.0054  	0.02873  	0.01731  	-0.0164  	-0.0768  	-0.0480  	0.03377  	0.00994  	0.04713  	-0.0197  	0.02683  	0.01849  	-0.0033  	0.02093  	0.00589  	-0.0333  	0.03378  	0.00265  	-0.0300  	0.03208  	-0.0041  	-0.0100  	0.04054  	-0.0065  	-0.0069  	-0.0242  	0.03589  	-0.0073  	0.02253  	-0.2797  	
-0.2469  	-0.0718  	-0.1571  	0.61083  	0.13243  	0.28193  	0.13410  	-0.7079  	0.12662  	0.03841  	0.13790  	0.33454  	-0.0391  	-0.5969  	-1.0049  	0.79194  	-0.1078  	0.33261  	-0.2787  	0.49310  	-0.1461  	-0.2200  	-0.6609  	0.27614  	-0.0852  	-0.1573  	-0.3949  	0.01222  	0.01511  	-0.0889  	-0.2331  	0.23129  	0.22062  	-0.0609  	0.14498  	0.32412  	0.02871  	-0.0287  	-0.1510  	0.26539  	-0.0168  	0.04631  	-0.0082  	-0.0322  	-0.0665  	-0.0475  	0.03327  	0.00193  	0.04660  	-0.0236  	0.01692  	0.01304  	0.00084  	0.02152  	0.00616  	-0.0413  	0.04167  	0.00904  	-0.0277  	0.02766  	0.00182  	-0.0171  	0.03847  	-0.0025  	-0.0069  	-0.0242  	0.03589  	-0.0073  	0.02253  	-0.2797  	
-0.2059  	-0.0377  	-0.1220  	0.65109  	0.14455  	0.30655  	0.08276  	-0.6436  	0.14645  	-0.0128  	0.07554  	0.36534  	-0.0086  	-0.4825  	-0.8166  	0.73869  	-0.0741  	0.27073  	-0.2765  	0.44463  	-0.1118  	-0.1980  	-0.6157  	0.24384  	-0.1336  	-0.1437  	-0.4011  	-0.0031  	-0.0337  	-0.0831  	-0.2344  	0.22094  	0.23585  	-0.0496  	0.18361  	0.25522  	0.05968  	-0.0322  	-0.1525  	0.24183  	-0.0383  	0.04187  	-0.0113  	-0.0312  	-0.0638  	-0.0488  	0.03920  	0.00056  	0.04637  	-0.0211  	0.02026  	0.01375  	-0.0021  	0.02620  	0.00148  	-0.0285  	0.04180  	0.00603  	-0.0221  	0.03095  	0.00396  	-0.0030  	0.02754  	-0.0112  	-0.0069  	-0.0242  	0.03589  	-0.0073  	0.02253  	-0.2797  	
-0.0615  	0.01251  	0.01004  	0.63396  	0.05079  	0.43938  	0.08992  	-0.6124  	0.17403  	-0.0135  	0.06769  	0.34259  	0.00958  	-0.5043  	-0.8486  	0.81249  	-0.0727  	0.29943  	-0.2683  	0.46003  	-0.0646  	-0.2063  	-0.5909  	0.26712  	-0.1280  	-0.1393  	-0.4126  	-0.0597  	-0.0608  	-0.1138  	-0.2194  	0.24517  	0.26287  	-0.0540  	0.18790  	0.25446  	0.08763  	-0.0134  	-0.1517  	0.26356  	-0.0149  	0.02898  	0.01011  	-0.0144  	-0.0859  	-0.0501  	0.03853  	0.00380  	0.04535  	-0.0210  	0.02450  	0.01273  	-0.0018  	0.02767  	0.00171  	-0.0301  	0.02881  	0.00348  	-0.0232  	0.03267  	-0.0015  	-0.0043  	0.01773  	-0.0080  	-0.0069  	-0.0242  	0.03589  	-0.0073  	0.02253  	-0.2797  	
-0.0022  	0.01015  	0.06331  	0.54933  	0.08388  	0.40229  	0.12551  	-0.6594  	0.17809  	0.06124  	0.14285  	0.36651  	-0.0125  	-0.6060  	-1.0280  	0.91646  	-0.1209  	0.33883  	-0.2598  	0.50376  	-0.1038  	-0.2300  	-0.6399  	0.24702  	-0.1498  	-0.1551  	-0.4402  	-0.0060  	-0.0394  	-0.1132  	-0.2211  	0.23527  	0.25864  	-0.0555  	0.17386  	0.28755  	0.10264  	-0.0274  	-0.1605  	0.26488  	0.00723  	0.04064  	0.01919  	-0.0194  	-0.0728  	-0.0412  	0.03332  	0.01396  	0.05492  	-0.0161  	0.02194  	0.01359  	0.00197  	0.02078  	0.00476  	-0.0265  	0.03985  	0.00341  	-0.0277  	0.03061  	-0.0009  	-0.0096  	0.02737  	-0.0080  	-0.0069  	-0.0242  	0.03589  	-0.0073  	0.02253  	-0.2797  	
-0.1191  	-0.0348  	0.04178  	0.57951  	0.09193  	0.40099  	0.08608  	-0.6474  	0.11505  	0.00104  	0.17324  	0.32085  	-0.0299  	-0.6712  	-0.9649  	0.85806  	-0.0224  	0.16818  	-0.2162  	0.27208  	0.00269  	-0.4189  	-0.8108  	0.30553  	-0.2004  	-0.0685  	-0.3568  	-0.1636  	-0.0232  	-0.1156  	-0.1244  	0.22489  	0.17041  	-0.1837  	0.14961  	0.27525  	0.05284  	-0.0047  	-0.2757  	0.17465  	0.05161  	0.14419  	-0.0865  	0.05156  	-0.1243  	-0.0239  	0.00952  	0.01636  	0.02976  	-0.0255  	0.02535  	0.02036  	0.00176  	0.03182  	0.01228  	-0.0361  	0.04086  	-0.0022  	-0.0258  	0.03511  	0.00230  	-0.0194  	0.02657  	-0.0047  	-0.0069  	-0.0242  	0.03589  	-0.0073  	0.02253  	-0.2797  	
-0.0801  	-0.0185  	0.05660  	0.60877  	0.06432  	0.37039  	0.07058  	-0.5690  	0.12169  	-0.0709  	0.14589  	0.32240  	0.03938  	-0.6706  	-0.7913  	0.74009  	0.04259  	0.03459  	-0.1858  	0.08546  	0.06926  	-0.5436  	-0.9291  	0.30953  	-0.2213  	0.00162  	-0.3319  	-0.2453  	0.01466  	-0.1385  	-0.0610  	0.18875  	0.11010  	-0.2966  	0.12493  	0.23947  	0.01217  	-0.0129  	-0.3594  	0.10502  	0.08475  	0.24259  	-0.1618  	0.09250  	-0.1625  	-0.0137  	0.00133  	0.03004  	0.02552  	-0.0319  	0.02845  	0.02019  	0.00581  	0.05009  	0.01613  	-0.0328  	0.03357  	-0.0095  	-0.0211  	0.04401  	0.00519  	-0.0151  	0.00744  	-0.0015  	-0.0069  	-0.0242  	0.03589  	-0.0073  	0.02253  	-0.2797  	
0.10804  	0.07282  	0.16057  	0.79961  	0.19017  	0.39310  	0.09253  	-0.4988  	0.15067  	0.00097  	0.03765  	0.30334  	0.12225  	-0.4586  	-0.5501  	0.69399  	0.05018  	-0.0204  	-0.1778  	0.00174  	0.08216  	-0.5208  	-1.0190  	0.32042  	-0.1837  	0.00575  	-0.3100  	-0.3097  	0.05911  	-0.1101  	-0.0603  	0.16620  	0.09931  	-0.3143  	0.16030  	0.18357  	-0.0278  	-0.0301  	-0.3622  	0.14273  	0.05103  	0.27656  	-0.1816  	0.10374  	-0.1693  	-0.0119  	-0.0082  	0.04781  	0.03605  	-0.0346  	0.03373  	0.01548  	-0.0023  	0.05239  	0.01584  	-0.0294  	0.02600  	-0.0166  	-0.0270  	0.04522  	0.00254  	-0.0079  	-0.0010  	-0.0083  	-0.0069  	-0.0242  	0.03589  	-0.0073  	0.02253  	-0.2797  	
0.12039  	0.10092  	0.06781  	1.00833  	0.30391  	0.44601  	0.13623  	-0.5017  	0.15504  	-0.0359  	-0.1561  	0.32518  	0.19183  	-0.2980  	-0.4511  	0.62617  	0.03255  	-0.0091  	-0.2160  	-0.0005  	-0.0200  	-0.4681  	-1.0026  	0.29178  	-0.1132  	-0.0222  	-0.2827  	-0.2257  	0.15583  	-0.0715  	-0.0918  	0.13769  	0.12131  	-0.2816  	0.14325  	0.19291  	-0.0920  	-0.0607  	-0.2824  	0.16561  	0.01415  	0.27138  	-0.1705  	0.08741  	-0.1519  	-0.0161  	-0.0060  	0.04462  	0.03966  	-0.0377  	0.03540  	0.01612  	-0.0032  	0.04590  	0.01173  	-0.0206  	0.02618  	-0.0119  	-0.0211  	0.04410  	0.00970  	-0.0046  	0.00786  	-0.0085  	-0.0069  	-0.0242  	0.03589  	-0.0073  	0.02253  	-0.2797  	
0.04732  	0.04910  	-0.0458  	1.13815  	0.40428  	0.36337  	0.11065  	-0.5366  	0.17438  	-0.0081  	-0.0872  	0.38435  	0.18237  	-0.1569  	-0.4339  	0.66190  	-0.0499  	0.08954  	-0.2744  	0.23096  	-0.0659  	-0.3373  	-0.9046  	0.35217  	-0.0556  	-0.0778  	-0.3413  	-0.1334  	0.06769  	-0.0432  	-0.1363  	0.16798  	0.17986  	-0.1772  	0.23418  	0.17615  	-0.0458  	-0.0788  	-0.2278  	0.24354  	-0.0710  	0.18408  	-0.1354  	0.01255  	-0.1239  	-0.0248  	0.01261  	0.02520  	0.03634  	-0.0166  	0.03214  	0.01276  	-0.0073  	0.03509  	0.00436  	-0.0266  	0.02868  	-0.0063  	-0.0287  	0.03939  	0.00832  	-0.0005  	0.01240  	-0.0139  	-0.0069  	-0.0242  	0.03589  	-0.0073  	0.02253  	-0.2797  	
-0.1873  	-0.0378  	-0.1317  	0.70982  	0.21838  	0.22189  	0.13233  	-0.6653  	0.15543  	0.03412  	0.07174  	0.46872  	0.02173  	-0.4603  	-0.7920  	0.80105  	-0.1275  	0.32510  	-0.3068  	0.50566  	-0.1225  	-0.1955  	-0.6639  	0.32246  	-0.1875  	-0.1370  	-0.4522  	-0.0129  	-0.0393  	-0.1074  	-0.2208  	0.22010  	0.28153  	-0.0219  	0.22135  	0.22749  	0.03579  	-0.0312  	-0.1650  	0.28494  	-0.0502  	0.04727  	-0.0296  	-0.0273  	-0.0788  	-0.0471  	0.03933  	0.01075  	0.04762  	-0.0255  	0.01246  	0.01159  	-0.0076  	0.02500  	0.00037  	-0.0305  	0.03555  	0.00427  	-0.0299  	0.02620  	0.00537  	-0.0042  	0.02515  	-0.0097  	-0.0069  	-0.0242  	0.03589  	-0.0073  	0.02253  	-0.2797  	
-0.0883  	-0.0050  	0.01043  	0.56106  	0.09039  	0.38839  	0.15293  	-0.6455  	0.16884  	-0.0247  	0.09624  	0.35421  	-0.0151  	-0.5195  	-0.8199  	0.76740  	-0.0886  	0.30409  	-0.2989  	0.44273  	-0.0228  	-0.2076  	-0.5210  	0.31159  	-0.1960  	-0.1345  	-0.4011  	-0.1278  	-0.1339  	-0.1265  	-0.2185  	0.23392  	0.27869  	-0.0472  	0.19046  	0.19812  	0.12355  	-0.0097  	-0.1907  	0.22768  	-0.0204  	0.04459  	0.00943  	-0.0160  	-0.0794  	-0.0413  	0.03473  	-0.0014  	0.04231  	-0.0122  	0.01288  	0.01407  	0.00273  	0.02123  	0.00126  	-0.0263  	0.03015  	-0.0021  	-0.0305  	0.02418  	0.00640  	-0.0014  	0.02955  	-0.0055  	-0.0069  	-0.0242  	0.03589  	-0.0073  	0.02253  	-0.2797  	
0.01697  	0.02114  	0.09491  	0.59256  	0.02143  	0.41560  	0.09768  	-0.5906  	0.16978  	-0.0301  	0.07956  	0.29109  	0.01914  	-0.4849  	-0.7651  	0.76775  	-0.0620  	0.28261  	-0.2751  	0.40563  	0.01461  	-0.2108  	-0.4907  	0.25972  	-0.2053  	-0.1460  	-0.3860  	-0.1771  	-0.1387  	-0.1340  	-0.1893  	0.25133  	0.25118  	-0.0526  	0.20719  	0.20469  	0.15927  	0.00941  	-0.1903  	0.21639  	-0.0093  	0.02362  	0.03466  	-0.0112  	-0.0792  	-0.0383  	0.03511  	0.00547  	0.04516  	-0.0153  	0.00590  	0.01179  	0.00202  	0.02084  	0.00042  	-0.0244  	0.03280  	0.00337  	-0.0284  	0.02815  	0.00428  	0.00345  	0.02966  	-0.0080  	-0.0069  	-0.0242  	0.03589  	-0.0073  	0.02253  	-0.2797  	
0.04621  	0.00077  	0.11081  	0.55732  	0.01910  	0.42924  	0.15150  	-0.5665  	0.21142  	0.03226  	0.11951  	0.29715  	0.04277  	-0.4819  	-0.8992  	0.86949  	-0.0997  	0.31733  	-0.2744  	0.47214  	-0.0260  	-0.2217  	-0.5791  	0.22903  	-0.1781  	-0.1516  	-0.4777  	-0.0975  	-0.0559  	-0.1318  	-0.2103  	0.23856  	0.28657  	-0.0590  	0.16127  	0.23580  	0.09302  	0.00597  	-0.1520  	0.23502  	0.05105  	0.01366  	0.04267  	-0.0299  	-0.0886  	-0.0470  	0.03594  	0.01701  	0.05937  	-0.0201  	0.01800  	0.01206  	-0.0009  	0.01979  	0.00167  	-0.0349  	0.03296  	0.00336  	-0.0310  	0.02906  	0.00135  	-0.0012  	0.04098  	-0.0058  	-0.0069  	-0.0242  	0.03589  	-0.0073  	0.02253  	-0.2797  	
-0.0394  	0.04010  	0.07583  	0.39143  	-0.0589  	0.30195  	0.13402  	-0.6140  	0.16028  	0.08472  	0.24558  	0.24318  	0.01903  	-0.4381  	-0.9714  	0.81313  	-0.1231  	0.29847  	-0.2822  	0.45286  	-0.0092  	-0.2325  	-0.6046  	0.28986  	-0.0990  	-0.1717  	-0.3870  	-0.1967  	-0.1498  	-0.1547  	-0.1878  	0.23395  	0.26779  	-0.0723  	0.21721  	0.24358  	0.18243  	-0.0002  	-0.1949  	0.25889  	0.02758  	0.03111  	0.01224  	-0.0345  	-0.0776  	-0.0422  	0.02904  	0.00680  	0.04528  	-0.0127  	0.00799  	0.01282  	-0.0054  	0.02495  	-0.0004  	-0.0261  	0.02846  	0.00488  	-0.0288  	0.03178  	-0.0002  	-0.0024  	0.02544  	-0.0088  	-0.0069  	-0.0242  	0.03589  	-0.0073  	0.02253  	-0.2797  	
-0.3711  	-0.0921  	-0.1801  	0.39033  	0.03796  	0.17604  	0.11863  	-0.7003  	0.13553  	0.07334  	0.30869  	0.33069  	-0.0449  	-0.6645  	-1.0217  	0.73391  	-0.1271  	0.31971  	-0.2799  	0.49475  	-0.0739  	-0.2596  	-0.5926  	0.28366  	-0.2063  	-0.1356  	-0.4478  	-0.0638  	-0.0713  	-0.1538  	-0.1929  	0.22436  	0.28462  	-0.0437  	0.15893  	0.27462  	0.06238  	-0.0142  	-0.1722  	0.26231  	0.00399  	0.03687  	-0.0161  	-0.0333  	-0.0763  	-0.0405  	0.04402  	-0.0180  	0.03917  	-0.0121  	0.01118  	0.01327  	-0.0051  	0.02736  	0.00470  	-0.0381  	0.03278  	0.00482  	-0.0249  	0.03038  	0.00752  	-0.0116  	0.03191  	-0.0060  	-0.0069  	-0.0242  	0.03589  	-0.0073  	0.02253  	-0.2797  	
-0.4170  	-0.1126  	-0.1654  	0.30298  	-0.0347  	0.14397  	0.11072  	-0.7171  	0.13106  	0.11085  	0.32293  	0.30698  	-0.0667  	-0.7092  	-1.1161  	0.72326  	-0.0973  	0.33009  	-0.2766  	0.47796  	-0.1120  	-0.2634  	-0.5605  	0.22238  	-0.2021  	-0.1268  	-0.4710  	-0.0228  	-0.0208  	-0.1555  	-0.2009  	0.22250  	0.22943  	-0.0459  	0.11545  	0.28865  	0.07345  	-0.0014  	-0.1637  	0.23366  	0.03886  	0.02294  	0.00255  	-0.0314  	-0.0706  	-0.0412  	0.03998  	-0.0165  	0.03499  	-0.0150  	0.00693  	0.01617  	-0.0018  	0.02487  	0.00447  	-0.0393  	0.03207  	0.00698  	-0.0281  	0.02934  	0.00467  	-0.0066  	0.03351  	-0.0033  	-0.0069  	-0.0242  	0.03589  	-0.0073  	0.02253  	-0.2797  	
-0.4163  	-0.0871  	-0.1205  	0.26163  	-0.0609  	0.19318  	0.11133  	-0.7129  	0.14095  	0.09206  	0.24813  	0.26956  	-0.0565  	-0.7203  	-1.1329  	0.75433  	-0.0939  	0.32774  	-0.2767  	0.46378  	-0.1593  	-0.2397  	-0.5191  	0.20449  	-0.1924  	-0.1145  	-0.4864  	-0.0253  	-0.0023  	-0.1452  	-0.1827  	0.21400  	0.23509  	-0.0511  	0.06759  	0.27873  	0.05511  	-0.0118  	-0.1427  	0.24298  	0.05799  	0.02386  	0.03472  	-0.0175  	-0.0754  	-0.0452  	0.04162  	-0.0067  	0.04116  	-0.0146  	0.00141  	0.01434  	-0.0022  	0.02560  	0.00644  	-0.0387  	0.02811  	0.00418  	-0.0279  	0.02547  	0.00643  	-0.0025  	0.03602  	-0.0017  	-0.0069  	-0.0242  	0.03589  	-0.0073  	0.02253  	-0.2797  	
-0.3296  	-0.0473  	-0.0767  	0.31467  	-0.0515  	0.24466  	0.09743  	-0.6888  	0.16092  	0.05841  	0.15442  	0.28894  	-0.0396  	-0.7072  	-1.0483  	0.79035  	-0.0610  	0.32758  	-0.2647  	0.45647  	-0.1440  	-0.2131  	-0.5141  	0.19980  	-0.2105  	-0.1021  	-0.4676  	-0.0110  	-0.0267  	-0.1508  	-0.1772  	0.21835  	0.24692  	-0.0512  	0.06109  	0.25354  	0.05678  	-0.0212  	-0.1398  	0.24652  	0.04892  	0.01979  	0.03103  	-0.0174  	-0.0797  	-0.0465  	0.03950  	0.00239  	0.03976  	-0.0142  	0.00745  	0.01716  	-0.0039  	0.02534  	0.00570  	-0.0386  	0.02805  	0.00055  	-0.0269  	0.03018  	0.00413  	8.53836  	0.03593  	-0.0015  	-0.0069  	-0.0242  	0.03589  	-0.0073  	0.02253  	-0.2797  	
-0.1720  	-0.0335  	-0.0249  	0.44661  	-0.0172  	0.33475  	0.11099  	-0.6685  	0.16930  	0.02902  	0.13384  	0.31804  	-0.0072  	-0.6193  	-0.9445  	0.76372  	-0.0747  	0.30709  	-0.2922  	0.45827  	-0.0986  	-0.2111  	-0.5328  	0.20209  	-0.2399  	-0.0997  	-0.4954  	-0.0404  	-0.0567  	-0.1488  	-0.1690  	0.22090  	0.27549  	-0.0520  	0.10875  	0.22355  	0.07471  	-0.0131  	-0.1536  	0.24790  	0.05610  	0.01829  	0.04112  	-0.0188  	-0.0832  	-0.0469  	0.03840  	0.00476  	0.03862  	-0.0112  	0.01344  	0.01582  	-0.0030  	0.02136  	0.00464  	-0.0374  	0.03080  	0.00391  	-0.0350  	0.02693  	0.00187  	0.00177  	0.03959  	0.00029  	-0.0069  	-0.0242  	0.03589  	-0.0073  	0.02253  	-0.2797  	
0.10005  	0.06768  	0.14740  	0.59407  	0.00874  	0.46304  	0.12426  	-0.5190  	0.22466  	-0.0039  	0.23788  	0.35165  	0.00674  	-0.4295  	-0.8043  	0.89068  	-0.0899  	0.24027  	-0.2716  	0.41469  	0.10317  	-0.1910  	-0.5345  	0.27207  	-0.2408  	-0.1373  	-0.3967  	-0.2568  	-0.1943  	-0.1605  	-0.1948  	0.24567  	0.28367  	-0.0561  	0.22978  	0.17706  	0.20806  	0.03443  	-0.2097  	0.20242  	0.01518  	0.01768  	0.03458  	-0.0233  	-0.0748  	-0.0480  	0.04132  	0.00566  	0.05215  	-0.0112  	0.00280  	0.01395  	-0.0006  	0.02934  	0.00590  	-0.0289  	0.02514  	0.00425  	-0.0372  	0.03009  	0.00331  	0.00514  	0.03359  	-0.0048  	-0.0069  	-0.0242  	0.03589  	-0.0073  	0.02253  	-0.2797  	
0.15222  	0.08481  	0.20382  	0.58082  	-0.0271  	0.52658  	0.12357  	-0.4931  	0.24233  	-0.0191  	0.28239  	0.35360  	-0.0019  	-0.4218  	-0.8125  	0.90969  	-0.0795  	0.20351  	-0.2651  	0.37530  	0.16543  	-0.1957  	-0.4742  	0.31602  	-0.2603  	-0.1424  	-0.3390  	-0.3158  	-0.2767  	-0.1525  	-0.1924  	0.26538  	0.28081  	-0.0592  	0.25742  	0.15085  	0.27609  	0.05250  	-0.2459  	0.18147  	-0.0118  	0.02342  	0.03292  	-0.0222  	-0.0779  	-0.0450  	0.04009  	0.00685  	0.05292  	-0.0077  	-0.0018  	0.01369  	0.00080  	0.03137  	0.00442  	-0.0252  	0.02317  	0.00392  	-0.0351  	0.03522  	0.00283  	0.00097  	0.03466  	-0.0063  	-0.0069  	-0.0242  	0.03589  	-0.0073  	0.02253  	-0.2797  	
0.15513  	0.08537  	0.21029  	0.58015  	-0.0358  	0.53594  	0.11946  	-0.4783  	0.24593  	-0.0415  	0.26262  	0.32024  	0.02483  	-0.3836  	-0.7907  	0.91526  	-0.0749  	0.19570  	-0.2651  	0.35485  	0.20404  	-0.1986  	-0.4745  	0.34700  	-0.2297  	-0.1537  	-0.3032  	-0.3472  	-0.2967  	-0.1496  	-0.2029  	0.27205  	0.27792  	-0.0610  	0.28238  	0.14113  	0.29120  	0.05463  	-0.2346  	0.17461  	-0.0312  	0.03500  	0.02234  	-0.0279  	-0.0766  	-0.0449  	0.03546  	0.01175  	0.05313  	-0.0076  	0.00337  	0.01605  	0.00479  	0.03167  	0.00399  	-0.0204  	0.02062  	0.00610  	-0.0360  	0.03728  	0.00730  	0.00014  	0.03340  	-0.0043  	-0.0069  	-0.0242  	0.03589  	-0.0073  	0.02253  	-0.2797  	
0.09213  	0.10238  	0.14514  	0.51983  	0.01357  	0.45373  	0.12628  	-0.5653  	0.22100  	0.00327  	0.29185  	0.34799  	0.02318  	-0.4382  	-0.9402  	0.91499  	-0.1113  	0.25462  	-0.2826  	0.42215  	0.11680  	-0.2527  	-0.5673  	0.30692  	-0.2351  	-0.1434  	-0.3569  	-0.2302  	-0.2374  	-0.1575  	-0.1961  	0.24824  	0.29420  	-0.0523  	0.29165  	0.20302  	0.22225  	0.02256  	-0.2232  	0.20643  	-0.0132  	0.04736  	0.00689  	-0.0406  	-0.0800  	-0.0413  	0.03723  	0.00267  	0.04308  	-0.0030  	0.01165  	0.01595  	0.00459  	0.03200  	0.00540  	-0.0218  	0.02529  	0.00473  	-0.0332  	0.02938  	0.00614  	-0.0003  	0.03161  	-0.0089  	-0.0069  	-0.0242  	0.03589  	-0.0073  	0.02253  	-0.2797  	
-0.0814  	0.00605  	0.04637  	0.48938  	0.04458  	0.35393  	0.10953  	-0.6588  	0.17713  	0.12271  	0.28575  	0.33224  	-0.0435  	-0.6272  	-1.0909  	0.94670  	-0.1302  	0.33989  	-0.2779  	0.49612  	-0.0957  	-0.2541  	-0.6295  	0.24485  	-0.2279  	-0.1405  	-0.4687  	-0.0473  	-0.1161  	-0.1557  	-0.2088  	0.24583  	0.28282  	-0.0608  	0.21165  	0.27802  	0.10441  	-0.0165  	-0.1899  	0.23463  	0.00892  	0.04246  	0.01549  	-0.0289  	-0.0771  	-0.0449  	0.04193  	0.00518  	0.04746  	-0.0137  	0.02976  	0.01426  	1.18069  	0.02204  	0.00723  	-0.0369  	0.03567  	0.00521  	-0.0315  	0.03033  	0.00121  	-0.0071  	0.03661  	-0.0001  	-0.0069  	-0.0242  	0.03589  	-0.0073  	0.02253  	-0.2797  	
-0.1835  	-0.0659  	-0.0183  	0.43114  	-0.0224  	0.30620  	0.09599  	-0.6921  	0.13111  	0.09833  	0.21605  	0.27217  	-0.0551  	-0.7138  	-1.0835  	0.89496  	-0.1138  	0.34229  	-0.2488  	0.48237  	-0.1450  	-0.2333  	-0.6244  	0.23861  	-0.1124  	-0.1414  	-0.4312  	-0.0043  	-0.0414  	-0.1270  	-0.2131  	0.24083  	0.22879  	-0.0592  	0.17166  	0.32659  	0.07006  	-0.0090  	-0.1750  	0.24015  	0.03061  	0.03265  	0.01301  	-0.0193  	-0.0839  	-0.0456  	0.03548  	0.00454  	0.03905  	-0.0139  	0.02880  	0.01631  	0.00497  	0.02186  	0.00659  	-0.0354  	0.03687  	0.00591  	-0.0293  	0.03467  	0.00406  	-0.0148  	0.04292  	0.00070  	-0.0069  	-0.0242  	0.03589  	-0.0073  	0.02253  	-0.2797  	
-0.2288  	-0.0853  	-0.0734  	0.38383  	-0.0226  	0.27636  	0.13210  	-0.7473  	0.11608  	0.05010  	0.22878  	0.27332  	-0.0949  	-0.7698  	-1.0884  	0.86772  	-0.0723  	0.32427  	-0.2588  	0.43873  	-0.1633  	-0.2469  	-0.5960  	0.26601  	-0.1058  	-0.1396  	-0.3877  	-0.0405  	-0.0356  	-0.1161  	-0.2143  	0.25037  	0.20189  	-0.0632  	0.13952  	0.35444  	0.10711  	-0.0021  	-0.1869  	0.24385  	0.03996  	0.02967  	0.02194  	-0.0141  	-0.0732  	-0.0487  	0.03828  	-0.0097  	0.04339  	-0.0127  	0.01492  	0.01549  	0.00065  	0.02305  	0.01475  	-0.0368  	0.03596  	0.00899  	-0.0306  	0.02821  	-0.0010  	-0.0107  	0.04039  	0.00181  	-0.0069  	-0.0242  	0.03589  	-0.0073  	0.02253  	-0.2797  	
-0.2731  	-0.0713  	-0.0746  	0.36049  	-0.0636  	0.28777  	0.10300  	-0.7536  	0.12279  	0.01112  	0.18507  	0.24673  	-0.0820  	-0.7889  	-1.0837  	0.81043  	-0.0568  	0.32036  	-0.2724  	0.45428  	-0.1507  	-0.2567  	-0.5478  	0.22478  	-0.1436  	-0.1173  	-0.4149  	-0.0304  	-0.0287  	-0.1360  	-0.2032  	0.23858  	0.20858  	-0.0562  	0.10768  	0.30477  	0.09482  	0.00825  	-0.1709  	0.22396  	0.05000  	0.02515  	0.02242  	-0.0208  	-0.0733  	-0.0493  	0.03845  	-0.0122  	0.03625  	-0.0179  	0.01745  	0.01516  	0.00360  	0.02717  	0.01140  	-0.0378  	0.03688  	0.00703  	-0.0247  	0.02897  	-0.0005  	-0.0074  	0.03661  	-0.0022  	-0.0069  	-0.0242  	0.03589  	-0.0073  	0.02253  	-0.2797  	
-0.3348  	-0.0686  	-0.0680  	0.28177  	-0.0774  	0.22477  	0.10460  	-0.7351  	0.13644  	0.05505  	0.21570  	0.23902  	-0.0661  	-0.7477  	-1.1131  	0.78358  	-0.0690  	0.33235  	-0.2737  	0.45545  	-0.1784  	-0.2490  	-0.5243  	0.18353  	-0.1937  	-0.1120  	-0.4882  	-0.0002  	-0.0091  	-0.1490  	-0.1890  	0.22410  	0.23131  	-0.0426  	0.06960  	0.29646  	0.05751  	-0.0065  	-0.1573  	0.23762  	0.07075  	0.02145  	0.03089  	-0.0176  	-0.0783  	-0.0505  	0.03988  	-0.0029  	0.03827  	-0.0138  	0.01210  	0.01478  	0.00231  	0.02608  	0.00744  	-0.0371  	0.02884  	0.00220  	-0.0261  	0.02931  	0.00272  	-0.0034  	0.03227  	-0.0024  	-0.0069  	-0.0242  	0.03589  	-0.0073  	0.02253  	-0.2797  	
-0.4038  	-0.0982  	-0.1177  	0.25239  	-0.0799  	0.16360  	0.12554  	-0.7306  	0.12903  	0.11175  	0.23966  	0.26411  	-0.0466  	-0.7077  	-1.1485  	0.75788  	-0.1118  	0.35157  	-0.2803  	0.48785  	-0.2256  	-0.2387  	-0.5516  	0.17467  	-0.1855  	-0.1081  	-0.5004  	0.03501  	0.03318  	-0.1454  	-0.1677  	0.20791  	0.24498  	-0.0428  	0.05213  	0.30952  	0.01248  	-0.0312  	-0.1383  	0.24448  	0.07039  	0.02195  	0.03436  	-0.0090  	-0.0804  	-0.0491  	0.04027  	0.00082  	0.03853  	-0.0159  	0.00985  	0.01676  	-0.0021  	0.02145  	0.00640  	-0.0411  	0.02800  	0.00361  	-0.0310  	0.02486  	0.00772  	-0.0033  	0.03300  	-0.0040  	-0.0069  	-0.0242  	0.03589  	-0.0073  	0.02253  	-0.2797  	
-0.5183  	-0.1274  	-0.2003  	0.21593  	-0.0529  	0.03751  	0.11491  	-0.7285  	0.13912  	0.10521  	0.36649  	0.28444  	-0.0622  	-0.7079  	-1.1638  	0.72686  	-0.1034  	0.32287  	-0.2933  	0.50084  	-0.1359  	-0.2563  	-0.5773  	0.25066  	-0.2174  	-0.1092  	-0.4948  	-0.0042  	-0.0129  	-0.1682  	-0.1890  	0.20645  	0.24019  	-0.0462  	0.12577  	0.29148  	0.04914  	-0.0085  	-0.1678  	0.23900  	0.04036  	0.02404  	0.00970  	-0.0350  	-0.0736  	-0.0475  	0.04169  	-0.0113  	0.03786  	-0.0171  	0.00886  	0.01511  	-0.0006  	0.02307  	0.00653  	-0.0403  	0.02874  	0.00416  	-0.0313  	0.03118  	0.00510  	0.00082  	0.03125  	-0.0014  	-0.0069  	-0.0242  	0.03589  	-0.0073  	0.02253  	-0.2797  	
-0.4898  	-0.1058  	-0.1659  	0.23117  	-0.0628  	0.03327  	0.08262  	-0.6721  	0.12497  	0.11617  	0.36411  	0.30446  	-0.0306  	-0.7516  	-1.0739  	0.69029  	-0.0232  	0.19027  	-0.2266  	0.28929  	-0.0738  	-0.4231  	-0.7935  	0.23548  	-0.2508  	-0.0237  	-0.4779  	-0.0881  	0.02971  	-0.1771  	-0.0867  	0.16456  	0.17231  	-0.1782  	0.05437  	0.25550  	-0.0244  	-0.0168  	-0.2584  	0.17092  	0.08775  	0.13120  	-0.0910  	0.03233  	-0.1137  	-0.0332  	0.02274  	0.00504  	0.01861  	-0.0202  	0.01508  	0.01876  	0.00069  	0.03682  	0.01179  	-0.0396  	0.02972  	-0.0043  	-0.0314  	0.03985  	0.00898  	-0.0046  	0.01697  	-0.0014  	-0.0069  	-0.0242  	0.03589  	-0.0073  	0.02253  	-0.2797  	
-0.4234  	-0.0709  	-0.0184  	0.24666  	-0.0726  	0.14326  	0.07514  	-0.6405  	0.11262  	0.07066  	0.26672  	0.29693  	0.02877  	-0.7546  	-1.0566  	0.66720  	0.06685  	0.05772  	-0.1775  	0.06254  	-0.0546  	-0.5618  	-0.8875  	0.22432  	-0.3075  	0.04834  	-0.4601  	-0.1873  	0.10558  	-0.1761  	0.01520  	0.13734  	0.10719  	-0.2969  	-0.0161  	0.23135  	-0.0841  	-0.0336  	-0.3099  	0.11727  	0.17623  	0.21097  	-0.1395  	0.09496  	-0.1559  	-0.0168  	0.00431  	0.02802  	0.01867  	-0.0370  	0.01490  	0.02349  	0.00034  	0.04415  	0.01212  	-0.0419  	0.01965  	-0.0147  	-0.0291  	0.04182  	0.01698  	-0.0033  	0.01068  	-0.0033  	-0.0069  	-0.0242  	0.03589  	-0.0073  	0.02253  	-0.2797  	
-0.2171  	-0.0511  	0.04166  	0.48647  	0.01738  	0.28079  	0.07817  	-0.6013  	0.10159  	0.02450  	0.17467  	0.38004  	0.04361  	-0.7783  	-0.9560  	0.73806  	0.06062  	0.05964  	-0.1731  	0.04712  	-0.0946  	-0.6014  	-1.0068  	0.21846  	-0.2763  	0.04460  	-0.4682  	-0.1248  	0.10437  	-0.1766  	0.00455  	0.14900  	0.09636  	-0.3130  	-0.0036  	0.25435  	-0.1047  	-0.0299  	-0.3362  	0.12987  	0.15965  	0.23355  	-0.1589  	0.10814  	-0.1805  	-0.0166  	-0.0029  	0.03098  	0.02003  	-0.0358  	0.02648  	0.02280  	-0.0011  	0.04911  	0.01980  	-0.0389  	0.03653  	-0.0139  	-0.0311  	0.03764  	0.01058  	-0.0038  	0.00852  	-0.0008  	-0.0069  	-0.0242  	0.03589  	-0.0073  	0.02253  	-0.2797  	
-0.1008  	-0.0076  	0.05677  	0.59481  	0.13134  	0.26201  	0.09303  	-0.6287  	0.11473  	0.06811  	0.18304  	0.39464  	0.02700  	-0.7599  	-0.9601  	0.82098  	-5.5978  	0.10895  	-0.1898  	0.16674  	-0.1239  	-0.5571  	-1.0357  	0.23513  	-0.2421  	0.00114  	-0.4785  	-0.0521  	0.15372  	-0.1413  	-0.0427  	0.16975  	0.10186  	-0.2820  	0.03415  	0.29472  	-0.1166  	-0.0444  	-0.2953  	0.15314  	0.14109  	0.20885  	-0.1425  	0.08941  	-0.1644  	-0.0185  	0.00057  	0.03898  	0.03400  	-0.0419  	0.03191  	0.01705  	0.00483  	0.04359  	0.01706  	-0.0344  	0.03922  	-0.0079  	-0.0258  	0.04543  	0.00547  	-0.0141  	0.01468  	-0.0025  	-0.0069  	-0.0242  	0.03589  	-0.0073  	0.02253  	-0.2797  	
-0.1102  	-0.0637  	0.02499  	0.61039  	0.15899  	0.26008  	0.13055  	-0.6980  	0.12834  	0.15007  	0.16470  	0.38681  	0.00030  	-0.7704  	-1.0843  	0.94368  	-0.0854  	0.23021  	-0.2150  	0.29368  	-0.2395  	-0.3923  	-0.9089  	0.24164  	-0.1012  	-0.0661  	-0.4080  	-0.0003  	0.14579  	-0.0832  	-0.1316  	0.20440  	0.13145  	-0.1725  	0.06498  	0.37490  	-0.0752  	-0.0253  	-0.2306  	0.22094  	0.07646  	0.15118  	-0.0618  	0.05593  	-0.1297  	-0.0281  	0.00657  	0.03972  	0.04695  	-0.0391  	0.03681  	0.01448  	0.00277  	0.03904  	0.01463  	-0.0318  	0.03445  	-0.0039  	-0.0218  	0.04169  	-0.0010  	-0.0196  	0.02512  	-0.0014  	-0.0069  	-0.0242  	0.03589  	-0.0073  	0.02253  	-0.2797  	
-0.1529  	-0.0821  	-0.0627  	0.52619  	0.10699  	0.30883  	0.14812  	-0.7761  	0.13127  	0.12452  	0.07490  	0.27242  	-0.0348  	-0.7342  	-1.0916  	0.91901  	-0.1236  	0.35976  	-0.2665  	0.47013  	-0.2686  	-0.2113  	-0.6630  	0.22844  	-0.0489  	-0.1492  	-0.3971  	0.09012  	0.09241  	-0.0576  	-0.2217  	0.25081  	0.18680  	-0.0427  	0.10641  	0.38959  	0.00349  	-0.0333  	-0.1270  	0.27540  	0.02396  	0.03971  	0.0299  	-0.0113  	-0.0813  	-0.0421  	0.02752  	0.01043  	0.05285  	-0.0281  	0.03191  	0.01209  	0.00117  	0.02850  	0.00930  	-0.0287  	0.04004  	0.00483  	-0.0187  	0.03344  	-0.0043  	-0.0152  	0.03383  	-0.0036  	-0.0069  	-0.0242  	0.03589  	-0.0073  	0.02253  	-0.2797  	
-0.2218  	-0.0875  	-0.1154  	0.50312  	0.04989  	0.33242  	0.11971  	-0.7602  	0.10719  	0.04111  	0.04895  	0.23470  	-0.0499  	-0.7043  	-1.0297  	0.79680  	-0.0912  	0.32464  	-0.2819  	0.43173  	-0.2076  	-0.2336  	-0.5967  	0.27137  	-0.0515  	-0.1554  	-0.3743  	0.03799  	0.02925  	-0.0845  	-0.2264  	0.25113  	0.18359  	-0.0631  	0.11843  	0.37427  	0.04698  	-0.0256  	-0.1524  	0.26868  	0.00644  	0.03103  	0.01004  	-0.0139  	-0.0861  	-0.0427  	0.03214  	-0.0051  	0.04065  	-0.0148  	0.02223  	0.01633  	-0.0010  	0.02512  	0.00893  	-0.0325  	0.04334  	0.01122  	-0.0219  	0.02719  	-0.0085  	-0.0122  	0.03757  	-0.0036  	-0.0069  	-0.0242  	0.03589  	-0.0073  	0.02253  	-0.2797  	
-0.1992  	-0.0586  	-0.0769  	0.49839  	0.03498  	0.33275  	0.12023  	-0.7109  	0.13299  	-0.0228  	0.08264  	0.24109  	-0.0433  	-0.6701  	-0.9643  	0.75946  	-0.0766  	0.30621  	-0.2718  	0.43175  	-0.1466  	-0.2258  	-0.5601  	0.25994  	-0.0864  	-0.1482  	-0.3671  	-0.0071  	-0.0130  	-0.1062  	-0.2287  	0.24555  	0.19361  	-0.0507  	0.13816  	0.32775  	0.08186  	-0.0002  	-0.1679  	0.23599  	0.01956  	0.03069  	0.01862  	-0.0238  	-0.0816  	-0.0518  	0.03164  	-0.0051  	0.04152  	-0.0203  	0.02071  	0.01483  	0.00356  	0.02727  	0.01257  	-0.0324  	0.04306  	0.00922  	-0.0209  	0.02439  	-0.0041  	-0.0072  	0.03849  	0.00023  	-0.0069  	-0.0242  	0.03589  	-0.0073  	0.02253  	-0.2797  	
-0.1327  	-0.0312  	-0.0253  	0.50488  	0.04057  	0.36673  	0.11589  	-0.7086  	0.13557  	0.01727  	0.14047  	0.26618  	-0.0415  	-0.6362  	-0.9101  	0.77895  	-0.1100  	0.29833  	-0.2823  	0.44732  	-0.0889  	-0.2197  	-0.5626  	0.23201  	-0.1388  	-0.1446  	-0.4079  	-0.0512  	-0.0791  	-0.1035  	-0.2094  	0.24973  	0.22492  	-0.0451  	0.17973  	0.30390  	0.10966  	-0.0006  	-0.1949  	0.23062  	-0.0010  	0.03897  	0.01272  	-0.0289  	-0.0833  	-0.0500  	0.03007  	-0.0153  	0.04138  	-0.0194  	0.01651  	0.01306  	0.00344  	0.02825  	0.00844  	-0.0333  	0.03764  	0.00737  	-0.0247  	0.02923  	-0.0026  	-0.0064  	0.03822  	-0.0045  	-0.0069  	-0.0242  	0.03589  	-0.0073  	0.02253  	-0.2797  	
-0.0480  	-0.0145  	0.00882  	0.53245  	0.10347  	0.39328  	0.13899  	-0.6836  	0.15139  	0.05737  	0.20636  	0.33624  	-0.0378  	-0.6117  	-1.0115  	0.90374  	-0.1292  	0.31991  	-0.2875  	0.51801  	-0.1294  	-0.2382  	-0.6526  	0.26002  	-0.1820  	-0.1393  	-0.4152  	-0.0042  	-0.0574  	-0.1255  	-0.2145  	0.24665  	0.25809  	-0.0406  	0.21157  	0.30575  	0.07899  	-0.0242  	-0.1848  	0.25931  	-0.0062  	0.03587  	0.01799  	-0.0216  	-0.0699  	-0.0520  	0.03793  	-0.0048  	0.04697  	-0.0133  	0.02767  	0.00839  	0.00215  	0.02088  	0.00862  	-0.0331  	0.04098  	0.00872  	-0.0302  	0.03144  	-0.0057  	-0.0070  	0.03351  	-0.0034  	-0.0069  	-0.0242  	0.03589  	-0.0073  	0.02253  	-0.2797  	
0.13819  	0.01576  	0.13838  	0.67518  	0.11355  	0.44939  	0.11860  	-0.6118  	0.16690  	0.08137  	0.16685  	0.33472  	0.00780  	-0.5145  	-0.8904  	0.95171  	-0.1144  	0.24253  	-0.2559  	0.45472  	-0.0074  	-0.2098  	-0.6471  	0.32511  	-0.1614  	-0.1739  	-0.3360  	-0.1355  	-0.1750  	-0.1197  	-0.2436  	0.28266  	0.24628  	-0.0618  	0.26991  	0.26188  	0.17156  	-0.0250  	-0.1807  	0.27156  	-0.0422  	0.05755  	0.00186  	-0.0212  	-0.0852  	-0.0416  	0.02503  	0.01991  	0.05990  	-0.0086  	0.02472  	0.01273  	0.00017  	0.02534  	0.00446  	-0.0282  	0.02852  	0.00053  	-0.0271  	0.03574  	0.00136  	-0.0097  	0.03278  	-0.0077  	-0.0069  	-0.0242  	0.03589  	-0.0073  	0.02253  	-0.2797  	
0.23365  	0.05440  	0.17636  	0.67885  	0.14288  	0.44286  	0.19566  	-0.5576  	0.17315  	0.08099  	0.13908  	0.30458  	-0.0208  	-0.4656  	-0.8238  	0.93122  	-0.1271  	0.25390  	-0.2765  	0.47226  	-0.0184  	-0.1765  	-0.6708  	0.34052  	-0.0901  	-0.1788  	-0.3277  	-0.1673  	-0.1165  	-0.1341  	-0.2395  	0.27318  	0.22071  	-0.0681  	0.26371  	0.26935  	0.15983  	-0.0213  	-0.1659  	0.25989  	-0.0344  	0.05710  	0.01024  	-0.0214  	-0.0825  	-0.0416  	0.01643  	0.02381  	0.07242  	-0.0086  	0.03279  	0.01249  	0.00474  	0.02230  	0.01098  	-0.0196  	0.04104  	0.00228  	-0.0307  	0.03418  	-0.0007  	-0.0034  	0.03498  	-0.0057  	-0.0069  	-0.0242  	0.03589  	-0.0073  	0.02253  	-0.2797  	
0.21471  	0.03129  	0.13604  	0.75051  	0.17519  	0.47814  	0.17995  	-0.5404  	0.20987  	0.02833  	0.11106  	0.33693  	0.02135  	-0.4639  	-0.7928  	0.96501  	-0.1304  	0.24782  	-0.2771  	0.48202  	-0.0248  	-0.1671  	-0.6878  	0.30320  	-0.0794  	-0.1767  	-0.3542  	-0.1493  	-0.0782  	-0.0885  	-0.2500  	0.26948  	0.23720  	-0.0606  	0.25671  	0.25257  	0.13263  	-0.0018  	-0.1709  	0.25859  	-0.0328  	0.05107  	0.02079  	-0.0234  	-0.0772  	-0.0503  	0.01713  	0.02892  	0.07072  	-0.0172  	0.02883  	0.00849  	0.00855  	0.02616  	0.00878  	-0.0219  	0.03829  	0.00328  	-0.0355  	0.03041  	-0.0040  	-0.0052  	0.03326  	-0.0053  	-0.0069  	-0.0242  	0.03589  	-0.0073  	0.02253  	-0.2797  	
0.12434  	0.06742  	0.04279  	0.84052  	0.20252  	0.49116  	0.17175  	-0.5636  	0.21777  	0.04721  	0.01284  	0.33401  	0.02484  	-0.3842  	-0.6942  	0.82311  	-0.0778  	0.21948  	-0.2798  	0.44124  	-0.0152  	-0.1628  	-0.6716  	0.27985  	-0.0290  	-0.1651  	-0.3053  	-0.0901  	-0.0214  	-0.0712  	-0.2683  	0.25327  	0.24744  	-0.0407  	0.27083  	0.24623  	0.10504  	-0.0473  	-0.1123  	0.27456  	-0.0741  	0.05781  	-0.0116  	-0.0354  	-0.0789  	-0.0378  	0.02509  	0.03831  	0.05947  	-0.0207  	0.03734  	0.01583  	0.00214  	0.02288  	0.00353  	-0.0123  	0.02868  	0.00364  	-0.0208  	0.03144  	0.00543  	-0.0124  	0.02794  	-0.0120  	-0.0069  	-0.0242  	0.03589  	-0.0073  	0.02253  	-0.2797  	
0.04306  	0.05734  	-0.1082  	1.08036  	0.37177  	0.45736  	0.14294  	-0.6000  	0.18910  	-0.0331  	-0.1181  	0.38599  	0.09064  	-0.2195  	-0.5809  	0.75606  	-0.1150  	0.25329  	-0.3095  	0.44350  	-0.1515  	-0.1664  	-0.6906  	0.26113  	0.01542  	-0.1656  	-0.3645  	0.06812  	0.12876  	-0.0065  	-0.2801  	0.21826  	0.23773  	-0.0461  	0.24953  	0.26752  	-0.0205  	-0.0777  	-0.1092  	0.28804  	-0.0941  	0.06117  	-0.0318  	-0.0337  	-0.0724  	-0.0423  	0.02351  	0.00657  	0.05392  	-0.0217  	0.02029  	0.00728  	0.00265  	0.01435  	0.00191  	-0.0277  	0.03488  	0.00199  	-0.0256  	0.03009  	0.00149  	-0.0097  	0.02372  	-0.0001  	-0.0069  	-0.0242  	0.03589  	-0.0073  	0.02253  	-0.2797  	
0.05163  	0.04745  	-0.1026  	1.08081  	0.35167  	0.47052  	0.12026  	-0.5852  	0.17557  	-0.0850  	-0.1996  	0.38237  	0.11667  	-0.2530  	-0.5118  	0.75199  	-0.1171  	0.26890  	-0.3185  	0.47152  	-0.1365  	-0.1651  	-0.6612  	0.25294  	-0.0244  	-0.1676  	-0.3882  	0.05489  	0.15192  	0.00116  	-0.2773  	0.21967  	0.23566  	-0.0401  	0.22280  	0.24402  	-0.0400  	-0.0684  	-0.1015  	0.28902  	-0.0803  	0.04968  	-0.0049  	-0.0155  	-0.0775  	-0.0426  	0.02760  	0.00443  	0.06065  	-0.0224  	0.01559  	0.00562  	0.00495  	0.01348  	0.00100  	-0.0260  	0.03306  	0.00258  	-0.0250  	0.03098  	0.00069  	-0.0079  	0.02158  	-0.0040  	-0.0069  	-0.0242  	0.03589  	-0.0073  	0.02253  	-0.2797  	
-0.0108  	0.04849  	-0.0167  	0.87522  	0.22045  	0.48987  	0.10857  	-0.5614  	0.19425  	-0.0270  	-0.1890  	0.34100  	0.06537  	-0.4271  	-0.6290  	0.81317  	-0.1037  	0.27535  	-0.3043  	0.49805  	-0.0893  	-0.1508  	-0.6021  	0.24718  	-0.0796  	-0.1487  	-0.3794  	0.00013  	0.09028  	-0.0627  	-0.2689  	0.21927  	0.25042  	-0.0388  	0.16727  	0.23924  	-0.0061  	-0.0613  	-0.1029  	0.27144  	-0.0549  	0.04728  	0.01096  	-0.0115  	-0.0882  	-0.0520  	0.03643  	0.01358  	0.05605  	-0.0284  	0.01430  	0.00883  	-0.0004  	0.01986  	0.00277  	-0.0229  	0.03790  	0.00338  	-0.0251  	0.03012  	0.00964  	-0.0023  	0.03385  	-0.0067  	-0.0069  	-0.0242  	0.03589  	-0.0073  	0.02253  	-0.2797  	
0.03000  	0.00552  	0.05184  	0.66526  	0.14676  	0.44969  	0.14110  	-0.5821  	0.17394  	0.02974  	-0.0092  	0.28765  	0.01064  	-0.5195  	-0.8784  	0.91436  	-0.1020  	0.32444  	-0.2684  	0.48379  	-0.1394  	-0.1667  	-0.6319  	0.23976  	-0.0968  	-0.1558  	-0.4057  	-0.0538  	0.01651  	-0.0814  	-0.2423  	0.22678  	0.22748  	-0.0473  	0.17803  	0.27334  	0.05672  	-0.0573  	-0.1378  	0.27663  	-0.0366  	0.02841  	0.03951  	-0.0066  	-0.0768  	-0.0390  	0.03085  	0.00346  	0.06148  	-0.0244  	0.02764  	0.00729  	-0.0030  	0.01151  	0.01161  	-0.0318  	0.03854  	0.00592  	-0.0385  	0.02465  	-0.0100  	-0.0034  	0.03590  	-0.0081  	-0.0069  	-0.0242  	0.03589  	-0.0073  	0.02253  	-0.2797  	
0.04707  	-0.0288  	0.11368  	0.44482  	0.06107  	0.34596  	0.19711  	-0.6985  	0.16854  	0.07983  	0.13979  	0.29826  	-0.0341  	-0.6408  	-1.0869  	0.94642  	-0.1577  	0.36841  	-0.3029  	0.53197  	-0.1961  	-0.2215  	-0.6799  	0.22645  	-0.1171  	-0.1548  	-0.3878  	0.00024  	0.00209  	-0.0906  	-0.2043  	0.26742  	0.22860  	-0.0371  	0.15501  	0.35903  	0.07459  	-0.0196  	-0.1548  	0.26954  	0.02651  	0.03249  	0.03053  	-0.0229  	-0.0714  	-0.0527  	0.02840  	0.01480  	0.06441  	-0.0267  	0.02018  	0.01112  	-0.0013  	0.02250  	0.01493  	-0.0335  	0.03818  	0.00356  	-0.0254  	0.03140  	-0.0011  	-0.0220  	0.03412  	-0.0066  	-0.0069  	-0.0242  	0.03589  	-0.0073  	0.02253  	-0.2797  	
-0.3063  	-0.1027  	-0.1090  	0.45389  	0.03660  	0.20130  	0.14310  	-0.7422  	0.12155  	0.08560  	0.22322  	0.25263  	-0.0132  	-0.6579  	-1.0965  	0.80251  	-0.1131  	0.34661  	-0.2998  	0.50783  	-0.1996  	-0.2529  	-0.6368  	0.26562  	-0.0891  	-0.1372  	-0.4368  	0.01945  	-0.0010  	-0.1139  	-0.1976  	0.24505  	0.22414  	-0.0492  	0.15804  	0.34485  	0.02402  	-0.0244  	-0.1577  	0.27481  	0.01447  	0.03617  	0.00995  	-0.0259  	-0.0705  	-0.0520  	0.03154  	-0.0115  	0.04136  	-0.0182  	0.02031  	0.01468  	-0.0017  	0.02098  	0.00912  	-0.0339  	0.03844  	0.00711  	-0.0246  	0.03338  	0.00473  	-0.0098  	0.03838  	-0.0035  	-0.0069  	-0.0242  	0.03589  	-0.0073  	0.02253  	-0.2797  	
-0.4125  	-0.1423  	-0.1922  	0.46153  	0.07335  	0.10906  	0.10315  	-0.6920  	0.14824  	0.03330  	0.29209  	0.28756  	-0.0272  	-0.6213  	-1.0048  	0.73036  	-0.1136  	0.30512  	-0.2993  	0.54045  	-0.0943  	-0.2820  	-0.6075  	0.27141  	-0.1765  	-0.1201  	-0.4565  	-0.0251  	-0.0502  	-0.1535  	-0.1945  	0.19977  	0.26345  	-0.0454  	0.19938  	0.28338  	0.07195  	-0.0314  	-0.1664  	0.23019  	-0.0208  	0.03700  	-0.0087  	-0.0458  	-0.0703  	-0.0467  	0.04383  	-0.0155  	0.03883  	-0.0216  	0.00592  	0.01533  	-0.0038  	0.02595  	0.00490  	-0.0357  	0.03938  	0.00596  	-0.0268  	0.03046  	0.00161  	-0.0090  	0.03610  	-0.0031  	-0.0069  	-0.0242  	0.03589  	-0.0073  	0.02253  	-0.2797  	
-0.3898  	-0.1137  	-0.1761  	0.50889  	0.10852  	0.12284  	0.11828  	-0.6917  	0.15862  	0.02979  	0.28814  	0.40133  	-0.0135  	-0.5768  	-0.9546  	0.71214  	-0.1079  	0.33152  	-0.3108  	0.54590  	-0.0928  	-0.2681  	-0.6372  	0.25775  	-0.2384  	-0.1151  	-0.5038  	0.01846  	-0.0647  	-0.1557  	-0.1860  	0.20296  	0.28898  	-0.0429  	0.17921  	0.25935  	0.04136  	-0.0432  	-0.1561  	0.23284  	-0.0129  	0.04667  	-0.0138  	-0.0535  	-0.0769  	-0.0436  	0.04648  	-0.0053  	0.04429  	-0.0161  	0.01239  	0.01527  	-0.0008  	0.02408  	0.00161  	-0.0323  	0.03194  	0.00209  	-0.0304  	0.03149  	0.00490  	-0.0051  	0.02944  	-0.0057  	-0.0069  	-0.0242  	0.03589  	-0.0073  	0.02253  	-0.2797  	
-0.2469  	-0.0311  	-0.1055  	0.57163  	0.08969  	0.22513  	0.07257  	-0.6272  	0.17785  	-0.0415  	0.26773  	0.46039  	0.00313  	-0.5144  	-0.8528  	0.79213  	-0.1030  	0.30060  	-0.2654  	0.54356  	-0.0284  	-0.2682  	-0.6099  	0.27821  	-0.2814  	-0.1389  	-0.4652  	-0.0195  	-0.0926  	-0.1520  	-0.1933  	0.22425  	0.27881  	-0.0461  	0.20006  	0.20924  	0.07069  	-0.0262  	-0.1598  	0.25229  	-0.0294  	0.04207  	-0.0044  	-0.0347  	-0.0664  	-0.0355  	0.02980  	-0.0010  	0.04463  	-0.0147  	0.00958  	0.01242  	-0.0063  	0.02445  	0.00424  	-0.0299  	0.03531  	0.00298  	-0.0251  	0.02707  	0.00090  	-0.0022  	0.02689  	-0.0047  	-0.0069  	-0.0242  	0.03589  	-0.0073  	0.02253  	-0.2797  	
0.05638  	0.08405  	0.14807  	0.55358  	-0.0040  	0.42573  	0.10669  	-0.5440  	0.22274  	0.00374  	0.12848  	0.40049  	0.05973  	-0.3966  	-0.7704  	0.83390  	-0.0637  	0.26171  	-0.2663  	0.42668  	0.05748  	-0.2205  	-0.5089  	0.28269  	-0.2423  	-0.1548  	-0.4013  	-0.1811  	-0.1917  	-0.1633  	-0.1866  	0.23879  	0.28590  	-0.0655  	0.21238  	0.15145  	0.18968  	0.01254  	-0.1836  	0.24679  	-0.0139  	0.01996  	0.01223  	-0.0137  	-0.0841  	-0.0460  	0.02950  	0.00405  	0.04749  	-0.0108  	0.00213  	0.01205  	-0.0045  	0.02746  	0.00269  	-0.0235  	0.02212  	-0.0051  	-0.0328  	0.02995  	0.01132  	0.01069  	0.03022  	-0.0041  	-0.0069  	-0.0242  	0.03589  	-0.0073  	0.02253  	-0.2797  	
0.21615  	0.07607  	0.24887  	0.57809  	-0.0354  	0.47679  	0.13870  	-0.5134  	0.24360  	0.01325  	0.22956  	0.38137  	0.01028  	-0.4343  	-0.8326  	0.92868  	-0.0880  	0.22982  	-0.2622  	0.40736  	0.12939  	-0.1885  	-0.4812  	0.29524  	-0.2043  	-0.1457  	-0.3583  	-0.2922  	-0.2432  	-0.1397  	-0.2051  	0.27241  	0.28292  	-0.0500  	0.23706  	0.14595  	0.25469  	0.04318  	-0.2000  	0.17649  	-0.0334  	0.03051  	0.04914  	-0.0133  	-0.0668  	-0.0394  	0.02934  	0.01892  	0.06109  	-0.0127  	0.00267  	0.01503  	0.00085  	0.02621  	0.00584  	-0.0229  	0.01871  	0.00369  	-0.0326  	0.02813  	0.00238  	-0.0003  	0.03230  	-0.0116  	-0.0069  	-0.0242  	0.03589  	-0.0073  	0.02253  	-0.2797  	
0.13170  	0.03509  	0.22261  	0.53777  	0.00596  	0.46724  	0.12892  	-0.5406  	0.21882  	0.00779  	0.27159  	0.33475  	-0.0245  	-0.5205  	-0.9626  	0.97829  	-0.1018  	0.25248  	-0.2627  	0.45387  	0.14108  	-0.2260  	-0.5449  	0.31419  	-0.1664  	-0.1637  	-0.3445  	-0.2138  	-0.2590  	-0.1476  	-0.2035  	0.25551  	0.27014  	-0.0584  	0.26655  	0.19137  	0.24804  	0.02617  	-0.2098  	0.19393  	-0.0321  	0.03355  	0.01835  	-0.0224  	-0.0808  	-0.0429  	0.03439  	0.00896  	0.05964  	-0.0174  	0.01891  	0.01477  	0.00258  	0.02770  	0.00122  	-0.0228  	0.02438  	0.00607  	-0.0258  	0.03327  	0.00083  	-0.0093  	0.03803  	-0.0116  	-0.0069  	-0.0242  	0.03589  	-0.0073  	0.02253  	-0.2797  	
0.00952  	-0.0140  	0.09282  	0.61507  	0.08021  	0.41958  	0.11201  	-0.6251  	0.15902  	0.04310  	0.18657  	0.32677  	-0.0242  	-0.5560  	-1.0047  	0.92942  	-0.0702  	0.25357  	-0.2560  	0.45693  	-0.0046  	-0.2143  	-0.6186  	0.32255  	-0.0796  	-0.1706  	-0.3001  	-0.1633  	-0.1549  	-0.0973  	-0.2358  	0.25928  	0.23805  	-0.0551  	0.22550  	0.25113  	0.18790  	0.00599  	-0.1854  	0.24063  	-0.0483  	0.03197  	0.01950  	-0.0067  	-0.0774  	-0.0456  	0.02600  	0.01736  	0.05310  	-0.0194  	0.01994  	0.01568  	-0.0006  	0.02899  	0.00429  	-0.0249  	0.03045  	-0.0007  	-0.0296  	0.03983  	0.00037  	-0.0150  	0.03247  	-0.0111  	-0.0069  	-0.0242  	0.03589  	-0.0073  	0.02253  	-0.2797  	
0.04859  	0.02098  	0.03229  	0.75778  	0.16062  	0.47369  	0.12468  	-0.6158  	0.16800  	-0.0198  	0.03642  	0.37579  	0.02703  	-0.4587  	-0.7768  	0.82816  	-0.0861  	0.24235  	-0.2689  	0.41472  	-0.0296  	-0.1902  	-0.5758  	0.28111  	-0.1107  	-0.1578  	-0.3216  	-0.1201  	-0.0841  	-0.0897  	-0.2421  	0.24505  	0.24852  	-0.0506  	0.20662  	0.21815  	0.11653  	-0.0079  	-0.1646  	0.24585  	-0.0330  	0.04268  	0.02014  	-0.0180  	-0.0764  	-0.0469  	0.02796  	0.01519  	0.05796  	-0.0203  	0.01878  	0.01390  	-0.0029  	0.02547  	0.00537  	-0.0247  	0.03504  	0.00298  	-0.0277  	0.03308  	-0.0015  	-0.0106  	0.03606  	-0.0075  	-0.0069  	-0.0242  	0.03589  	-0.0073  	0.02253  	-0.2797  	
0.10321  	0.04833  	0.07378  	0.78591  	0.16544  	0.55414  	0.11666  	-0.5656  	0.19350  	-0.0170  	0.02400  	0.36753  	0.06019  	-0.3541  	-0.6818  	0.87590  	-0.1034  	0.26356  	-0.2794  	0.41524  	-0.0087  	-0.1625  	-0.5746  	0.28009  	-0.1044  	-0.1597  	-0.3616  	-0.1601  	-0.0754  	-0.0772  	-0.2338  	0.24181  	0.25599  	-0.0531  	0.22555  	0.19516  	0.10386  	-0.0059  	-0.1515  	0.23279  	-0.0319  	0.03320  	0.02894  	-0.0289  	-0.0694  	-0.0451  	0.02421  	0.01731  	0.05862  	-0.0183  	0.01740  	0.01393  	0.00014  	0.02045  	0.00473  	-0.0209  	0.02630  	0.00532  	-0.0302  	0.02938  	-0.0003  	-0.0078  	0.02732  	-0.0070  	-0.0069  	-0.0242  	0.03589  	-0.0073  	0.02253  	-0.2797  	
0.06001  	0.00755  	0.04518  	0.77633  	0.17700  	0.45431  	0.12106  	-0.5925  	0.18962  	-0.0074  	0.04806  	0.37776  	0.04363  	-0.4370  	-0.7675  	0.84565  	-0.0936  	0.28322  	-0.2785  	0.39796  	-0.0174  	-0.1791  	-0.5493  	0.28051  	-0.1643  	-0.1569  	-0.3551  	-0.1195  	-0.0943  	-0.1095  	-0.2315  	0.24259  	0.26937  	-0.0542  	0.21646  	0.17970  	0.13702  	-0.0035  	-0.1685  	0.24145  	-0.0215  	0.03126  	0.02286  	-0.0094  	-0.0823  	-0.0466  	0.03908  	0.00790  	0.05262  	-0.0147  	0.00829  	0.01187  	-0.0021  	0.02645  	0.01214  	-0.0330  	0.02761  	-0.0004  	-0.0271  	0.03574  	-0.0008  	-0.0071  	0.03153  	-0.0046  	-0.0069  	-0.0242  	0.03589  	-0.0073  	0.02253  	-0.2797  	
-0.1101  	-0.0266  	-0.0252  	0.57489  	0.07921  	0.37622  	0.11818  	-0.6494  	0.15374  	-0.0247  	0.13857  	0.33584  	-0.0045  	-0.5736  	-0.8543  	0.79600  	-0.0727  	0.30746  	-0.2626  	0.43892  	0.00540  	-0.2148  	-0.5061  	0.30922  	-0.2042  	-0.1308  	-0.4084  	-0.1150  	-0.1336  	-0.1506  	-0.2044  	0.24365  	0.25880  	-0.0604  	0.18151  	0.19854  	0.13830  	-0.0062  	-0.1968  	0.24010  	-0.0069  	0.03272  	0.01451  	-0.0096  	-0.0749  	-0.0490  	0.03994  	-0.0091  	0.04559  	-0.0061  	0.01212  	0.01380  	-0.0042  	0.02241  	0.00744  	-0.0330  	0.03235  	0.00201  	-0.0312  	0.02630  	0.00018  	-0.0014  	0.03175  	-0.0076  	-0.0069  	-0.0242  	0.03589  	-0.0073  	0.02253  	-0.2797  	
-0.1001  	-0.0090  	-0.0108  	0.45795  	0.01579  	0.36562  	0.10625  	-0.6873  	0.13821  	0.01978  	0.20166  	0.31097  	-0.0614  	-0.6646  	-1.0384  	0.85909  	-0.1233  	0.31992  	-0.2761  	0.47125  	-0.0607  	-0.2434  	-0.5781  	0.25014  	-0.2033  	-0.1364  	-0.4205  	-0.0751  	-0.0979  	-0.1379  	-0.2143  	0.23481  	0.24631  	-0.0503  	0.17730  	0.26553  	0.13050  	-0.0043  	-0.1807  	0.24399  	0.02160  	0.03857  	0.01419  	-0.0265  	-0.0772  	-0.0409  	0.03127  	-0.0050  	0.03946  	-0.0139  	0.01731  	0.01575  	0.00072  	0.02408  	0.00192  	-0.0300  	0.03282  	0.00412  	-0.0277  	0.02509  	-0.0053  	-0.0056  	0.03674  	-0.0040  	-0.0069  	-0.0242  	0.03589  	-0.0073  	0.02253  	-0.2797  	
-0.1089  	-0.0463  	0.02139  	0.40256  	-0.0137  	0.33535  	0.13599  	-0.6910  	0.15716  	0.09408  	0.19496  	0.29796  	-0.0328  	-0.6848  	-1.1514  	0.91335  	-0.1290  	0.36078  	-0.2771  	0.50014  	-0.1728  	-0.2336  	-0.6347  	0.20612  	-0.1480  	-0.1337  	-0.4653  	0.00805  	-0.0315  	-0.1245  	-0.1939  	0.22640  	0.24540  	-0.0475  	0.13931  	0.32273  	0.06954  	-0.0283  	-0.1513  	0.24145  	0.03337  	0.03365  	0.02734  	-0.0203  	-0.0725  	-0.0442  	0.03937  	0.00782  	0.04715  	-0.0147  	0.02817  	0.01485  	0.00116  	0.01929  	0.00895  	-0.0364  	0.03779  	0.00925  	-0.0319  	0.02860  	-0.0042  	-0.0097  	0.03437  	-0.0008  	-0.0069  	-0.0242  	0.03589  	-0.0073  	0.02253  	-0.2797  	
-0.2743  	-0.0786  	-0.0726  	0.34544  	-0.0553  	0.24384  	0.12595  	-0.7122  	0.14443  	0.09953  	0.24745  	0.24624  	-0.0385  	-0.6939  	-1.1354  	0.82443  	-0.1135  	0.32142  	-0.2926  	0.50799  	-0.1478  	-0.2532  	-0.6094  	0.23775  	-0.1097  	-0.1422  	-0.4172  	-0.0188  	-0.0295  	-0.1260  	-0.1961  	0.23905  	0.23434  	-0.0598  	0.14294  	0.33526  	0.07443  	-0.0247  	-0.1698  	0.25254  	0.03291  	0.04076  	0.02289  	-0.0140  	-0.0642  	-0.0442  	0.04267  	-0.0045  	0.04218  	-0.0161  	0.01722  	0.01714  	-0.0021  	0.02186  	0.00559  	-0.0343  	0.03013  	0.01058  	-0.0316  	0.02822  	0.00220  	-0.0112  	0.03734  	-0.0021  	-0.0069  	-0.0242  	0.03589  	-0.0073  	0.02253  	-0.2797  	
-0.4004  	-0.1311  	-0.1703  	0.26059  	-0.0936  	0.18702  	0.11954  	-0.7280  	0.12826  	0.07143  	0.25681  	0.23136  	-0.0981  	-0.7168  	-1.0662  	0.71438  	-0.0830  	0.30605  	-0.2824  	0.45342  	-0.1112  	-0.2598  	-0.5433  	0.23946  	-0.1366  	-0.1249  	-0.3952  	-0.0747  	-0.0448  	-0.1406  	-0.1866  	0.22760  	0.21896  	-0.0557  	0.14223  	0.30459  	0.10899  	-0.0019  	-0.1835  	0.22861  	0.03622  	0.03053  	0.00720  	-0.0120  	-0.0636  	-0.0479  	0.03788  	-0.0192  	0.02928  	-0.0116  	0.00491  	0.01840  	-0.0044  	0.02470  	0.00469  	-0.0408  	0.03575  	0.00982  	-0.0299  	0.03028  	0.00192  	-0.0078  	0.03825  	-0.0021  	-0.0069  	-0.0242  	0.03589  	-0.0073  	0.02253  	-0.2797  	
-0.2653  	-0.0631  	-0.0618  	0.39011  	-0.0018  	0.27462  	0.07724  	-0.6873  	0.14523  	0.02755  	0.18575  	0.30773  	-0.0388  	-0.7084  	-1.0160  	0.80588  	-0.0548  	0.30984  	-0.2851  	0.45329  	-0.1029  	-0.2432  	-0.5108  	0.20941  	-0.1961  	-0.1155  	-0.4486  	-0.0273  	-0.0431  	-0.1404  	-0.1955  	0.22221  	0.23221  	-0.0577  	0.10350  	0.26827  	0.08599  	-0.0146  	-0.1563  	0.23377  	0.03838  	0.02591  	0.01566  	-0.0280  	-0.0780  	-0.0457  	0.04470  	-0.0025  	0.03581  	-0.0103  	0.01193  	0.01634  	-0.0005  	0.02180  	0.00324  	-0.0377  	0.03095  	0.00523  	-0.0248  	0.02837  	0.00335  	-0.0058  	0.03197  	-0.0057  	-0.0069  	-0.0242  	0.03589  	-0.0073  	0.02253  	-0.2797  	
-0.2358  	-0.0352  	-0.0710  	0.46506  	0.02519  	0.27821  	0.09142  	-0.6623  	0.16186  	0.04262  	0.19242  	0.35538  	-0.0219  	-0.6302  	-0.9664  	0.79522  	-0.0710  	0.30715  	-0.2920  	0.45493  	-0.0927  	-0.2272  	-0.5211  	0.21661  	-0.2354  	-0.1111  	-0.4833  	-0.0233  	-0.0440  	-0.1481  	-0.1813  	0.21148  	0.26327  	-0.0555  	0.11809  	0.24124  	0.06802  	-0.0213  	-0.1547  	0.22573  	0.04344  	0.02583  	0.03752  	-0.0258  	-0.0792  	-0.0446  	0.04321  	-0.0043  	0.03487  	-0.0092  	0.00969  	0.01268  	-0.0040  	0.02130  	0.00095  	-0.0354  	0.03179  	0.00512  	-0.0280  	0.02704  	0.00277  	0.00208  	0.03254  	-0.0047  	-0.0069  	-0.0242  	0.03589  	-0.0073  	0.02253  	-0.2797  	
-0.1654  	-0.0250  	-0.0505  	0.53531  	0.04716  	0.32720  	0.06004  	-0.6398  	0.18207  	-0.0211  	0.16186  	0.36226  	-0.0276  	-0.6081  	-0.8830  	0.77358  	-0.0616  	0.29720  	-0.2797  	0.44545  	-0.0369  	-0.2360  	-0.5359  	0.21699  	-0.2350  	-0.1173  	-0.4614  	-0.0416  	-0.0823  	-0.1399  	-0.1932  	0.22172  	0.27890  	-0.0514  	0.16354  	0.21017  	0.10119  	-0.0062  	-0.1723  	0.21583  	0.03564  	0.02082  	0.02512  	-0.0245  	-0.0757  	-0.0462  	0.03906  	-0.0130  	0.03801  	-0.0122  	0.01262  	0.01391  	-0.0038  	0.02025  	0.00454  	-0.0301  	0.03216  	0.00402  	-0.0315  	0.02884  	0.00385  	-0.0001  	0.03236  	-0.0010  	-0.0069  	-0.0242  	0.03589  	-0.0073  	0.02253  	-0.2797  	
-0.0779  	0.03059  	0.05672  	0.58484  	0.03118  	0.40238  	0.09484  	-0.6079  	0.17799  	-0.0177  	0.17662  	0.35406  	-0.0106  	-0.5074  	-0.8254  	0.82705  	-0.0828  	0.27295  	-0.2835  	0.43782  	0.02318  	-0.2362  	-0.5591  	0.26424  	-0.2140  	-0.1293  	-0.4175  	-0.1162  	-0.1438  	-0.1470  	-0.1935  	0.23437  	0.26748  	-0.0442  	0.20999  	0.20566  	0.15702  	0.00654  	-0.1725  	0.22157  	0.00742  	0.03090  	0.01716  	-0.0261  	-0.0815  	-0.0424  	0.03770  	-0.0037  	0.03838  	-0.0142  	0.01076  	0.01815  	7.56382  	0.02690  	0.00588  	-0.0311  	0.02691  	0.00178  	-0.0273  	0.02792  	0.00338  	0.00061  	0.03033  	-0.0028  	-0.0069  	-0.0242  	0.03589  	-0.0073  	0.02253  	-0.2797  	
-0.0100  	0.05662  	0.11988  	0.54307  	0.02688  	0.41106  	0.10368  	-0.5980  	0.20984  	0.01680  	0.17420  	0.33969  	0.00825  	-0.5301  	-0.9192  	0.88780  	-0.0953  	0.29341  	-0.2741  	0.44803  	0.02637  	-0.2348  	-0.5797  	0.23304  	-0.2142  	-0.1398  	-0.4372  	-0.1187  	-0.1301  	-0.1506  	-0.2032  	0.23045  	0.27574  	-0.0440  	0.20697  	0.22989  	0.14813  	0.01287  	-0.1683  	0.22890  	0.02281  	0.03354  	0.03253  	-0.0204  	-0.0827  	-0.0485  	0.04077  	0.00485  	0.04277  	-0.0121  	0.01148  	0.01589  	0.00293  	0.02811  	0.00727  	-0.0281  	0.02822  	0.00388  	-0.0300  	0.03198  	0.00484  	-0.0038  	0.03327  	-0.0032  	-0.0069  	-0.0242  	0.03589  	-0.0073  	0.02253  	-0.2797  	
0.05595  	0.05493  	0.13135  	0.55959  	0.02827  	0.44603  	0.10019  	-0.5632  	0.20698  	0.00444  	0.19439  	0.32621  	0.00275  	-0.5100  	-0.8911  	0.90084  	-0.0954  	0.27329  	-0.2639  	0.44615  	0.05635  	-0.2397  	-0.5581  	0.28348  	-0.2099  	-0.1418  	-0.3940  	-0.1745  	-0.1882  	-0.1529  	-0.1947  	0.25071  	0.26943  	-0.0432  	0.24752  	0.20534  	0.20108  	0.02169  	-0.1950  	0.21357  	-0.0032  	0.03139  	0.03203  	-0.0232  	-0.0782  	-0.0469  	0.03838  	0.00024  	0.04536  	-0.0092  	0.01016  	0.01574  	-0.0004  	0.02876  	0.00924  	-0.0279  	0.03025  	0.00227  	-0.0319  	0.03218  	0.00236  	-0.0031  	0.03586  	-0.0019  	-0.0069  	-0.0242  	0.03589  	-0.0073  	0.02253  	-0.2797  	
0.09680  	0.07290  	0.14409  	0.57095  	0.00058  	0.46929  	0.09228  	-0.5189  	0.22171  	-0.0470  	0.21302  	0.31268  	-0.0041  	-0.4614  	-0.7993  	0.90912  	-0.0700  	0.21701  	-0.2684  	0.37381  	0.14877  	-0.2276  	-0.5094  	0.33953  	-0.2183  	-0.1581  	-0.3167  	-0.3033  	-0.2738  	-0.1541  	-0.1935  	0.27165  	0.27154  	-0.0619  	0.28479  	0.15369  	0.27410  	0.05265  	-0.2377  	0.18822  	-0.0194  	0.03097  	0.01874  	-0.0223  	-0.0820  	-0.0445  	0.03172  	-0.0018  	0.04668  	-0.0017  	0.00414  	0.01335  	0.00015  	0.03020  	0.00743  	-0.0224  	0.02865  	0.00339  	-0.0318  	0.03204  	0.00579  	0.00239  	0.03379  	-0.0054  	-0.0069  	-0.0242  	0.03589  	-0.0073  	0.02253  	-0.2797  	
0.11828  	0.09544  	0.15702  	0.57109  	-0.0220  	0.47934  	0.11211  	-0.4972  	0.24202  	-0.0563  	0.24212  	0.33201  	0.00590  	-0.4051  	-0.7867  	0.88858  	-0.0737  	0.20196  	-0.2659  	0.35193  	0.17455  	-0.2020  	-0.4743  	0.33665  	-0.2300  	-0.1517  	-0.3150  	-0.3241  	-0.2858  	-0.1568  	-0.2019  	0.26675  	0.27931  	-0.0637  	0.28568  	0.13779  	0.27388  	0.05139  	-0.2396  	0.17377  	-0.0247  	0.03070  	0.02051  	-0.0266  	-0.0798  	-0.0426  	0.03643  	0.00406  	0.04933  	-0.0042  	0.00017  	0.01540  	0.00043  	0.03121  	0.00361  	-0.0227  	0.02283  	0.00414  	-0.0335  	0.02960  	0.00756  	0.00377  	0.02866  	-0.0076  	-0.0069  	-0.0242  	0.03589  	-0.0073  	0.02253  	-0.2797  	
0.12163  	0.10067  	0.16875  	0.57169  	-0.0300  	0.48768  	0.11110  	-0.4879  	0.24802  	-0.0660  	0.26154  	0.34793  	0.00243  	-0.4028  	-0.7705  	0.89272  	-0.0712  	0.19571  	-0.2653  	0.34692  	0.19457  	-0.1974  	-0.4570  	0.33546  	-0.2474  	-0.1499  	-0.3054  	-0.3340  	-0.3046  	-0.1566  	-0.2017  	0.26847  	0.27899  	-0.0672  	0.29166  	0.12466  	0.29316  	0.05703  	-0.2494  	0.17193  	-0.0277  	0.02873  	0.01925  	-0.0265  	-0.0824  	-0.0423  	0.03598  	0.00705  	0.04803  	-0.0051  	-0.0002  	0.01654  	-0.0004  	0.02945  	0.00287  	-0.0210  	0.02209  	0.00364  	-0.0360  	0.03213  	0.00715  	0.00304  	0.02841  	-0.0067  	-0.0069  	-0.0242  	0.03589  	-0.0073  	0.02253  	-0.2797  	
0.13932  	0.09724  	0.17709  	0.56552  	-0.0303  	0.49116  	0.11117  	-0.4824  	0.25303  	-0.0565  	0.29278  	0.36116  	0.00425  	-0.3990  	-0.7991  	0.91521  	-0.0657  	0.19290  	-0.2722  	0.33400  	0.19078  	-0.2090  	-0.4516  	0.35313  	-0.2618  	-0.1502  	-0.2931  	-0.3452  	-0.3278  	-0.1541  	-0.1994  	0.27423  	0.28261  	-0.0645  	0.29929  	0.12135  	0.30283  	0.06377  	-0.2490  	0.16484  	-0.0345  	0.03053  	0.01804  	-0.0294  	-0.0833  	-0.0424  	0.03456  	0.00585  	0.04840  	-0.0091  	0.00028  	0.01875  	0.00170  	0.03200  	0.00279  	-0.0219  	0.01912  	0.00490  	-0.0349  	0.03383  	0.00814  	0.00330  	0.03167  	-0.0051  	-0.0069  	-0.0242  	0.03589  	-0.0073  	0.02253  	-0.2797  	
0.13932  	0.09724  	0.17709  	0.56552  	-0.0303  	0.49116  	0.11117  	-0.4824  	0.25303  	-0.0565  	0.29278  	0.36116  	0.00425  	-0.3990  	-0.7991  	0.91521  	-0.0657  	0.19290  	-0.2722  	0.33400  	0.19078  	-0.2090  	-0.4516  	0.35313  	-0.2618  	-0.1502  	-0.2931  	-0.3452  	-0.3278  	-0.1541  	-0.1994  	0.27423  	0.28261  	-0.0645  	0.29929  	0.12135  	0.30283  	0.06377  	-0.2490  	0.16484  	-0.0345  	0.03053  	0.01804  	-0.0294  	-0.0833  	-0.0424  	0.03456  	0.00585  	0.04840  	-0.0091  	0.00028  	0.01875  	0.00170  	0.03200  	0.00279  	-0.0219  	0.01912  	0.00490  	-0.0349  	0.03383  	0.00814  	0.00330  	0.03167  	-0.0051  	-0.0069  	-0.0242  	0.03589  	-0.0073  	0.02253  	-0.2797  	
