0.13932  	0.09724  	0.17709  	0.56552  	-0.0303  	0.49116  	0.11117  	-0.4824  	0.25303  	-0.0565  	0.29278  	0.36116  	0.00425  	-0.3990  	-0.7991  	0.91521  	-0.0657  	0.19290  	-0.2722  	0.33400  	0.19078  	-0.2090  	-0.4516  	0.35313  	-0.2618  	-0.1502  	-0.2931  	-0.3452  	-0.3278  	-0.1541  	-0.1994  	0.27423  	0.28261  	-0.0645  	0.29929  	0.12135  	0.30283  	0.06377  	-0.2490  	0.16484  	-0.0345  	0.03053  	0.01804  	-0.0294  	-0.0833  	-0.0424  	0.03456  	0.00585  	0.04840  	-0.0091  	0.00028  	0.01875  	0.00170  	0.03200  	0.00279  	-0.0219  	0.01912  	0.00490  	-0.0349  	0.03383  	0.00814  	0.00330  	0.03167  	-0.0051  	-0.0069  	-0.0242  	0.03589  	-0.0073  	0.02253  	-0.2797  	
0.13932  	0.09724  	0.17709  	0.56552  	-0.0303  	0.49116  	0.11117  	-0.4824  	0.25303  	-0.0565  	0.29278  	0.36116  	0.00425  	-0.3990  	-0.7991  	0.91521  	-0.0657  	0.19290  	-0.2722  	0.33400  	0.19078  	-0.2090  	-0.4516  	0.35313  	-0.2618  	-0.1502  	-0.2931  	-0.3452  	-0.3278  	-0.1541  	-0.1994  	0.27423  	0.28261  	-0.0645  	0.29929  	0.12135  	0.30283  	0.06377  	-0.2490  	0.16484  	-0.0345  	0.03053  	0.01804  	-0.0294  	-0.0833  	-0.0424  	0.03456  	0.00585  	0.04840  	-0.0091  	0.00028  	0.01875  	0.00170  	0.03200  	0.00279  	-0.0219  	0.01912  	0.00490  	-0.0349  	0.03383  	0.00814  	0.00330  	0.03167  	-0.0051  	-0.0069  	-0.0242  	0.03589  	-0.0073  	0.02253  	-0.2797  	
0.13932  	0.09724  	0.17709  	0.56552  	-0.0303  	0.49116  	0.11117  	-0.4824  	0.25303  	-0.0565  	0.29278  	0.36116  	0.00425  	-0.3990  	-0.7991  	0.91521  	-0.0657  	0.19290  	-0.2722  	0.33400  	0.19078  	-0.2090  	-0.4516  	0.35313  	-0.2618  	-0.1502  	-0.2931  	-0.3452  	-0.3278  	-0.1541  	-0.1994  	0.27423  	0.28261  	-0.0645  	0.29929  	0.12135  	0.30283  	0.06377  	-0.2490  	0.16484  	-0.0345  	0.03053  	0.01804  	-0.0294  	-0.0833  	-0.0424  	0.03456  	0.00585  	0.04840  	-0.0091  	0.00028  	0.01875  	0.00170  	0.03200  	0.00279  	-0.0219  	0.01912  	0.00490  	-0.0349  	0.03383  	0.00814  	0.00330  	0.03167  	-0.0051  	-0.0069  	-0.0242  	0.03589  	-0.0073  	0.02253  	-0.2797  	
0.13938  	0.09725  	0.17714  	0.56561  	-0.0302  	0.49123  	0.11121  	-0.4824  	0.25301  	-0.0565  	0.29266  	0.36119  	0.00429  	-0.3989  	-0.7991  	0.91521  	-0.0657  	0.19292  	-0.2722  	0.33399  	0.19073  	-0.2090  	-0.4517  	0.35318  	-0.2618  	-0.1502  	-0.2930  	-0.3453  	-0.3278  	-0.1540  	-0.1994  	0.27423  	0.28259  	-0.0645  	0.29929  	0.12140  	0.30278  	0.06376  	-0.2490  	0.16486  	-0.0346  	0.03054  	0.01804  	-0.0294  	-0.0833  	-0.0424  	0.03456  	0.00588  	0.04842  	-0.0091  	0.00029  	0.01874  	0.00170  	0.03200  	0.00280  	-0.0219  	0.01912  	0.00490  	-0.0349  	0.03383  	0.00814  	0.00330  	0.03169  	-0.0051  	-0.0069  	-0.0242  	0.03589  	-0.0073  	0.02253  	-0.2797  	
0.15869  	0.10336  	0.18177  	0.59844  	0.00481  	0.51226  	0.12006  	-0.4918  	0.23658  	-0.0576  	0.23275  	0.34493  	0.02768  	-0.3685  	-0.7900  	0.91032  	-0.0680  	0.19798  	-0.2722  	0.33539  	0.15821  	-0.1967  	-0.4680  	0.36369  	-0.2232  	-0.1493  	-0.2763  	-0.3327  	-0.2827  	-0.1439  	-0.2024  	0.26199  	0.27608  	-0.0656  	0.30072  	0.13874  	0.26629  	0.03796  	-0.2346  	0.18116  	-0.0533  	0.03409  	0.01290  	-0.0284  	-0.0829  	-0.0433  	0.03366  	0.01145  	0.05349  	-0.0075  	0.00844  	0.01644  	0.00153  	0.02802  	0.00320  	-0.0212  	0.01889  	0.00558  	-0.0355  	0.03238  	0.00601  	0.00661  	0.03681  	-0.0063  	-0.0069  	-0.0242  	0.03589  	-0.0073  	0.02253  	-0.2797  	
0.16437  	0.08128  	0.18675  	0.63342  	0.02168  	0.54435  	0.12115  	-0.4907  	0.22874  	-0.0628  	0.20903  	0.32814  	0.04255  	-0.3533  	-0.7743  	0.89404  	-0.0679  	0.20046  	-0.2768  	0.33907  	0.15037  	-0.1944  	-0.4845  	0.35438  	-0.2036  	-0.1552  	-0.2887  	-0.3145  	-0.2582  	-0.1312  	-0.2031  	0.26309  	0.27242  	-0.0648  	0.30152  	0.15201  	0.25032  	0.02517  	-0.2306  	0.18313  	-0.0499  	0.03940  	0.00685  	-0.0300  	-0.0786  	-0.0414  	0.03288  	0.01383  	0.05591  	-0.0091  	0.01060  	0.01695  	0.00339  	0.02571  	0.00384  	-0.0196  	0.01929  	0.00599  	-0.0355  	0.03473  	0.00666  	0.00468  	0.03828  	-0.0053  	-0.0069  	-0.0242  	0.03589  	-0.0073  	0.02253  	-0.2797  	
0.06926  	0.06222  	0.11244  	0.60177  	0.05214  	0.45458  	0.12917  	-0.5417  	0.22676  	-0.0104  	0.18899  	0.36262  	0.04225  	-0.4244  	-0.8839  	0.87455  	-0.0943  	0.27074  	-0.2935  	0.42389  	0.02790  	-0.2308  	-0.5561  	0.26602  	-0.2288  	-0.1281  	-0.4139  	-0.1643  	-0.1310  	-0.1390  	-0.2033  	0.24116  	0.30281  	-0.0614  	0.22611  	0.19998  	0.13227  	0.00649  	-0.1721  	0.21909  	0.00414  	0.03401  	0.01946  	-0.0314  	-0.0799  	-0.0449  	0.03816  	0.01568  	0.05233  	-0.0118  	0.01347  	0.01647  	-0.0010  	0.02326  	0.00527  	-0.0279  	0.03070  	0.00360  	-0.0315  	0.02753  	0.00866  	-0.0056  	0.03677  	-0.0061  	-0.0069  	-0.0242  	0.03589  	-0.0073  	0.02253  	-0.2797  	
-0.1087  	0.00788  	0.02190  	0.45637  	-0.0153  	0.30654  	0.14650  	-0.6359  	0.18604  	0.09260  	0.19441  	0.29915  	-0.0135  	-0.5251  	-1.0011  	0.84804  	-0.1061  	0.35264  	-0.2832  	0.44707  	-0.1172  	-0.2576  	-0.5782  	0.19716  	-0.1854  	-0.1265  	-0.4726  	-0.0259  	-0.0499  	-0.1371  	-0.1862  	0.22194  	0.27342  	-0.0475  	0.14984  	0.26542  	0.07596  	-0.0176  	-0.1615  	0.23682  	0.02300  	0.03360  	0.03752  	-0.0246  	-0.0823  	-0.0460  	0.04393  	0.01341  	0.03925  	-0.0209  	0.01385  	0.01474  	-0.0011  	0.02305  	0.00480  	-0.0350  	0.02817  	0.00174  	-0.0290  	0.02798  	0.00803  	-0.0037  	0.04017  	0.00201  	-0.0069  	-0.0242  	0.03589  	-0.0073  	0.02253  	-0.2797  	
-0.2278  	-0.0293  	-0.0495  	0.39296  	-0.0260  	0.30015  	0.11157  	-0.6955  	0.15027  	0.04361  	0.23288  	0.26632  	-0.0535  	-0.6326  	-1.0596  	0.79964  	-0.0944  	0.30471  	-0.2731  	0.44049  	-0.0718  	-0.2314  	-0.5629  	0.22089  	-0.1609  	-0.1320  	-0.4044  	-0.0962  	-0.0678  	-0.1322  	-0.1914  	0.24034  	0.25281  	-0.0614  	0.16142  	0.27925  	0.12372  	-0.0015  	-0.1841  	0.22910  	0.03613  	0.02593  	0.02675  	-0.0277  	-0.0697  	-0.0465  	0.04173  	-0.0049  	0.03911  	-0.0221  	0.01501  	0.01596  	0.00249  	0.02314  	0.00787  	-0.0353  	0.03308  	0.00900  	-0.0326  	0.02731  	0.00480  	-0.0095  	0.03649  	0.00086  	-0.0069  	-0.0242  	0.03589  	-0.0073  	0.02253  	-0.2797  	
-0.2838  	-0.0499  	-0.0485  	0.33383  	-0.0789  	0.28057  	0.10551  	-0.7135  	0.13204  	0.01319  	0.20279  	0.22446  	-0.0638  	-0.7544  	-1.0746  	0.78438  	-0.0618  	0.32577  	-0.2787  	0.45301  	-0.1391  	-0.2324  	-0.5336  	0.19574  	-0.1581  	-0.1139  	-0.4220  	-0.0357  	-0.0115  	-0.1371  	-0.1991  	0.23928  	0.22370  	-0.0558  	0.08488  	0.29889  	0.08420  	0.00465  	-0.1591  	0.23201  	0.07263  	0.02176  	0.02818  	-0.0201  	-0.0782  	-0.0475  	0.03876  	-0.0077  	0.03608  	-0.0203  	0.01295  	0.01681  	0.00293  	0.02708  	0.00711  	-0.0325  	0.03101  	0.00476  	-0.0228  	0.03252  	0.00549  	-0.0022  	0.03095  	-0.0033  	-0.0069  	-0.0242  	0.03589  	-0.0073  	0.02253  	-0.2797  	
-0.3528  	-0.0805  	-0.0697  	0.23584  	-0.1057  	0.22585  	0.13408  	-0.7375  	0.14122  	0.07141  	0.22875  	0.21893  	-0.0552  	-0.7301  	-1.1561  	0.76579  	-0.0778  	0.33212  	-0.2805  	0.46544  	-0.1963  	-0.2456  	-0.5304  	0.17871  	-0.1767  	-0.1108  	-0.4870  	0.00666  	-0.0059  	-0.1465  	-0.1800  	0.21092  	0.23183  	-0.0425  	0.05450  	0.30820  	0.04236  	-0.0092  	-0.1529  	0.22950  	0.08980  	0.02001  	0.03612  	-0.0142  	-0.0797  	-0.0492  	0.03859  	0.00066  	0.03956  	-0.0130  	0.00984  	0.01509  	0.00139  	0.02664  	0.00692  	-0.0377  	0.02784  	0.00497  	-0.0290  	0.02953  	0.00593  	-0.0021  	0.03338  	-0.0040  	-0.0069  	-0.0242  	0.03589  	-0.0073  	0.02253  	-0.2797  	
-0.4177  	-0.1153  	-0.1318  	0.21115  	-0.0965  	0.14142  	0.12428  	-0.7393  	0.12526  	0.12368  	0.28392  	0.25029  	-0.0515  	-0.7060  	-1.1821  	0.75040  	-0.1083  	0.32965  	-0.2914  	0.48986  	-0.2019  	-0.2325  	-0.5564  	0.19487  	-0.1780  	-0.1086  	-0.4889  	0.01995  	0.02021  	-0.1488  	-0.1703  	0.21161  	0.23779  	-0.0437  	0.07036  	0.31339  	0.02597  	-0.0198  	-0.1517  	0.22730  	0.07234  	0.02496  	0.03228  	-0.0174  	-0.0767  	-0.0491  	0.04284  	-0.0011  	0.04119  	-0.0172  	0.00669  	0.01778  	-0.0007  	0.02330  	0.00744  	-0.0438  	0.02690  	0.00328  	-0.0298  	0.02417  	0.00635  	-0.0017  	0.03310  	-0.0019  	-0.0069  	-0.0242  	0.03589  	-0.0073  	0.02253  	-0.2797  	
-0.4769  	-0.1095  	-0.1757  	0.28244  	-0.0281  	0.08946  	0.12113  	-0.7335  	0.13794  	0.10523  	0.33544  	0.28957  	-0.0637  	-0.7209  	-1.1292  	0.76120  	-0.1013  	0.31523  	-0.2987  	0.49178  	-0.1420  	-0.2453  	-0.5730  	0.25121  	-0.2198  	-0.1095  	-0.4847  	-0.0007  	-0.0136  	-0.1627  	-0.1853  	0.21391  	0.23589  	-0.0400  	0.10706  	0.28897  	0.04903  	-0.0117  	-0.1647  	0.23429  	0.05228  	0.02092  	0.01223  	-0.0338  	-0.0758  	-0.0462  	0.04174  	-0.0120  	0.03775  	-0.0147  	0.00887  	0.01504  	-0.0006  	0.02383  	0.00606  	-0.0399  	0.02885  	0.00333  	-0.0289  	0.03047  	0.00523  	0.00031  	0.03279  	0.00041  	-0.0069  	-0.0242  	0.03589  	-0.0073  	0.02253  	-0.2797  	
-0.4469  	-0.0912  	-0.1479  	0.27115  	-0.0301  	0.14251  	0.11828  	-0.7313  	0.13494  	0.10281  	0.28449  	0.28016  	-0.0533  	-0.7131  	-1.1178  	0.75965  	-0.0948  	0.31919  	-0.2829  	0.46604  	-0.1452  	-0.2431  	-0.5398  	0.21998  	-0.2089  	-0.1122  	-0.4700  	-0.0141  	-0.0173  	-0.1472  	-0.1804  	0.21373  	0.23771  	-0.0455  	0.09489  	0.27675  	0.06106  	-0.0161  	-0.1591  	0.23103  	0.06324  	0.02111  	0.02216  	-0.0217  	-0.0737  	-0.0436  	0.03920  	-0.0075  	0.03989  	-0.0199  	0.00418  	0.01441  	0.00070  	0.02256  	0.00418  	-0.0363  	0.02506  	0.00257  	-0.0258  	0.02888  	0.00891  	-0.0007  	0.03252  	-0.0039  	-0.0069  	-0.0242  	0.03589  	-0.0073  	0.02253  	-0.2797  	
-0.3334  	-0.0707  	-0.0878  	0.32769  	-0.0413  	0.23724  	0.10165  	-0.6972  	0.15601  	0.06442  	0.18042  	0.29930  	-0.0177  	-0.6671  	-1.0404  	0.76673  	-0.0614  	0.30792  	-0.2837  	0.45202  	-0.1477  	-0.2113  	-0.5278  	0.20653  	-0.2187  	-0.1074  	-0.4789  	-0.0078  	-0.0141  	-0.1418  	-0.1750  	0.21022  	0.24448  	-0.0520  	0.07841  	0.25817  	0.04761  	-0.0242  	-0.1397  	0.24265  	0.05323  	0.02396  	0.03507  	-0.0249  	-0.0807  	-0.0461  	0.04372  	0.00371  	0.04225  	-0.0133  	0.00816  	0.01864  	-0.0041  	0.02483  	0.00671  	-0.0388  	0.02690  	0.00020  	-0.0236  	0.02948  	0.00429  	-0.0016  	0.03211  	-0.0038  	-0.0069  	-0.0242  	0.03589  	-0.0073  	0.02253  	-0.2797  	
-0.2106  	-0.0372  	-0.0525  	0.42879  	-0.0274  	0.30083  	0.10425  	-0.6731  	0.16579  	0.04479  	0.15218  	0.31691  	-0.0200  	-0.6339  	-0.9850  	0.76137  	-0.0681  	0.30343  	-0.2889  	0.45447  	-0.1090  	-0.2089  	-0.5357  	0.19130  	-0.2315  	-0.1010  	-0.4876  	-0.0313  	-0.0424  	-0.1539  	-0.1766  	0.21265  	0.25872  	-0.0502  	0.09956  	0.24708  	0.07378  	-0.0092  	-0.1635  	0.23601  	0.04858  	0.02123  	0.03707  	-0.0251  	-0.0824  	-0.0497  	0.04062  	-0.0002  	0.04242  	-0.0115  	0.01136  	0.01448  	-0.0048  	0.01879  	0.00352  	-0.0359  	0.03242  	0.00636  	-0.0313  	0.02610  	0.00371  	-0.0021  	0.03983  	-0.0009  	-0.0069  	-0.0242  	0.03589  	-0.0073  	0.02253  	-0.2797  	
-0.1326  	0.02471  	-0.0007  	0.51365  	-0.0036  	0.33941  	0.09787  	-0.6467  	0.17699  	0.03331  	0.15257  	0.33019  	0.00170  	-0.5629  	-0.8962  	0.79262  	-0.0867  	0.30280  	-0.2816  	0.45649  	-0.0628  	-0.1993  	-0.5411  	0.19097  	-0.2392  	-0.1100  	-0.5135  	-0.0409  	-0.0486  	-0.1571  	-0.1681  	0.21558  	0.27635  	-0.0417  	0.11974  	0.22178  	0.07415  	-0.0153  	-0.1479  	0.23999  	0.05464  	0.01931  	0.03435  	-0.0239  	-0.0878  	-0.0441  	0.04274  	-0.0028  	0.03616  	-0.0032  	0.00597  	0.01542  	0.00117  	0.02309  	0.00514  	-0.0401  	0.02487  	0.00513  	-0.0291  	0.02779  	0.00345  	0.00452  	0.03260  	-0.0010  	-0.0069  	-0.0242  	0.03589  	-0.0073  	0.02253  	-0.2797  	
-0.0768  	0.03546  	0.05984  	0.57683  	0.02077  	0.40749  	0.09807  	-0.6098  	0.19535  	-0.0143  	0.18438  	0.34394  	-0.0066  	-0.5369  	-0.8506  	0.83345  	-0.0954  	0.29372  	-0.2808  	0.44850  	0.03406  	-0.2236  	-0.5626  	0.23743  	-0.2260  	-0.1380  	-0.4397  	-0.1160  	-0.1220  	-0.1536  	-0.1948  	0.23524  	0.27148  	-0.0452  	0.19996  	0.21164  	0.14204  	0.01315  	-0.1953  	0.22577  	0.02103  	0.02080  	0.01294  	-0.0290  	-0.0794  	-0.0476  	0.04043  	-0.0080  	0.03893  	-0.0068  	0.00983  	0.01611  	0.00345  	0.02471  	0.00576  	-0.0305  	0.02661  	0.00555  	-0.0301  	0.03029  	0.00515  	-0.0034  	0.03228  	-0.0047  	-0.0069  	-0.0242  	0.03589  	-0.0073  	0.02253  	-0.2797  	
0.04909  	0.06631  	0.12710  	0.58139  	0.02475  	0.45149  	0.10400  	-0.5633  	0.20188  	-0.0310  	0.23530  	0.34511  	-0.0169  	-0.4689  	-0.8291  	0.87460  	-0.0992  	0.24439  	-0.2858  	0.39132  	0.11089  	-0.2089  	-0.5412  	0.29564  	-0.2198  	-0.1528  	-0.3666  	-0.2520  	-0.2239  	-0.1532  	-0.1932  	0.25634  	0.26661  	-0.0586  	0.27041  	0.18469  	0.23285  	0.02978  	-0.2202  	0.19226  	-0.0048  	0.03392  	0.01655  	-0.0276  	-0.0776  	-0.0473  	0.03717  	-0.0012  	0.04137  	-0.0047  	0.00746  	0.01465  	0.00262  	0.02681  	0.00775  	-0.0235  	0.02905  	0.00414  	-0.0331  	0.03086  	0.00490  	-0.0011  	0.03223  	-0.0036  	-0.0069  	-0.0242  	0.03589  	-0.0073  	0.02253  	-0.2797  	
0.06641  	0.07275  	0.12760  	0.54979  	-0.0008  	0.44351  	0.11163  	-0.5429  	0.20925  	-0.0244  	0.26765  	0.30710  	-0.0047  	-0.4611  	-0.8392  	0.87084  	-0.0912  	0.23592  	-0.2883  	0.38856  	0.11803  	-0.2193  	-0.5366  	0.30232  	-0.2296  	-0.1523  	-0.3465  	-0.2817  	-0.2437  	-0.1617  	-0.1926  	0.26556  	0.26840  	-0.0592  	0.27976  	0.16957  	0.24591  	0.03899  	-0.2210  	0.20260  	-0.0089  	0.03113  	0.02041  	-0.0251  	-0.0759  	-0.0453  	0.04017  	-0.0017  	0.04225  	-0.0025  	0.00722  	0.01465  	0.00306  	0.03042  	0.00962  	-0.0249  	0.02766  	0.00334  	-0.0344  	0.03179  	0.00485  	0.00267  	0.03316  	-0.0045  	-0.0069  	-0.0242  	0.03589  	-0.0073  	0.02253  	-0.2797  	
0.09701  	0.08361  	0.14714  	0.56000  	-0.0398  	0.46619  	0.10694  	-0.5125  	0.23457  	-0.0336  	0.28395  	0.31928  	-0.0011  	-0.4412  	-0.8076  	0.88645  	-0.0783  	0.20707  	-0.2753  	0.35700  	0.16784  	-0.2126  	-0.4982  	0.32977  	-0.2420  	-0.1508  	-0.3197  	-0.3266  	-0.2957  	-0.1628  	-0.1951  	0.27680  	0.27827  	-0.0633  	0.28267  	0.14093  	0.27921  	0.05512  	-0.2438  	0.17900  	-0.0117  	0.02675  	0.02150  	-0.0261  	-0.0805  	-0.0445  	0.03708  	-0.0038  	0.04395  	-0.0065  	0.00026  	0.01550  	0.00171  	0.03275  	0.00474  	-0.0242  	0.02362  	0.00354  	-0.0339  	0.03333  	0.00719  	0.00408  	0.03089  	-0.0069  	-0.0069  	-0.0242  	0.03589  	-0.0073  	0.02253  	-0.2797  	
0.10456  	0.09426  	0.16351  	0.54734  	-0.0560  	0.47056  	0.11163  	-0.4922  	0.24562  	-0.0431  	0.31157  	0.35020  	-0.0031  	-0.4163  	-0.8179  	0.90277  	-0.0698  	0.19886  	-0.2727  	0.33953  	0.18955  	-0.2106  	-0.4614  	0.34709  	-0.2611  	-0.1470  	-0.3123  	-0.3439  	-0.3221  	-0.1654  	-0.1904  	0.27470  	0.28544  	-0.0651  	0.28310  	0.12579  	0.29685  	0.06197  	-0.2514  	0.16170  	-0.0166  	0.02486  	0.02155  	-0.0300  	-0.0834  	-0.0419  	0.03540  	0.00098  	0.04430  	-0.0036  	-0.0016  	0.01817  	0.00271  	0.03307  	0.00156  	-0.0255  	0.01902  	0.00527  	-0.0338  	0.03352  	0.00809  	0.00408  	0.03147  	-0.0072  	-0.0069  	-0.0242  	0.03589  	-0.0073  	0.02253  	-0.2797  	
-0.0250  	0.08031  	0.09337  	0.46724  	-0.0632  	0.36986  	0.08984  	-0.5433  	0.21093  	-0.0152  	0.31586  	0.34842  	-0.0109  	-0.4519  	-0.9078  	0.87135  	-0.0851  	0.25106  	-0.2888  	0.37681  	0.13507  	-0.2374  	-0.4937  	0.28657  	-0.2795  	-0.1260  	-0.3863  	-0.2304  	-0.2438  	-0.1667  	-0.1760  	0.25081  	0.28762  	-0.0593  	0.24325  	0.13377  	0.23705  	0.04201  	-0.2432  	0.18044  	0.01548  	0.02771  	0.01810  	-0.0358  	-0.0786  	-0.0419  	0.04253  	-0.0118  	0.03698  	0.00063  	-0.0015  	0.01734  	0.00047  	0.02539  	0.00191  	-0.0315  	0.01841  	0.00369  	-0.0321  	0.02601  	0.00692  	0.01091  	0.02908  	-0.0079  	-0.0069  	-0.0242  	0.03589  	-0.0073  	0.02253  	-0.2797  	
-0.0505  	0.05401  	0.06780  	0.45878  	-0.0543  	0.34727  	0.08248  	-0.5726  	0.20111  	-0.0055  	0.32242  	0.34904  	-0.0322  	-0.5020  	-0.9113  	0.86485  	-0.0757  	0.25146  	-0.2899  	0.38086  	0.10998  	-0.2348  	-0.4973  	0.29343  	-0.2694  	-0.1240  	-0.3765  	-0.2232  	-0.2373  	-0.1622  	-0.1745  	0.24984  	0.27262  	-0.0567  	0.23946  	0.14940  	0.23325  	0.03860  	-0.2411  	0.18821  	0.02200  	0.03458  	0.01803  	-0.0334  	-0.0753  	-0.0417  	0.03936  	-0.0144  	0.03189  	0.00085  	-0.0023  	0.01821  	0.00354  	0.02662  	0.00224  	-0.0327  	0.02191  	0.00295  	-0.0293  	0.02849  	0.00732  	0.00772  	0.02859  	-0.0041  	-0.0069  	-0.0242  	0.03589  	-0.0073  	0.02253  	-0.2797  	
-0.0969  	0.02704  	0.04235  	0.44497  	-0.0498  	0.32657  	0.07679  	-0.6007  	0.18910  	0.00138  	0.31492  	0.34587  	-0.0429  	-0.5460  	-0.9303  	0.84884  	-0.0829  	0.25108  	-0.2890  	0.40345  	0.07620  	-0.2375  	-0.5117  	0.28055  	-0.2681  	-0.1217  	-0.4049  	-0.1883  	-0.2047  	-0.1626  	-0.1792  	0.23965  	0.26559  	-0.0558  	0.22184  	0.17138  	0.21155  	0.02905  	-0.2359  	0.19243  	0.03676  	0.03442  	0.01467  	-0.0299  	-0.0721  	-0.0436  	0.04005  	-0.0166  	0.03051  	-0.0023  	-0.0020  	0.01832  	0.00381  	0.02585  	0.00118  	-0.0329  	0.02577  	0.00082  	-0.0309  	0.02946  	0.00618  	0.00512  	0.02757  	-0.0023  	-0.0069  	-0.0242  	0.03589  	-0.0073  	0.02253  	-0.2797  	
-0.0681  	0.03634  	0.05142  	0.47379  	-0.0381  	0.33510  	0.07936  	-0.5943  	0.19069  	-0.0010  	0.30265  	0.34629  	-0.0298  	-0.5215  	-0.9003  	0.84909  	-0.0828  	0.24578  	-0.2914  	0.40176  	0.08180  	-0.2426  	-0.5151  	0.28357  	-0.2680  	-0.1273  	-0.3981  	-0.1999  	-0.2150  	-0.1630  	-0.1804  	0.24143  	0.26674  	-0.0539  	0.23663  	0.15954  	0.21423  	0.03043  	-0.2367  	0.19453  	0.02574  	0.03472  	0.01195  	-0.0322  	-0.0730  	-0.0436  	0.04081  	-0.0158  	0.03260  	-0.0002  	0.00037  	0.01881  	0.00421  	0.02610  	0.00051  	-0.0331  	0.02229  	-2.3381  	-0.0302  	0.02890  	0.00740  	0.00480  	0.02950  	-0.0050  	-0.0069  	-0.0242  	0.03589  	-0.0073  	0.02253  	-0.2797  	
0.03020  	0.07464  	0.09836  	0.52210  	-0.0266  	0.39022  	0.09783  	-0.5473  	0.21049  	-0.0253  	0.30510  	0.34571  	-0.0174  	-0.4557  	-0.8558  	0.87104  	-0.0670  	0.23054  	-0.2850  	0.36859  	0.14990  	-0.2301  	-0.4967  	0.30336  	-0.2700  	-0.1412  	-0.3419  	-0.2683  	-0.2716  	-0.1628  	-0.1977  	0.25997  	0.26730  	-0.0654  	0.27251  	0.13306  	0.25654  	0.05310  	-0.2493  	0.18178  	-0.0071  	0.03111  	0.00941  	-0.0356  	-0.0777  	-0.0390  	0.03813  	-0.0067  	0.03511  	-0.0009  	0.00263  	0.01962  	0.00212  	0.02877  	0.00378  	-0.0282  	0.01876  	0.00223  	-0.0299  	0.02619  	0.00801  	0.00537  	0.02769  	-0.0090  	-0.0069  	-0.0242  	0.03589  	-0.0073  	0.02253  	-0.2797  	
0.10803  	0.10115  	0.15379  	0.55597  	-0.0336  	0.45584  	0.10707  	-0.5030  	0.24853  	-0.0473  	0.30503  	0.35505  	-0.0072  	-0.4177  	-0.8174  	0.89352  	-0.0714  	0.20239  	-0.2782  	0.34312  	0.19022  	-0.2187  	-0.4672  	0.33405  	-0.2698  	-0.1484  	-0.3096  	-0.3253  	-0.3219  	-0.1689  	-0.1975  	0.26978  	0.28429  	-0.0685  	0.29722  	0.11898  	0.29228  	0.05869  	-0.2591  	0.17050  	-0.0217  	0.02573  	0.01518  	-0.0297  	-0.0828  	-0.0412  	0.03556  	1.94475  	0.04268  	-0.0013  	0.00290  	0.01769  	0.00097  	0.03071  	0.00176  	-0.0223  	0.01996  	0.00396  	-0.0320  	0.03166  	0.00770  	0.00660  	0.02729  	-0.0087  	-0.0069  	-0.0242  	0.03589  	-0.0073  	0.02253  	-0.2797  	
0.10968  	0.09226  	0.15632  	0.55585  	-0.0144  	0.45175  	0.11412  	-0.5143  	0.24164  	-0.0318  	0.29580  	0.37393  	0.00195  	-0.4269  	-0.8506  	0.89837  	-0.0768  	0.21958  	-0.2865  	0.37343  	0.15541  	-0.2257  	-0.4899  	0.32485  	-0.2564  	-0.1437  	-0.3350  	-0.2828  	-0.2777  	-0.1632  	-0.1938  	0.25870  	0.29202  	-0.0649  	0.27794  	0.13805  	0.26428  	0.04684  	-0.2391  	0.17236  	-0.0106  	0.02943  	0.02286  	-0.0324  	-0.0827  	-0.0430  	0.03931  	0.00417  	0.04587  	-0.0060  	0.00326  	0.01742  	0.00043  	0.02950  	0.00358  	-0.0243  	0.02157  	0.00380  	-0.0335  	0.03078  	0.00607  	0.00328  	0.03188  	-0.0061  	-0.0069  	-0.0242  	0.03589  	-0.0073  	0.02253  	-0.2797  	
-0.0832  	0.03022  	0.04655  	0.41771  	-0.0073  	0.33721  	0.11767  	-0.6402  	0.18879  	0.07520  	0.28822  	0.32430  	-0.0256  	-0.5817  	-1.0820  	0.90449  	-0.1059  	0.32683  	-0.2903  	0.46494  	-0.0661  	-0.2816  	-0.5783  	0.23659  	-0.2469  	-0.1182  	-0.4651  	-0.0693  	-0.1272  	-0.1638  	-0.1879  	0.23802  	0.30223  	-0.0601  	0.18018  	0.23427  	0.10075  	-0.0037  	-0.1810  	0.23711  	0.01958  	0.03792  	0.02878  	-0.0276  	-0.0854  	-0.0465  	0.04689  	0.00865  	0.04371  	-0.0181  	0.01769  	0.01583  	-0.0067  	0.02355  	0.00555  	-0.0368  	0.03143  	0.00371  	-0.0360  	0.02507  	0.00436  	-0.0054  	0.03666  	0.00016  	-0.0069  	-0.0242  	0.03589  	-0.0073  	0.02253  	-0.2797  	
-0.2011  	-0.0444  	-0.0280  	0.37131  	-0.0531  	0.28551  	0.11383  	-0.6567  	0.16179  	0.10720  	0.26978  	0.28494  	-0.0459  	-0.6418  	-1.1239  	0.83706  	-0.1075  	0.35634  	-0.2796  	0.48615  	-0.1415  	-0.2659  	-0.5966  	0.21415  	-0.1871  	-0.1157  	-0.4708  	0.00607  	-0.0579  	-0.1539  	-0.1905  	0.22274  	0.26025  	-0.0505  	0.13994  	0.27400  	0.06815  	-0.0056  	-0.1725  	0.23753  	0.04267  	0.03184  	0.03592  	-0.0172  	-0.0813  	-0.0493  	0.04162  	0.00720  	0.04056  	-0.0255  	0.01966  	0.01781  	-0.0032  	0.02441  	0.00475  	-0.0396  	0.03498  	0.00463  	-0.0290  	0.02649  	0.00427  	-0.0022  	0.03953  	0.00106  	-0.0069  	-0.0242  	0.03589  	-0.0073  	0.02253  	-0.2797  	
-0.2792  	-0.0869  	-0.0630  	0.35398  	-0.0595  	0.24673  	0.09319  	-0.7137  	0.14687  	0.09949  	0.30355  	0.28176  	-0.0680  	-0.7289  	-1.1858  	0.82647  	-0.0781  	0.33357  	-0.2654  	0.47190  	-0.1051  	-0.2871  	-0.5974  	0.24724  	-0.1529  	-0.1316  	-0.4264  	-0.0680  	-0.0634  	-0.1459  	-0.2018  	0.24102  	0.24370  	-0.0672  	0.15034  	0.29680  	0.11370  	-0.0099  	-0.1877  	0.23560  	0.03762  	0.02560  	0.02321  	-0.0193  	-0.0614  	-0.0469  	0.04201  	-0.0102  	0.04289  	-0.0193  	0.01500  	0.01653  	0.00026  	0.02137  	0.00673  	-0.0343  	0.03189  	0.01119  	-0.0301  	0.02955  	0.00292  	-0.0103  	0.03624  	-0.0009  	-0.0069  	-0.0242  	0.03589  	-0.0073  	0.02253  	-0.2797  	
-0.3544  	-0.0849  	-0.0917  	0.26222  	-0.1098  	0.23027  	0.10239  	-0.7451  	0.12907  	0.06452  	0.24844  	0.23848  	-0.0861  	-0.7895  	-1.1727  	0.78066  	-0.0700  	0.33323  	-0.2737  	0.45837  	-0.1664  	-0.2663  	-0.5329  	0.19201  	-0.1767  	-0.1108  	-0.4705  	-0.0234  	-0.0049  	-0.1503  	-0.1868  	0.22524  	0.21801  	-0.0477  	0.06570  	0.31194  	0.06922  	0.00211  	-0.1582  	0.22744  	0.07511  	0.02338  	0.03227  	-0.0125  	-0.0732  	-0.0492  	0.03916  	-0.0073  	0.03534  	-0.0141  	0.01412  	0.01532  	0.00350  	0.02584  	0.00910  	-0.0348  	0.03192  	0.00575  	-0.0278  	0.03065  	0.00540  	-0.0043  	0.03203  	-0.0026  	-0.0069  	-0.0242  	0.03589  	-0.0073  	0.02253  	-0.2797  	
-0.4067  	-0.0790  	-0.0989  	0.21616  	-0.0951  	0.19818  	0.12632  	-0.7386  	0.13070  	0.09346  	0.23469  	0.23542  	-0.0734  	-0.7753  	-1.1774  	0.76557  	-0.0886  	0.33722  	-0.2763  	0.45588  	-0.2084  	-0.2435  	-0.5177  	0.17513  	-0.2055  	-0.1032  	-0.4927  	0.00884  	0.01892  	-0.1410  	-0.1726  	0.21103  	0.23402  	-0.0440  	0.03710  	0.30553  	0.04197  	-0.0119  	-0.1478  	0.23961  	0.08546  	0.02552  	0.03763  	-0.0055  	-0.0809  	-0.0493  	0.04087  	-0.0029  	0.03634  	-0.0156  	0.01130  	0.01931  	0.00039  	0.02465  	0.00487  	-0.0407  	0.02692  	0.00383  	-0.0306  	0.02596  	0.00683  	-0.0024  	0.03122  	-0.0021  	-0.0069  	-0.0242  	0.03589  	-0.0073  	0.02253  	-0.2797  	
-0.4842  	-0.1171  	-0.1538  	0.19621  	-0.0995  	0.10702  	0.11332  	-0.7562  	0.12189  	0.14167  	0.27065  	0.26292  	-0.0615  	-0.7448  	-1.2071  	0.75516  	-0.1196  	0.34746  	-0.2787  	0.48879  	-0.2265  	-0.2322  	-0.5378  	0.16356  	-0.2073  	-0.0977  	-0.5238  	0.03619  	0.04368  	-0.1494  	-0.1434  	0.20461  	0.24079  	-0.0415  	0.03844  	0.30910  	0.00291  	-0.0362  	-0.1352  	0.23779  	0.07817  	0.02094  	0.03697  	-0.0105  	-0.0771  	-0.0497  	0.03886  	-0.0012  	0.03888  	-0.0183  	0.00565  	0.01747  	-0.0024  	0.02005  	0.00598  	-0.0406  	0.02653  	0.00131  	-0.0320  	0.02464  	0.00817  	-0.0013  	0.03338  	-0.0033  	-0.0069  	-0.0242  	0.03589  	-0.0073  	0.02253  	-0.2797  	
-0.5226  	-0.1214  	-0.1953  	0.22743  	-0.0551  	0.04997  	0.11967  	-0.7326  	0.14097  	0.10739  	0.34488  	0.28731  	-0.0627  	-0.7177  	-1.1641  	0.73429  	-0.0992  	0.33181  	-0.2959  	0.50126  	-0.1504  	-0.2506  	-0.5599  	0.24214  	-0.2311  	-0.1085  	-0.5098  	0.00126  	-0.0081  	-0.1703  	-0.1824  	0.20415  	0.23875  	-0.0433  	0.10266  	0.28625  	0.03796  	-0.0163  	-0.1576  	0.23736  	0.05417  	0.02303  	0.01644  	-0.0368  	-0.0752  	-0.0475  	0.03976  	-0.0102  	0.03990  	-0.0158  	0.00523  	0.01473  	-0.0012  	0.02414  	0.00769  	-0.0396  	0.02873  	0.00366  	-0.0305  	0.03152  	0.00531  	0.00107  	0.03114  	-0.0024  	-0.0069  	-0.0242  	0.03589  	-0.0073  	0.02253  	-0.2797  	
-0.4933  	-0.1173  	-0.2144  	0.26740  	-0.0344  	0.07572  	0.09770  	-0.7214  	0.14565  	0.10464  	0.32031  	0.30316  	-0.0654  	-0.7138  	-1.0966  	0.74094  	-0.0897  	0.33351  	-0.2883  	0.50568  	-0.1276  	-0.2618  	-0.5839  	0.23501  	-0.2110  	-0.1105  	-0.4788  	-0.0054  	-0.0254  	-0.1540  	-0.1886  	0.20672  	0.24250  	-0.0457  	0.10958  	0.27953  	0.04295  	-0.0139  	-0.1643  	0.23884  	0.03274  	0.01950  	0.00527  	-0.0350  	-0.0684  	-0.0475  	0.04332  	-0.0108  	0.03127  	-0.0127  	0.00939  	0.01602  	-0.0012  	0.02405  	0.00716  	-0.0395  	0.03126  	0.00541  	-0.0321  	0.03370  	0.00481  	-0.0030  	0.03048  	-0.0024  	-0.0069  	-0.0242  	0.03589  	-0.0073  	0.02253  	-0.2797  	
-0.3938  	-0.0874  	-0.1006  	0.26103  	-0.0666  	0.18785  	0.11582  	-0.7077  	0.14201  	0.10082  	0.21978  	0.28765  	-0.0341  	-0.6814  	-1.1148  	0.74639  	-0.0650  	0.30748  	-0.2778  	0.44654  	-0.1511  	-0.2267  	-0.5220  	0.20946  	-0.2038  	-0.1074  	-0.4689  	-0.0427  	-0.0038  	-0.1434  	-0.1708  	0.20427  	0.24401  	-0.0573  	0.07128  	0.26308  	0.04147  	-0.0277  	-0.1347  	0.24146  	0.06243  	0.02224  	0.03392  	-0.0181  	-0.0737  	-0.0462  	0.04057  	0.00357  	0.04657  	-0.0203  	0.00441  	0.01718  	-0.0050  	0.02077  	0.00481  	-0.0396  	0.02656  	0.00073  	-0.0294  	0.02874  	0.00740  	-0.0022  	0.03377  	-0.0035  	-0.0069  	-0.0242  	0.03589  	-0.0073  	0.02253  	-0.2797  	
-0.2277  	-0.0740  	-0.0152  	0.44885  	0.00326  	0.32194  	0.12883  	-0.7015  	0.13324  	0.06725  	0.15622  	0.35092  	-0.0432  	-0.6947  	-1.0465  	0.83627  	-0.0843  	0.32328  	-0.2897  	0.46593  	-0.1942  	-0.2338  	-0.5910  	0.22354  	-0.1649  	-0.1183  	-0.4529  	0.01077  	-0.0358  	-0.1432  	-0.1858  	0.23145  	0.24847  	-0.0487  	0.10504  	0.29506  	0.04475  	-0.0247  	-0.1570  	0.26298  	0.03289  	0.02240  	0.02571  	-0.0197  	-0.0846  	-0.0479  	0.03661  	-0.0014  	0.04397  	-0.0153  	0.01627  	0.01544  	-0.0024  	0.02343  	0.00805  	-0.0370  	0.04007  	0.00527  	-0.0316  	0.02384  	0.00345  	0.00145  	0.03568  	-0.0029  	-0.0069  	-0.0242  	0.03589  	-0.0073  	0.02253  	-0.2797  	
-0.1127  	-0.0411  	-0.0065  	0.55895  	0.11804  	0.29115  	0.13960  	-0.7272  	0.14221  	0.11051  	0.15946  	0.36669  	-0.0475  	-0.6956  	-1.0385  	0.90514  	-0.1314  	0.35157  	-0.2929  	0.53593  	-0.2283  	-0.2337  	-0.6571  	0.22686  	-0.1429  	-0.1421  	-0.4737  	0.08122  	0.02872  	-0.1119  	-0.2065  	0.23649  	0.23569  	-0.0474  	0.13264  	0.33246  	0.01843  	-0.0448  	-0.1353  	0.27305  	0.03120  	0.01931  	0.02410  	-0.0229  	-0.0784  	-0.0474  	0.03634  	0.00915  	0.05379  	-0.0203  	0.02408  	0.01094  	0.00326  	0.01987  	0.00808  	-0.0326  	0.04202  	0.00796  	-0.0279  	0.03342  	-0.0021  	-0.0097  	0.03760  	-0.0041  	-0.0069  	-0.0242  	0.03589  	-0.0073  	0.02253  	-0.2797  	
-0.1278  	-0.0592  	0.00085  	0.57049  	0.13601  	0.27061  	0.15912  	-0.7254  	0.14705  	0.16169  	0.16424  	0.35102  	-0.0468  	-0.7161  	-1.0887  	0.96158  	-0.1507  	0.37108  	-0.2785  	0.51871  	-0.2759  	-0.2202  	-0.6935  	0.21828  	-0.0866  	-0.1444  	-0.4451  	0.07697  	0.07317  	-0.0963  	-0.2233  	0.23757  	0.21842  	-0.0449  	0.11451  	0.37342  	-0.0037  	-0.0280  	-0.1342  	0.28992  	0.02198  	0.03982  	0.03063  	-0.0109  	-0.0847  	-0.0446  	0.03317  	0.01749  	0.05498  	-0.0236  	0.02671  	0.01127  	0.00089  	0.02299  	0.01253  	-0.0339  	0.03790  	0.00503  	-0.0258  	0.03392  	-0.0038  	-0.0120  	0.03649  	-0.0016  	-0.0069  	-0.0242  	0.03589  	-0.0073  	0.02253  	-0.2797  	
-0.1319  	-0.0871  	-0.0274  	0.52941  	0.10325  	0.31348  	0.15685  	-0.7578  	0.14577  	0.13936  	0.09477  	0.28188  	-0.0274  	-0.7223  	-1.0668  	0.93379  	-0.1321  	0.35390  	-0.2638  	0.47937  	-0.2592  	-0.2247  	-0.6575  	0.21599  	-0.0546  	-0.1461  	-0.4181  	0.09058  	0.07798  	-0.0619  	-0.2130  	0.25027  	0.19075  	-0.0415  	0.11156  	0.38887  	0.00680  	-0.0339  	-0.1322  	0.27947  	0.01131  	0.04280  	0.02937  	-0.0068  	-0.0830  	-0.0414  	0.03381  	0.01021  	0.04950  	-0.0275  	0.03169  	0.01317  	-0.0004  	0.02575  	0.01105  	-0.0333  	0.03804  	0.00442  	-0.0231  	0.03253  	-0.0030  	-0.0154  	0.03530  	-0.0017  	-0.0069  	-0.0242  	0.03589  	-0.0073  	0.02253  	-0.2797  	
-0.2014  	-0.0863  	-0.1008  	0.48794  	0.03609  	0.34050  	0.12346  	-0.7587  	0.10969  	0.02493  	0.06237  	0.22269  	-0.0435  	-0.7067  	-0.9900  	0.77833  	-0.0858  	0.31715  	-0.2798  	0.42850  	-0.1955  	-0.2230  	-0.5818  	0.25639  	-0.0691  	-0.1503  	-0.3910  	0.02822  	0.01345  	-0.0913  	-0.2177  	0.24706  	0.18838  	-0.0549  	0.13271  	0.36307  	0.05946  	-0.0213  	-0.1650  	0.25336  	0.01065  	0.03119  	0.00775  	-0.0157  	-0.0846  	-0.0418  	0.03245  	-0.0109  	0.03809  	-0.0126  	0.02554  	0.01669  	0.00159  	0.02402  	0.00739  	-0.0361  	0.04283  	0.01217  	-0.0215  	0.02482  	-0.0065  	-0.0105  	0.03867  	-0.0053  	-0.0069  	-0.0242  	0.03589  	-0.0073  	0.02253  	-0.2797  	
-0.1556  	-0.0464  	-0.0425  	0.49233  	0.02832  	0.35568  	0.11418  	-0.7295  	0.12266  	-0.0017  	0.12059  	0.23531  	-0.0561  	-0.6762  	-0.9332  	0.77700  	-0.0982  	0.29409  	-0.2725  	0.43333  	-0.0973  	-0.2254  	-0.5492  	0.24349  	-0.1086  	-0.1472  	-0.3879  	-0.0573  	-0.0782  	-0.1043  	-0.2160  	0.25605  	0.20814  	-0.0478  	0.18656  	0.31928  	0.12472  	0.00585  	-0.1930  	0.22693  	-0.0010  	0.03428  	0.01035  	-0.0272  	-0.0811  	-0.0474  	0.03184  	-0.0195  	0.03982  	-0.0191  	0.02267  	0.01513  	0.00477  	0.02566  	0.01047  	-0.0345  	0.03845  	0.01026  	-0.0247  	0.02785  	-0.0035  	-0.0091  	0.04005  	-0.0047  	-0.0069  	-0.0242  	0.03589  	-0.0073  	0.02253  	-0.2797  	
-0.0965  	-0.0267  	0.01076  	0.52489  	0.04597  	0.32976  	0.10830  	-0.6514  	0.10779  	0.01530  	0.19792  	0.30033  	-0.0102  	-0.6756  	-0.9196  	0.79237  	-0.0397  	0.19278  	-0.2281  	0.27268  	-0.0420  	-0.4146  	-0.8078  	0.24114  	-0.2118  	-0.0720  	-0.4245  	-0.0948  	-0.0065  	-0.1352  	-0.1174  	0.21134  	0.15884  	-0.1798  	0.15031  	0.29614  	0.02365  	-0.0203  	-0.2812  	0.17061  	0.05700  	0.14318  	-0.0863  	0.03277  	-0.1221  	-0.0364  	0.01750  	-2.2582  	0.03135  	-0.0289  	0.03315  	0.01485  	0.00511  	0.03657  	0.01417  	-0.0348  	0.03932  	-0.0012  	-0.0257  	0.03995  	-0.0003  	-0.0066  	0.02493  	-0.0014  	-0.0069  	-0.0242  	0.03589  	-0.0073  	0.02253  	-0.2797  	
-0.0906  	-0.0065  	0.09145  	0.47346  	0.02628  	0.30437  	0.11308  	-0.6214  	0.13020  	0.03733  	0.22758  	0.32243  	0.04820  	-0.7178  	-0.9730  	0.76924  	0.00859  	0.10898  	-0.1772  	0.16026  	-0.0691  	-0.5876  	-1.0112  	0.21193  	-0.2705  	0.00406  	-0.4848  	-0.0934  	0.11633  	-0.1629  	-0.0283  	0.15750  	0.10577  	-0.2754  	0.05148  	0.28276  	-0.0738  	-0.0178  	-0.3242  	0.14970  	0.14039  	0.22099  	-0.1569  	0.09254  	-0.1656  	-0.0162  	0.00783  	0.02802  	0.02203  	-0.0351  	0.03228  	0.02385  	0.00218  	0.04217  	0.02173  	-0.0392  	0.03289  	-0.0098  	-0.0272  	0.04276  	0.00590  	-0.0130  	0.01203  	-0.0024  	-0.0069  	-0.0242  	0.03589  	-0.0073  	0.02253  	-0.2797  	
-0.0931  	-0.0022  	0.10891  	0.42638  	-0.0220  	0.23142  	0.11120  	-0.6373  	0.10233  	0.06529  	0.19569  	0.28466  	0.06690  	-0.7436  	-0.9890  	0.77403  	0.01073  	0.11627  	-0.1765  	0.10348  	-0.1379  	-0.6241  	-1.0515  	0.16824  	-0.2815  	0.04045  	-0.5253  	-0.0878  	0.18977  	-0.1460  	0.00479  	0.14982  	0.10132  	-0.2982  	0.00343  	0.31331  	-0.1471  	-0.0242  	-0.3136  	0.14738  	0.17591  	0.23127  	-0.1631  	0.10390  	-0.1839  	-0.0153  	-0.0042  	0.03625  	0.01848  	-0.0382  	0.03503  	0.02515  	0.00204  	0.04579  	0.02558  	-0.0438  	0.02820  	-0.0172  	-0.0310  	0.04105  	0.00941  	-0.0121  	0.01211  	-0.0041  	-0.0069  	-0.0242  	0.03589  	-0.0073  	0.02253  	-0.2797  	
-0.3106  	-0.0379  	-0.0114  	0.36961  	-0.0492  	0.19421  	0.09012  	-0.6531  	0.09807  	0.03513  	0.20382  	0.25093  	0.04175  	-0.7472  	-0.9783  	0.69179  	0.02595  	0.08678  	-0.1969  	0.11025  	-0.0886  	-0.5720  	-0.9653  	0.22252  	-0.2021  	0.01050  	-0.4279  	-0.1281  	0.12649  	-0.1504  	-0.0267  	0.16031  	0.08916  	-0.2829  	0.03039  	0.29513  	-0.0876  	-0.0257  	-0.3248  	0.13977  	0.15563  	0.23120  	-0.1555  	0.08758  	-0.1558  	-0.0169  	0.00387  	0.01876  	0.01678  	-0.0319  	0.02581  	0.01868  	-0.0006  	0.04981  	0.01389  	-0.0387  	0.03175  	-0.0086  	-0.0296  	0.03641  	0.01256  	-0.0115  	0.01625  	-0.0033  	-0.0069  	-0.0242  	0.03589  	-0.0073  	0.02253  	-0.2797  	
-0.3619  	-0.0880  	-0.0958  	0.31483  	-0.0669  	0.16888  	0.08911  	-0.6925  	0.10872  	0.01273  	0.24552  	0.24586  	-0.0365  	-0.7160  	-0.9697  	0.63964  	0.00772  	0.17773  	-0.2333  	0.24492  	-0.0557  	-0.4321  	-0.7621  	0.24393  	-0.1961  	-0.0548  	-0.4176  	-0.1112  	0.01860  	-0.1599  	-0.0989  	0.19518  	0.14827  	-0.1772  	0.10123  	0.26478  	0.02730  	-0.0083  	-0.2654  	0.16183  	0.09049  	0.13249  	-0.0792  	0.04333  	-0.1153  	-0.0333  	0.02105  	-0.0038  	0.01717  	-0.0189  	0.01438  	0.02232  	-0.0023  	0.03796  	0.01014  	-0.0423  	0.03326  	0.00335  	-0.0314  	0.03333  	0.00504  	-0.0102  	0.02661  	-0.0022  	-0.0069  	-0.0242  	0.03589  	-0.0073  	0.02253  	-0.2797  	
-0.3088  	-0.0618  	-0.0571  	0.34747  	-0.0616  	0.26749  	0.07880  	-0.6843  	0.13459  	-0.0018  	0.22790  	0.23679  	-0.0637  	-0.6988  	-0.9909  	0.77774  	-0.0508  	0.27892  	-0.2809  	0.42565  	-0.0939  	-0.2215  	-0.4954  	0.23437  	-0.1775  	-0.1167  	-0.4121  	-0.0548  	-0.0720  	-0.1485  	-0.1942  	0.23411  	0.23552  	-0.0529  	0.13123  	0.26984  	0.11396  	0.00757  	-0.1785  	0.21432  	0.02973  	0.02763  	0.01375  	-0.0287  	-0.0704  	-0.0479  	0.03897  	-0.0144  	0.03624  	-0.0111  	0.01208  	0.01683  	-0.0013  	0.02947  	0.00833  	-0.0370  	0.03209  	0.00627  	-0.0266  	0.03190  	0.00181  	-0.0059  	0.03672  	0.00109  	-0.0069  	-0.0242  	0.03589  	-0.0073  	0.02253  	-0.2797  	
-0.1261  	-0.0371  	0.00352  	0.44872  	0.00515  	0.34167  	0.12447  	-0.6716  	0.15507  	0.04385  	0.19402  	0.27134  	-0.0396  	-0.7011  	-1.0256  	0.86610  	-0.1027  	0.32099  	-0.2758  	0.46134  	-0.1279  	-0.2527  	-0.5912  	0.22364  	-0.1694  	-0.1367  	-0.4342  	-0.0104  	-0.0617  	-0.1323  	-0.1983  	0.24900  	0.23422  	-0.0539  	0.15437  	0.29259  	0.09726  	-0.0030  	-0.1663  	0.23923  	0.03219  	0.02576  	0.01722  	-0.0194  	-0.0811  	-0.0453  	0.03783  	-0.0027  	0.04023  	-0.0195  	0.01934  	0.01669  	0.00020  	0.02005  	0.00920  	-0.0351  	0.03532  	0.00405  	-0.0335  	0.02978  	-6.3548  	-0.0054  	0.03750  	-0.0025  	-0.0069  	-0.0242  	0.03589  	-0.0073  	0.02253  	-0.2797  	
-0.0618  	-0.0311  	0.05157  	0.47666  	0.01936  	0.35697  	0.13734  	-0.6805  	0.17063  	0.08985  	0.19624  	0.30812  	-0.0355  	-0.6742  	-1.0567  	0.91208  	-0.1341  	0.33743  	-0.2773  	0.50252  	-0.1479  	-0.2548  	-0.6384  	0.19878  	-0.1617  	-0.1515  	-0.4448  	0.01678  	-0.0257  	-0.1305  	-0.2075  	0.24720  	0.23658  	-0.0416  	0.16571  	0.32663  	0.06166  	-0.0082  	-0.1607  	0.26115  	0.02639  	0.03258  	0.02031  	-0.0201  	-0.0837  	-0.0450  	0.03380  	0.00560  	0.04571  	-0.0201  	0.02197  	0.01725  	0.00376  	0.02243  	0.01147  	-0.0328  	0.03594  	0.00574  	-0.0267  	0.02945  	0.00115  	-0.0120  	0.03649  	-0.0027  	-0.0069  	-0.0242  	0.03589  	-0.0073  	0.02253  	-0.2797  	
-0.0859  	-0.0394  	0.01007  	0.41523  	0.03248  	0.35803  	0.12887  	-0.7491  	0.12867  	0.10999  	0.18394  	0.29520  	-0.0306  	-0.7056  	-1.1704  	0.89656  	-0.1412  	0.37278  	-0.2800  	0.54694  	-0.2001  	-0.2586  	-0.6952  	0.19287  	-0.1399  	-0.1447  	-0.4777  	0.06509  	0.01334  	-0.1262  	-0.2066  	0.24596  	0.23904  	-0.0346  	0.14043  	0.35380  	0.03036  	-0.0271  	-0.1295  	0.27972  	0.04158  	0.02233  	0.02903  	-0.0272  	-0.0745  	-0.0476  	0.02999  	-0.0004  	0.04443  	-0.0180  	0.02868  	0.01238  	0.00285  	0.02126  	0.01076  	-0.0347  	0.03675  	0.00543  	-0.0258  	0.02968  	0.00367  	-0.0117  	0.03662  	-0.0044  	-0.0069  	-0.0242  	0.03589  	-0.0073  	0.02253  	-0.2797  	
-0.2263  	-0.0740  	-0.0545  	0.40217  	-0.0217  	0.32701  	0.11579  	-0.7431  	0.11064  	0.04731  	0.11063  	0.27365  	-0.0871  	-0.7103  	-1.1335  	0.81348  	-0.0839  	0.32799  	-0.2768  	0.48757  	-0.1563  	-0.2487  	-0.6105  	0.24567  	-0.1034  	-0.1515  	-0.3885  	-0.0168  	-0.0212  	-0.1059  	-0.2209  	0.24724  	0.20157  	-0.0583  	0.13521  	0.34700  	0.08617  	-0.0134  	-0.1522  	0.26459  	0.02532  	0.03687  	0.02275  	-0.0196  	-0.0741  	-0.0483  	0.03626  	-0.0019  	0.04268  	-0.0152  	0.01685  	0.01650  	-0.0027  	0.02713  	0.00966  	-0.0335  	0.04309  	0.00527  	-0.0251  	0.02953  	-0.0020  	-0.0112  	0.03919  	-0.0011  	-0.0069  	-0.0242  	0.03589  	-0.0073  	0.02253  	-0.2797  	
-0.2624  	-0.0691  	-0.0692  	0.42267  	0.00031  	0.27074  	0.10459  	-0.7022  	0.13985  	0.01897  	0.12108  	0.27542  	-0.0162  	-0.6825  	-1.0704  	0.76542  	-0.0725  	0.32370  	-0.2818  	0.46674  	-0.1675  	-0.2342  	-0.5592  	0.22873  	-0.1206  	-0.1124  	-0.4365  	-0.0265  	0.01409  	-0.1109  	-0.2064  	0.21767  	0.23006  	-0.0490  	0.10145  	0.30934  	0.03806  	-0.0079  	-0.1523  	0.25836  	0.02800  	0.02062  	0.01154  	-0.0215  	-0.0760  	-0.0427  	0.03812  	0.00269  	0.03443  	-0.0171  	0.01759  	0.01554  	0.00210  	0.02318  	0.00713  	-0.0344  	0.03370  	0.00604  	-0.0304  	0.03099  	0.00321  	-0.0123  	0.03333  	-0.0051  	-0.0069  	-0.0242  	0.03589  	-0.0073  	0.02253  	-0.2797  	
-0.3449  	-0.0887  	-0.0812  	0.26056  	-0.1091  	0.21471  	0.11892  	-0.7194  	0.12604  	0.03799  	0.19550  	0.25995  	-0.0153  	-0.7480  	-1.1585  	0.76902  	-0.0616  	0.35755  	-0.2780  	0.49485  	-0.1767  	-0.2641  	-0.5156  	0.17629  	-0.1801  	-0.1083  	-0.4868  	0.02800  	-0.0051  	-0.1395  	-0.1804  	0.21778  	0.22727  	-0.0538  	0.06005  	0.30205  	0.04354  	-0.0107  	-0.1534  	0.23158  	0.09176  	0.01775  	0.03042  	-0.0105  	-0.0757  	-0.0443  	0.03955  	0.00953  	0.03165  	-0.0108  	0.00959  	0.01691  	0.00395  	0.02372  	0.00606  	-0.0363  	0.03265  	0.00216  	-0.0305  	0.02548  	0.00766  	0.00231  	0.03022  	-0.0046  	-0.0069  	-0.0242  	0.03589  	-0.0073  	0.02253  	-0.2797  	
-0.4045  	-0.1133  	-0.0961  	0.20588  	-0.1240  	0.18374  	0.11935  	-0.7410  	0.11644  	0.09502  	0.25924  	0.22199  	-0.0563  	-0.7457  	-1.1710  	0.72509  	-0.0511  	0.30822  	-0.2810  	0.47917  	-0.1836  	-0.2543  	-0.5237  	0.17001  	-0.1409  	-0.1134  	-0.4630  	-0.0154  	-0.0137  	-0.1498  	-0.1763  	0.21720  	0.22968  	-0.0606  	0.05035  	0.29999  	0.07387  	-0.0027  	-0.1471  	0.21280  	0.07247  	0.01868  	0.03001  	-0.0100  	-0.0696  	-0.0514  	0.04240  	-0.0012  	0.03493  	-0.0131  	0.01057  	0.01641  	-0.0045  	0.02262  	0.00989  	-0.0410  	0.03057  	0.00635  	-0.0307  	0.02854  	0.00483  	0.00102  	0.03562  	0.00133  	-0.0069  	-0.0242  	0.03589  	-0.0073  	0.02253  	-0.2797  	
-0.3842  	-0.1003  	-0.0885  	0.28072  	-0.0861  	0.22958  	0.09456  	-0.7231  	0.13948  	0.04567  	0.22550  	0.26000  	-0.0642  	-0.7686  	-1.1017  	0.80025  	-0.0501  	0.30665  	-0.2770  	0.45398  	-0.1557  	-0.2339  	-0.5091  	0.21121  	-0.1688  	-0.0971  	-0.4507  	0.00318  	-0.0379  	-0.1471  	-0.1610  	0.22115  	0.23599  	-0.0539  	0.06189  	0.28749  	0.06316  	-0.0193  	-0.1517  	0.22767  	0.06131  	0.02131  	0.02970  	-0.0236  	-0.0760  	-0.0490  	0.03867  	-0.0048  	0.03485  	-0.0142  	0.00881  	0.01711  	-0.0025  	0.02479  	0.00839  	-0.0375  	0.02885  	0.00438  	-0.0296  	0.03321  	0.00532  	-6.0316  	0.03610  	0.00126  	-0.0069  	-0.0242  	0.03589  	-0.0073  	0.02253  	-0.2797  	
-0.2010  	-0.0631  	-0.0288  	0.39574  	-0.0202  	0.31554  	0.11465  	-0.7075  	0.14728  	0.07833  	0.14971  	0.32833  	-0.0267  	-0.7340  	-1.0849  	0.84051  	-0.0832  	0.33659  	-0.2842  	0.46553  	-0.1835  	-0.2550  	-0.5745  	0.19703  	-0.1936  	-0.1161  	-0.4798  	0.02822  	-0.0209  	-0.1477  	-0.1660  	0.22483  	0.24208  	-0.0491  	0.08881  	0.29443  	0.03940  	-0.0271  	-0.1369  	0.25950  	0.06764  	0.02521  	0.03831  	-0.0128  	-0.0802  	-0.0502  	0.03632  	0.00326  	0.04456  	-0.0194  	0.01618  	0.01576  	-0.0002  	0.02202  	0.01274  	-0.0356  	0.03885  	0.00142  	-0.0296  	0.02633  	0.00274  	0.00086  	0.03530  	0.00414  	-0.0069  	-0.0242  	0.03589  	-0.0073  	0.02253  	-0.2797  	
-0.1648  	-0.0512  	-0.0050  	0.43006  	-0.0037  	0.31727  	0.12136  	-0.6953  	0.15889  	0.06922  	0.18803  	0.30967  	-0.0270  	-0.7029  	-1.0615  	0.85548  	-0.1091  	0.34614  	-0.2800  	0.48743  	-0.1563  	-0.2502  	-0.6058  	0.19951  	-0.1813  	-0.1339  	-0.4715  	0.02931  	-0.0118  	-0.1312  	-0.1925  	0.23325  	0.23861  	-0.0559  	0.11752  	0.29738  	0.06103  	-0.0150  	-0.1642  	0.25690  	0.04400  	0.02397  	0.03155  	-0.0134  	-0.0833  	-0.0453  	0.03841  	0.00499  	0.04069  	-0.0247  	0.01954  	0.01447  	0.00232  	0.01881  	0.01114  	-0.0336  	0.03766  	0.00473  	-0.0271  	0.03008  	0.00501  	-0.0111  	0.03646  	0.00061  	-0.0069  	-0.0242  	0.03589  	-0.0073  	0.02253  	-0.2797  	
-0.2025  	-0.0519  	-0.0659  	0.48284  	0.02565  	0.34378  	0.11037  	-0.7248  	0.13482  	0.00720  	0.13120  	0.27609  	-0.0667  	-0.6975  	-1.0269  	0.80656  	-0.0704  	0.30893  	-0.2728  	0.44655  	-0.1308  	-0.2607  	-0.5905  	0.23151  	-0.1398  	-0.1393  	-0.4000  	-0.0023  	-0.0189  	-0.0989  	-0.2113  	0.24914  	0.22003  	-0.0558  	0.14476  	0.32162  	0.08626  	-0.0189  	-0.1606  	0.24047  	0.02043  	0.02878  	0.01894  	-0.0162  	-0.0731  	-0.0466  	0.03606  	-0.0070  	0.04056  	-0.0162  	0.02322  	0.01489  	0.00331  	0.01880  	0.01287  	-0.0342  	0.03636  	0.00895  	-0.0262  	0.02781  	-0.0009  	-0.0156  	0.03696  	-0.0027  	-0.0069  	-0.0242  	0.03589  	-0.0073  	0.02253  	-0.2797  	
-0.1947  	-0.0446  	-0.0582  	0.47827  	0.00795  	0.32581  	0.12222  	-0.6984  	0.14719  	-0.0153  	0.10091  	0.24905  	-0.0482  	-0.6563  	-0.9508  	0.77625  	-0.0781  	0.32051  	-0.2876  	0.45463  	-0.1181  	-0.2343  	-0.5682  	0.21264  	-0.1518  	-0.1211  	-0.4011  	-0.0386  	-0.0106  	-0.1102  	-0.2139  	0.23622  	0.23394  	-0.0509  	0.13842  	0.29690  	0.08287  	-8.1039  	-0.1640  	0.23687  	0.02856  	0.02957  	0.02543  	-0.0152  	-0.0774  	-0.0513  	0.03838  	-0.0104  	0.03911  	-0.0200  	0.01592  	0.01539  	0.00396  	0.02320  	0.01472  	-0.0358  	0.03549  	0.00609  	-0.0262  	0.02873  	-0.0003  	-0.0118  	0.03265  	-0.0003  	-0.0069  	-0.0242  	0.03589  	-0.0073  	0.02253  	-0.2797  	
-0.2317  	-0.0465  	-0.0597  	0.40330  	0.00794  	0.25434  	0.13402  	-0.7035  	0.16432  	0.05536  	0.15904  	0.28668  	-0.0149  	-0.6088  	-1.0691  	0.79498  	-0.1170  	0.33435  	-0.2820  	0.49642  	-0.1891  	-0.2148  	-0.5844  	0.20187  	-0.1376  	-0.1297  	-0.4833  	0.03390  	0.03916  	-0.1154  	-0.1963  	0.20779  	0.24784  	-0.0530  	0.10033  	0.32105  	0.04803  	-0.0370  	-0.1423  	0.25786  	0.03247  	0.03479  	0.01660  	-0.0266  	-0.0765  	-0.0468  	0.04029  	0.00974  	0.04041  	-0.0158  	0.01727  	0.01384  	-0.0014  	0.02017  	0.00811  	-0.0324  	0.03505  	0.00289  	-0.0309  	0.02979  	0.00206  	-0.0100  	0.03290  	0.00305  	-0.0069  	-0.0242  	0.03589  	-0.0073  	0.02253  	-0.2797  	
-0.3322  	-0.1022  	-0.1680  	0.46998  	0.07058  	0.20564  	0.12253  	-0.7270  	0.13770  	0.05962  	0.25823  	0.32073  	-0.0180  	-0.5638  	-1.0365  	0.73028  	-0.1198  	0.33994  	-0.2992  	0.53114  	-0.1556  	-0.2488  	-0.6395  	0.26280  	-0.1408  	-0.1242  	-0.4782  	0.01809  	-0.0072  	-0.1208  	-0.1962  	0.20344  	0.24875  	-0.0424  	0.15530  	0.29401  	0.02520  	-0.0487  	-0.1419  	0.25963  	-0.0092  	0.04225  	0.00343  	-0.0346  	-0.0707  	-0.0443  	0.03380  	-0.0048  	0.03625  	-0.0150  	0.01839  	0.01316  	-0.0019  	0.01986  	0.00673  	-0.0356  	0.03676  	0.00592  	-0.0293  	0.02924  	0.00162  	-0.0095  	0.03276  	-0.0023  	-0.0069  	-0.0242  	0.03589  	-0.0073  	0.02253  	-0.2797  	
-0.4065  	-0.1319  	-0.1915  	0.50515  	0.13474  	0.13250  	0.13586  	-0.6866  	0.15565  	0.02116  	0.27898  	0.36748  	-0.0159  	-0.6075  	-1.0022  	0.73797  	-0.1128  	0.33308  	-0.3024  	0.55968  	-0.1125  	-0.2685  	-0.6480  	0.25729  	-0.2235  	-0.1147  	-0.4965  	0.03041  	-0.0247  	-0.1475  	-0.1946  	0.18600  	0.27481  	-0.0364  	0.18292  	0.27673  	0.03591  	-0.0454  	-0.1587  	0.23259  	-0.0080  	0.04907  	-0.0132  	-0.0454  	-0.0746  	-0.0465  	0.05146  	-0.0101  	0.04845  	-0.0149  	0.01443  	0.01245  	-0.0029  	0.02724  	0.00313  	-0.0320  	0.03648  	0.00338  	-0.0290  	0.03068  	0.00215  	-0.0086  	0.02820  	-0.0061  	-0.0069  	-0.0242  	0.03589  	-0.0073  	0.02253  	-0.2797  	
-0.3373  	-0.0448  	-0.1318  	0.60199  	0.13853  	0.15299  	0.05681  	-0.5953  	0.14105  	-0.0175  	0.30975  	0.51519  	0.04829  	-0.5588  	-0.8256  	0.67667  	-0.0496  	0.18394  	-0.2219  	0.35729  	-0.0212  	-0.4273  	-0.8674  	0.26475  	-0.3086  	-0.0458  	-0.5133  	-0.0311  	0.00505  	-0.1555  	-0.0830  	0.16978  	0.22367  	-0.1745  	0.14251  	0.22095  	-0.0461  	-0.0572  	-0.2397  	0.17472  	0.02322  	0.15801  	-0.1246  	0.00544  	-0.1148  	-0.0213  	0.02310  	0.00994  	0.03283  	-0.0257  	0.02481  	0.01786  	-0.0001  	0.03094  	0.00565  	-0.0374  	0.03410  	-0.0022  	-0.0222  	0.04287  	0.00761  	-0.0062  	0.00851  	-0.0076  	-0.0069  	-0.0242  	0.03589  	-0.0073  	0.02253  	-0.2797  	
-0.0616  	0.08128  	0.10802  	0.63520  	0.07828  	0.36270  	0.04593  	-0.4831  	0.16946  	-0.0761  	0.16109  	0.45147  	0.13720  	-0.4300  	-0.6344  	0.75186  	0.03010  	0.01369  	-0.1834  	0.07344  	0.13773  	-0.5646  	-0.9270  	0.32131  	-0.3538  	-0.0011  	-0.4433  	-0.2529  	-0.0139  	-0.1862  	-0.0131  	0.15156  	0.16146  	-0.2931  	0.11310  	0.12050  	0.00194  	-0.0361  	-0.3315  	0.11668  	0.10181  	0.21640  	-0.1595  	0.07917  	-0.1678  	-0.0074  	-0.0036  	0.04008  	0.02044  	-0.0285  	0.01769  	0.01836  	-0.0061  	0.04320  	0.00937  	-0.0298  	0.02393  	-0.0151  	-0.0256  	0.03969  	0.01768  	0.00293  	0.01525  	0.00408  	-0.0069  	-0.0242  	0.03589  	-0.0073  	0.02253  	-0.2797  	
0.26759  	0.11140  	0.28739  	0.56419  	-0.0441  	0.40025  	0.10748  	-0.4090  	0.20846  	-0.0681  	0.27108  	0.44475  	0.08032  	-0.5653  	-0.7338  	0.79729  	0.04816  	-0.0416  	-0.1549  	-3.6966  	0.24879  	-0.5311  	-0.8986  	0.28940  	-0.3502  	0.01671  	-0.4224  	-0.3899  	-0.0909  	-0.1910  	-0.0113  	0.18964  	0.13404  	-0.3187  	0.12352  	0.09714  	0.11724  	0.03775  	-0.3968  	0.04509  	0.09553  	0.24556  	-0.1437  	0.10977  	-0.1665  	-0.0068  	-0.0087  	0.04823  	0.03647  	-0.0290  	0.01804  	0.02423  	0.00235  	0.04875  	0.01403  	-0.0234  	0.01705  	-0.0153  	-0.0302  	0.04418  	0.00810  	-0.0005  	0.00893  	-0.0084  	-0.0069  	-0.0242  	0.03589  	-0.0073  	0.02253  	-0.2797  	
0.27038  	0.03508  	0.26752  	0.65247  	0.07469  	0.38144  	0.09139  	-0.5108  	0.16047  	-0.0037  	0.32765  	0.39689  	0.05640  	-0.6042  	-0.8738  	0.92923  	0.03019  	-0.0230  	-0.1703  	0.05277  	0.24070  	-0.5503  	-0.9153  	0.33961  	-0.2505  	-0.0061  	-0.3787  	-0.3532  	-0.1840  	-0.1593  	-0.0324  	0.19039  	0.14178  	-0.2975  	0.20163  	0.15170  	0.09463  	0.03222  	-0.3839  	0.08583  	0.08552  	0.23038  	-0.1373  	0.08981  	-0.1769  	-0.0019  	0.00047  	0.04700  	0.03734  	-0.0374  	0.02786  	0.02133  	0.00575  	0.04677  	0.01102  	-0.0282  	0.02112  	-0.0054  	-0.0339  	0.03979  	-0.0004  	-0.0156  	0.02126  	-0.0118  	-0.0069  	-0.0242  	0.03589  	-0.0073  	0.02253  	-0.2797  	
-0.1048  	-0.0234  	0.07304  	0.40619  	-0.0039  	0.34436  	0.08685  	-0.6231  	0.14246  	0.06442  	0.24864  	0.28479  	0.00786  	-0.6624  	-1.0601  	0.87680  	-0.0406  	0.20025  	-0.2146  	0.31845  	0.02047  	-0.4108  	-0.8119  	0.30543  	-0.1455  	-0.0767  	-0.3542  	-0.1854  	-0.0288  	-0.1463  	-0.1186  	0.19644  	0.15456  	-0.1878  	0.16092  	0.27088  	0.05902  	0.00289  	-0.2823  	0.18889  	0.07037  	0.13015  	-0.0838  	0.04137  	-0.1309  	-0.0321  	0.01518  	0.02011  	0.03175  	-0.0216  	0.03312  	0.01987  	-0.0022  	0.04363  	0.01194  	-0.0340  	0.03331  	-0.0006  	-0.0302  	0.04110  	0.00490  	-0.0152  	0.02255  	-0.0066  	-0.0069  	-0.0242  	0.03589  	-0.0073  	0.02253  	-0.2797  	
-0.3072  	-0.0724  	-0.0849  	0.40191  	-0.0311  	0.28151  	0.12030  	-0.7476  	0.09728  	0.04469  	0.13627  	0.24652  	-0.0957  	-0.7455  	-1.0848  	0.79147  	-0.0804  	0.34282  	-0.2660  	0.43897  	-0.1662  	-0.2438  	-0.5843  	0.25950  	-0.0716  	-0.1537  	-0.3486  	-0.0562  	0.01626  	-0.1178  	-0.2170  	0.25293  	0.21410  	-0.0612  	0.11391  	0.33469  	0.08123  	-0.0049  	-0.1644  	0.27393  	0.03231  	0.02082  	0.03143  	-0.0087  	-0.0681  	-0.0490  	0.03751  	-0.0167  	0.03902  	-0.0237  	0.01896  	0.01705  	0.00063  	0.02527  	0.00618  	-0.0375  	0.03869  	0.00817  	-0.0258  	0.03391  	0.00456  	-0.0142  	0.03610  	-0.0004  	-0.0069  	-0.0242  	0.03589  	-0.0073  	0.02253  	-0.2797  	
-0.3092  	-0.0726  	-0.0912  	0.31830  	-0.0740  	0.25266  	0.10441  	-0.7583  	0.10976  	0.03347  	0.18531  	0.21851  	-0.0881  	-0.7657  	-1.0776  	0.74756  	-0.0635  	0.33172  	-0.2804  	0.46372  	-0.1353  	-0.2429  	-0.5359  	0.21751  	-0.1261  	-0.1233  	-0.4105  	-0.0390  	-0.0092  	-0.1308  	-0.2043  	0.24466  	0.20351  	-0.0530  	0.08992  	0.30376  	0.09286  	-0.0007  	-0.1645  	0.24007  	0.05183  	0.02821  	0.01460  	-0.0244  	-0.0695  	-0.0495  	0.04101  	-0.0141  	0.03766  	-0.0227  	0.00752  	0.01617  	0.00179  	0.02479  	0.00611  	-0.0378  	0.03052  	0.00571  	-0.0273  	0.03048  	0.00308  	-0.0102  	0.03353  	-0.0031  	-0.0069  	-0.0242  	0.03589  	-0.0073  	0.02253  	-0.2797  	
-0.3588  	-0.0898  	-0.1053  	0.28412  	-0.0802  	0.22586  	0.09470  	-0.7262  	0.13054  	0.04962  	0.22527  	0.25690  	-0.0729  	-0.7700  	-1.0771  	0.77942  	-0.0628  	0.31840  	-0.2728  	0.44605  	-0.1470  	-0.2394  	-0.5045  	0.20232  	-0.1910  	-0.1117  	-0.4570  	-0.0267  	-0.0245  	-0.1373  	-0.1853  	0.22197  	0.22769  	-0.0482  	0.07776  	0.28384  	0.07820  	0.00311  	-0.1666  	0.23318  	0.06995  	0.02424  	0.03257  	-0.0142  	-0.0760  	-0.0477  	0.03978  	-0.0078  	0.03441  	-0.0151  	0.00674  	0.01866  	0.00181  	0.02571  	0.00330  	-0.0383  	0.02738  	0.00654  	-0.0298  	0.02609  	0.00711  	-0.0018  	0.03250  	-0.0039  	-0.0069  	-0.0242  	0.03589  	-0.0073  	0.02253  	-0.2797  	
-0.2897  	-0.0524  	-0.0786  	0.37604  	-0.0451  	0.27961  	0.08060  	-0.6930  	0.15114  	0.03806  	0.14567  	0.31456  	-0.0162  	-0.7076  	-1.0146  	0.78140  	-0.0450  	0.31606  	-0.2825  	0.45565  	-0.1599  	-0.2158  	-0.5156  	0.18650  	-0.2093  	-0.0970  	-0.4838  	0.01016  	-0.0193  	-0.1529  	-0.1678  	0.21624  	0.25020  	-0.0471  	0.06639  	0.26112  	0.04547  	-0.0129  	-0.1427  	0.24513  	0.05182  	0.01800  	0.03438  	-0.0212  	-0.0843  	-0.0471  	0.03893  	0.00337  	0.03878  	-0.0089  	0.01227  	0.01653  	-0.0028  	0.02030  	0.00325  	-0.0371  	0.03056  	0.00475  	-0.0271  	0.02718  	0.00459  	0.00088  	0.03751  	-0.0038  	-0.0069  	-0.0242  	0.03589  	-0.0073  	0.02253  	-0.2797  	
-0.1832  	-0.0539  	-0.0515  	0.42944  	-0.0093  	0.31497  	0.12039  	-0.6892  	0.14558  	0.04918  	0.19937  	0.32520  	-0.0265  	-0.6601  	-1.0084  	0.80556  	-0.0902  	0.32202  	-0.2960  	0.46009  	-0.1467  	-0.2099  	-0.5796  	0.20695  	-0.1994  	-0.1150  	-0.4955  	-0.0030  	-0.0388  	-0.1533  	-0.1836  	0.22204  	0.25017  	-0.0496  	0.12155  	0.28504  	0.06516  	-0.0174  	-0.1687  	0.23825  	0.05652  	0.02540  	0.03188  	-0.0265  	-0.0838  	-0.0446  	0.03870  	-0.0009  	0.04074  	-0.0114  	0.01183  	0.01241  	0.00133  	0.02355  	0.00612  	-0.0377  	0.03697  	0.00427  	-0.0283  	0.02817  	-0.0003  	-0.0034  	0.03231  	0.00132  	-0.0069  	-0.0242  	0.03589  	-0.0073  	0.02253  	-0.2797  	
-0.2098  	-0.0350  	-0.0513  	0.41840  	0.02289  	0.30265  	0.13037  	-0.6983  	0.15148  	0.07626  	0.17767  	0.32536  	-0.0170  	-0.6345  	-1.0079  	0.83512  	-0.1192  	0.35518  	-0.2914  	0.50788  	-0.1815  	-0.2257  	-0.6074  	0.17608  	-0.2012  	-0.1217  	-0.5349  	0.05051  	0.01827  	-0.1570  	-0.1884  	0.21624  	0.25772  	-0.0474  	0.09021  	0.29656  	0.01558  	-0.0242  	-0.1444  	0.26712  	0.07041  	0.01721  	0.04194  	-0.0145  	-0.0850  	-0.0458  	0.04206  	0.00596  	0.04131  	-0.0195  	0.01566  	0.01174  	0.00225  	0.02271  	0.01128  	-0.0407  	0.03856  	0.00476  	-0.0259  	0.02914  	0.00222  	-0.0049  	0.03681  	0.00306  	-0.0069  	-0.0242  	0.03589  	-0.0073  	0.02253  	-0.2797  	
-0.2117  	-0.0590  	-0.0353  	0.41255  	-0.0046  	0.27582  	0.09094  	-0.7204  	0.14602  	0.05933  	0.23128  	0.30000  	-0.0535  	-0.6950  	-1.0797  	0.83621  	-0.0892  	0.33434  	-0.2740  	0.50147  	-0.1403  	-0.2603  	-0.5941  	0.22728  	-0.1771  	-0.1244  	-0.4637  	0.00125  	-0.0372  	-0.1394  	-0.1949  	0.23457  	0.23587  	-0.0591  	0.12304  	0.29482  	0.07814  	-0.0198  	-0.1709  	0.24155  	0.04122  	0.02285  	0.02099  	-0.0158  	-0.0757  	-0.0424  	0.04297  	0.00264  	0.04109  	-0.0206  	0.01539  	0.01571  	0.00215  	0.02312  	0.00662  	-0.0391  	0.03266  	0.00632  	-0.0263  	0.02720  	-0.0007  	-0.0112  	0.03972  	-0.0024  	-0.0069  	-0.0242  	0.03589  	-0.0073  	0.02253  	-0.2797  	
-0.3141  	-0.0835  	-0.1559  	0.44251  	0.04388  	0.24160  	0.10682  	-0.7336  	0.12802  	0.05834  	0.17028  	0.31347  	-0.0555  	-0.6788  	-1.0481  	0.76417  	-0.0957  	0.33316  	-0.2877  	0.46955  	-0.1745  	-0.2314  	-0.6089  	0.22637  	-0.1276  	-0.1282  	-0.4366  	0.02750  	0.02697  	-0.1194  	-0.1950  	0.22516  	0.21930  	-0.0421  	0.10768  	0.31664  	0.03723  	-0.0327  	-0.1404  	0.25050  	0.02225  	0.03265  	0.01063  	-0.0269  	-0.0648  	-0.0460  	0.04033  	-0.0055  	0.03782  	-0.0118  	0.01685  	0.01426  	0.00142  	0.02249  	0.00788  	-0.0386  	0.03788  	0.00708  	-0.0255  	0.02885  	0.00071  	-0.0098  	0.03213  	-0.0036  	-0.0069  	-0.0242  	0.03589  	-0.0073  	0.02253  	-0.2797  	
-0.3061  	-0.0866  	-0.1268  	0.45602  	0.03671  	0.24173  	0.08934  	-0.7151  	0.14701  	0.05457  	0.18200  	0.32943  	-0.0489  	-0.6514  	-0.9936  	0.77357  	-0.0889  	0.30891  	-0.2842  	0.45142  	-0.1497  	-0.2447  	-0.5625  	0.22073  	-0.1866  	-0.1199  	-0.4515  	-0.0180  	-0.0082  	-0.1118  	-0.1936  	0.21790  	0.23869  	-0.0486  	0.12063  	0.28098  	0.06740  	-0.0276  	-0.1533  	0.24057  	0.02370  	0.03115  	0.01324  	-0.0216  	-0.0664  	-0.0445  	0.04051  	-0.0057  	0.03587  	-0.0101  	0.01483  	0.01454  	-0.0005  	0.02180  	0.00745  	-0.0344  	0.03702  	0.00688  	-0.0249  	0.02968  	0.00336  	-0.0065  	0.03296  	-0.0018  	-0.0069  	-0.0242  	0.03589  	-0.0073  	0.02253  	-0.2797  	
-0.2656  	-0.0447  	-0.0699  	0.45220  	0.02314  	0.28623  	0.09623  	-0.6827  	0.16125  	0.05273  	0.14411  	0.34573  	-0.0275  	-0.6281  	-0.9709  	0.76873  	-0.0795  	0.32455  	-0.3020  	0.45252  	-0.1534  	-0.2176  	-0.5406  	0.19508  	-0.2144  	-0.1109  	-0.4943  	0.01520  	0.00778  	-0.1340  	-0.1727  	0.20326  	0.26185  	-0.0433  	0.09311  	0.25904  	0.02996  	-0.0268  	-0.1416  	0.24603  	0.04461  	0.02075  	0.03687  	-0.0199  	-0.0815  	-0.0477  	0.04076  	7.55548  	0.03786  	-0.0117  	0.00853  	0.01411  	-0.0040  	0.02039  	0.00573  	-0.0373  	0.03252  	0.00541  	-0.0292  	0.02654  	0.00413  	-0.0008  	0.03977  	5.59242  	-0.0069  	-0.0242  	0.03589  	-0.0073  	0.02253  	-0.2797  	
-0.2008  	-0.0381  	-0.0473  	0.53642  	0.10309  	0.29567  	0.10993  	-0.6551  	0.15162  	0.05490  	0.16466  	0.37084  	-0.0222  	-0.5816  	-0.9615  	0.83216  	-0.1173  	0.33989  	-0.2883  	0.50674  	-0.1620  	-0.2380  	-0.6093  	0.22997  	-0.2084  	-0.1297  	-0.4956  	0.02490  	-0.0014  	-0.1340  	-0.1966  	0.21672  	0.27387  	-0.0482  	0.13639  	0.27180  	0.02568  	-0.0403  	-0.1409  	0.26989  	0.02071  	0.02349  	0.02881  	-0.0202  	-0.0770  	-0.0491  	0.04217  	0.00492  	0.03863  	-0.0140  	0.01381  	0.01117  	-0.0053  	0.02369  	0.00390  	-0.0374  	0.03299  	0.00590  	-0.0270  	0.03274  	-0.0037  	-0.0031  	0.03501  	-0.0036  	-0.0069  	-0.0242  	0.03589  	-0.0073  	0.02253  	-0.2797  	
-0.0033  	-0.0130  	-0.0323  	0.78493  	0.22904  	0.40063  	0.08904  	-0.6363  	0.13945  	0.03177  	0.02700  	0.40450  	0.05761  	-0.4871  	-0.7715  	0.85024  	-0.1246  	0.28725  	-0.2861  	0.50817  	-0.1288  	-0.2117  	-0.6814  	0.29475  	-0.1354  	-0.1424  	-0.4162  	-0.0141  	-0.0446  	-0.0942  	-0.2099  	0.22701  	0.25507  	-0.0407  	0.21481  	0.24934  	0.05549  	-0.0454  	-0.1630  	0.27181  	-0.0319  	0.05815  	-0.0071  	-0.0291  	-0.0820  	-0.0398  	0.02781  	0.00393  	0.04933  	-0.0044  	0.02408  	0.00830  	-0.0062  	0.01558  	-1.6333  	-0.0301  	0.04026  	0.00596  	-0.0278  	0.03141  	0.00139  	-0.0045  	0.02694  	-0.0127  	-0.0069  	-0.0242  	0.03589  	-0.0073  	0.02253  	-0.2797  	
0.12172  	0.04168  	0.05788  	0.87337  	0.23416  	0.46998  	0.16567  	-0.5808  	0.18915  	0.00445  	-0.1054  	0.31528  	0.09666  	-0.3100  	-0.5676  	0.75589  	-0.1100  	0.25805  	-0.3109  	0.46821  	-0.0832  	-0.1565  	-0.6404  	0.23330  	-0.0966  	-0.1558  	-0.3563  	-0.0762  	0.00617  	-0.0600  	-0.2335  	0.23402  	0.26572  	-0.0314  	0.22432  	0.22377  	0.05983  	-0.0445  	-0.1150  	0.28413  	-0.0609  	0.06040  	0.00095  	-0.0247  	-0.0717  	-0.0446  	0.02602  	0.02082  	0.05887  	-0.0186  	0.02071  	0.01086  	-0.0050  	0.02289  	0.00846  	-0.0239  	0.03004  	0.00045  	-0.0260  	0.03072  	0.00059  	-0.0005  	0.02344  	-0.0111  	-0.0069  	-0.0242  	0.03589  	-0.0073  	0.02253  	-0.2797  	
0.19459  	0.06864  	0.04926  	0.95151  	0.25739  	0.45552  	0.16827  	-0.5748  	0.18734  	0.00882  	-0.1503  	0.23325  	0.10879  	-0.2266  	-0.5288  	0.74838  	-0.1146  	0.22618  	-0.3086  	0.36267  	-0.0795  	-0.1182  	-0.6162  	0.27506  	-0.0387  	-0.1730  	-0.3130  	-0.1363  	0.03964  	-0.0225  	-0.2578  	0.23096  	0.24508  	-0.0394  	0.25691  	0.22712  	0.06119  	-0.0400  	-0.1342  	0.29239  	-0.0910  	0.06653  	-0.0044  	-0.0280  	-0.0705  	-0.0424  	0.02568  	0.01957  	0.06155  	-0.0250  	0.02637  	0.00847  	-0.0014  	0.02102  	0.00646  	-0.0226  	0.02561  	0.00627  	-0.0231  	0.03328  	-0.0007  	-0.0067  	0.02803  	-0.0111  	-0.0069  	-0.0242  	0.03589  	-0.0073  	0.02253  	-0.2797  	
0.10605  	0.05245  	-0.0028  	1.11823  	0.38084  	0.42375  	0.15025  	-0.6050  	0.17142  	0.00782  	-0.1377  	0.34898  	0.12111  	-0.1537  	-0.4321  	0.72308  	-0.1086  	0.20329  	-0.3166  	0.41650  	-0.0990  	-0.1206  	-0.6945  	0.33761  	0.04271  	-0.1841  	-0.2741  	-0.0669  	0.04359  	-0.0175  	-0.2966  	0.21289  	0.23808  	-0.0455  	0.30630  	0.25939  	0.04254  	-0.0671  	-0.1310  	0.30812  	-0.1419  	0.09760  	-0.0331  	-0.0308  	-0.0783  	-0.0477  	0.03122  	0.02715  	0.06948  	-0.0288  	0.01917  	0.00654  	-0.0051  	0.01767  	0.00552  	-0.0208  	0.04042  	0.00440  	-0.0230  	0.03462  	0.00109  	-0.0038  	0.03717  	-0.0071  	-0.0069  	-0.0242  	0.03589  	-0.0073  	0.02253  	-0.2797  	
0.07217  	0.06965  	-0.0803  	1.21209  	0.45805  	0.42376  	0.15260  	-0.5967  	0.18626  	-0.0545  	-0.1463  	0.36429  	0.09715  	-0.1599  	-0.4693  	0.69834  	-0.1138  	0.21462  	-0.3525  	0.45538  	-0.1933  	-0.1321  	-0.7127  	0.31377  	0.04164  	-0.1798  	-0.3027  	0.02602  	0.11979  	0.02290  	-0.3061  	0.22969  	0.23365  	-0.0414  	0.29297  	0.28242  	-0.0189  	-0.0836  	-0.1008  	0.32316  	-0.1613  	0.09327  	-0.0409  	-0.0486  	-0.0532  	-0.0511  	0.02716  	0.00900  	0.05535  	-0.0181  	0.02398  	0.01143  	0.00537  	0.02213  	0.00046  	-0.0286  	0.04471  	-0.0005  	-0.0205  	0.03132  	-0.0037  	-0.0029  	0.02130  	0.00156  	-0.0069  	-0.0242  	0.03589  	-0.0073  	0.02253  	-0.2797  	
0.04711  	0.05887  	-0.0905  	1.15672  	0.41488  	0.46855  	0.13558  	-0.5746  	0.18858  	-0.0988  	-0.2255  	0.35537  	0.12590  	-0.2012  	-0.4713  	0.72746  	-0.1311  	0.25510  	-0.3418  	0.47796  	-0.2248  	-0.1398  	-0.7069  	0.26773  	0.01087  	-0.1751  	-0.3703  	0.09916  	0.17903  	0.03022  	-0.3044  	0.21237  	0.24429  	-0.0303  	0.24661  	0.27216  	-0.0516  	-0.0868  	-0.0854  	0.30587  	-0.1379  	0.08141  	-0.0261  	-0.0399  	-0.0560  	-0.0507  	0.03083  	0.00932  	0.06439  	-0.0227  	0.02549  	0.00721  	0.00693  	0.02142  	0.00175  	-0.0248  	0.04076  	0.00031  	-0.0197  	0.02505  	-0.0011  	-0.0039  	0.02216  	0.00048  	-0.0069  	-0.0242  	0.03589  	-0.0073  	0.02253  	-0.2797  	
0.02367  	0.06372  	-0.0576  	0.97917  	0.28715  	0.55438  	0.10636  	-0.5824  	0.19696  	-0.0582  	-0.1925  	0.31303  	0.13043  	-0.3487  	-0.5531  	0.79712  	-0.1040  	0.29104  	-0.3198  	0.48319  	-0.1711  	-0.1563  	-0.6640  	0.21990  	-0.0499  	-0.1436  	-0.4445  	0.09993  	0.14820  	-0.0129  	-0.2543  	0.17974  	0.25151  	-0.0164  	0.17815  	0.25847  	-0.0398  	-0.0889  	-0.0743  	0.28273  	-0.0628  	0.05681  	0.00525  	-0.0479  	-0.0753  	-0.0438  	0.03592  	0.01048  	0.05962  	-0.0168  	0.02555  	0.01261  	-0.0019  	0.02040  	0.00903  	-0.0277  	0.03224  	0.00789  	-0.0218  	0.03080  	-0.0028  	0.00086  	0.03150  	-0.0054  	-0.0069  	-0.0242  	0.03589  	-0.0073  	0.02253  	-0.2797  	
0.12796  	0.06139  	0.10097  	0.77713  	0.16801  	0.52551  	0.12510  	-0.5844  	0.19959  	0.02595  	-0.1076  	0.24485  	0.08849  	-0.4166  	-0.6555  	0.79072  	-0.0956  	0.27187  	-0.3027  	0.44844  	-0.0887  	-0.1625  	-0.5943  	0.23927  	-0.1132  	-0.1517  	-0.3979  	-0.0860  	-0.0031  	-0.0794  	-0.2220  	0.21949  	0.26481  	-0.0375  	0.20030  	0.23005  	0.05772  	-0.0387  	-0.1363  	0.28705  	-0.0010  	0.03478  	0.02565  	-0.0231  	-0.0841  	-0.0455  	0.03513  	0.01970  	0.05904  	-0.0173  	0.02090  	0.00954  	0.00443  	0.02128  	0.00292  	-0.0223  	0.03147  	0.00211  	-0.0320  	0.03785  	0.00126  	-0.0019  	0.02975  	-0.0071  	-0.0069  	-0.0242  	0.03589  	-0.0073  	0.02253  	-0.2797  	
0.09107  	0.05050  	0.11834  	0.59439  	0.10560  	0.43860  	0.17131  	-0.5939  	0.20640  	0.05637  	0.03926  	0.24361  	0.06840  	-0.4386  	-0.8445  	0.82706  	-0.1047  	0.27714  	-0.2881  	0.46643  	-0.0559  	-0.2031  	-0.6124  	0.27937  	-0.0949  	-0.1643  	-0.3785  	-0.1315  	-0.0418  	-0.0834  	-0.2106  	0.22280  	0.26135  	-0.0373  	0.21365  	0.23215  	0.11448  	-0.0186  	-0.1481  	0.26842  	0.00153  	0.03627  	0.03016  	-0.0252  	-0.0840  	-0.0497  	0.03728  	0.01892  	0.06105  	-0.0279  	0.01728  	0.01244  	-0.0026  	0.02253  	0.00297  	-0.0317  	0.02883  	0.00081  	-0.0308  	0.03273  	-0.0018  	-0.0050  	0.03760  	-0.0067  	-0.0069  	-0.0242  	0.03589  	-0.0073  	0.02253  	-0.2797  	
-0.0987  	0.01147  	-0.0061  	0.55424  	0.08774  	0.31395  	0.15322  	-0.6183  	0.16460  	0.02254  	0.17084  	0.28414  	0.06212  	-0.4035  	-0.9195  	0.78420  	-0.1163  	0.29031  	-0.2918  	0.48457  	-0.0198  	-0.1931  	-0.6095  	0.30040  	-0.1150  	-0.1421  	-0.3985  	-0.0883  	-0.0906  	-0.1231  	-0.1978  	0.20224  	0.27219  	-0.0552  	0.22881  	0.24128  	0.12115  	-0.0299  	-0.1819  	0.25149  	-0.0242  	0.04573  	0.00947  	-0.0391  	-0.0802  	-0.0425  	0.04172  	0.00101  	0.03824  	-0.0105  	0.01825  	0.01553  	-0.0034  	0.02108  	-0.0026  	-0.0304  	0.03124  	0.00049  	-0.0317  	0.03416  	0.00564  	-0.0008  	0.02262  	-0.0062  	-0.0069  	-0.0242  	0.03589  	-0.0073  	0.02253  	-0.2797  	
-0.2600  	-0.0570  	-0.1566  	0.59460  	0.14382  	0.22175  	0.11824  	-0.6527  	0.15204  	0.02308  	0.23266  	0.38640  	0.01346  	-0.4885  	-0.8997  	0.74289  	-0.1274  	0.33039  	-0.2911  	0.55127  	-0.0652  	-0.2541  	-0.6455  	0.28691  	-0.2104  	-0.1391  	-0.4865  	0.00793  	-0.0608  	-0.1428  	-0.1860  	0.21869  	0.28836  	-0.0461  	0.20517  	0.23490  	0.06103  	-0.0450  	-0.1579  	0.25285  	-0.0231  	0.03766  	-0.0131  	-0.0389  	-0.0648  	-0.0410  	0.03851  	-0.0067  	0.04718  	-0.0095  	0.01329  	0.01396  	-0.0085  	0.01675  	0.00576  	-0.0351  	0.03402  	0.00283  	-0.0274  	0.03037  	0.00219  	-0.0057  	0.03077  	-0.0112  	-0.0069  	-0.0242  	0.03589  	-0.0073  	0.02253  	-0.2797  	
-0.3426  	-0.0615  	-0.1851  	0.58810  	0.14943  	0.21527  	0.10329  	-0.6484  	0.14758  	0.02210  	0.24751  	0.43747  	-0.0178  	-0.5687  	-0.8700  	0.74331  	-0.1128  	0.31048  	-0.2744  	0.55710  	-0.0442  	-0.2446  	-0.6371  	0.25967  	-0.1995  	-0.1283  	-0.4525  	-0.0083  	-0.0604  	-0.1369  	-0.1977  	0.21672  	0.26996  	-0.0414  	0.20145  	0.23056  	0.04965  	-0.0376  	-0.1734  	0.21970  	-0.0296  	0.05155  	-0.0213  	-0.0552  	-0.0540  	-0.0447  	0.04006  	-0.0121  	0.04179  	-0.0197  	0.01406  	0.01668  	-0.0044  	0.01635  	0.00316  	-0.0343  	0.03569  	0.00702  	-0.0242  	0.03128  	0.00468  	-0.0018  	0.02964  	-0.0083  	-0.0069  	-0.0242  	0.03589  	-0.0073  	0.02253  	-0.2797  	
-0.0989  	-0.0208  	-0.0159  	0.53232  	0.03263  	0.37922  	0.10195  	-0.6329  	0.18391  	0.00777  	0.11649  	0.36370  	-0.0058  	-0.5642  	-0.8861  	0.84100  	-0.0740  	0.32005  	-0.2588  	0.46217  	-0.0931  	-0.2156  	-0.5742  	0.25015  	-0.1578  	-0.1280  	-0.4504  	-0.0331  	-0.0672  	-0.1058  	-0.2011  	0.22979  	0.26475  	-0.0479  	0.14328  	0.23045  	0.08385  	-0.0297  	-0.1709  	0.22466  	0.00801  	0.03211  	0.01903  	-0.0307  	-0.0823  	-0.0399  	0.03611  	0.00127  	0.04641  	-0.0172  	0.01613  	0.01405  	-0.0031  	0.02382  	-0.0011  	-0.0318  	0.03532  	0.00288  	-0.0270  	0.02786  	-0.0029  	-0.0046  	0.02268  	-0.0067  	-0.0069  	-0.0242  	0.03589  	-0.0073  	0.02253  	-0.2797  	
-0.0015  	0.02972  	0.08139  	0.60558  	0.08724  	0.40049  	0.06480  	-0.5912  	0.17210  	0.03337  	0.15100  	0.38057  	0.03512  	-0.6735  	-0.9345  	0.87545  	-0.0226  	0.19228  	-0.1915  	0.28954  	-0.0311  	-0.4078  	-0.8216  	0.27454  	-0.2081  	-0.0729  	-0.4608  	-0.1500  	-0.0074  	-0.1324  	-0.1059  	0.19862  	0.18092  	-0.1804  	0.11487  	0.22427  	0.02720  	-0.0173  	-0.2323  	0.19562  	0.10342  	0.12568  	-0.0638  	0.04153  	-0.1256  	-0.0227  	0.01253  	0.02540  	0.03997  	-0.0347  	0.02033  	0.01735  	-0.0016  	0.02723  	0.00935  	-0.0270  	0.03422  	-0.0068  	-0.0322  	0.03933  	0.00497  	-0.0141  	0.02337  	-0.0054  	-0.0069  	-0.0242  	0.03589  	-0.0073  	0.02253  	-0.2797  	
-0.1131  	-0.0111  	0.04602  	0.55145  	0.09398  	0.34860  	0.04386  	-0.6170  	0.12965  	0.03075  	0.15876  	0.36649  	0.01483  	-0.7438  	-0.9462  	0.79044  	0.03948  	0.09262  	-0.1675  	0.13253  	0.00078  	-0.5878  	-0.9944  	0.26791  	-0.2543  	-0.0006  	-0.4284  	-0.1719  	0.07119  	-0.1366  	-0.0430  	0.17073  	0.11676  	-0.2834  	0.07114  	0.24563  	-0.0602  	-0.0182  	-0.3187  	0.13734  	0.13303  	0.21723  	-0.1456  	0.10860  	-0.1647  	-0.0104  	-0.0008  	0.02702  	0.02385  	-0.0390  	0.03005  	0.02248  	0.00298  	0.04306  	0.01561  	-0.0320  	0.03725  	-0.0099  	-0.0298  	0.04189  	0.00868  	-0.0187  	0.01709  	-0.0051  	-0.0069  	-0.0242  	0.03589  	-0.0073  	0.02253  	-0.2797  	
-0.2046  	-0.0584  	0.03642  	0.44330  	-0.0341  	0.31127  	0.05245  	-0.6328  	0.07431  	-0.0632  	0.15066  	0.25316  	-0.0118  	-0.8430  	-0.9648  	0.70398  	0.08185  	0.03848  	-0.1286  	0.01035  	-0.0185  	-0.6045  	-0.9483  	0.27856  	-0.1955  	0.00703  	-0.3170  	-0.2258  	0.10585  	-0.1425  	-0.0369  	0.18529  	0.04574  	-0.3261  	0.03323  	0.27818  	-0.0382  	-0.0013  	-0.3547  	0.11514  	0.14311  	0.23913  	-0.1539  	0.12335  	-0.1693  	-0.0176  	-0.0102  	0.01897  	0.01697  	-0.0401  	0.02027  	0.02345  	0.00452  	0.04936  	0.02075  	-0.0380  	0.03861  	-0.0068  	-0.0296  	0.03877  	0.01109  	-0.0206  	0.01320  	0.00227  	-0.0069  	-0.0242  	0.03589  	-0.0073  	0.02253  	-0.2797  	
-0.2127  	-0.0325  	-0.0085  	0.58084  	0.07598  	0.30420  	0.03287  	-0.6101  	0.09439  	-0.0778  	0.04569  	0.35884  	0.00211  	-0.7513  	-0.8628  	0.68693  	0.06280  	0.09345  	-0.1533  	0.05064  	-0.0686  	-0.5302  	-0.9371  	0.22728  	-0.2232  	0.00530  	-0.3624  	-0.1526  	0.14742  	-0.1155  	-0.0440  	0.16266  	0.07944  	-0.2929  	0.00799  	0.25147  	-0.0619  	-0.0127  	-0.3142  	0.13849  	0.13666  	0.22186  	-0.1462  	0.10460  	-0.1529  	-0.0192  	-0.0043  	0.01701  	0.01845  	-0.0427  	0.02129  	0.01971  	0.00259  	0.04538  	0.02136  	-0.0313  	0.03639  	-0.0080  	-0.0276  	0.04282  	0.01172  	-0.0065  	0.01107  	0.00190  	-0.0069  	-0.0242  	0.03589  	-0.0073  	0.02253  	-0.2797  	
-0.1947  	0.00719  	-0.0176  	0.61145  	0.06316  	0.35855  	0.04921  	-0.6006  	0.14457  	-0.0813  	0.03930  	0.36090  	0.00063  	-0.6408  	-0.7770  	0.66066  	0.03450  	0.20266  	-0.2214  	0.23038  	-0.0552  	-0.3730  	-0.7833  	0.22787  	-0.2190  	-0.0452  	-0.3979  	-0.0736  	0.08358  	-0.1109  	-0.1211  	0.18316  	0.17346  	-0.1755  	0.05617  	0.23582  	-0.0198  	-0.0210  	-0.2378  	0.18581  	0.08040  	0.13789  	-0.0697  	0.04562  	-0.1277  	-0.0328  	0.01826  	0.00142  	0.03728  	-0.0310  	0.01846  	0.01498  	0.00403  	0.03900  	0.01693  	-0.0296  	0.03649  	-0.0027  	-0.0266  	0.03635  	0.00633  	0.00117  	0.01446  	0.00058  	-0.0069  	-0.0242  	0.03589  	-0.0073  	0.02253  	-0.2797  	
-0.0966  	0.00865  	-0.0265  	0.65928  	0.09354  	0.41813  	0.10336  	-0.6444  	0.17617  	-0.0513  	0.02363  	0.33795  	-0.0185  	-0.5245  	-0.7898  	0.74996  	-0.0627  	0.31280  	-0.2896  	0.46597  	-0.0752  	-0.2246  	-0.5671  	0.26049  	-0.1700  	-0.1264  	-0.4145  	-0.0417  	-0.0281  	-0.1107  	-0.2308  	0.22849  	0.24797  	-0.0430  	0.17584  	0.24143  	0.08082  	-0.0170  	-0.1447  	0.25111  	-0.0027  	0.03268  	0.01314  	-0.0200  	-0.0810  	-0.0409  	0.04116  	0.00709  	0.04587  	-0.0084  	0.01674  	0.01468  	-0.0029  	0.02323  	0.01114  	-0.0312  	0.02876  	0.00360  	-0.0289  	0.02465  	-0.0018  	-0.0023  	0.02866  	-0.0087  	-0.0069  	-0.0242  	0.03589  	-0.0073  	0.02253  	-0.2797  	
-0.0453  	-0.0187  	0.00534  	0.58863  	0.08091  	0.40006  	0.11570  	-0.6753  	0.16122  	0.01479  	0.13407  	0.30845  	-0.0286  	-0.5980  	-0.9293  	0.86091  	-0.1129  	0.30957  	-0.2767  	0.45426  	-0.0453  	-0.2153  	-0.5969  	0.26704  	-0.1455  	-0.1491  	-0.4012  	-0.0783  	-0.0955  	-0.1064  	-0.2249  	0.24885  	0.24504  	-0.0502  	0.20948  	0.28247  	0.13195  	-0.0069  	-0.1985  	0.24118  	-0.0144  	0.03859  	0.01509  	-0.0277  	-0.0735  	-0.0450  	0.03249  	-0.0073  	0.04806  	-0.0124  	0.02034  	0.01363  	-0.0021  	0.02566  	0.00550  	-0.0286  	0.03798  	0.00693  	-0.0275  	0.02699  	-0.0037  	-0.0101  	0.03081  	-0.0083  	-0.0069  	-0.0242  	0.03589  	-0.0073  	0.02253  	-0.2797  	
-0.0118  	-0.0187  	0.01188  	0.54511  	0.09477  	0.39938  	0.12964  	-0.6799  	0.16301  	0.07626  	0.17782  	0.31493  	-0.0192  	-0.6016  	-1.0209  	0.89710  	-0.1294  	0.32604  	-0.2815  	0.51171  	-0.0951  	-0.2354  	-0.6524  	0.27600  	-0.1440  	-0.1567  	-0.4139  	-0.0212  	-0.0646  	-0.1218  	-0.2182  	0.24809  	0.24775  	-0.0453  	0.21162  	0.29781  	0.09816  	-0.0221  	-0.1813  	0.26566  	-0.0026  	0.04126  	0.01526  	-0.0234  	-0.0701  	-0.0456  	0.03518  	-0.0029  	0.04732  	-0.0159  	0.02613  	0.01118  	0.00292  	0.02080  	0.00831  	-0.0319  	0.04157  	0.00816  	-0.0270  	0.03094  	-0.0029  	-0.0115  	0.03397  	-0.0046  	-0.0069  	-0.0242  	0.03589  	-0.0073  	0.02253  	-0.2797  	
0.11399  	0.01937  	0.09077  	0.66668  	0.09631  	0.44988  	0.16182  	-0.5676  	0.18346  	0.03787  	0.14387  	0.35032  	0.02033  	-0.5012  	-0.9187  	0.91798  	-0.1259  	0.29875  	-0.2678  	0.48136  	-0.0329  	-0.2226  	-0.6237  	0.24995  	-0.1050  	-0.1772  	-0.3532  	-0.0819  	-0.0726  	-0.1101  	-0.2239  	0.24862  	0.25060  	-0.0663  	0.21111  	0.25335  	0.12123  	-0.0201  	-0.1607  	0.26062  	-0.0129  	0.04119  	0.01193  	-0.0127  	-0.0845  	-0.0477  	0.02954  	0.01526  	0.05340  	-0.0190  	0.02340  	0.01328  	-0.0015  	0.02396  	0.00639  	-0.0271  	0.03702  	0.00425  	-0.0247  	0.02916  	-0.0028  	-0.0089  	0.04068  	-0.0130  	-0.0069  	-0.0242  	0.03589  	-0.0073  	0.02253  	-0.2797  	
0.12895  	0.03367  	0.10145  	0.73790  	0.13780  	0.49340  	0.13902  	-0.5704  	0.19443  	0.01517  	0.09141  	0.35604  	0.05237  	-0.4007  	-0.8436  	0.91469  	-0.1206  	0.25473  	-0.2679  	0.43469  	0.00042  	-0.1790  	-0.6193  	0.27296  	-0.1076  	-0.1775  	-0.3449  	-0.1617  	-0.1006  	-0.0834  	-0.2421  	0.23827  	0.25196  	-0.0540  	0.23114  	0.22781  	0.14490  	-0.0015  	-0.1664  	0.23955  	-0.0210  	0.04293  	0.02598  	-0.0209  	-0.0795  	-0.0476  	0.02468  	0.02206  	0.05915  	-0.0194  	0.01834  	0.01319  	-0.0008  	0.02620  	0.00225  	-0.0221  	0.03029  	0.00377  	-0.0313  	0.03226  	-0.0001  	-0.0108  	0.03300  	-0.0084  	-0.0069  	-0.0242  	0.03589  	-0.0073  	0.02253  	-0.2797  	
-0.0939  	-0.0213  	0.03612  	0.52830  	0.04477  	0.41149  	0.10189  	-0.6375  	0.15086  	-0.0684  	0.20406  	0.29875  	-0.0399  	-0.5791  	-0.9187  	0.80086  	-0.0755  	0.25481  	-0.2666  	0.40713  	0.04636  	-0.2086  	-0.5310  	0.34727  	-0.1715  	-0.1542  	-0.3059  	-0.1955  	-0.1798  	-0.1524  	-0.2248  	0.27060  	0.24861  	-0.0710  	0.23670  	0.22931  	0.19591  	0.00641  	-0.2236  	0.24165  	-0.0187  	0.04360  	-0.0024  	-0.0151  	-0.0840  	-0.0541  	0.03841  	-0.0053  	0.05056  	-0.0130  	0.01215  	0.01370  	-0.0028  	0.02953  	0.00521  	-0.0314  	0.03342  	0.00558  	-0.0270  	0.02889  	-0.0015  	-0.0128  	0.03269  	-0.0096  	-0.0069  	-0.0242  	0.03589  	-0.0073  	0.02253  	-0.2797  	
-0.1484  	-0.0433  	-0.0033  	0.43404  	-0.0126  	0.34168  	0.10234  	-0.6823  	0.14109  	-0.0099  	0.18334  	0.26582  	-0.0792  	-0.6789  	-0.9721  	0.84337  	-0.0807  	0.30473  	-0.2641  	0.43681  	-0.0516  	-0.2119  	-0.5392  	0.29356  	-0.1754  	-0.1481  	-0.3436  	-0.1462  	-0.1029  	-0.1348  	-0.2207  	0.26824  	0.23495  	-0.0563  	0.19684  	0.27999  	0.14436  	0.01363  	-0.2102  	0.24611  	0.00817  	0.04339  	0.00191  	-0.0273  	-0.0803  	-0.0403  	0.04171  	-0.0058  	0.03619  	-0.0155  	0.01323  	0.01815  	-0.0022  	0.02409  	0.00537  	-0.0350  	0.03256  	0.00521  	-0.0318  	0.02857  	2.58572  	-0.0094  	0.03411  	-0.0066  	-0.0069  	-0.0242  	0.03589  	-0.0073  	0.02253  	-0.2797  	
-0.0783  	-0.0438  	0.02906  	0.44476  	0.00957  	0.33052  	0.14849  	-0.7081  	0.16111  	0.08935  	0.21275  	0.30338  	-0.0512  	-0.7063  	-1.0593  	0.88694  	-0.1162  	0.35242  	-0.2782  	0.50699  	-0.1833  	-0.2523  	-0.6176  	0.22541  	-0.1781  	-0.1480  	-0.4540  	0.01525  	-0.0302  	-0.1298  	-0.2076  	0.24264  	0.23408  	-0.0480  	0.16785  	0.32192  	0.07162  	-0.0141  	-0.1573  	0.26383  	0.04192  	0.03584  	0.02235  	-0.0131  	-0.0814  	-0.0482  	0.03641  	-0.0001  	0.04843  	-0.0125  	0.02114  	0.01676  	0.00157  	0.02625  	0.01294  	-0.0320  	0.03444  	0.00467  	-0.0348  	0.03125  	-0.0011  	-0.0040  	0.03427  	-0.0008  	-0.0069  	-0.0242  	0.03589  	-0.0073  	0.02253  	-0.2797  	
-0.1437  	-0.0419  	0.04852  	0.31546  	-0.0889  	0.25740  	0.15299  	-0.7130  	0.12926  	0.10781  	0.18835  	0.19713  	-0.0418  	-0.7208  	-1.1412  	0.86092  	-0.1269  	0.36186  	-0.2976  	0.49059  	-0.2210  	-0.2670  	-0.6039  	0.16117  	-0.1633  	-0.1186  	-0.4845  	0.04367  	0.01440  	-0.1152  	-0.1890  	0.23808  	0.24956  	-0.0449  	0.10733  	0.35857  	0.03330  	-0.0255  	-0.1470  	0.25717  	0.04694  	0.02637  	0.03156  	-0.0172  	-0.0793  	-0.0495  	0.03923  	-0.0015  	0.04905  	-0.0169  	0.02045  	0.01326  	-0.0001  	0.02430  	0.01201  	-0.0394  	0.03240  	0.00537  	-0.0317  	0.02797  	0.00065  	-0.0071  	0.03983  	-0.0018  	-0.0069  	-0.0242  	0.03589  	-0.0073  	0.02253  	-0.2797  	
-0.4641  	-0.1117  	-0.1615  	0.28485  	-0.1068  	0.12800  	0.11204  	-0.7050  	0.11880  	0.05756  	0.34095  	0.22363  	-0.0768  	-0.7300  	-1.1047  	0.75034  	-0.0995  	0.28514  	-0.2460  	0.45018  	-0.0837  	-0.2680  	-0.6192  	0.28198  	-0.1165  	-0.1396  	-0.3419  	-0.0733  	-0.0875  	-0.1396  	-0.1907  	0.25208  	0.22294  	-0.0576  	0.19165  	0.33847  	0.11471  	-0.0160  	-0.1963  	0.21164  	0.00441  	0.03878  	-0.0030  	-0.0210  	-0.0598  	-0.0497  	0.02601  	-0.0251  	0.02702  	-0.0147  	0.01464  	0.01591  	0.00397  	0.02429  	0.00658  	-0.0287  	0.03115  	0.01173  	-0.0228  	0.03560  	0.00430  	-0.0122  	0.03645  	-0.0019  	-0.0069  	-0.0242  	0.03589  	-0.0073  	0.02253  	-0.2797  	
-0.2192  	-0.0506  	-0.0768  	0.44557  	0.04394  	0.23069  	0.05507  	-0.5873  	0.15973  	0.00755  	0.22454  	0.34829  	-0.0243  	-0.5342  	-0.8552  	0.75569  	-0.0879  	0.23468  	-0.2656  	0.47280  	0.03923  	-0.2680  	-0.5598  	0.32827  	-0.2231  	-0.1434  	-0.3440  	-0.1468  	-0.1696  	-0.1490  	-0.1989  	0.23975  	0.26092  	-0.0568  	0.24715  	0.19034  	0.17476  	-0.0152  	-0.2029  	0.24016  	-0.0440  	0.03825  	-0.0202  	-0.0283  	-0.0653  	-0.0501  	0.04165  	-0.0161  	0.03390  	-0.0116  	0.00982  	0.00975  	-0.0074  	0.02194  	-0.0016  	-0.0339  	0.03894  	0.00621  	-0.0256  	0.03506  	0.00495  	-0.0081  	0.03311  	-0.0046  	-0.0069  	-0.0242  	0.03589  	-0.0073  	0.02253  	-0.2797  	
0.08163  	0.08368  	0.13257  	0.66648  	0.10143  	0.50258  	0.10696  	-0.5324  	0.19457  	0.01952  	-0.0247  	0.34625  	0.10057  	-0.3167  	-0.6333  	0.79516  	-0.0743  	0.20781  	-0.2636  	0.36808  	0.01720  	-0.1656  	-0.5236  	0.30701  	-0.1642  	-0.1387  	-0.2924  	-0.2161  	-0.1664  	-0.0906  	-0.1953  	0.24666  	0.26450  	-0.0627  	0.26807  	0.19590  	0.16053  	-0.0080  	-0.1935  	0.22714  	-0.0646  	0.03936  	0.02052  	-0.0195  	-0.0783  	-0.0437  	0.03349  	0.01885  	0.05410  	-0.0150  	0.02128  	0.01068  	-0.0021  	0.01954  	0.00386  	-0.0228  	0.02036  	0.00140  	-0.0315  	0.03191  	0.00247  	-0.0023  	0.02359  	-0.0074  	-0.0069  	-0.0242  	0.03589  	-0.0073  	0.02253  	-0.2797  	
0.09742  	0.07678  	0.10126  	0.75187  	0.12155  	0.47835  	0.13216  	-0.5589  	0.20226  	-0.0324  	0.05538  	0.28686  	0.04659  	-0.3554  	-0.6491  	0.77143  	-0.0790  	0.22225  	-0.2813  	0.37559  	0.05837  	-0.1631  	-0.5035  	0.35205  	-0.1801  	-0.1528  	-0.3215  	-0.2486  	-0.1511  	-0.1148  	-0.2191  	0.25341  	0.28094  	-0.0571  	0.25134  	0.16565  	0.17505  	0.00902  	-0.1856  	0.24810  	-0.0315  	0.03414  	0.01984  	-0.0058  	-0.0732  	-0.0457  	0.03475  	0.00947  	0.05714  	-0.0217  	0.01102  	0.01580  	0.00068  	0.02633  	0.00296  	-0.0248  	0.01642  	0.00093  	-0.0326  	0.03580  	0.00417  	0.00326  	0.02603  	-0.0098  	-0.0069  	-0.0242  	0.03589  	-0.0073  	0.02253  	-0.2797  	
-0.0210  	0.00653  	0.05050  	0.51930  	0.05929  	0.43059  	0.10871  	-0.6476  	0.16622  	-0.0202  	0.20134  	0.31151  	-0.0477  	-0.5862  	-0.9154  	0.87851  	-0.0944  	0.26215  	-0.2636  	0.43557  	0.03188  	-0.2129  	-0.5445  	0.31739  	-0.2060  	-0.1445  	-0.3476  	-0.1869  	-0.1582  	-0.1304  	-0.2191  	0.26347  	0.25089  	-0.0589  	0.24052  	0.24273  	0.20189  	0.00526  	-0.2267  	0.23095  	-0.0118  	0.03679  	0.01411  	-0.0249  	-0.0793  	-0.0490  	0.03672  	0.00253  	0.04873  	-0.0065  	0.01537  	0.00919  	0.00012  	0.02656  	0.00243  	-0.0248  	0.03730  	0.00457  	-0.0264  	0.03106  	-0.0048  	-0.0119  	0.03667  	-0.0062  	-0.0069  	-0.0242  	0.03589  	-0.0073  	0.02253  	-0.2797  	
-0.0492  	-0.0375  	0.01959  	0.49223  	0.05999  	0.37502  	0.11810  	-0.6891  	0.16535  	0.09619  	0.20065  	0.34062  	-0.0388  	-0.6925  	-1.0720  	0.94146  	-0.1212  	0.33174  	-0.2683  	0.50065  	-0.1136  	-0.2225  	-0.6048  	0.26442  	-0.1472  	-0.1448  	-0.4157  	-0.0341  	-0.0715  	-0.1280  	-0.2054  	0.24288  	0.24510  	-0.0541  	0.18724  	0.30275  	0.09670  	-0.0164  	-0.1655  	0.24856  	0.00063  	0.03879  	0.01722  	-0.0118  	-0.0701  	-0.0452  	0.03800  	0.00211  	0.04595  	-0.0142  	0.02942  	0.01535  	0.00350  	0.01794  	0.00809  	-0.0347  	0.03674  	0.00367  	-0.0296  	0.02832  	-0.0001  	-0.0112  	0.03203  	0.00081  	-0.0069  	-0.0242  	0.03589  	-0.0073  	0.02253  	-0.2797  	
-0.1697  	-0.0729  	-0.0258  	0.40853  	-0.0226  	0.32213  	0.11762  	-0.7054  	0.13943  	0.06324  	0.22428  	0.26003  	-0.0611  	-0.7220  	-1.0401  	0.86228  	-0.1134  	0.32479  	-0.2656  	0.46020  	-0.1413  	-0.2298  	-0.5926  	0.23634  	-0.1287  	-0.1353  	-0.4184  	-0.0143  	-0.0461  	-0.1280  	-0.1999  	0.24659  	0.22507  	-0.0495  	0.16343  	0.32346  	0.08957  	-0.0049  	-0.1811  	0.24479  	0.03222  	0.03270  	0.02960  	-0.0083  	-0.0802  	-0.0453  	0.03785  	-0.0025  	0.03770  	-0.0156  	0.02372  	0.01693  	0.00282  	0.02229  	0.00970  	-0.0347  	0.03316  	0.00687  	-0.0254  	0.03354  	0.00371  	-0.0113  	0.03755  	0.00135  	-0.0069  	-0.0242  	0.03589  	-0.0073  	0.02253  	-0.2797  	
-0.2699  	-0.0835  	-0.0967  	0.35226  	-0.0628  	0.27617  	0.12198  	-0.7517  	0.10533  	0.03319  	0.22845  	0.25418  	-0.0933  	-0.7815  	-1.0830  	0.82980  	-0.0819  	0.32596  	-0.2774  	0.44847  	-0.1576  	-0.2617  	-0.5718  	0.23564  	-0.1155  	-0.1310  	-0.4040  	-0.0241  	-0.0045  	-0.1313  	-0.2010  	0.23853  	0.20750  	-0.0525  	0.11598  	0.32752  	0.09554  	-0.0061  	-0.1737  	0.24434  	0.03939  	0.02297  	0.02343  	-0.0089  	-0.0644  	-0.0449  	0.04031  	-0.0158  	0.03538  	-0.0125  	0.01821  	0.01390  	0.00162  	0.02359  	0.00873  	-0.0374  	0.03271  	0.01024  	-0.0276  	0.02655  	-0.0014  	-0.0094  	0.03968  	-0.0027  	-0.0069  	-0.0242  	0.03589  	-0.0073  	0.02253  	-0.2797  	
-0.3044  	-0.0724  	-0.0668  	0.30875  	-0.0957  	0.26903  	0.09816  	-0.7361  	0.11791  	0.00937  	0.19602  	0.20695  	-0.0775  	-0.7951  	-1.0808  	0.76868  	-0.0610  	0.32410  	-0.2761  	0.46786  	-0.1446  	-0.2488  	-0.5180  	0.19605  	-0.1765  	-0.1110  	-0.4448  	-0.0206  	-0.0182  	-0.1524  	-0.1940  	0.24354  	0.22075  	-0.0511  	0.08437  	0.28642  	0.08761  	0.00785  	-0.1582  	0.22468  	0.06696  	0.02479  	0.02854  	-0.0179  	-0.0731  	-0.0455  	0.03610  	-0.0136  	0.03523  	-0.0163  	0.01303  	0.01598  	0.00244  	0.02232  	0.00616  	-0.0342  	0.03096  	0.00594  	-0.0257  	0.02944  	0.00440  	-0.0075  	0.03084  	-0.0040  	-0.0069  	-0.0242  	0.03589  	-0.0073  	0.02253  	-0.2797  	
-0.2652  	-0.0525  	-0.0585  	0.39675  	-0.0155  	0.27669  	0.09244  	-0.6904  	0.14461  	0.01434  	0.15943  	0.29226  	-0.0484  	-0.7122  	-0.9842  	0.77552  	-0.0696  	0.32297  	-0.2848  	0.43597  	-0.1379  	-0.2180  	-0.4945  	0.18335  	-0.2286  	-0.0922  	-0.4810  	-0.0287  	-0.0324  	-0.1578  	-0.1760  	0.21639  	0.24579  	-0.0485  	0.08743  	0.25035  	0.07460  	0.00384  	-0.1618  	0.23870  	0.05602  	0.02932  	0.02487  	-0.0170  	-0.0758  	-0.0497  	0.03955  	-0.0082  	0.03617  	-0.0071  	0.00770  	0.01536  	-0.0011  	0.02116  	0.00724  	-0.0374  	0.03038  	0.00465  	-0.0309  	0.02276  	0.00196  	0.00245  	0.03889  	-0.0011  	-0.0069  	-0.0242  	0.03589  	-0.0073  	0.02253  	-0.2797  	
-0.1716  	0.00269  	-0.0037  	0.49604  	-0.0015  	0.31757  	0.08942  	-0.6135  	0.17944  	0.01544  	0.21212  	0.34328  	-0.0120  	-0.5546  	-0.8990  	0.80505  	-0.0939  	0.27480  	-0.3008  	0.44885  	-0.0388  	-0.2250  	-0.5179  	0.21392  	-0.2491  	-0.1127  	-0.4692  	-0.0955  	-0.0831  	-0.1535  	-0.1713  	0.21225  	0.27773  	-0.0421  	0.15666  	0.20910  	0.12211  	0.00281  	-0.1795  	0.21140  	0.05127  	0.03088  	0.02010  	-0.0263  	-0.0797  	-0.0447  	0.04531  	-0.0027  	0.03247  	-0.0082  	-8.4378  	0.01506  	0.00099  	0.02659  	0.00443  	-0.0346  	0.02595  	0.00400  	-0.0307  	0.02618  	0.00810  	0.00519  	0.03510  	-0.0028  	-0.0069  	-0.0242  	0.03589  	-0.0073  	0.02253  	-0.2797  	
0.00025  	0.06617  	0.08435  	0.55027  	0.00202  	0.40028  	0.10751  	-0.5479  	0.20988  	-0.0319  	0.24135  	0.33348  	0.00449  	-0.4569  	-0.8412  	0.83874  	-0.0801  	0.24582  	-0.2849  	0.38854  	0.10138  	-0.2268  	-0.5151  	0.25951  	-0.2597  	-0.1383  	-0.3840  	-0.2192  	-0.1925  	-0.1532  	-0.1964  	0.24619  	0.27888  	-0.0563  	0.23909  	0.15520  	0.19845  	0.03858  	-0.2219  	0.19409  	0.01123  	0.02068  	0.01440  	-0.0291  	-0.0825  	-0.0421  	0.04307  	-0.0024  	0.03958  	-0.0083  	0.00552  	0.01616  	0.00143  	0.02611  	0.00452  	-0.0289  	0.02106  	0.00489  	-0.0335  	0.02399  	0.00802  	0.00410  	0.03055  	-0.0080  	-0.0069  	-0.0242  	0.03589  	-0.0073  	0.02253  	-0.2797  	
0.12901  	0.10653  	0.18081  	0.56289  	-0.0377  	0.47684  	0.11209  	-0.4825  	0.25142  	-0.0550  	0.28997  	0.35998  	0.00040  	-0.3971  	-0.8021  	0.90871  	-0.0834  	0.20137  	-0.2666  	0.34165  	0.19157  	-0.2079  	-0.4594  	0.32946  	-0.2675  	-0.1480  	-0.3175  	-0.3350  	-0.3118  	-0.1581  	-0.1987  	0.27186  	0.28700  	-0.0644  	0.28633  	0.12448  	0.29717  	0.06055  	-0.2510  	0.16674  	-0.0196  	0.02823  	0.02226  	-0.0271  	-0.0818  	-0.0440  	0.03724  	0.00631  	0.04841  	-0.0056  	-0.0032  	0.01584  	0.00250  	0.03345  	0.00290  	-0.0224  	0.01969  	0.00421  	-0.0353  	0.03349  	0.00799  	0.00454  	0.02875  	-0.0070  	-0.0069  	-0.0242  	0.03589  	-0.0073  	0.02253  	-0.2797  	
0.15764  	0.09712  	0.20230  	0.63307  	0.05586  	0.5267  	0.12851  	-0.5068  	0.23342  	-0.0199  	0.17525  	0.33396  	0.04169  	-0.3593  	-0.7960  	0.91136  	-0.0775  	0.21501  	-0.2751  	0.37018  	0.10522  	-0.2102  	-0.5107  	0.33261  	-0.2035  	-0.1506  	-0.3013  	-0.2673  	-0.2409  	-0.1347  	-0.2119  	0.26091  	0.27928  	-0.0630  	0.26688  	0.15457  	0.23053  	0.02653  	-0.2224  	0.19989  	-0.0497  	0.03354  	0.02708  	-0.0152  	-0.0810  	-0.0430  	0.03114  	0.01747  	0.05289  	-0.0090  	0.00922  	0.01525  	-7.4421  	0.02635  	0.00394  	-0.0219  	0.02104  	0.00171  	-0.0365  	0.03191  	0.00707  	0.00085  	0.03457  	-0.0058  	-0.0069  	-0.0242  	0.03589  	-0.0073  	0.02253  	-0.2797  	
0.18907  	0.06535  	0.13402  	0.81330  	0.17508  	0.50764  	0.17636  	-0.6099  	0.20915  	0.07186  	-0.0999  	0.25221  	0.13293  	-0.2398  	-0.6466  	0.71153  	-0.0798  	0.20827  	-0.3033  	0.36307  	-0.0827  	-0.1270  	-0.5565  	0.26829  	-0.0462  	-0.1755  	-0.2983  	-0.1767  	-0.0382  	-0.0576  	-0.2258  	0.22428  	0.24619  	-0.0445  	0.20951  	0.21796  	0.09499  	-0.0346  	-0.1326  	0.26899  	-0.0522  	0.05125  	0.02013  	-0.0182  	-0.0751  	-0.0410  	0.01586  	0.03540  	0.06745  	-0.0143  	0.02314  	0.01301  	-0.0050  	0.01970  	0.00474  	-0.0124  	0.02906  	-0.0018  	-0.0308  	0.03391  	0.00749  	0.00079  	0.03554  	-0.0069  	-0.0069  	-0.0242  	0.03589  	-0.0073  	0.02253  	-0.2797  	
0.07409  	0.00418  	-0.0210  	0.87445  	0.24684  	0.43750  	0.13781  	-0.5578  	0.18400  	-0.0143  	-0.0352  	0.30886  	0.10940  	-0.3911  	-0.6013  	0.79511  	-0.0780  	0.22451  	-0.2853  	0.40778  	-0.0414  	-0.1390  	-0.5694  	0.29241  	-0.1165  	-0.1570  	-0.2991  	-0.1701  	-0.0730  	-0.0614  	-0.2334  	0.24417  	0.24932  	-0.0502  	0.23971  	0.19857  	0.12256  	-0.0382  	-0.1743  	0.24413  	-0.0704  	0.05825  	0.00638  	-0.0090  	-0.0798  	-0.0450  	0.03234  	0.01562  	0.06413  	-0.0145  	0.01354  	0.01481  	-0.0022  	0.02248  	0.01210  	-0.0262  	0.02756  	0.00173  	-0.0322  	0.03270  	0.00542  	-0.0074  	0.02014  	-0.0089  	-0.0069  	-0.0242  	0.03589  	-0.0073  	0.02253  	-0.2797  	
-0.0513  	-0.0652  	0.03585  	0.62514  	0.10104  	0.42554  	0.09506  	-0.6357  	0.15393  	-0.0068  	0.10594  	0.28069  	-0.0058  	-0.6342  	-0.9153  	0.92886  	-0.0800  	0.25303  	-0.2577  	0.41765  	-0.0724  	-0.2209  	-0.6308  	0.27772  	-0.1650  	-0.1499  	-0.3335  	-0.1493  	-0.1263  	-0.0979  	-0.2401  	0.27778  	0.23078  	-0.0792  	0.20855  	0.26690  	0.15460  	-0.0206  	-0.2026  	0.23596  	-0.0247  	0.02908  	0.00887  	-0.0056  	-0.0805  	-0.0477  	0.04165  	-0.0006  	0.05190  	-0.0202  	0.01346  	0.00493  	-0.0047  	0.02157  	0.00819  	-0.0325  	0.03459  	0.00337  	-0.0339  	0.03431  	-0.0007  	-0.0078  	0.03319  	-0.0070  	-0.0069  	-0.0242  	0.03589  	-0.0073  	0.02253  	-0.2797  	
0.00439  	-0.0718  	0.07895  	0.64385  	0.10821  	0.45996  	0.12538  	-0.6761  	0.14672  	0.05504  	0.16647  	0.32213  	-0.0276  	-0.6028  	-0.9220  	0.92526  	-0.1005  	0.27605  	-0.2637  	0.43684  	-0.0205  	-0.1928  	-0.6242  	0.35756  	-0.1657  	-0.1664  	-0.3009  	-0.1587  	-0.1627  	-0.1256  	-0.2363  	0.28968  	0.21725  	-0.0764  	0.25646  	0.30529  	0.15653  	-0.0120  	-0.2240  	0.27319  	-0.0180  	0.04478  	-0.0106  	-0.0129  	-0.0686  	-0.0480  	0.03117  	-0.0064  	0.05357  	-0.0134  	0.01855  	0.01260  	-0.0033  	0.02202  	0.00617  	-0.0346  	0.04469  	0.00395  	-0.0290  	0.04181  	-0.0011  	-0.0129  	0.03620  	-0.0058  	-0.0069  	-0.0242  	0.03589  	-0.0073  	0.02253  	-0.2797  	
0.19852  	0.04774  	0.14364  	0.69696  	0.18803  	0.41551  	0.15880  	-0.5855  	0.17366  	0.10226  	0.00939  	0.26094  	0.02855  	-0.4296  	-0.7260  	0.81712  	-0.1169  	0.24605  	-0.2781  	0.44157  	-0.0742  	-0.1862  	-0.6364  	0.33449  	-0.1210  	-0.1626  	-0.3084  	-0.1636  	-0.0972  	-0.0988  	-0.2339  	0.28033  	0.22076  	-0.0580  	0.28049  	0.27044  	0.13282  	-0.0367  	-0.1583  	0.29009  	-0.0293  	0.05896  	0.00515  	-0.0081  	-0.0866  	-0.0443  	0.02285  	0.01615  	0.06778  	-0.0027  	0.02682  	0.01146  	0.00324  	0.02765  	0.01356  	-0.0199  	0.03739  	0.00211  	-0.0306  	0.03910  	0.00484  	5.69939  	0.03209  	-0.0054  	-0.0069  	-0.0242  	0.03589  	-0.0073  	0.02253  	-0.2797  	
0.17568  	0.03437  	0.11819  	0.66841  	0.15285  	0.47262  	0.16519  	-0.5922  	0.19894  	0.06409  	0.14886  	0.37597  	0.02668  	-0.5011  	-0.9594  	0.99275  	-0.1568  	0.31135  	-0.2814  	0.49259  	-0.0749  	-0.1672  	-0.6785  	0.29224  	-0.0524  	-0.1883  	-0.3909  	-0.0555  	-0.0382  	-0.0767  	-0.2395  	0.23284  	0.23406  	-0.0576  	0.19446  	0.27680  	0.07182  	-0.0297  	-0.1635  	0.25827  	-0.0010  	0.03614  	0.03468  	-0.0140  	-0.0836  	-0.0559  	0.02623  	0.01137  	0.06838  	-0.0243  	0.03003  	0.00958  	0.00962  	0.02456  	0.00566  	-0.0252  	0.03192  	-0.0011  	-0.0350  	0.03104  	-0.0070  	-0.0050  	0.04116  	-0.0097  	-0.0069  	-0.0242  	0.03589  	-0.0073  	0.02253  	-0.2797  	
-0.0664  	0.00809  	0.02228  	0.62684  	0.09465  	0.35807  	0.13562  	-0.5923  	0.18539  	0.03628  	0.19848  	0.38390  	0.02998  	-0.4254  	-1.0301  	0.85698  	-0.1360  	0.32034  	-0.2795  	0.50457  	-0.0671  	-0.2027  	-0.6502  	0.29385  	-0.0890  	-0.1384  	-0.3834  	-0.0672  	-0.0898  	-0.1208  	-0.2180  	0.21202  	0.25989  	-0.0655  	0.20540  	0.26315  	0.09993  	-0.0365  	-0.1485  	0.22659  	-0.0254  	0.04845  	0.01976  	-0.0296  	-0.0780  	-0.0441  	0.03939  	0.00707  	0.05277  	-0.0222  	0.01906  	0.00854  	-0.0031  	0.02253  	0.00173  	-0.0268  	0.03998  	0.00160  	-0.0243  	0.03329  	-0.0034  	-0.0068  	0.02391  	-0.0058  	-0.0069  	-0.0242  	0.03589  	-0.0073  	0.02253  	-0.2797  	
-0.3011  	-0.0427  	-0.2285  	0.62100  	0.18046  	0.18222  	0.14080  	-0.6752  	0.13333  	0.03028  	0.23332  	0.45730  	0.00968  	-0.4791  	-0.8891  	0.72866  	-0.1328  	0.35969  	-0.2779  	0.54459  	-0.0807  	-0.2403  	-0.6702  	0.27735  	-0.1768  	-0.1385  	-0.4515  	0.00045  	-0.0354  	-0.1431  	-0.2007  	0.20109  	0.28126  	-0.0449  	0.22134  	0.26450  	0.03828  	-0.0512  	-0.1625  	0.25897  	-0.0504  	0.03972  	-0.0254  	-0.0413  	-0.0597  	-0.0446  	0.04193  	-0.0121  	0.03753  	-0.0121  	0.02561  	0.00708  	-0.0007  	0.01761  	0.00889  	-0.0250  	0.03592  	0.00125  	-0.0312  	0.03243  	0.00477  	-0.0020  	0.02175  	-0.0152  	-0.0069  	-0.0242  	0.03589  	-0.0073  	0.02253  	-0.2797  	
-0.3029  	-0.0567  	-0.1759  	0.61768  	0.15823  	0.25133  	0.08104  	-0.6249  	0.14427  	0.01405  	0.23244  	0.45560  	-0.0004  	-0.5053  	-0.8538  	0.72426  	-0.1156  	0.29162  	-0.2908  	0.54447  	-0.0410  	-0.2478  	-0.6135  	0.28962  	-0.1983  	-0.1375  	-0.4239  	-0.0191  	-0.0701  	-0.1399  	-0.2070  	0.21345  	0.27770  	-0.0547  	0.21019  	0.22220  	0.04150  	-0.0497  	-0.1701  	0.23247  	-0.0497  	0.04071  	-0.0185  	-0.0557  	-0.0522  	-0.0469  	0.04301  	-0.0139  	0.04676  	-0.0157  	0.02011  	0.01040  	-0.0088  	0.01539  	0.00238  	-0.0324  	0.03882  	0.00251  	-0.0234  	0.03456  	-6.2064  	-0.0045  	0.02892  	-0.0076  	-0.0069  	-0.0242  	0.03589  	-0.0073  	0.02253  	-0.2797  	
-0.0625  	0.01804  	0.02132  	0.57934  	0.06204  	0.37649  	0.11165  	-0.5942  	0.18013  	0.01605  	0.06998  	0.35012  	0.02816  	-0.4431  	-0.7868  	0.76153  	-0.0785  	0.28027  	-0.2793  	0.43565  	-0.0561  	-0.1940  	-0.5534  	0.28936  	-0.2016  	-0.1235  	-0.4272  	-0.1076  	-0.0995  	-0.1277  	-0.2005  	0.22243  	0.27000  	-0.0576  	0.17474  	0.19678  	0.10492  	-0.0208  	-0.1571  	0.25155  	0.00057  	0.02832  	0.03335  	-0.0215  	-0.0834  	-0.0450  	0.04035  	0.00855  	0.04222  	-0.0097  	0.01154  	0.01339  	-0.0012  	0.02798  	0.00283  	-0.0301  	0.03294  	5.60085  	-0.0261  	0.02979  	-0.0022  	0.00467  	0.02001  	-0.0042  	-0.0069  	-0.0242  	0.03589  	-0.0073  	0.02253  	-0.2797  	
0.06143  	0.04163  	0.12133  	0.59928  	0.03368  	0.39208  	0.15266  	-0.5844  	0.20153  	0.05069  	0.02942  	0.30681  	0.04566  	-0.4604  	-0.7923  	0.77164  	-0.0706  	0.30375  	-0.2961  	0.44719  	-0.0322  	-0.1939  	-0.5620  	0.24046  	-0.1841  	-0.1477  	-0.4238  	-0.1322  	-0.0674  	-0.1186  	-0.2049  	0.24104  	0.27180  	-0.0501  	0.16523  	0.21692  	0.10535  	-0.0032  	-0.1476  	0.23935  	0.00699  	0.02348  	0.04186  	-0.0114  	-0.0858  	-0.0453  	0.03999  	0.01272  	0.05909  	-0.0271  	0.01843  	0.01194  	-0.0016  	0.02250  	0.00252  	-0.0280  	0.03042  	0.00267  	-0.0278  	0.02647  	0.00624  	-0.0018  	0.04003  	-0.0059  	-0.0069  	-0.0242  	0.03589  	-0.0073  	0.02253  	-0.2797  	
-0.0511  	-0.0171  	0.09801  	0.57302  	0.05491  	0.42052  	0.08802  	-0.6359  	0.17820  	-0.0175  	0.13118  	0.28408  	-0.0017  	-0.5538  	-0.8897  	0.80691  	-0.0606  	0.22532  	-0.2565  	0.36871  	0.02505  	-0.1996  	-0.5141  	0.34443  	-0.1499  	-0.1562  	-0.2968  	-0.2303  	-0.1873  	-0.1205  	-0.1993  	0.27292  	0.23969  	-0.0593  	0.23070  	0.22464  	0.22093  	0.01343  	-0.2155  	0.22097  	-0.0048  	0.03944  	0.01075  	-0.0088  	-0.0919  	-0.0487  	0.03270  	0.00226  	0.05000  	-0.0084  	0.01144  	0.01148  	0.00240  	0.02783  	0.00462  	-0.0256  	0.03152  	0.00293  	-0.0243  	0.03795  	0.00473  	-0.0101  	0.03820  	-0.0058  	-0.0069  	-0.0242  	0.03589  	-0.0073  	0.02253  	-0.2797  	
-0.0568  	-0.0309  	0.02075  	0.53260  	0.03419  	0.39429  	0.11000  	-0.6484  	0.16163  	-0.0217  	0.15632  	0.28522  	-0.0434  	-0.6055  	-0.8789  	0.86286  	-0.1037  	0.30571  	-0.2670  	0.43866  	-0.0020  	-0.2240  	-0.5317  	0.30313  	-0.1828  	-0.1453  	-0.3625  	-0.1580  	-0.1384  	-0.1289  	-0.2069  	0.27536  	0.25368  	-0.0517  	0.21867  	0.24966  	0.17407  	0.01673  	-0.2145  	0.22105  	-0.0087  	0.03304  	0.01228  	-0.0193  	-0.0719  	-0.0471  	0.03843  	-0.0092  	0.04938  	-0.0154  	0.01317  	0.01121  	-0.0023  	0.02651  	0.00417  	-0.0344  	0.03278  	0.00621  	-0.0252  	0.02642  	-0.0047  	-0.0066  	0.03128  	-0.0054  	-0.0069  	-0.0242  	0.03589  	-0.0073  	0.02253  	-0.2797  	
-0.0369  	-0.0202  	0.03219  	0.52353  	0.08312  	0.37993  	0.14740  	-0.6953  	0.14514  	0.09617  	0.19384  	0.29892  	-0.0569  	-0.6485  	-1.0386  	0.92588  	-0.1347  	0.33547  	-0.2815  	0.50402  	-0.1430  	-0.2446  	-0.6388  	0.24767  	-0.1468  	-0.1498  	-0.4214  	0.01020  	-0.0272  	-0.1146  	-0.2175  	0.24731  	0.23549  	-0.0475  	0.18254  	0.31809  	0.08180  	-0.0276  	-0.1707  	0.26502  	0.00756  	0.03442  	0.01427  	-0.0129  	-0.0730  	-0.0448  	0.03296  	0.00185  	0.04744  	-0.0111  	0.02565  	0.01148  	0.00336  	0.01848  	0.01078  	-0.0325  	0.04055  	0.00581  	-0.0294  	0.03189  	-0.0023  	-0.0121  	0.03615  	-0.0027  	-0.0069  	-0.0242  	0.03589  	-0.0073  	0.02253  	-0.2797  	
0.03870  	0.00883  	0.06979  	0.54358  	0.07201  	0.43235  	0.12611  	-0.6999  	0.16404  	0.09258  	0.19776  	0.25685  	-0.0174  	-0.5760  	-0.8891  	0.90707  	-0.1085  	0.28020  	-0.2748  	0.46538  	-0.0074  	-0.2014  	-0.6354  	0.35384  	-0.2191  	-0.1461  	-0.3467  	-0.1885  	-0.2248  	-0.1457  	-0.2098  	0.28730  	0.26545  	-0.0584  	0.30414  	0.26959  	0.17057  	-0.0192  	-0.2435  	0.28486  	-0.0236  	0.05616  	-0.0099  	-0.0235  	-0.0702  	-0.0420  	0.03173  	-0.0053  	0.05495  	-0.0130  	0.02253  	0.01034  	-0.0025  	0.02191  	0.00485  	-0.0341  	0.03319  	0.00295  	-0.0306  	0.03187  	0.00382  	-0.0052  	0.02975  	-0.0077  	-0.0069  	-0.0242  	0.03589  	-0.0073  	0.02253  	-0.2797  	
0.30196  	0.08456  	0.18871  	0.77020  	0.10590  	0.48520  	0.17881  	-0.6121  	0.19699  	0.11386  	0.00589  	0.27700  	0.11732  	-0.3242  	-0.5996  	0.74093  	-0.1072  	0.25159  	-0.2640  	0.37121  	-0.0343  	-0.1334  	-0.5390  	0.27542  	-0.1108  	-0.1743  	-0.3512  	-0.2449  	-0.0744  	-0.0821  	-0.2065  	0.22846  	0.23052  	-0.0460  	0.23410  	0.22465  	0.09466  	-0.0097  	-0.1482  	0.27757  	-0.0280  	0.04182  	0.03277  	-0.0012  	-0.0820  	-0.0558  	0.02985  	0.03275  	0.06884  	-0.0180  	0.01872  	0.01181  	0.00325  	0.02578  	0.01147  	-0.0284  	0.03137  	0.00937  	-0.0412  	0.02883  	-0.0026  	-0.0018  	0.02853  	-0.0169  	-0.0069  	-0.0242  	0.03589  	-0.0073  	0.02253  	-0.2797  	
0.18662  	0.09152  	0.13271  	0.55599  	0.08195  	0.46155  	0.19425  	-0.5905  	0.18917  	0.17516  	-0.1061  	0.09622  	0.18875  	-0.1873  	-0.6334  	0.63844  	-0.0829  	0.22646  	-0.2671  	0.28372  	-0.1029  	-0.1073  	-0.5395  	0.30866  	-0.0263  	-0.1750  	-0.2395  	-0.2190  	0.01543  	-0.0470  	-0.1917  	0.21043  	0.22879  	-0.0540  	0.19347  	0.24280  	0.06592  	-0.0524  	-0.1285  	0.32017  	-0.0479  	0.04864  	0.04115  	-0.0119  	-0.1002  	-0.0425  	0.02059  	0.03416  	0.06706  	-0.0213  	0.01760  	0.01714  	-0.0011  	0.02099  	0.00544  	-0.0263  	0.02242  	0.00202  	-0.0301  	0.03636  	0.00758  	0.00298  	0.03185  	-0.0119  	-0.0069  	-0.0242  	0.03589  	-0.0073  	0.02253  	-0.2797  	
-0.1968  	-0.0280  	-0.1098  	0.56691  	0.11817  	0.23234  	0.11988  	-0.6444  	0.14119  	0.04911  	0.20935  	0.27983  	0.02064  	-0.4411  	-0.7619  	0.70967  	-0.0924  	0.26081  	-0.2812  	0.44170  	-0.0061  	-0.2297  	-0.6001  	0.36038  	-0.1750  	-0.1416  	-0.3299  	-0.2253  	-0.1591  	-0.1245  	-0.1940  	0.25940  	0.26976  	-0.0511  	0.28927  	0.19978  	0.13084  	-0.0300  	-0.2020  	0.28580  	-0.0580  	0.06071  	-0.0264  	-0.0341  	-0.0769  	-0.0468  	0.04758  	-0.0027  	0.03884  	-0.0062  	0.01435  	0.00541  	-0.0144  	0.02203  	0.00776  	-0.0306  	0.03381  	0.00229  	-0.0312  	0.03290  	-0.0002  	-0.0149  	0.02578  	-0.0090  	-0.0069  	-0.0242  	0.03589  	-0.0073  	0.02253  	-0.2797  	
-0.2633  	-0.0989  	-0.0402  	0.38308  	0.04154  	0.29619  	0.10252  	-0.6919  	0.13448  	-0.0036  	0.24058  	0.25584  	-0.0606  	-0.6700  	-1.0471  	0.85052  	-0.0905  	0.30264  	-0.2535  	0.41055  	-0.0608  	-0.2404  	-0.5307  	0.28577  	-0.1975  	-0.1371  	-0.3730  	-0.1332  	-0.1147  	-0.1400  	-0.2102  	0.24036  	0.25572  	-0.0706  	0.17167  	0.26359  	0.14311  	0.00133  	-0.2005  	0.23246  	0.00330  	0.03016  	-0.0194  	-0.0170  	-0.0665  	-0.0504  	0.04365  	-0.0154  	0.03264  	-0.0141  	0.01016  	0.01578  	0.00067  	0.02362  	0.00800  	-0.0304  	0.03537  	-0.0009  	-0.0276  	0.03941  	0.00170  	-0.0065  	0.03503  	0.00129  	-0.0069  	-0.0242  	0.03589  	-0.0073  	0.02253  	-0.2797  	
-0.1265  	-0.0843  	-0.0157  	0.55430  	0.07222  	0.29507  	0.13063  	-0.7353  	0.12429  	0.09997  	0.15976  	0.37156  	-0.0548  	-0.7563  	-1.0895  	0.92753  	-0.0953  	0.36551  	-0.2767  	0.49997  	-0.2448  	-0.2413  	-0.6478  	0.24167  	-0.1291  	-0.1378  	-0.4713  	0.04909  	-0.0138  	-0.1078  	-0.1948  	0.23017  	0.21504  	-0.0588  	0.09885  	0.33746  	0.03072  	-0.0279  	-0.1312  	0.27445  	0.03270  	0.02926  	0.01410  	-0.0243  	-0.0778  	-0.0408  	0.04140  	0.00936  	0.04640  	-0.0151  	0.01716  	0.01754  	0.00116  	0.01808  	0.00885  	-0.0413  	0.03795  	0.00314  	-0.0311  	0.02872  	0.00075  	-0.0143  	0.03987  	-0.0040  	-0.0069  	-0.0242  	0.03589  	-0.0073  	0.02253  	-0.2797  	
-0.0879  	-0.0707  	-0.0399  	0.56937  	0.09505  	0.36063  	0.15314  	-0.7414  	0.15449  	0.08915  	0.05698  	0.29972  	-0.0156  	-0.6902  	-1.0423  	0.87900  	-0.1199  	0.36470  	-0.2727  	0.47540  	-0.2261  	-0.2256  	-0.6448  	0.20807  	-0.0655  	-0.1482  	-0.4145  	0.07701  	0.06580  	-0.0766  	-0.2141  	0.24140  	0.20764  	-0.0449  	0.11679  	0.37003  	0.01577  	-0.0350  	-0.1364  	0.26387  	-0.0087  	0.04271  	0.03002  	-0.0182  	-0.0827  	-0.0415  	0.03145  	0.00802  	0.05028  	-0.0186  	0.03439  	0.01170  	-0.0010  	0.02772  	0.00874  	-0.0279  	0.04344  	0.00811  	-0.0204  	0.03072  	-0.0067  	-0.0102  	0.03582  	-0.0063  	-0.0069  	-0.0242  	0.03589  	-0.0073  	0.02253  	-0.2797  	
-0.1166  	-0.0442  	-0.0397  	0.53158  	0.04811  	0.36584  	0.13242  	-0.7139  	0.12667  	0.02158  	0.10902  	0.25696  	-0.0696  	-0.6312  	-0.9763  	0.79718  	-0.0951  	0.32402  	-0.2677  	0.46743  	-0.1124  	-0.2089  	-0.5695  	0.24570  	-0.1022  	-0.1479  	-0.3877  	-0.0023  	-0.0165  	-0.0845  	-0.2153  	0.23781  	0.20445  	-0.0496  	0.16936  	0.33799  	0.07892  	-0.0274  	-0.1644  	0.22654  	-0.0273  	0.04502  	0.00941  	-0.0268  	-0.0790  	-0.0414  	0.03304  	-0.0074  	0.04921  	-0.0220  	0.03160  	0.01371  	0.00480  	0.02143  	0.00931  	-0.0317  	0.04140  	0.01537  	-0.0251  	0.02297  	-0.0076  	-0.0115  	0.03549  	-0.0067  	-0.0069  	-0.0242  	0.03589  	-0.0073  	0.02253  	-0.2797  	
-0.0683  	-0.0353  	-0.0159  	0.55344  	0.07040  	0.37594  	0.13703  	-0.6828  	0.12724  	0.04192  	0.17112  	0.28111  	-0.0708  	-0.6327  	-0.9905  	0.85936  	-0.1163  	0.30766  	-0.2776  	0.49092  	-0.0923  	-0.2037  	-0.6028  	0.25883  	-0.1089  	-0.1668  	-0.3917  	-0.0161  	-0.0426  	-0.1026  	-0.2229  	0.25909  	0.21550  	-0.0536  	0.18310  	0.33852  	0.10179  	-0.0201  	-0.1651  	0.25789  	-0.0117  	0.03492  	0.00182  	-0.0211  	-0.0788  	-0.0465  	0.03416  	-0.0023  	0.04929  	-0.0193  	0.03018  	0.01167  	0.00667  	0.02442  	0.01196  	-0.0315  	0.04158  	0.00830  	-0.0265  	0.03186  	-0.0052  	-0.0072  	0.03750  	-0.0068  	-0.0069  	-0.0242  	0.03589  	-0.0073  	0.02253  	-0.2797  	
-0.0583  	-0.0413  	0.00310  	0.50072  	0.06245  	0.36803  	0.16347  	-0.6849  	0.15149  	0.06393  	0.16843  	0.27124  	-0.0360  	-0.6342  	-1.0126  	0.86406  	-0.1438  	0.32532  	-0.2852  	0.51353  	-0.1402  	-0.2202  	-0.6490  	0.21591  	-0.1119  	-0.1568  	-0.4277  	0.01602  	0.00364  	-0.1078  	-0.2035  	0.24694  	0.22514  	-0.0429  	0.16867  	0.34251  	0.07366  	-0.0234  	-0.1584  	0.26958  	-0.0008  	0.03721  	0.01736  	-0.0085  	-0.0743  	-0.0469  	0.03924  	2.95177  	0.04413  	-0.0168  	0.02737  	0.01592  	0.00282  	0.01850  	0.01322  	-0.0356  	0.04170  	0.00934  	-0.0279  	0.02898  	-0.0047  	-0.0135  	0.03712  	-0.0067  	-0.0069  	-0.0242  	0.03589  	-0.0073  	0.02253  	-0.2797  	
-0.0580  	-0.0409  	0.04850  	0.46779  	0.05904  	0.34072  	0.16830  	-0.7141  	0.14989  	0.11113  	0.18678  	0.26123  	-0.0417  	-0.6737  	-1.1077  	0.94053  	-0.1591  	0.34018  	-0.2831  	0.51929  	-0.1700  	-0.2327  	-0.6610  	0.21092  	-0.1214  	-0.1487  	-0.4311  	0.01359  	-4.3847  	-0.1119  	-0.2070  	0.24035  	0.22442  	-0.0372  	0.14903  	0.34901  	0.06523  	-0.0183  	-0.1588  	0.27561  	0.01836  	0.03782  	0.01879  	-0.0061  	-0.0835  	-0.0446  	0.03575  	0.00841  	0.04710  	-0.0156  	0.02637  	0.01439  	0.00223  	0.02099  	0.01194  	-0.0372  	0.03932  	0.00539  	-0.0306  	0.02638  	-0.0032  	-0.0088  	0.03486  	-0.0058  	-0.0069  	-0.0242  	0.03589  	-0.0073  	0.02253  	-0.2797  	
-0.1603  	-0.0675  	-0.0277  	0.37774  	-0.0263  	0.29289  	0.14376  	-0.7117  	0.13583  	0.09133  	0.16264  	0.23966  	-0.0241  	-0.7277  	-1.1091  	0.86993  	-0.1199  	0.36765  	-0.2725  	0.48811  	-0.2081  	-0.2187  	-0.6141  	0.20647  	-0.1208  	-0.1335  	-0.4557  	0.05258  	0.02292  	-0.1131  	-0.2009  	0.23457  	0.21901  	-0.0481  	0.13124  	0.34040  	0.02358  	-0.0290  	-0.1465  	0.27304  	0.04191  	0.03571  	0.02244  	-0.0131  	-0.0893  	-0.0466  	0.03647  	-0.0002  	0.03992  	-0.0189  	0.02143  	0.01574  	-0.0003  	0.02056  	0.01001  	-0.0372  	0.03382  	0.00282  	-0.0276  	0.03170  	0.00142  	-0.0077  	0.02947  	-0.0023  	-0.0069  	-0.0242  	0.03589  	-0.0073  	0.02253  	-0.2797  	
-0.3028  	-0.0977  	-0.1076  	0.35804  	-0.0520  	0.28229  	0.12381  	-0.7502  	0.09818  	0.04413  	0.17567  	0.22475  	-0.0684  	-0.7594  	-1.0529  	0.81632  	-0.0783  	0.31619  	-0.2756  	0.43375  	-0.1643  	-0.2521  	-0.5775  	0.25316  	-0.0892  	-0.1498  	-0.3761  	-0.0121  	-0.0069  	-0.1192  	-0.2022  	0.25069  	0.19660  	-0.0600  	0.13351  	0.34173  	0.07782  	-0.0128  	-0.1756  	0.26468  	0.02744  	0.02837  	0.01848  	-0.0108  	-0.0669  	-0.0481  	0.03884  	-0.0223  	0.03841  	-0.0128  	0.02309  	0.01592  	-4.9212  	0.02478  	0.00853  	-0.0374  	0.03356  	0.00794  	-0.0258  	0.02715  	0.00181  	-0.0124  	0.03966  	-0.0034  	-0.0069  	-0.0242  	0.03589  	-0.0073  	0.02253  	-0.2797  	
-0.2666  	-0.0793  	-0.0685  	0.33787  	-0.0998  	0.29188  	0.08868  	-0.7158  	0.11911  	-0.0318  	0.18491  	0.19381  	-0.0684  	-0.7888  	-1.0064  	0.77497  	-0.0494  	0.27972  	-0.2816  	0.42245  	-0.1076  	-0.2215  	-0.4913  	0.23810  	-0.1592  	-0.1227  	-0.3833  	-0.0796  	-0.0624  	-0.1480  	-0.2056  	0.25697  	0.21750  	-0.0534  	0.12949  	0.28009  	0.12493  	0.02146  	-0.1850  	0.22100  	0.04456  	0.02636  	0.01824  	-0.0254  	-0.0744  	-0.0492  	0.04030  	-0.0117  	0.03910  	-0.0124  	0.01516  	0.01667  	0.00166  	0.02685  	0.00858  	-0.0376  	0.03421  	0.00653  	-0.0272  	0.02971  	0.00365  	-0.0142  	0.03786  	-0.0011  	-0.0069  	-0.0242  	0.03589  	-0.0073  	0.02253  	-0.2797  	
-0.1972  	-0.0572  	-0.0332  	0.42220  	-0.0186  	0.30958  	0.11492  	-0.6744  	0.15307  	0.01671  	0.17448  	0.30636  	-0.0273  	-0.6966  	-0.9706  	0.81682  	-0.0943  	0.31665  	-0.2841  	0.45396  	-0.1408  	-0.2329  	-0.5658  	0.20843  	-0.2096  	-0.1198  	-0.4363  	-0.0215  	-0.0456  	-0.1448  	-0.1925  	0.23995  	0.24909  	-0.0541  	0.13632  	0.28981  	0.07539  	-0.0076  	-0.1716  	0.24872  	0.03942  	0.03891  	0.02273  	-0.0261  	-0.0855  	-0.0454  	0.04218  	-0.0007  	0.03996  	-0.0189  	0.01436  	0.01401  	0.00119  	0.02297  	0.01209  	-0.0347  	0.03500  	0.00177  	-0.0297  	0.03035  	-0.0005  	-0.0046  	0.03206  	0.00231  	-0.0069  	-0.0242  	0.03589  	-0.0073  	0.02253  	-0.2797  	
-0.1454  	-0.0359  	0.03397  	0.47495  	0.02446  	0.34824  	0.14276  	-0.6837  	0.17960  	0.07908  	0.17038  	0.31250  	-0.0225  	-0.6648  	-1.0042  	0.87474  	-0.1334  	0.35649  	-0.2779  	0.51689  	-0.1452  	-0.2329  	-0.6248  	0.20076  	-0.1752  	-0.1269  	-0.4856  	0.02880  	-0.0090  	-0.1378  	-0.1995  	0.23499  	0.24876  	-0.0415  	0.14114  	0.29224  	0.04414  	-0.0176  	-0.1544  	0.26489  	0.02986  	0.03205  	0.02228  	-0.0215  	-0.0840  	-0.0447  	0.03648  	-0.0002  	0.03680  	-0.0245  	0.02435  	0.01666  	-0.0002  	0.01640  	0.01280  	-0.0345  	0.03835  	0.00583  	-0.0251  	0.02845  	0.00329  	-0.0085  	0.03116  	-0.0004  	-0.0069  	-0.0242  	0.03589  	-0.0073  	0.02253  	-0.2797  	
-0.1606  	-0.0545  	-0.0371  	0.43569  	-0.0059  	0.30736  	0.13732  	-0.7150  	0.12163  	0.02630  	0.18559  	0.24839  	-0.0730  	-0.6963  	-0.9601  	0.81407  	-0.1137  	0.32901  	-0.2873  	0.47027  	-0.1015  	-0.2401  	-0.5703  	0.21826  	-0.1380  	-0.1512  	-0.4066  	-0.0162  	-0.0371  	-0.1349  	-0.1915  	0.24242  	0.23132  	-0.0533  	0.17138  	0.30970  	0.08709  	-0.0106  	-0.1664  	0.22441  	0.00026  	0.03857  	0.01338  	-0.0162  	-0.0779  	-0.0445  	0.03946  	-0.0134  	0.03753  	-0.0168  	0.02505  	0.01939  	0.00107  	0.02288  	0.00952  	-0.0352  	0.03978  	0.00748  	-0.0283  	0.02754  	-0.0006  	-0.0105  	0.04209  	-0.0017  	-0.0069  	-0.0242  	0.03589  	-0.0073  	0.02253  	-0.2797  	
-0.1048  	-0.0546  	-0.0338  	0.41015  	0.00475  	0.33397  	0.14359  	-0.7237  	0.13749  	0.03811  	0.20926  	0.25033  	-0.0624  	-0.6957  	-1.0054  	0.84859  	-0.1113  	0.30701  	-0.2753  	0.47087  	-0.1004  	-0.2310  	-0.5931  	0.23245  	-0.1267  	-0.1618  	-0.4114  	-0.0171  	-0.0512  	-0.1228  	-0.1955  	0.24963  	0.21326  	-0.0499  	0.18098  	0.32215  	0.12290  	-0.0079  	-0.1787  	0.23913  	-0.0001  	0.02868  	0.00781  	-0.0176  	-0.0709  	-0.0487  	0.03545  	-0.0151  	0.03914  	-0.0152  	0.02574  	0.01589  	0.00040  	0.01948  	0.01264  	-0.0306  	0.03953  	0.00676  	-0.0276  	0.03138  	-0.0042  	-0.0093  	0.03870  	-0.0025  	-0.0069  	-0.0242  	0.03589  	-0.0073  	0.02253  	-0.2797  	
-0.0646  	-0.0391  	0.03740  	0.48768  	0.05802  	0.31642  	0.12864  	-0.6669  	0.13500  	0.05778  	0.18330  	0.29337  	0.00692  	-0.7111  	-0.9641  	0.83131  	-0.0521  	0.18606  	-0.2200  	0.29837  	-0.1062  	-0.4194  	-0.8390  	0.21322  	-0.1790  	-0.0799  	-0.4433  	-0.0571  	0.05753  	-0.1309  	-0.1085  	0.21339  	0.13640  	-0.1743  	0.11552  	0.32140  	0.00056  	-0.0224  	-0.2629  	0.20277  	0.07304  	0.13913  	-0.0771  	0.05360  	-0.1253  	-0.0285  	0.01858  	0.01361  	0.03106  	-0.0277  	0.02998  	0.02073  	0.00148  	0.03062  	0.01728  	-0.0362  	0.03791  	0.00019  	-0.0299  	0.03738  	0.00134  	-0.0144  	0.02214  	-0.0032  	-0.0069  	-0.0242  	0.03589  	-0.0073  	0.02253  	-0.2797  	
-0.0355  	-0.0070  	0.10065  	0.54706  	0.07501  	0.33971  	0.10039  	-0.6119  	0.13191  	0.03694  	0.16549  	0.29352  	0.02084  	-0.7430  	-0.9736  	0.83717  	-0.0038  	0.08264  	-0.1640  	0.12735  	-0.0155  	-0.5604  	-1.0111  	0.25792  	-0.2022  	-0.0091  	-0.3788  	-0.1520  	0.08520  	-0.1383  	-0.0423  	0.18805  	0.08203  	-0.2846  	0.07593  	0.30167  	-0.0527  	-0.0204  	-0.3336  	0.15198  	0.11852  	0.23358  	-0.1479  	0.10070  	-0.1667  	-0.0190  	0.00218  	0.03759  	0.02569  	-0.0426  	0.03451  	0.02057  	0.00481  	0.04172  	0.02340  	-0.0370  	0.03783  	-0.0089  	-0.0264  	0.04108  	0.00497  	-0.0204  	0.01128  	-0.0030  	-0.0069  	-0.0242  	0.03589  	-0.0073  	0.02253  	-0.2797  	
-0.0504  	-0.0084  	0.06202  	0.59099  	0.06897  	0.34406  	0.09367  	-0.6296  	0.11067  	0.00966  	0.15577  	0.30196  	0.03668  	-0.7360  	-0.8892  	0.76915  	0.05191  	0.05107  	-0.1718  	0.07273  	0.01482  	-0.5859  	-1.0402  	0.30196  	-0.2092  	0.00571  	-0.3381  	-0.2152  	0.04724  	-0.1387  	-0.0294  	0.18654  	0.07699  	-0.3282  	0.10001  	0.26914  	-0.0310  	-0.0205  	-0.3777  	0.12737  	0.11836  	0.25917  	-0.1764  	0.11570  	-0.1717  	-0.0147  	-0.0017  	0.03504  	0.02735  	-0.0372  	0.03968  	0.02080  	-0.0002  	0.04798  	0.01882  	-0.0334  	0.03641  	-0.0159  	-0.0297  	0.04318  	0.00313  	-0.0180  	0.01215  	-0.0069  	-0.0069  	-0.0242  	0.03589  	-0.0073  	0.02253  	-0.2797  	
-0.0581  	-0.0020  	0.03961  	0.68197  	0.13590  	0.32605  	0.07605  	-0.6526  	0.09836  	-0.0007  	0.02182  	0.34488  	0.07790  	-0.6465  	-0.8508  	0.70696  	0.01678  	0.07446  	-0.1778  	0.10682  	-0.0929  	-0.5432  	-0.9914  	0.24297  	-0.1694  	0.00537  	-0.3879  	-0.1445  	0.13371  	-0.1084  	-0.0516  	0.16656  	0.08374  	-0.2691  	0.07191  	0.28153  	-0.0830  	-0.0388  	-0.2899  	0.16007  	0.10103  	0.22473  	-0.1530  	0.09885  	-0.1558  	-0.0181  	-0.0069  	0.04221  	0.01895  	-0.0345  	0.04187  	0.02429  	0.00139  	0.05152  	0.01631  	-0.0334  	0.03626  	-0.0117  	-0.0186  	0.04160  	0.01022  	-0.0191  	0.01336  	-0.0024  	-0.0069  	-0.0242  	0.03589  	-0.0073  	0.02253  	-0.2797  	
-0.0645  	0.03020  	0.00352  	0.68172  	0.13974  	0.35622  	0.09139  	-0.6708  	0.12076  	-0.0214  	0.01166  	0.33476  	0.05029  	-0.5621  	-0.8273  	0.72422  	-0.0188  	0.19101  	-0.2413  	0.25985  	-0.0852  	-0.4033  	-0.8173  	0.24425  	-0.1616  	-0.0626  	-0.3967  	-0.0619  	0.08127  	-0.0909  	-0.1212  	0.20397  	0.16272  	-0.1742  	0.10343  	0.26197  	-0.0241  	-0.0281  	-0.2205  	0.20700  	0.03637  	0.13009  	-0.0806  	0.03104  	-0.1285  	-0.0277  	0.01368  	0.01931  	0.02996  	-0.0247  	0.02783  	0.01975  	-0.0002  	0.04270  	0.01469  	-0.0325  	0.02906  	-0.0085  	-0.0226  	0.04050  	0.00548  	-0.0054  	0.02136  	-0.0050  	-0.0069  	-0.0242  	0.03589  	-0.0073  	0.02253  	-0.2797  	
-0.1073  	-0.0374  	-0.0135  	0.62374  	0.08453  	0.39205  	0.11739  	-0.6739  	0.12489  	-0.0384  	0.08480  	0.29323  	-0.0325  	-0.5746  	-0.8572  	0.80341  	-0.0858  	0.29542  	-0.2885  	0.45153  	-0.0659  	-0.2035  	-0.5719  	0.31587  	-0.1373  	-0.1451  	-0.3577  	-0.0925  	-0.0684  	-0.1079  	-0.2380  	0.26236  	0.23973  	-0.0525  	0.18521  	0.25458  	0.12407  	-0.0055  	-0.1935  	0.25123  	-0.0455  	0.04094  	-0.0052  	-0.0233  	-0.0804  	-0.0446  	0.03569  	-0.0043  	0.05000  	-0.0215  	0.01777  	0.01383  	0.00066  	0.02810  	0.00602  	-0.0311  	0.03365  	0.00288  	-0.0254  	0.03113  	-0.0033  	-0.0071  	0.03120  	-0.0047  	-0.0069  	-0.0242  	0.03589  	-0.0073  	0.02253  	-0.2797  	
-0.0946  	-0.0626  	-0.0535  	0.61775  	0.12404  	0.29505  	0.13289  	-0.7685  	0.11222  	0.08499  	0.10177  	0.34444  	-0.0643  	-0.7089  	-1.0357  	0.88692  	-0.1081  	0.34188  	-0.2846  	0.48336  	-0.2233  	-0.2248  	-0.6277  	0.26303  	-0.1085  	-0.1525  	-0.4209  	0.00990  	0.00318  	-0.0979  	-0.2329  	0.24082  	0.21229  	-0.0510  	0.14889  	0.33785  	0.04481  	-0.0209  	-0.1526  	0.26476  	0.01055  	0.03227  	0.01504  	-0.0110  	-0.0731  	-0.0462  	0.03491  	0.01163  	0.04943  	-0.0202  	0.02605  	0.01710  	0.00247  	0.02055  	0.01129  	-0.0342  	0.04333  	0.00953  	-0.0273  	0.03067  	-0.0053  	-0.0166  	0.03977  	-0.0067  	-0.0069  	-0.0242  	0.03589  	-0.0073  	0.02253  	-0.2797  	
-0.0858  	-0.0781  	-0.0051  	0.59929  	0.12482  	0.32141  	0.16162  	-0.7330  	0.13730  	0.14408  	0.12307  	0.33239  	-0.0497  	-0.7327  	-1.0958  	0.95733  	-0.1292  	0.34304  	-0.2745  	0.48715  	-0.2430  	-0.2333  	-0.6674  	0.25967  	-0.0782  	-0.1566  	-0.3973  	0.01857  	-0.0048  	-0.0827  	-0.2296  	0.25567  	0.20450  	-0.0542  	0.14318  	0.37108  	0.03943  	-0.0237  	-0.1523  	0.27344  	0.01448  	0.04095  	0.01766  	-0.0172  	-0.0767  	-0.0435  	0.02686  	0.00882  	0.05190  	-0.0186  	0.02085  	0.01611  	0.00031  	0.02367  	0.01019  	-0.0331  	0.04227  	0.00978  	-0.0284  	0.03274  	-0.0026  	-0.0173  	0.03807  	-0.0055  	-0.0069  	-0.0242  	0.03589  	-0.0073  	0.02253  	-0.2797  	
0.09498  	0.02817  	0.13107  	0.67370  	0.14906  	0.41089  	0.15131  	-0.6353  	0.14929  	0.07835  	0.08339  	0.24124  	0.03505  	-0.4650  	-0.7898  	0.79107  	-0.1162  	0.23096  	-0.2908  	0.40558  	-0.0241  	-0.1801  	-0.5785  	0.36889  	-0.1690  	-0.1742  	-0.2902  	-0.1919  	-0.1466  	-0.0838  	-0.2238  	0.29274  	0.21881  	-0.0538  	0.28151  	0.25327  	0.15634  	-0.0176  	-0.1989  	0.28181  	-0.0064  	0.06207  	-0.0103  	-0.0197  	-0.0827  	-0.0429  	0.02427  	0.00854  	0.05841  	-0.0133  	0.02099  	0.01995  	0.00354  	0.02586  	0.00491  	-0.0315  	0.02598  	0.00106  	-0.0256  	0.03309  	0.00694  	-0.0047  	0.02790  	-0.0083  	-0.0069  	-0.0242  	0.03589  	-0.0073  	0.02253  	-0.2797  	
0.14939  	0.06435  	0.17469  	0.73430  	0.12879  	0.51570  	0.17508  	-0.5719  	0.18661  	0.04107  	0.00676  	0.32104  	0.10353  	-0.3511  	-0.7034  	0.76202  	-0.1202  	0.25853  	-0.2846  	0.41128  	-0.0543  	-0.1550  	-0.5931  	0.25303  	-0.1338  	-0.1472  	-0.3701  	-0.1829  	-0.0641  	-0.0997  	-0.2136  	0.22611  	0.26376  	-0.0467  	0.22617  	0.21912  	0.10026  	-0.0263  	-0.1430  	0.27115  	-0.0271  	0.05586  	0.01927  	-0.0084  	-0.0792  	-0.0495  	0.02259  	0.03605  	0.06083  	-0.0144  	0.02666  	0.01452  	-0.0004  	0.02303  	0.00715  	-0.0232  	0.03362  	0.00222  	-0.0330  	0.02816  	0.00335  	-0.0010  	0.02825  	-0.0100  	-0.0069  	-0.0242  	0.03589  	-0.0073  	0.02253  	-0.2797  	
0.14545  	0.04242  	0.13035  	0.74527  	0.14191  	0.49182  	0.18273  	-0.5706  	0.19422  	0.03025  	0.00950  	0.24616  	0.09290  	-0.2852  	-0.6964  	0.78787  	-0.0611  	0.24060  	-0.2788  	0.39188  	0.01305  	-0.1775  	-0.5924  	0.29259  	-0.0903  	-0.1762  	-0.2832  	-0.2061  	-0.0862  	-0.0859  	-0.2272  	0.23498  	0.24855  	-0.0538  	0.25205  	0.21775  	0.13990  	-0.0181  	-0.1765  	0.28030  	-0.0346  	0.05154  	0.01187  	-0.0227  	-0.0760  	-0.0427  	0.02391  	0.02095  	0.06278  	-0.0130  	0.01434  	0.01595  	0.00207  	0.02704  	0.00563  	-0.0238  	0.02953  	-0.0008  	-0.0337  	0.03287  	0.00487  	-0.0031  	0.03435  	-0.0140  	-0.0069  	-0.0242  	0.03589  	-0.0073  	0.02253  	-0.2797  	
-0.1060  	-0.0098  	0.00834  	0.59052  	0.11446  	0.32299  	0.12502  	-0.6393  	0.15110  	0.01818  	0.14612  	0.32753  	0.00637  	-0.4979  	-0.8581  	0.79651  	-0.0682  	0.28801  	-0.2781  	0.45101  	0.00100  	-0.2295  	-0.5652  	0.32661  	-0.1696  	-0.1496  	-0.3460  	-0.1315  	-0.1250  	-0.1149  	-0.2065  	0.23829  	0.23700  	-0.0619  	0.23273  	0.21695  	0.15861  	-0.0141  	-0.1852  	0.24065  	-0.0239  	0.03036  	-0.0035  	-0.0294  	-0.0746  	-0.0465  	0.03319  	-0.0025  	0.04666  	-0.0150  	0.01597  	0.01289  	-0.0055  	0.01943  	0.00214  	-0.0303  	0.03575  	0.00263  	-0.0301  	0.02864  	-0.0017  	0.00053  	0.03827  	-0.0077  	-0.0069  	-0.0242  	0.03589  	-0.0073  	0.02253  	-0.2797  	
-0.2425  	-0.0334  	-0.0741  	0.46378  	0.04429  	0.31181  	0.10916  	-0.6756  	0.13285  	0.00116  	0.19260  	0.28054  	-0.0650  	-0.6620  	-0.9494  	0.78880  	-0.0928  	0.32746  	-0.2929  	0.45942  	-0.0488  	-0.2048  	-0.5519  	0.27576  	-0.1828  	-0.1372  	-0.4047  	-0.0651  	-0.0670  	-0.1352  	-0.2026  	0.22751  	0.23627  	-0.0587  	0.16095  	0.25317  	0.11529  	-0.0085  	-0.1691  	0.24577  	0.01280  	0.04246  	0.00808  	-0.0290  	-0.0738  	-0.0427  	0.04127  	-0.0157  	0.03811  	-0.0163  	0.01298  	0.01622  	-0.0033  	0.02641  	0.00541  	-0.0343  	0.03640  	0.00728  	-0.0244  	0.03191  	-0.0025  	-0.0032  	0.03559  	-0.0039  	-0.0069  	-0.0242  	0.03589  	-0.0073  	0.02253  	-0.2797  	
-0.1250  	-0.0436  	-0.0301  	0.54009  	0.04835  	0.35014  	0.11351  	-0.6919  	0.15245  	0.02082  	0.14364  	0.31619  	-0.0262  	-0.6416  	-0.9415  	0.84145  	-0.1046  	0.32126  	-0.2876  	0.46653  	-0.1186  	-0.2304  	-0.5942  	0.24334  	-0.1755  	-0.1321  	-0.4390  	-0.0126  	-0.0401  	-0.1159  	-0.2046  	0.24282  	0.23210  	-0.0429  	0.15294  	0.29326  	0.07915  	-0.0131  	-0.1774  	0.24152  	0.00968  	0.03004  	0.02311  	-0.0258  	-0.0783  	-0.0484  	0.03500  	-0.0069  	0.04323  	-0.0212  	0.01399  	0.01209  	0.00092  	0.02319  	0.00860  	-0.0336  	0.03837  	0.00430  	-0.0269  	0.02743  	-0.0032  	-0.0078  	0.03408  	-0.0033  	-0.0069  	-0.0242  	0.03589  	-0.0073  	0.02253  	-0.2797  	
-0.0025  	-0.0188  	0.01125  	0.58476  	0.08802  	0.39341  	0.14112  	-0.6813  	0.17989  	0.06991  	0.10860  	0.34819  	-0.0149  	-0.6012  	-0.9725  	0.87506  	-0.1183  	0.33720  	-0.2787  	0.48662  	-0.1311  	-0.2348  	-0.6171  	0.24026  	-0.1508  	-0.1483  	-0.4425  	0.01269  	-0.0070  	-0.1120  	-0.2246  	0.24058  	0.24059  	-0.0447  	0.15685  	0.30220  	0.05631  	-0.0241  	-0.1538  	0.26882  	0.02106  	0.02910  	0.02674  	-0.0161  	-0.0803  	-0.0436  	0.03145  	0.00515  	0.04966  	-0.0181  	0.02137  	0.01309  	0.00261  	0.02238  	0.00632  	-0.0317  	0.04102  	0.00845  	-0.0274  	0.03095  	-0.0044  	-0.0085  	0.03421  	-0.0054  	-0.0069  	-0.0242  	0.03589  	-0.0073  	0.02253  	-0.2797  	
0.02639  	-0.0076  	0.05602  	0.61616  	0.08920  	0.42710  	0.13094  	-0.6214  	0.15659  	0.07254  	0.14893  	0.31726  	-0.0098  	-0.5583  	-0.9288  	0.87529  	-0.1031  	0.30676  	-0.2600  	0.51074  	-0.0638  	-0.2446  	-0.6026  	0.28242  	-0.1279  	-0.1648  	-0.3851  	-0.0466  	-0.0642  	-0.1202  	-0.2295  	0.25206  	0.24033  	-0.0506  	0.18746  	0.28261  	0.11617  	-0.0176  	-0.1781  	0.25588  	-0.0077  	0.02442  	0.02198  	-0.0101  	-0.0745  	-0.0431  	0.03945  	0.00436  	0.05012  	-0.0228  	0.01930  	0.01270  	4.04270  	0.02438  	0.00764  	-0.0314  	0.03806  	0.00290  	-0.0321  	0.03269  	-0.0021  	-0.0079  	0.03619  	-0.0073  	-0.0069  	-0.0242  	0.03589  	-0.0073  	0.02253  	-0.2797  	
0.11048  	0.03383  	0.12349  	0.63029  	0.05442  	0.45846  	0.12443  	-0.5651  	0.19393  	-0.0003  	0.16220  	0.30309  	-0.0156  	-0.4887  	-0.8150  	0.88592  	-0.0907  	0.21935  	-0.2734  	0.40818  	0.07673  	-0.2252  	-0.5551  	0.33724  	-0.1508  	-0.1685  	-0.2979  	-0.2235  	-0.2023  	-0.1271  	-0.2113  	0.28059  	0.24849  	-0.0569  	0.27552  	0.19941  	0.22485  	0.02617  	-0.2294  	0.22544  	-0.0236  	0.03906  	0.00972  	-0.0163  	-0.0814  	-0.0452  	0.02706  	0.00650  	0.05356  	-0.0058  	0.01399  	0.01380  	-0.0015  	0.02733  	0.01097  	-0.0254  	0.03441  	0.00293  	-0.0297  	0.03127  	0.00206  	-0.0026  	0.04092  	-0.0050  	-0.0069  	-0.0242  	0.03589  	-0.0073  	0.02253  	-0.2797  	
0.10768  	0.06889  	0.09672  	0.60021  	0.02988  	0.46700  	0.11918  	-0.5484  	0.20508  	-0.0436  	0.15791  	0.28022  	0.02213  	-0.4410  	-0.7740  	0.84636  	-0.0745  	0.20415  	-0.2697  	0.36441  	0.09580  	-0.2157  	-0.5230  	0.32461  	-0.1414  	-0.1652  	-0.2760  	-0.2569  	-0.2057  	-0.1315  	-0.2179  	0.26241  	0.25549  	-0.0575  	0.29071  	0.19493  	0.22293  	0.03083  	-0.2274  	0.21583  	-0.0464  	0.04003  	0.01210  	-0.0113  	-0.0797  	-0.0455  	0.03232  	0.00439  	0.05087  	-0.0045  	0.01321  	0.01260  	0.00119  	0.02864  	0.00844  	-0.0235  	0.03213  	0.00420  	-0.0336  	0.02886  	0.00496  	-3.2407  	0.03649  	-0.0056  	-0.0069  	-0.0242  	0.03589  	-0.0073  	0.02253  	-0.2797  	
0.14497  	0.09779  	0.17942  	0.59457  	-0.0237  	0.52880  	0.11762  	-0.4797  	0.24015  	-0.0726  	0.23749  	0.34471  	0.01690  	-0.3757  	-0.7530  	0.89931  	-0.0654  	0.18247  	-0.2621  	0.32788  	0.20491  	-0.1824  	-0.4511  	0.36579  	-0.2169  	-0.1572  	-0.2719  	-0.3562  	-0.3049  	-0.1437  	-0.2109  	0.27336  	0.26851  	-0.0635  	0.30226  	0.12987  	0.29009  	0.05263  	-0.2422  	0.17708  	-0.0416  	0.03537  	0.01356  	-0.0230  	-0.0824  	-0.0419  	0.03095  	0.01185  	0.05071  	-0.0081  	0.00286  	0.01706  	0.00142  	0.02996  	0.00198  	-0.0207  	0.01807  	0.00459  	-0.0382  	0.03257  	0.00714  	0.00396  	0.03156  	-0.0067  	-0.0069  	-0.0242  	0.03589  	-0.0073  	0.02253  	-0.2797  	
0.14933  	0.10159  	0.18395  	0.57440  	-0.0304  	0.50636  	0.11158  	-0.4736  	0.25259  	-0.0670  	0.27672  	0.35988  	0.01312  	-0.3850  	-0.7834  	0.91981  	-0.0682  	0.19359  	-0.2655  	0.33179  	0.20415  	-0.1992  	-0.4489  	0.35961  	-0.2507  	-0.1518  	-0.2873  	-0.3551  	-0.3268  	-0.1548  	-0.2027  	0.27154  	0.28252  	-0.0631  	0.30015  	0.12374  	0.30307  	0.06244  	-0.2440  	0.16643  	-0.0401  	0.03227  	0.01657  	-0.0268  	-0.0808  	-0.0419  	0.03394  	0.00818  	0.04911  	-0.0081  	0.00139  	0.01762  	0.00283  	0.03168  	0.00240  	-0.0211  	0.01739  	0.00614  	-0.0358  	0.03435  	0.00805  	0.00374  	0.03249  	-0.0056  	-0.0069  	-0.0242  	0.03589  	-0.0073  	0.02253  	-0.2797  	
0.13929  	0.09722  	0.17708  	0.56548  	-0.0304  	0.49116  	0.11117  	-0.4824  	0.25304  	-0.0565  	0.29280  	0.36116  	0.00424  	-0.3990  	-0.7991  	0.91522  	-0.0656  	0.19290  	-0.2722  	0.33399  	0.19078  	-0.2090  	-0.4516  	0.35314  	-0.2619  	-0.1502  	-0.2931  	-0.3452  	-0.3278  	-0.1541  	-0.1994  	0.27424  	0.28259  	-0.0645  	0.29931  	0.12135  	0.30285  	0.06377  	-0.2490  	0.16482  	-0.0346  	0.03051  	0.01804  	-0.0294  	-0.0833  	-0.0424  	0.03455  	0.00584  	0.04842  	-0.0091  	0.00028  	0.01876  	0.00170  	0.03202  	0.00279  	-0.0219  	0.01910  	0.00490  	-0.0349  	0.03384  	0.00814  	0.00331  	0.03168  	-0.0051  	-0.0069  	-0.0242  	0.03589  	-0.0073  	0.02253  	-0.2797  	
