0.13932  	0.09724  	0.17709  	0.56552  	-0.0303  	0.49116  	0.11117  	-0.4824  	0.25303  	-0.0565  	0.29278  	0.36116  	0.00425  	-0.3990  	-0.7991  	0.91521  	-0.0657  	0.19290  	-0.2722  	0.33400  	0.19078  	-0.2090  	-0.4516  	0.35313  	-0.2618  	-0.1502  	-0.2931  	-0.3452  	-0.3278  	-0.1541  	-0.1994  	0.27423  	0.28261  	-0.0645  	0.29929  	0.12135  	0.30283  	0.06377  	-0.2490  	0.16484  	-0.0345  	0.03053  	0.01804  	-0.0294  	-0.0833  	-0.0424  	0.03456  	0.00585  	0.04840  	-0.0091  	0.00028  	0.01875  	0.00170  	0.03200  	0.00279  	-0.0219  	0.01912  	0.00490  	-0.0349  	0.03383  	0.00814  	0.00330  	0.03167  	-0.0051  	-0.0069  	-0.0242  	0.03589  	-0.0073  	0.02253  	-0.2797  	
0.13019  	0.09474  	0.17600  	0.58584  	-0.0092  	0.47081  	0.11610  	-0.5040  	0.24880  	-0.0244  	0.27271  	0.38515  	-0.0006  	-0.3916  	-0.8136  	0.92866  	-0.0698  	0.21728  	-0.2704  	0.37627  	0.15122  	-0.2108  	-0.4798  	0.32831  	-0.2400  	-0.1426  	-0.3472  	-0.2764  	-0.2687  	-0.1563  	-0.1948  	0.26129  	0.29100  	-0.0620  	0.25607  	0.14195  	0.25301  	0.04360  	-0.2258  	0.17184  	-0.0190  	0.02311  	0.02411  	-0.0296  	-0.0830  	-0.0410  	0.03432  	0.01051  	0.04729  	-0.0075  	0.00187  	0.01892  	0.00147  	0.02996  	-0.0005  	-0.0264  	0.02051  	0.00512  	-0.0331  	0.03089  	0.00870  	0.00138  	0.03361  	-0.0091  	-0.0069  	-0.0242  	0.03589  	-0.0073  	0.02253  	-0.2797  	
0.12558  	0.07858  	0.16494  	0.59037  	0.02326  	0.48419  	0.13690  	-0.5072  	0.23521  	-0.0024  	0.22689  	0.36053  	0.01976  	-0.3731  	-0.8276  	0.90257  	-0.0790  	0.22701  	-0.2786  	0.38383  	0.10621  	-0.2108  	-0.5044  	0.30960  	-0.2010  	-0.1530  	-0.3387  	-0.2427  	-0.2094  	-0.1325  	-0.2023  	0.25739  	0.28849  	-0.0656  	0.24385  	0.16534  	0.22544  	0.02837  	-0.2081  	0.19012  	-0.0180  	0.02901  	0.02554  	-0.0195  	-0.0805  	-0.0441  	0.03380  	0.01680  	0.05015  	-0.0156  	0.00200  	0.01837  	0.00107  	0.02714  	0.00366  	-0.0260  	0.02064  	0.00015  	-0.0364  	0.03201  	0.00818  	-0.0011  	0.03561  	-0.0065  	-0.0069  	-0.0242  	0.03589  	-0.0073  	0.02253  	-0.2797  	
-0.0209  	0.02566  	-0.0439  	0.73982  	0.18960  	0.35424  	0.13466  	-0.5918  	0.20181  	0.00827  	0.12559  	0.41397  	0.07368  	-0.3569  	-0.8343  	0.86726  	-0.1317  	0.27243  	-0.3093  	0.53376  	-0.0550  	-0.2061  	-0.6917  	0.25798  	-0.1020  	-0.1537  	-0.3844  	-0.0067  	-0.0215  	-0.0834  	-0.2319  	0.21869  	0.27665  	-0.0385  	0.23355  	0.23421  	0.09432  	-0.0473  	-0.1535  	0.24162  	-0.0505  	0.05306  	0.00049  	-0.0310  	-0.0694  	-0.0419  	0.03196  	0.01067  	0.05247  	-0.0196  	0.01573  	0.01213  	-0.0056  	0.02195  	-0.0007  	-0.0229  	0.03556  	-0.0020  	-0.0269  	0.02842  	0.00716  	-0.0018  	0.02582  	-0.0044  	-0.0069  	-0.0242  	0.03589  	-0.0073  	0.02253  	-0.2797  	
-0.1162  	-0.0406  	-0.1907  	0.86351  	0.32598  	0.31477  	0.15121  	-0.6262  	0.17494  	0.02346  	0.09442  	0.48990  	0.09287  	-0.3647  	-0.7987  	0.80573  	-0.1578  	0.32411  	-0.3273  	0.57049  	-0.1833  	-0.2495  	-0.7844  	0.25972  	-0.0912  	-0.1539  	-0.4823  	0.10289  	0.07922  	-0.0432  	-0.2272  	0.20083  	0.26539  	-0.0207  	0.22345  	0.27606  	-0.0116  	-0.0858  	-0.1103  	0.26807  	-0.0612  	0.06809  	-0.0204  	-0.0537  	-0.0692  	-0.0439  	0.02754  	-3.1523  	0.06541  	-0.0081  	0.02466  	0.01203  	0.00111  	0.02278  	0.00363  	-0.0219  	0.04010  	0.00350  	-0.0218  	0.02480  	-0.0020  	-0.0072  	0.02005  	-0.0062  	-0.0069  	-0.0242  	0.03589  	-0.0073  	0.02253  	-0.2797  	
-0.1441  	-0.0262  	-0.1689  	0.90098  	0.31182  	0.33019  	0.11720  	-0.5548  	0.17356  	-0.0434  	-0.0081  	0.51092  	0.11611  	-0.2798  	-0.6861  	0.80602  	-0.1460  	0.30997  	-0.3041  	0.55884  	-0.1779  	-0.2428  	-0.7356  	0.21639  	-0.0837  	-0.1629  	-0.4308  	0.12143  	0.09758  	-0.0162  	-0.2308  	0.19947  	0.27963  	-0.0189  	0.22551  	0.23552  	-0.0163  	-0.0890  	-0.1166  	0.28088  	-0.0820  	0.05625  	-0.0231  	-0.0483  	-0.0698  	-0.0438  	0.04203  	0.00395  	0.05899  	-0.0130  	0.03007  	0.00910  	-0.0028  	0.02369  	-0.0002  	-0.0213  	0.03725  	0.00063  	-0.0236  	0.02989  	0.00607  	-0.0015  	0.02346  	-0.0136  	-0.0069  	-0.0242  	0.03589  	-0.0073  	0.02253  	-0.2797  	
-0.0682  	0.01847  	-0.0505  	0.79043  	0.17529  	0.40477  	0.11416  	-0.5685  	0.19701  	-0.0421  	-0.0589  	0.42975  	0.10572  	-0.2905  	-0.5969  	0.75838  	-0.1091  	0.27787  	-0.2914  	0.49985  	-0.1226  	-0.1849  	-0.6161  	0.28015  	-0.1589  	-0.1378  	-0.4381  	0.01198  	0.02191  	-0.0708  	-0.2307  	0.21883  	0.27184  	-0.0381  	0.19879  	0.18693  	0.02816  	-0.0633  	-0.1200  	0.29089  	-0.0458  	0.05100  	0.01204  	-0.0321  	-0.0660  	-0.0443  	0.04075  	0.00170  	0.04948  	-0.0067  	0.01381  	0.01592  	-0.0013  	0.02198  	0.00181  	-0.0278  	0.03110  	0.00435  	-0.0259  	0.03367  	-0.0004  	0.00154  	0.02374  	-0.0095  	-0.0069  	-0.0242  	0.03589  	-0.0073  	0.02253  	-0.2797  	
0.17011  	0.11676  	0.16685  	0.63325  	0.04299  	0.45719  	0.14254  	-0.5355  	0.22313  	-0.0128  	0.07380  	0.35989  	0.02948  	-0.4019  	-0.7403  	0.89115  	-0.1002  	0.28040  	-0.2768  	0.40517  	0.01664  	-0.2006  	-0.5710  	0.27762  	-0.1735  	-0.1645  	-0.3666  	-0.1913  	-0.1172  	-0.1104  	-0.2258  	0.26257  	0.27972  	-0.0499  	0.25868  	0.17147  	0.14397  	0.00462  	-0.1703  	0.22139  	-0.0204  	0.03893  	0.01129  	-0.0358  	-0.0761  	-0.0377  	0.02213  	0.02610  	0.05920  	-0.0139  	0.00289  	0.01431  	0.00176  	0.02562  	0.00784  	-0.0210  	0.02351  	0.00140  	-0.0278  	0.03152  	0.00484  	0.00646  	0.03425  	-0.0079  	-0.0069  	-0.0242  	0.03589  	-0.0073  	0.02253  	-0.2797  	
0.26428  	0.07587  	0.23087  	0.60172  	0.02859  	0.45057  	0.15946  	-0.5192  	0.23364  	-0.0062  	0.24910  	0.36120  	0.00050  	-0.4303  	-0.8270  	0.92091  	-0.1059  	0.21739  	-0.2681  	0.40387  	0.13634  	-0.1813  	-0.5392  	0.31326  	-0.1602  	-0.1645  	-0.3397  	-0.2910  	-0.2165  	-0.1334  	-0.2271  	0.27310  	0.27744  	-0.0587  	0.27049  	0.16895  	0.24833  	0.03464  	-0.1884  	0.20738  	-0.0361  	0.04827  	0.03326  	-0.0220  	-0.0801  	-0.0359  	0.02435  	0.03227  	0.05826  	-0.0173  	0.01701  	0.01551  	0.00138  	0.02669  	0.00176  	-0.0209  	0.02271  	0.00512  	-0.0256  	0.03422  	-0.0018  	-0.0079  	0.02779  	-0.0113  	-0.0069  	-0.0242  	0.03589  	-0.0073  	0.02253  	-0.2797  	
0.17134  	-0.0009  	0.21231  	0.68273  	0.07672  	0.45900  	0.13138  	-0.5854  	0.19927  	0.01765  	0.15898  	0.29456  	-0.0212  	-0.4357  	-0.8462  	0.98355  	-0.0762  	0.22870  	-0.2607  	0.38569  	0.12675  	-0.2133  	-0.5284  	0.31878  	-0.1597  	-0.1652  	-0.3228  	-0.2575  	-0.2333  	-0.1167  	-0.2206  	0.27746  	0.28415  	-0.0612  	0.25535  	0.16865  	0.24078  	0.03441  	-0.2176  	0.21665  	-0.0060  	0.02924  	0.03305  	-0.0184  	-0.0763  	-0.0474  	0.03229  	0.01726  	0.06654  	-0.0122  	0.01025  	0.01189  	0.00064  	0.02995  	0.00661  	-0.0233  	0.02207  	0.00162  	-0.0306  	0.03635  	0.00158  	-0.0097  	0.03952  	-0.0136  	-0.0069  	-0.0242  	0.03589  	-0.0073  	0.02253  	-0.2797  	
-0.0558  	-0.0451  	0.16414  	0.64266  	0.09044  	0.37877  	0.10034  	-0.6872  	0.15572  	0.04037  	0.11845  	0.25705  	0.00967  	-0.5763  	-0.9786  	0.95122  	-0.0754  	0.27574  	-0.2772  	0.45116  	-0.0526  	-0.2335  	-0.6285  	0.31456  	-0.0997  	-0.1574  	-0.3514  	-0.1407  	-0.1229  	-0.0707  	-0.2296  	0.28602  	0.21301  	-0.0661  	0.23462  	0.26458  	0.16392  	0.00124  	-0.2110  	0.24472  	-0.0369  	0.03960  	0.02627  	-0.0262  	-0.0879  	-0.0465  	0.02641  	0.01442  	0.05945  	-0.0205  	0.02492  	0.01219  	-0.0024  	0.02928  	0.00565  	-0.0228  	0.03183  	0.00341  	-0.0246  	0.04167  	-0.0044  	-0.0150  	0.02625  	0.00048  	-0.0069  	-0.0242  	0.03589  	-0.0073  	0.02253  	-0.2797  	
-0.1129  	-0.0384  	0.01823  	0.68968  	0.09551  	0.38453  	0.09360  	-0.6804  	0.15453  	0.00196  	0.13589  	0.26555  	-0.0212  	-0.6092  	-0.9656  	0.88461  	-0.0689  	0.25934  	-0.2726  	0.48456  	-0.0942  	-0.2087  	-0.6580  	0.32680  	-0.0642  	-0.1711  	-0.2917  	-0.0817  	-0.0505  	-0.0600  	-0.2634  	0.26626  	0.20810  	-0.0708  	0.22326  	0.32656  	0.10559  	-0.0176  	-0.1834  	0.24380  	-0.0593  	0.05471  	0.00183  	-0.0213  	-0.0636  	-0.0431  	0.02551  	0.01800  	0.05114  	-0.0230  	0.02879  	0.01493  	0.00333  	0.02246  	0.00186  	-0.0283  	0.04093  	0.00428  	-0.0175  	0.04558  	-0.0051  	-0.0179  	0.03375  	0.00023  	-0.0069  	-0.0242  	0.03589  	-0.0073  	0.02253  	-0.2797  	
0.01574  	0.03134  	-0.0636  	0.92657  	0.30074  	0.40068  	0.11760  	-0.6496  	0.14303  	0.03530  	-0.0729  	0.31730  	0.04135  	-0.4283  	-0.6986  	0.84161  	-0.1121  	0.27225  	-0.2807  	0.50161  	-0.1760  	-0.1848  	-0.7204  	0.30544  	-0.0463  	-0.1485  	-0.3520  	0.01634  	0.03209  	-0.0351  	-0.2403  	0.24047  	0.23285  	-0.0374  	0.25619  	0.26881  	0.02673  	-0.0513  	-0.1426  	0.30060  	-0.0555  	0.07704  	-0.0141  	-0.0222  	-0.0726  	-0.0368  	0.01930  	0.01063  	0.04044  	-0.0115  	0.02860  	0.01096  	0.00047  	0.02713  	0.00075  	-0.0299  	0.04133  	0.01002  	-0.0172  	0.02566  	-0.0067  	-0.0046  	0.01885  	-0.0112  	-0.0069  	-0.0242  	0.03589  	-0.0073  	0.02253  	-0.2797  	
0.10442  	0.02316  	-0.0132  	0.92849  	0.26874  	0.45998  	0.11819  	-0.5630  	0.16451  	-0.0109  	-0.0864  	0.29469  	0.07958  	-0.3505  	-0.5894  	0.77473  	-0.1265  	0.22847  	-0.2802  	0.42567  	-0.0855  	-0.1267  	-0.6622  	0.27087  	-0.0386  	-0.1711  	-0.2820  	-0.1036  	-0.0008  	-0.0239  	-0.2576  	0.25055  	0.25770  	-0.0289  	0.30022  	0.23389  	0.06404  	-0.0473  	-0.1402  	0.27201  	-0.0771  	0.05562  	0.00822  	-0.0128  	-0.0654  	-0.0479  	0.03479  	0.01022  	0.06421  	-0.0225  	0.02011  	0.01494  	0.00064  	0.02812  	0.01172  	-0.0245  	0.02675  	0.00045  	-0.0287  	0.03256  	-0.0012  	-0.0087  	0.02728  	-0.0140  	-0.0069  	-0.0242  	0.03589  	-0.0073  	0.02253  	-0.2797  	
0.12509  	0.02807  	0.06653  	0.81467  	0.19130  	0.48119  	0.15117  	-0.5630  	0.21606  	0.00245  	-0.0776  	0.28651  	0.10342  	-0.3700  	-0.7302  	0.85504  	-0.1284  	0.29585  	-0.2894  	0.43010  	-0.1058  	-0.1539  	-0.6484  	0.25537  	-0.1048  	-0.1731  	-0.4013  	-0.0747  	0.01502  	-0.0529  	-0.2201  	0.22013  	0.26063  	-0.0393  	0.23008  	0.22239  	0.04668  	-0.0308  	-0.1537  	0.29297  	-0.0417  	0.03438  	0.01030  	-0.0174  	-0.0794  	-0.0493  	0.02924  	0.00906  	0.05448  	-0.0066  	0.02923  	0.01104  	0.00316  	0.02888  	0.01083  	-0.0303  	0.03119  	-0.0009  	-0.0299  	0.03350  	-0.0022  	-0.0032  	0.03164  	-0.0076  	-0.0069  	-0.0242  	0.03589  	-0.0073  	0.02253  	-0.2797  	
-0.1064  	-6.5618  	-0.0284  	0.47590  	0.01464  	0.30055  	0.14805  	-0.6924  	0.13079  	0.02382  	0.19018  	0.30125  	-0.0319  	-0.6065  	-0.9383  	0.77752  	-0.1220  	0.35485  	-0.3140  	0.51607  	-0.1097  	-0.2133  	-0.6115  	0.28142  	-0.1627  	-0.1410  	-0.4469  	-0.0485  	-0.0177  	-0.1385  	-0.2035  	0.22025  	0.25635  	-0.0452  	0.17572  	0.27082  	0.07786  	-0.0226  	-0.1615  	0.26744  	0.02019  	0.04021  	0.00525  	-0.0217  	-0.0745  	-0.0486  	0.04666  	-0.0030  	0.04782  	-0.0159  	0.01748  	0.01253  	-0.0007  	0.02826  	0.00349  	-0.0381  	0.03381  	0.01027  	-0.0280  	0.02754  	-0.0079  	-0.0036  	0.04394  	-0.0027  	-0.0069  	-0.0242  	0.03589  	-0.0073  	0.02253  	-0.2797  	
-0.2509  	-0.0409  	-0.0304  	0.36883  	-0.0498  	0.29023  	0.14462  	-0.6832  	0.14775  	0.03211  	0.19309  	0.26500  	-0.0310  	-0.6590  	-1.0999  	0.78863  	-0.0979  	0.35474  	-0.2944  	0.49825  	-0.1915  	-0.2446  	-0.5874  	0.21757  	-0.1692  	-0.1211  	-0.4724  	0.01385  	0.04376  	-0.1345  	-0.2035  	0.21860  	0.24675  	-0.0521  	0.08118  	0.31267  	0.02599  	-0.0202  	-0.1286  	0.25671  	0.06339  	0.03450  	0.03761  	-0.0270  	-0.0785  	-0.0480  	0.03598  	0.00688  	0.04384  	-0.0210  	0.01522  	0.01349  	0.00314  	0.02297  	0.00787  	-0.0349  	0.03597  	0.00578  	-0.0293  	0.02634  	0.00256  	0.00176  	0.03091  	-0.0005  	-0.0069  	-0.0242  	0.03589  	-0.0073  	0.02253  	-0.2797  	
-0.3160  	-0.0889  	-0.0814  	0.31099  	-0.0762  	0.22678  	0.11548  	-0.7357  	0.13041  	0.04567  	0.22241  	0.22991  	-0.0472  	-0.7498  	-1.1322  	0.77519  	-0.0730  	0.33452  	-0.2804  	0.48886  	-0.1603  	-0.2625  	-0.5495  	0.20558  	-0.1627  	-0.1179  	-0.4774  	0.01513  	-0.0251  	-0.1491  	-0.1964  	0.22615  	0.22810  	-0.0474  	0.09349  	0.30173  	0.07029  	-0.0077  	-0.1581  	0.22739  	0.06830  	0.02424  	0.02514  	-0.0191  	-0.0749  	-0.0448  	0.03796  	-0.0051  	0.03348  	-0.0107  	0.01245  	0.01466  	0.00303  	0.02529  	0.00539  	-0.0361  	0.03156  	0.00480  	-0.0272  	0.02921  	0.00545  	-0.0026  	0.02831  	-0.0035  	-0.0069  	-0.0242  	0.03589  	-0.0073  	0.02253  	-0.2797  	
-0.3765  	-0.0892  	-0.1151  	0.30343  	-0.0370  	0.19090  	0.12759  	-0.7326  	0.12755  	0.08162  	0.23175  	0.25018  	-0.0573  	-0.7165  	-1.1125  	0.75169  	-0.0962  	0.32871  	-0.2864  	0.48521  	-0.1752  	-0.2367  	-0.5611  	0.20627  	-0.1628  	-0.1169  	-0.4657  	0.00360  	-0.0041  	-0.1316  	-0.1848  	0.21484  	0.23554  	-0.0455  	0.08504  	0.30189  	0.05356  	-0.0199  	-0.1476  	0.23542  	0.05177  	0.03020  	0.01807  	-0.0230  	-0.0744  	-0.0457  	0.04210  	-0.0048  	0.03540  	-0.0176  	0.01051  	0.01815  	0.00157  	0.02440  	0.00549  	-0.0411  	0.03231  	0.00460  	-0.0288  	0.02718  	0.00462  	-0.0060  	0.03292  	-0.0016  	-0.0069  	-0.0242  	0.03589  	-0.0073  	0.02253  	-0.2797  	
-0.4264  	-0.1059  	-0.1835  	0.33169  	0.00464  	0.14950  	0.12365  	-0.7350  	0.11705  	0.09877  	0.28860  	0.29452  	-0.0532  	-0.7004  	-1.1207  	0.75386  	-0.1073  	0.32897  	-0.2998  	0.50654  	-0.1734  	-0.2515  	-0.5770  	0.23394  	-0.1819  	-0.1143  	-0.4740  	0.01608  	0.00952  	-0.1378  	-0.1824  	0.21877  	0.23461  	-0.0485  	0.10425  	0.30399  	0.04772  	-0.0220  	-0.1534  	0.24215  	0.04497  	0.02587  	0.00526  	-0.0246  	-0.0697  	-0.0457  	0.04321  	-0.0154  	0.03698  	-0.0166  	0.00617  	0.01527  	0.00255  	0.02175  	0.00733  	-0.0397  	0.03036  	0.00106  	-0.0261  	0.03055  	0.00596  	-0.0007  	0.03092  	-0.0031  	-0.0069  	-0.0242  	0.03589  	-0.0073  	0.02253  	-0.2797  	
-0.4035  	-0.1031  	-0.1987  	0.38646  	0.04768  	0.16261  	0.12589  	-0.7371  	0.12475  	0.09476  	0.26285  	0.32101  	-0.0527  	-0.7053  	-1.1089  	0.76087  	-0.1063  	0.33730  	-0.3022  	0.50832  	-0.1911  	-0.2467  	-0.5836  	0.21969  	-0.1996  	-0.1070  	-0.4990  	0.05402  	0.03222  	-0.1337  	-0.1797  	0.21324  	0.23717  	-0.0446  	0.09120  	0.30059  	0.02326  	-0.0373  	-0.1403  	0.25363  	0.03931  	0.02385  	0.00303  	-0.0194  	-0.0727  	-0.0455  	0.04165  	-0.0111  	0.03927  	-0.0133  	0.01127  	0.01418  	0.00105  	0.02052  	0.00937  	-0.0380  	0.03227  	0.00353  	-0.0263  	0.03183  	0.00545  	-0.0017  	0.02981  	-0.0040  	-0.0069  	-0.0242  	0.03589  	-0.0073  	0.02253  	-0.2797  	
-0.3347  	-0.0812  	-0.1804  	0.46585  	0.09534  	0.20108  	0.10881  	-0.7215  	0.14841  	0.08107  	0.21857  	0.37597  	-0.0358  	-0.6715  	-1.0338  	0.77052  	-0.1102  	0.34336  	-0.2932  	0.49829  	-0.1929  	-0.2425  	-0.5926  	0.19311  	-0.2070  	-0.1052  	-0.5319  	0.08055  	0.06052  	-0.1214  	-0.1722  	0.19705  	0.25698  	-0.0353  	0.09561  	0.28323  	0.00503  	-0.0491  	-0.1330  	0.25216  	0.02983  	0.03059  	0.01419  	-0.0246  	-0.0749  	-0.0447  	0.04124  	-0.0063  	0.04329  	-0.0122  	0.01603  	0.01207  	-0.0026  	0.02012  	0.00867  	-0.0344  	0.03450  	0.00429  	-0.0285  	0.02815  	0.00145  	-0.0011  	0.03093  	-0.0023  	-0.0069  	-0.0242  	0.03589  	-0.0073  	0.02253  	-0.2797  	
-0.3438  	-0.0769  	-0.1401  	0.44151  	0.09043  	0.20896  	0.10739  	-0.7027  	0.16227  	0.09179  	0.19913  	0.36381  	-0.0086  	-0.6022  	-1.0253  	0.75584  	-0.1178  	0.34611  	-0.2907  	0.49579  	-0.2008  	-0.2245  	-0.5885  	0.19158  	-0.2169  	-0.1139  	-0.5339  	0.08641  	0.04259  	-0.1262  	-0.1729  	0.19430  	0.26327  	-0.0289  	0.09176  	0.26879  	0.00421  	-0.0501  	-0.1369  	0.25134  	0.04276  	0.01933  	0.00977  	-0.0273  	-0.0820  	-0.0411  	0.03539  	0.00275  	0.04298  	-0.0166  	0.01226  	0.01533  	-0.0057  	0.02169  	0.00678  	-0.0329  	0.02980  	0.00175  	-0.0284  	0.02816  	0.00647  	-0.0029  	0.02967  	-0.0034  	-0.0069  	-0.0242  	0.03589  	-0.0073  	0.02253  	-0.2797  	
-0.3459  	-0.1057  	-0.1439  	0.43187  	0.08040  	0.17477  	0.12037  	-0.6918  	0.16048  	0.06716  	0.26826  	0.32357  	-0.0126  	-0.5612  	-1.0608  	0.73679  	-0.1343  	0.33312  	-0.3122  	0.54206  	-0.1711  	-0.2354  	-0.6200  	0.23499  	-0.2080  	-0.1101  	-0.5245  	0.06605  	-0.0103  	-0.1500  	-0.1822  	0.20983  	0.26835  	-0.0426  	0.13630  	0.26552  	0.03142  	-0.0534  	-0.1499  	0.23742  	0.01448  	0.02888  	-0.0016  	-0.0345  	-0.0735  	-0.0460  	0.03956  	0.00013  	0.04531  	-0.0149  	0.00996  	0.01267  	-0.0029  	0.02222  	0.00829  	-0.0371  	0.03222  	0.00435  	-0.0286  	0.02777  	0.00329  	-0.0017  	0.03169  	-0.0043  	-0.0069  	-0.0242  	0.03589  	-0.0073  	0.02253  	-0.2797  	
-0.4181  	-0.1299  	-0.2054  	0.46621  	0.09694  	0.13377  	0.12065  	-0.7098  	0.14392  	0.06679  	0.30524  	0.34924  	-0.0226  	-0.6102  	-1.0460  	0.75872  	-0.1243  	0.35053  	-0.3187  	0.55846  	-0.1586  	-0.2716  	-0.6524  	0.24795  	-0.2157  	-0.1129  	-0.5405  	0.05564  	-0.0102  	-0.1472  	-0.1891  	0.20547  	0.27462  	-0.0427  	0.15798  	0.28239  	0.02883  	-0.0485  	-0.1515  	0.24009  	0.00727  	0.03860  	-0.0153  	-0.0457  	-0.0721  	-0.0443  	0.04233  	-0.0092  	0.04575  	-0.0163  	0.01121  	0.01410  	-0.0016  	0.02144  	0.00609  	-0.0363  	0.03281  	0.00564  	-0.0285  	0.02617  	0.00463  	0.00130  	0.02842  	-0.0044  	-0.0069  	-0.0242  	0.03589  	-0.0073  	0.02253  	-0.2797  	
-0.4199  	-0.1340  	-0.2175  	0.45553  	0.08548  	0.10222  	0.12759  	-0.6904  	0.15970  	0.08262  	0.32799  	0.35940  	-0.0343  	-0.6553  	-1.0086  	0.77237  	-0.1134  	0.35175  	-0.3099  	0.57718  	-0.1034  	-0.2703  	-0.6574  	0.24133  	-0.2362  	-0.1118  	-0.5283  	0.02037  	-0.0700  	-0.1608  	-0.1794  	0.19784  	0.29139  	-0.0351  	0.16419  	0.25580  	0.03808  	-0.0396  	-0.1696  	0.23180  	-0.0102  	0.04471  	-0.0153  	-0.0491  	-0.0728  	-0.0451  	0.04635  	-0.0138  	0.04336  	-0.0154  	0.01121  	0.01239  	-0.0042  	0.02580  	0.00292  	-0.0346  	0.03480  	0.00385  	-0.0298  	0.02606  	0.00653  	-0.0084  	0.03211  	-0.0055  	-0.0069  	-0.0242  	0.03589  	-0.0073  	0.02253  	-0.2797  	
-0.3833  	-0.1130  	-0.1917  	0.44986  	0.09613  	0.08629  	0.12215  	-0.6718  	0.15455  	0.07593  	0.33884  	0.39878  	-0.0270  	-0.5997  	-0.9955  	0.73506  	-0.1153  	0.34041  	-0.2913  	0.55518  	-0.0928  	-0.2653  	-0.6396  	0.24459  	-0.2489  	-0.1135  	-0.5209  	0.02330  	-0.0699  	-0.1531  	-0.1812  	0.19720  	0.29831  	-0.0402  	0.16129  	0.24102  	0.04189  	-0.0403  	-0.1556  	0.22690  	-0.0157  	0.04798  	-0.0113  	-0.0426  	-0.0777  	-0.0441  	0.04482  	-0.0117  	0.04428  	-0.0183  	0.01575  	0.01285  	-0.0049  	0.02813  	0.00054  	-0.0310  	0.03079  	0.00183  	-0.0279  	0.03423  	0.00734  	-0.0067  	0.02689  	-0.0084  	-0.0069  	-0.0242  	0.03589  	-0.0073  	0.02253  	-0.2797  	
-0.1672  	-0.0120  	-0.0128  	0.49909  	-0.0142  	0.36404  	0.10135  	-0.5746  	0.19737  	-0.0318  	0.16243  	0.34893  	0.02433  	-0.5206  	-0.8782  	0.81321  	-0.1101  	0.32366  	-0.2501  	0.46663  	-0.0389  	-0.2440  	-0.5684  	0.24271  	-0.2060  	-0.1334  	-0.4413  	-0.0756  	-0.0744  	-0.1217  	-0.1817  	0.21615  	0.27058  	-0.0626  	0.15320  	0.20672  	0.08601  	-0.0279  	-0.1405  	0.23411  	0.02599  	0.02749  	0.01382  	-0.0265  	-0.0777  	-0.0432  	0.03396  	0.00658  	0.04518  	-0.0191  	0.01250  	0.01979  	-0.0074  	0.02074  	0.00545  	-0.0258  	0.03486  	-0.0031  	-0.0329  	0.03023  	0.00791  	-0.0039  	0.02983  	-0.0039  	-0.0069  	-0.0242  	0.03589  	-0.0073  	0.02253  	-0.2797  	
-0.0263  	-0.0094  	0.05011  	0.57189  	0.08762  	0.39274  	0.07289  	-0.5569  	0.17486  	0.00290  	0.14994  	0.33384  	0.03450  	-0.6900  	-0.8658  	0.87060  	-0.0161  	0.17578  	-0.1831  	0.24567  	-0.0092  	-0.4291  	-0.7540  	0.27605  	-0.2003  	-0.0785  	-0.4150  	-0.1762  	-0.0228  	-0.1657  	-0.0870  	0.20111  	0.16252  	-0.2002  	0.09558  	0.22181  	0.04741  	-0.0176  	-0.2530  	0.16625  	0.09178  	0.11220  	-0.0622  	0.03962  	-0.1134  	-0.0285  	0.01197  	0.01488  	0.04151  	-0.0350  	0.00762  	0.01645  	0.00179  	0.02679  	0.00912  	-0.0369  	0.03832  	0.00034  	-0.0285  	0.03872  	0.00598  	-0.0109  	0.02239  	-0.0042  	-0.0069  	-0.0242  	0.03589  	-0.0073  	0.02253  	-0.2797  	
0.02312  	0.03756  	0.12682  	0.61770  	0.11163  	0.37529  	0.06406  	-0.5769  	0.13810  	0.02677  	0.20223  	0.38471  	0.01119  	-0.7007  	-0.9156  	0.86904  	0.01430  	0.06408  	-0.1801  	0.09908  	0.00923  	-0.5436  	-0.9809  	0.29616  	-0.2405  	0.01459  	-0.4165  	-0.1949  	0.06788  	-0.1574  	-0.0297  	0.16531  	0.09480  	-0.2871  	0.08888  	0.24424  	-0.0377  	-0.0153  	-0.3205  	0.13162  	0.11581  	0.22710  	-0.1424  	0.09848  	-0.1649  	-0.0169  	0.00535  	0.04073  	0.02519  	-0.0333  	0.03149  	0.02112  	0.00412  	0.04173  	0.01665  	-0.0366  	0.03797  	-0.0112  	-0.0297  	0.04351  	0.00658  	-0.0115  	0.01371  	-0.0004  	-0.0069  	-0.0242  	0.03589  	-0.0073  	0.02253  	-0.2797  	
0.00709  	0.00907  	0.14678  	0.50600  	0.07715  	0.32353  	0.08773  	-0.6174  	0.12908  	0.08026  	0.22021  	0.35376  	0.00732  	-0.7774  	-0.9972  	0.87380  	0.00113  	0.08418  	-0.1630  	0.09192  	-0.0469  	-0.6130  	-1.0701  	0.21417  	-0.2445  	0.00751  	-0.4328  	-0.1304  	0.11154  	-0.1473  	-0.0270  	0.16479  	0.08229  	-0.3016  	0.05838  	0.29779  	-0.0532  	-0.0181  	-0.3307  	0.13819  	0.14178  	0.25669  	-0.1622  	0.12427  	-0.1773  	-0.0085  	-0.0053  	0.04432  	0.02626  	-0.0317  	0.03360  	0.02395  	0.00240  	0.05384  	0.02250  	-0.0355  	0.02815  	-0.0159  	-0.0305  	0.04450  	0.00562  	-0.0144  	0.01114  	-0.0041  	-0.0069  	-0.0242  	0.03589  	-0.0073  	0.02253  	-0.2797  	
-0.0731  	-0.0219  	0.09599  	0.45652  	0.01267  	0.31613  	0.09792  	-0.6157  	0.11943  	0.05894  	0.19037  	0.26726  	0.02588  	-0.7661  	-1.0032  	0.81414  	0.01075  	0.11054  	-0.1765  	0.09301  	-0.0562  	-0.5556  	-0.9858  	0.20725  	-0.2297  	0.00234  	-0.4562  	-0.1170  	0.13362  	-0.1376  	-0.0426  	0.17233  	0.08731  	-0.2817  	0.04337  	0.30534  	-0.0624  	-0.0228  	-0.3143  	0.15085  	0.14302  	0.22012  	-0.1399  	0.10227  	-0.1617  	-0.0173  	-0.0036  	0.03239  	0.02396  	-0.0326  	0.02876  	0.01961  	0.00262  	0.04395  	0.02122  	-0.0384  	0.03209  	-0.0123  	-0.0317  	0.04005  	0.00837  	-0.0142  	0.01358  	0.00170  	-0.0069  	-0.0242  	0.03589  	-0.0073  	0.02253  	-0.2797  	
-0.2578  	-0.0614  	-0.0607  	0.47936  	0.01963  	0.26002  	0.10527  	-0.6701  	0.11936  	-0.0319  	0.15902  	0.27844  	0.00364  	-0.6863  	-0.9232  	0.72512  	-0.0092  	0.16802  	-0.2209  	0.22848  	-0.0902  	-0.4118  	-0.7793  	0.24960  	-0.1653  	-0.0604  	-0.3829  	-0.0646  	0.05753  	-0.1378  	-0.1135  	0.19943  	0.15260  	-0.1823  	0.09533  	0.29447  	0.01224  	-0.0180  	-0.2804  	0.17984  	0.08031  	0.14513  	-0.0870  	0.03693  	-0.1211  	-0.0340  	0.02251  	0.01007  	0.03078  	-0.0231  	0.02927  	0.01687  	0.00333  	0.03998  	0.01315  	-0.0321  	0.03599  	-0.0043  	-0.0224  	0.03802  	0.00596  	-0.0121  	0.02510  	-0.0024  	-0.0069  	-0.0242  	0.03589  	-0.0073  	0.02253  	-0.2797  	
-0.1332  	-0.0379  	-0.0302  	0.47061  	-0.0106  	0.35828  	0.10384  	-0.6611  	0.15439  	-0.0503  	0.14551  	0.24626  	-0.0320  	-0.6264  	-0.8618  	0.75380  	-0.0837  	0.26964  	-0.2960  	0.42547  	-0.0361  	-0.1960  	-0.5174  	0.26180  	-0.1564  	-0.1263  	-0.3945  	-0.1150  	-0.0918  	-0.1336  	-0.2041  	0.24217  	0.24573  	-0.0595  	0.19282  	0.23749  	0.15108  	0.00250  	-0.2009  	0.21489  	0.00397  	0.03880  	0.00250  	-0.0332  	-0.0751  	-0.0417  	0.04491  	-0.0121  	0.03778  	-0.0118  	0.01547  	0.01483  	0.00017  	0.02219  	0.00452  	-0.0380  	0.03522  	0.00599  	-0.0308  	0.02271  	0.00098  	-0.0089  	0.04099  	-0.0016  	-0.0069  	-0.0242  	0.03589  	-0.0073  	0.02253  	-0.2797  	
-0.0974  	-0.0033  	-0.0071  	0.55851  	0.02417  	0.37136  	0.12305  	-0.6513  	0.15434  	-0.0150  	0.12662  	0.30601  	-0.0116  	-0.5716  	-0.8483  	0.79467  	-0.0910  	0.31361  	-0.2805  	0.43711  	-0.0690  	-0.1908  	-0.5319  	0.25138  	-0.1735  	-0.1343  	-0.4352  	-0.0726  	-0.0358  	-0.1210  	-0.1980  	0.22878  	0.25877  	-0.0533  	0.16686  	0.23516  	0.09624  	-0.0026  	-0.1637  	0.25314  	0.00791  	0.02974  	0.01679  	-0.0211  	-0.0833  	-0.0463  	0.03983  	-0.0132  	0.03842  	-0.0154  	0.01097  	0.01612  	-0.0012  	0.02467  	0.00718  	-0.0366  	0.02826  	0.00499  	-0.0272  	0.03023  	0.00316  	0.00046  	0.03552  	-0.0052  	-0.0069  	-0.0242  	0.03589  	-0.0073  	0.02253  	-0.2797  	
-0.1190  	0.01695  	-0.0169  	0.49943  	0.06219  	0.33659  	0.13303  	-0.6266  	0.18793  	0.03434  	0.13918  	0.29875  	0.04788  	-0.4771  	-0.9561  	0.81267  	-0.1290  	0.34850  	-0.2927  	0.48448  	-0.1344  	-0.2244  	-0.6083  	0.19942  	-0.1787  	-0.1374  	-0.4820  	0.02379  	0.02451  	-0.1308  	-0.1840  	0.19892  	0.27814  	-0.0527  	0.14877  	0.26406  	0.03251  	-0.0442  	-0.1368  	0.26167  	0.02165  	0.03475  	0.02367  	-0.0351  	-0.0811  	-0.0432  	0.03826  	0.00045  	0.03903  	-0.0057  	0.01297  	0.01360  	-0.0008  	0.01476  	0.00684  	-0.0338  	0.02992  	0.00310  	-0.0296  	0.02706  	0.00281  	0.01011  	0.03137  	-0.0022  	-0.0069  	-0.0242  	0.03589  	-0.0073  	0.02253  	-0.2797  	
-0.2257  	-0.0437  	-0.0895  	0.49313  	0.07324  	0.26215  	0.12968  	-0.6841  	0.17348  	0.04444  	0.21225  	0.34039  	0.02349  	-0.4981  	-0.9999  	0.77174  	-0.1188  	0.33995  	-0.3021  	0.53083  	-0.1463  	-0.2218  	-0.6203  	0.25431  	-0.1763  	-0.1251  	-0.4948  	0.04349  	-0.0015  	-0.1334  	-0.1869  	0.21557  	0.27170  	-0.0425  	0.14059  	0.26678  	0.02330  	-0.0411  	-0.1545  	0.26814  	0.02487  	0.03095  	0.00904  	-0.0271  	-0.0807  	-0.0465  	0.04036  	-0.0034  	0.04456  	-0.0182  	0.01275  	0.01308  	-0.0034  	0.02491  	0.00449  	-0.0318  	0.03587  	0.00366  	-0.0288  	0.03203  	0.00871  	0.00376  	0.02374  	-0.0055  	-0.0069  	-0.0242  	0.03589  	-0.0073  	0.02253  	-0.2797  	
-0.4432  	-0.1165  	-0.2248  	0.48757  	0.10427  	0.09916  	0.12673  	-0.6886  	0.16903  	0.07141  	0.30777  	0.37746  	-0.0186  	-0.6047  	-1.0267  	0.76355  	-0.1235  	0.36315  	-0.3155  	0.58083  	-0.1398  	-0.2486  	-0.6627  	0.22999  	-0.2471  	-0.1117  	-0.5488  	0.07834  	-0.0077  	-0.1578  	-0.1811  	0.18799  	0.28438  	-0.0324  	0.15395  	0.27801  	-0.0048  	-0.0484  	-0.1508  	0.24952  	-0.0058  	0.04738  	-0.0070  	-0.0492  	-0.0788  	-0.0470  	0.04546  	-0.0063  	0.04990  	-0.0193  	0.01542  	0.01265  	-0.0026  	0.02537  	0.00479  	-0.0333  	0.03535  	0.00476  	-0.0275  	0.02552  	0.00605  	-0.0032  	0.02726  	-0.0047  	-0.0069  	-0.0242  	0.03589  	-0.0073  	0.02253  	-0.2797  	
-0.4378  	-0.0969  	-0.2330  	0.49987  	0.11844  	0.10463  	0.14620  	-0.6777  	0.16080  	0.10752  	0.30045  	0.40056  	-0.0236  	-0.6446  	-1.0253  	0.77107  	-0.1391  	0.35979  	-0.3061  	0.58145  	-0.1335  	-0.2361  	-0.6769  	0.19922  	-0.2600  	-0.1081  	-0.5518  	0.08755  	-0.0111  	-0.1494  	-0.1805  	0.19243  	0.28979  	-0.0307  	0.13459  	0.27287  	-0.0020  	-0.0537  	-0.1399  	0.25023  	-0.0023  	0.04672  	-0.0079  	-0.0452  	-0.0780  	-0.0470  	0.04314  	-0.0066  	0.04772  	-0.0174  	0.01509  	0.01262  	-0.0028  	0.02805  	0.00301  	-0.0341  	0.03331  	0.00258  	-0.0278  	0.02658  	0.00647  	-0.0055  	0.02728  	-0.0062  	-0.0069  	-0.0242  	0.03589  	-0.0073  	0.02253  	-0.2797  	
-0.4018  	-0.0874  	-0.1989  	0.47554  	0.08296  	0.11210  	0.12107  	-0.6832  	0.15921  	0.11740  	0.29593  	0.41037  	-0.0297  	-0.6349  	-1.0731  	0.76426  	-0.1210  	0.37340  	-0.2951  	0.58136  	-0.1413  	-0.2539  	-0.6682  	0.19637  	-0.2394  	-0.1132  	-0.5740  	0.10503  	0.00299  	-0.1443  	-0.1736  	0.19326  	0.28691  	-0.0340  	0.12516  	0.26882  	-0.0011  	-0.0606  	-0.1244  	0.24135  	0.00276  	0.03773  	-0.0053  	-0.0435  	-0.0755  	-0.0473  	0.03843  	-0.0031  	0.04374  	-0.0129  	0.01950  	0.01267  	-0.0032  	0.02308  	0.00303  	-0.0322  	0.03824  	0.00519  	-0.0323  	0.03117  	0.00429  	-0.0002  	0.02752  	-0.0027  	-0.0069  	-0.0242  	0.03589  	-0.0073  	0.02253  	-0.2797  	
-0.3136  	-0.0842  	-0.1570  	0.54697  	0.08510  	0.19391  	0.11921  	-0.6677  	0.15157  	0.10858  	0.23591  	0.42329  	0.00444  	-0.5699  	-0.9703  	0.73170  	-0.1211  	0.34344  	-0.2827  	0.53840  	-0.1579  	-0.2447  	-0.6288  	0.20316  	-0.2038  	-0.1312  	-0.5546  	0.10086  	0.00130  	-0.1245  	-0.1796  	0.20447  	0.27823  	-0.0379  	0.14162  	0.25779  	-0.0039  	-0.0544  	-0.1235  	0.23460  	0.00848  	0.03271  	0.01092  	-0.0388  	-0.0696  	-0.0432  	0.03883  	-0.0015  	0.04737  	-0.0105  	0.01818  	0.01178  	-0.0014  	0.01322  	0.00712  	-0.0366  	0.03876  	0.00655  	-0.0309  	0.02908  	0.00579  	0.00048  	0.02787  	-0.0023  	-0.0069  	-0.0242  	0.03589  	-0.0073  	0.02253  	-0.2797  	
-0.1904  	-0.0295  	-0.0765  	0.56851  	0.09056  	0.29626  	0.11936  	-0.6427  	0.15959  	0.06603  	0.11177  	0.42542  	0.02701  	-0.5217  	-0.8904  	0.77354  	-0.1222  	0.34195  	-0.2704  	0.49954  	-0.1498  	-0.2151  	-0.6270  	0.19905  	-0.1890  	-0.1329  	-0.5389  	0.06271  	0.01160  	-0.1178  	-0.1915  	0.19489  	0.26436  	-0.0410  	0.13257  	0.24768  	0.00703  	-0.0434  	-0.1166  	0.24022  	0.02781  	0.02695  	0.02669  	-0.0296  	-0.0802  	-0.0427  	0.03794  	0.01868  	0.04449  	-0.0135  	0.01941  	0.01308  	-0.0065  	0.01811  	0.00600  	-0.0271  	0.03587  	-0.0057  	-0.0255  	0.02718  	0.00368  	-0.0022  	0.02881  	-0.0028  	-0.0069  	-0.0242  	0.03589  	-0.0073  	0.02253  	-0.2797  	
-0.0807  	0.01202  	-0.0079  	0.62549  	0.03822  	0.39306  	0.10223  	-0.6514  	0.17040  	0.00374  	0.07403  	0.38190  	0.04015  	-0.5356  	-0.8229  	0.79623  	-0.0879  	0.33067  	-0.2726  	0.48176  	-0.1148  	-0.2224  	-0.5883  	0.21015  	-0.1744  	-0.1207  	-0.5025  	0.01912  	-0.0216  	-0.1270  	-0.2003  	0.22054  	0.26899  	-0.0452  	0.14433  	0.25568  	0.04482  	-0.0238  	-0.1259  	0.25892  	0.01460  	0.02040  	0.02525  	-0.0288  	-0.0876  	-0.0462  	0.03908  	0.02158  	0.04981  	-0.0194  	0.02122  	0.01444  	-0.0040  	0.02692  	0.00355  	-0.0299  	0.02425  	0.00388  	-0.0217  	0.02796  	-0.0001  	-0.0048  	0.02332  	-0.0053  	-0.0069  	-0.0242  	0.03589  	-0.0073  	0.02253  	-0.2797  	
-0.0278  	-0.0053  	0.01983  	0.59173  	0.12002  	0.38018  	0.14441  	-0.6767  	0.16641  	0.02527  	0.11255  	0.34799  	-0.0037  	-0.5596  	-0.8883  	0.87050  	-0.1183  	0.34173  	-0.2853  	0.50979  	-0.1400  	-0.2328  	-0.6310  	0.21559  	-0.1557  	-0.1330  	-0.4827  	0.01222  	-0.0120  	-0.1206  	-0.2018  	0.22802  	0.27085  	-0.0305  	0.17447  	0.28078  	0.06399  	-0.0343  	-0.1383  	0.24967  	-6.5024  	0.03825  	0.02798  	-0.0328  	-0.0780  	-0.0441  	0.03751  	0.00705  	0.05089  	-0.0179  	0.01431  	0.01099  	-0.0055  	0.02454  	0.00900  	-0.0335  	0.03463  	0.00937  	-0.0307  	0.02731  	-0.0022  	-0.0066  	0.03095  	-0.0055  	-0.0069  	-0.0242  	0.03589  	-0.0073  	0.02253  	-0.2797  	
-0.0135  	-0.0217  	0.02899  	0.53664  	0.07154  	0.38981  	0.14166  	-0.6569  	0.17240  	0.04451  	0.18258  	0.31943  	-0.0274  	-0.5793  	-0.9822  	0.87758  	-0.1204  	0.34267  	-0.2866  	0.50213  	-0.0638  	-0.2428  	-0.6383  	0.24212  	-0.1613  	-0.1526  	-0.4312  	-0.0284  	-0.0540  	-0.1314  	-0.2125  	0.24197  	0.25573  	-0.0463  	0.21037  	0.28677  	0.10561  	-0.0221  	-0.1652  	0.25085  	-0.0095  	0.04314  	0.01134  	-0.0294  	-0.0711  	-0.0445  	0.04151  	-0.0007  	0.04803  	-0.0169  	0.02407  	0.01586  	0.00290  	0.02175  	0.01041  	-0.0328  	0.03748  	0.00747  	-0.0287  	0.02774  	-0.0018  	-0.0108  	0.03397  	-0.0070  	-0.0069  	-0.0242  	0.03589  	-0.0073  	0.02253  	-0.2797  	
-0.0333  	-0.0251  	0.03275  	0.49710  	0.05849  	0.37741  	0.15647  	-0.6486  	0.17009  	0.07427  	0.20916  	0.26251  	-0.0454  	-0.6173  	-1.0094  	0.87461  	-0.1512  	0.33202  	-0.2875  	0.50146  	-0.0791  	-0.2240  	-0.6469  	0.22070  	-0.1318  	-0.1593  	-0.4059  	-0.0372  	-0.0220  	-0.1176  	-0.2039  	0.25501  	0.23866  	-0.0503  	0.19848  	0.31518  	0.09884  	-0.0113  	-0.1676  	0.25621  	-0.0117  	0.04717  	0.02318  	-0.0166  	-0.0741  	-0.0475  	0.03703  	0.00272  	0.04561  	-0.0208  	0.02551  	0.01629  	0.00313  	0.01867  	0.01477  	-0.0347  	0.04133  	0.00922  	-0.0294  	0.02671  	-0.0035  	-0.0114  	0.03901  	-0.0059  	-0.0069  	-0.0242  	0.03589  	-0.0073  	0.02253  	-0.2797  	
-0.0422  	-0.0451  	0.04364  	0.47005  	0.04199  	0.36610  	0.15488  	-0.6876  	0.15000  	0.09183  	0.21333  	0.26679  	-0.0528  	-0.6496  	-1.0733  	0.90468  	-0.1461  	0.32240  	-0.2808  	0.48795  	-0.1053  	-0.2249  	-0.6420  	0.23185  	-0.1207  	-0.1587  	-0.4012  	-0.0411  	-0.0376  	-0.1154  	-0.2053  	0.25488  	0.23205  	-0.0519  	0.18657  	0.33166  	0.10482  	-0.0018  	-0.1700  	0.25750  	-0.0028  	0.04418  	0.02318  	-0.0159  	-0.0793  	-0.0471  	0.03722  	0.00792  	0.04623  	-0.0168  	0.02625  	0.01760  	0.00178  	0.02006  	0.01361  	-0.0356  	0.03929  	0.00597  	-0.0299  	0.02977  	-0.0045  	-0.0105  	0.03877  	-0.0058  	-0.0069  	-0.0242  	0.03589  	-0.0073  	0.02253  	-0.2797  	
-0.0753  	-0.0278  	0.03875  	0.38844  	-0.0121  	0.35532  	0.16663  	-0.7157  	0.13673  	0.08418  	0.19299  	0.24465  	-0.0273  	-0.6513  	-1.1062  	0.87657  	-0.1421  	0.33465  	-0.2885  	0.49790  	-0.1609  	-0.2424  	-0.6039  	0.19876  	-0.1631  	-0.1434  	-0.4577  	0.00879  	-0.0040  	-0.1265  	-0.2035  	0.23475  	0.24041  	-0.0459  	0.15062  	0.34515  	0.06276  	-0.0037  	-0.1584  	0.27314  	0.04036  	0.03883  	0.01850  	-0.0233  	-0.0833  	-0.0447  	0.03797  	0.00200  	0.04399  	-0.0147  	0.02268  	0.01583  	0.00234  	0.02170  	0.00939  	-0.0408  	0.03657  	0.00540  	-0.0288  	0.02811  	-0.0031  	-0.0066  	0.03708  	-0.0061  	-0.0069  	-0.0242  	0.03589  	-0.0073  	0.02253  	-0.2797  	
-0.1645  	-0.0437  	-0.0183  	0.39278  	-0.0203  	0.32221  	0.13730  	-0.7181  	0.12428  	0.04163  	0.16830  	0.25625  	-0.0386  	-0.6790  	-1.0653  	0.81217  	-0.1138  	0.32202  	-0.2828  	0.49067  	-0.1446  	-0.2398  	-0.5874  	0.20437  	-0.1704  	-0.1327  	-0.4432  	0.00223  	-0.0265  	-0.1272  	-0.1942  	0.24104  	0.23324  	-0.0452  	0.15520  	0.32319  	0.07314  	-0.0095  	-0.1704  	0.25940  	0.03700  	0.03970  	0.01470  	-0.0214  	-0.0824  	-0.0451  	0.03987  	-0.0079  	0.04091  	-0.0210  	0.02032  	0.01518  	0.00063  	0.02540  	0.00972  	-0.0359  	0.03596  	0.00727  	-0.0246  	0.03015  	0.00099  	-0.0050  	0.03551  	-0.0019  	-0.0069  	-0.0242  	0.03589  	-0.0073  	0.02253  	-0.2797  	
-0.2224  	-0.0669  	-0.0691  	0.41578  	-0.0361  	0.28201  	0.11345  	-0.7388  	0.12394  	0.01984  	0.18148  	0.26575  	-0.0524  	-0.7001  	-1.0613  	0.81689  	-0.0820  	0.32514  	-0.2725  	0.47950  	-0.1482  	-0.2653  	-0.5955  	0.24126  	-0.1354  	-0.1344  	-0.4218  	0.00144  	-0.0499  	-0.1349  	-0.2117  	0.23884  	0.21287  	-0.0533  	0.15942  	0.32683  	0.08657  	-0.0137  	-0.1825  	0.23548  	0.03720  	0.03564  	0.00667  	-0.0276  	-0.0725  	-0.0484  	0.04050  	-0.0051  	0.04468  	-0.0139  	0.02008  	0.01541  	-0.0001  	0.03147  	0.00890  	-0.0352  	0.03794  	0.00792  	-0.0224  	0.02692  	-0.0042  	-0.0041  	0.04249  	-0.0044  	-0.0069  	-0.0242  	0.03589  	-0.0073  	0.02253  	-0.2797  	
-0.2816  	-0.0795  	-0.0785  	0.34437  	-0.0503  	0.26262  	0.10516  	-0.7452  	0.12944  	0.01971  	0.21046  	0.24782  	-0.0714  	-0.7326  	-1.0727  	0.80032  	-0.0647  	0.32437  	-0.2713  	0.45379  	-0.1357  	-0.2474  	-0.5652  	0.22599  	-0.1341  	-0.1223  	-0.4225  	-0.0090  	-0.0313  	-0.1434  	-0.2095  	0.24475  	0.20780  	-0.0537  	0.11498  	0.31276  	0.09421  	-0.0019  	-0.1645  	0.23084  	0.04628  	0.02937  	0.01750  	-0.0216  	-0.0716  	-0.0503  	0.03658  	-0.0108  	0.03906  	-0.0136  	0.01423  	0.01616  	0.00065  	0.02706  	0.00961  	-0.0321  	0.03288  	0.00774  	-0.0216  	0.02711  	0.00214  	-0.0051  	0.03543  	-0.0046  	-0.0069  	-0.0242  	0.03589  	-0.0073  	0.02253  	-0.2797  	
-0.3108  	-0.0720  	-0.0771  	0.42083  	-0.0034  	0.25594  	0.08511  	-0.7384  	0.12754  	0.04659  	0.18643  	0.29105  	-0.0715  	-0.7162  	-1.0281  	0.79977  	-0.0727  	0.31329  	-0.2799  	0.44357  	-0.1511  	-0.2282  	-0.5737  	0.20514  	-0.1575  	-0.1214  	-0.4393  	-0.0004  	-0.0169  	-0.1228  	-0.1932  	0.23771  	0.22192  	-0.0450  	0.10321  	0.29971  	0.06292  	-0.0040  	-0.1555  	0.23264  	0.04185  	0.03121  	0.02240  	-0.0242  	-0.0738  	-0.0538  	0.03415  	-0.0055  	0.03660  	-0.0136  	0.01425  	0.01712  	0.00053  	0.02681  	0.00764  	-0.0352  	0.03568  	0.00656  	-0.0255  	0.02523  	0.00215  	-0.0030  	0.04020  	-0.0037  	-0.0069  	-0.0242  	0.03589  	-0.0073  	0.02253  	-0.2797  	
-0.2258  	-0.0415  	-0.0682  	0.42771  	-0.0288  	0.31490  	0.08396  	-0.6651  	0.15190  	0.01219  	0.15201  	0.32079  	-0.0143  	-0.6724  	-0.9710  	0.78052  	-0.0703  	0.32169  	-0.2862  	0.45189  	-0.1384  	-0.2116  	-0.5416  	0.17964  	-0.2145  	-0.1045  	-0.4681  	0.00612  	-0.0120  	-0.1491  	-0.1825  	0.20889  	0.24979  	-0.0486  	0.10065  	0.27046  	0.05940  	-0.0103  	-0.1523  	0.23367  	0.04090  	0.02220  	0.03568  	-0.0276  	-0.0832  	-0.0503  	0.04203  	0.00341  	0.04041  	-0.0115  	0.01390  	0.01362  	-0.0005  	0.02012  	0.00691  	-0.0373  	0.03509  	0.00406  	-0.0290  	0.02704  	0.00242  	-0.0021  	0.03931  	-0.0007  	-0.0069  	-0.0242  	0.03589  	-0.0073  	0.02253  	-0.2797  	
-0.0924  	-0.0134  	-0.0376  	0.51506  	0.02061  	0.35935  	0.10866  	-0.6382  	0.16445  	-0.0033  	0.19124  	0.31984  	-0.0221  	-0.5998  	-0.8699  	0.78743  	-0.1052  	0.30409  	-0.2955  	0.44220  	-0.0366  	-0.2111  	-0.5382  	0.21602  	-0.2463  	-0.1192  	-0.4818  	-0.0527  	-0.0809  	-0.1511  	-0.1926  	0.22726  	0.27014  	-0.0608  	0.17711  	0.22926  	0.10209  	-0.0079  	-0.1751  	0.23063  	0.03476  	0.03196  	0.03308  	-0.0287  	-0.0838  	-0.0464  	0.04293  	-0.0088  	0.03695  	-0.0057  	0.01385  	0.01170  	-0.0012  	0.02118  	0.00924  	-0.0389  	0.03395  	0.00656  	-0.0283  	0.02652  	-0.0033  	0.00273  	0.03632  	-0.0004  	-0.0069  	-0.0242  	0.03589  	-0.0073  	0.02253  	-0.2797  	
0.20054  	0.05331  	0.17056  	0.68890  	0.05892  	0.55316  	0.15185  	-0.5283  	0.21662  	-0.0162  	0.17310  	0.33190  	0.03363  	-0.3854  	-0.7658  	0.92450  	-0.1033  	0.24063  	-0.2841  	0.43231  	0.05776  	-0.1857  	-0.5751  	0.28183  	-0.1510  	-0.1524  	-0.3709  	-0.2009  	-0.1651  	-0.1239  	-0.2007  	0.25519  	0.26185  	-0.0600  	0.22949  	0.20329  	0.17724  	0.01577  	-0.1841  	0.23094  	-0.0002  	0.02651  	0.03354  	-0.0330  	-0.0713  	-0.0453  	0.02603  	0.01794  	0.06251  	-0.0105  	0.01180  	0.01272  	0.00082  	0.02287  	0.00520  	-0.0263  	0.02115  	0.00061  	-0.0331  	0.03779  	0.00028  	0.00210  	0.03435  	-0.0072  	-0.0069  	-0.0242  	0.03589  	-0.0073  	0.02253  	-0.2797  	
0.25975  	0.07285  	0.23718  	0.68809  	0.09846  	0.52032  	0.17411  	-0.5453  	0.20107  	0.05155  	0.00438  	0.21932  	0.08860  	-0.2888  	-0.7054  	0.79854  	-0.1089  	0.24286  	-0.2844  	0.36387  	0.01218  	-0.1192  	-0.5691  	0.28704  	-0.0513  	-0.1772  	-0.3227  	-0.2326  	-0.0964  	-0.0747  	-0.2015  	0.24476  	0.23996  	-0.0591  	0.21633  	0.21986  	0.15109  	-0.0078  	-0.1595  	0.25881  	-0.0170  	0.03934  	0.03007  	-0.0116  	-0.0796  	-0.0401  	0.01552  	0.03707  	0.07035  	-0.0198  	0.02148  	0.01198  	0.00031  	0.01691  	0.00464  	-0.0193  	0.02250  	0.00083  	-0.0283  	0.03723  	-0.0014  	-0.0050  	0.03202  	-0.0095  	-0.0069  	-0.0242  	0.03589  	-0.0073  	0.02253  	-0.2797  	
0.07993  	0.06590  	0.04312  	0.86908  	0.21751  	0.40608  	0.15576  	-0.5877  	0.16548  	0.07338  	-0.0770  	0.21274  	0.09929  	-0.2131  	-0.5717  	0.73223  	-0.1000  	0.20132  	-0.2965  	0.38781  	-0.0426  	-0.1274  	-0.6295  	0.33765  	0.01962  	-0.1800  	-0.2265  	-0.1891  	-0.0403  	-0.0288  	-0.2533  	0.23503  	0.22763  	-0.0541  	0.28615  	0.22594  	0.11849  	-0.0465  	-0.1567  	0.27648  	-0.1037  	0.07610  	-0.0098  	-0.0297  	-0.0738  	-0.0396  	0.02147  	0.02882  	0.06089  	-0.0249  	0.02565  	0.01488  	-0.0074  	0.02010  	0.00477  	-0.0152  	0.03225  	-0.0002  	-0.0220  	0.03166  	0.00128  	-0.0024  	0.02198  	-0.0122  	-0.0069  	-0.0242  	0.03589  	-0.0073  	0.02253  	-0.2797  	
0.03695  	0.04539  	-0.0969  	1.11874  	0.40454  	0.44704  	0.13517  	-0.6142  	0.16229  	-0.0555  	-0.1512  	0.40201  	0.12328  	-0.2282  	-0.4981  	0.73197  	-0.0974  	0.24094  	-0.3285  	0.44656  	-0.1745  	-0.1451  	-0.6530  	0.28219  	-0.0320  	-0.1624  	-0.3297  	0.02293  	0.06799  	-0.0012  	-0.2653  	0.23061  	0.24913  	-0.0340  	0.26588  	0.24040  	-0.0071  	-0.0664  	-0.1072  	0.28847  	-0.1070  	0.07418  	-0.0124  	-0.0390  	-0.0648  	-0.0459  	0.03125  	0.00529  	0.05166  	-0.0201  	0.01984  	0.01308  	2.28267  	0.01947  	0.00187  	-0.0232  	0.04128  	0.00231  	-0.0212  	0.02689  	-0.0004  	-0.0005  	0.02577  	-0.0091  	-0.0069  	-0.0242  	0.03589  	-0.0073  	0.02253  	-0.2797  	
-0.0025  	0.05853  	-0.0702  	0.97439  	0.28911  	0.48749  	0.10579  	-0.5930  	0.16975  	-0.0609  	-0.2047  	0.37358  	0.10080  	-0.3256  	-0.5650  	0.75861  	-0.0995  	0.27068  	-0.3150  	0.47089  	-0.1286  	-0.1251  	-0.6266  	0.24436  	-0.0640  	-0.1546  	-0.3862  	0.03631  	0.12995  	-0.0223  	-0.2691  	0.20085  	0.24908  	-0.0289  	0.18932  	0.23342  	-0.0224  	-0.0621  	-0.1001  	0.27920  	-0.0598  	0.05727  	0.00069  	-0.0108  	-0.0802  	-0.0493  	0.03471  	0.01121  	0.06181  	-0.0283  	0.01895  	0.00924  	-0.0030  	0.01682  	-0.0021  	-0.0230  	0.03565  	0.00181  	-0.0290  	0.02430  	0.00421  	-0.0053  	0.02781  	-0.0057  	-0.0069  	-0.0242  	0.03589  	-0.0073  	0.02253  	-0.2797  	
-0.0193  	0.01994  	-0.0130  	0.81802  	0.18171  	0.52034  	0.13158  	-0.5892  	0.19184  	0.01244  	-0.1164  	0.32371  	0.05719  	-0.4835  	-0.6983  	0.85249  	-0.0894  	0.30272  	-0.2993  	0.49886  	-0.0991  	-0.1643  	-0.5965  	0.23371  	-0.1282  	-0.1448  	-0.4300  	0.01882  	0.05650  	-0.0778  	-0.2494  	0.21801  	0.25976  	-0.0381  	0.13469  	0.23386  	0.00459  	-0.0442  	-0.1177  	0.28186  	-0.0462  	0.03686  	0.01982  	-0.0311  	-0.0801  	-0.0464  	0.03143  	0.01928  	0.05634  	-0.0199  	0.01791  	0.01220  	-0.0051  	0.02154  	0.00582  	-0.0332  	0.03289  	0.00091  	-0.0242  	0.02694  	0.00141  	-0.0029  	0.03468  	-0.0047  	-0.0069  	-0.0242  	0.03589  	-0.0073  	0.02253  	-0.2797  	
0.03787  	0.01716  	0.07125  	0.67822  	0.15436  	0.48622  	0.13704  	-0.5980  	0.18345  	0.02183  	0.00458  	0.30967  	0.03191  	-0.5276  	-0.8576  	0.89478  	-0.1121  	0.30128  	-0.2835  	0.45234  	-0.1119  	-0.2126  	-0.5980  	0.25571  	-0.1294  	-0.1573  	-0.3727  	-0.0755  	-0.0220  	-0.0781  	-0.2272  	0.24551  	0.25014  	-0.0357  	0.21284  	0.23549  	0.06851  	-0.0175  	-0.1378  	0.28176  	-0.0237  	0.02912  	0.03674  	-0.0242  	-0.0927  	-0.0435  	0.02788  	0.01385  	0.05717  	-0.0277  	0.02247  	0.01439  	-0.0055  	0.01807  	0.01028  	-0.0316  	0.03373  	0.00018  	-0.0302  	0.02886  	-0.0009  	-0.0102  	0.03711  	-0.0050  	-0.0069  	-0.0242  	0.03589  	-0.0073  	0.02253  	-0.2797  	
0.01822  	-0.0226  	0.05738  	0.62236  	0.11092  	0.42522  	0.13505  	-0.6714  	0.15418  	0.05645  	0.09257  	0.33483  	-0.0094  	-0.6087  	-1.0004  	0.87440  	-0.1195  	0.30261  	-0.2758  	0.48029  	-0.1211  	-0.2135  	-0.6313  	0.27770  	-0.0952  	-0.1680  	-0.3591  	-0.0376  	-0.0330  	-0.0717  	-0.2333  	0.26817  	0.25968  	-0.0463  	0.18432  	0.27330  	0.08803  	-0.0216  	-0.1460  	0.26935  	0.01028  	0.02214  	0.03343  	-0.0113  	-0.0735  	-0.0418  	0.02914  	0.01319  	0.05396  	-0.0220  	0.02131  	0.01502  	-0.0076  	0.01977  	0.00687  	-0.0311  	0.03713  	0.00369  	-0.0266  	0.02934  	-0.0024  	-0.0172  	0.03194  	-0.0103  	-0.0069  	-0.0242  	0.03589  	-0.0073  	0.02253  	-0.2797  	
-0.1852  	-0.0478  	-0.0587  	0.48970  	0.06296  	0.32240  	0.14372  	-0.7184  	0.13501  	0.04162  	0.09725  	0.31230  	-0.0403  	-0.6244  	-1.0849  	0.79075  	-0.1212  	0.33754  	-0.3021  	0.51752  	-0.1920  	-0.2071  	-0.6371  	0.24379  	-0.0827  	-0.1460  	-0.3923  	0.02521  	0.03158  	-0.0841  	-0.2212  	0.23403  	0.23290  	-0.0489  	0.13373  	0.34061  	0.04066  	-0.0253  	-0.1230  	0.26656  	0.01349  	0.04416  	0.02909  	-0.0209  	-0.0738  	-0.0509  	0.03521  	0.01360  	0.05233  	-0.0256  	0.02179  	0.01481  	0.00238  	0.02489  	0.01162  	-0.0299  	0.03864  	0.00384  	-0.0294  	0.03445  	-0.0014  	-0.0122  	0.03206  	0.00210  	-0.0069  	-0.0242  	0.03589  	-0.0073  	0.02253  	-0.2797  	
-0.2854  	-0.0800  	-0.1490  	0.57168  	0.12231  	0.28314  	0.10537  	-0.6981  	0.13993  	-0.0025  	0.15128  	0.37838  	-0.0376  	-0.5776  	-0.9657  	0.76686  	-0.1037  	0.31090  	-0.2931  	0.48551  	-0.1243  	-0.2268  	-0.6245  	0.25979  	-0.1384  	-0.1387  	-0.4056  	0.00634  	-0.0044  	-0.0961  	-0.2155  	0.22680  	0.23574  	-0.0513  	0.15362  	0.28734  	0.06043  	-0.0379  	-0.1569  	0.24048  	-0.0202  	0.05438  	-0.0018  	-0.0298  	-0.0605  	-0.0456  	0.04129  	-0.0075  	0.04832  	-0.0151  	0.01610  	0.01595  	0.00048  	0.02724  	0.00776  	-0.0364  	0.03906  	0.00657  	-0.0272  	0.03113  	-0.0013  	-0.0101  	0.03196  	-0.0008  	-0.0069  	-0.0242  	0.03589  	-0.0073  	0.02253  	-0.2797  	
-0.1803  	-0.0381  	-0.1097  	0.63123  	0.13194  	0.32892  	0.07813  	-0.6259  	0.16572  	-0.0256  	0.14477  	0.41289  	-0.0184  	-0.5134  	-0.8183  	0.79925  	-0.0727  	0.27765  	-0.2784  	0.47236  	-0.0513  	-0.2243  	-0.5636  	0.28823  	-0.2116  	-0.1238  	-0.3956  	-0.0487  	-0.0815  	-0.1234  	-0.2107  	0.22302  	0.27188  	-0.0558  	0.21089  	0.20870  	0.09148  	-0.0300  	-0.1684  	0.22931  	-0.0459  	0.04483  	-0.0161  	-0.0342  	-0.0621  	-0.0501  	0.04025  	-0.0074  	0.04352  	-0.0158  	0.01965  	0.01446  	-0.0058  	0.02333  	0.00184  	-0.0294  	0.03311  	0.00140  	-0.0230  	0.03327  	0.00153  	-0.0092  	0.02989  	-0.0050  	-0.0069  	-0.0242  	0.03589  	-0.0073  	0.02253  	-0.2797  	
-0.0392  	0.01006  	0.02768  	0.62645  	0.06152  	0.41739  	0.10578  	-0.6168  	0.18034  	0.00211  	0.08393  	0.38726  	0.02942  	-0.4753  	-0.7956  	0.77194  	-0.0732  	0.27821  	-0.3039  	0.46280  	-0.0612  	-0.2153  	-0.5616  	0.25962  	-0.1817  	-0.1332  	-0.4529  	-0.0678  	-0.0754  	-0.1265  	-0.2059  	0.22025  	0.27072  	-0.0527  	0.18895  	0.20954  	0.08667  	-0.0102  	-0.1558  	0.24502  	0.00808  	0.01783  	0.03091  	-0.0206  	-0.0780  	-0.0499  	0.04125  	0.00592  	0.04572  	-0.0122  	0.01950  	0.01299  	-0.0050  	0.02230  	0.00575  	-0.0293  	0.03111  	0.00359  	-0.0283  	0.03071  	-0.0042  	-0.0036  	0.02458  	-0.0036  	-0.0069  	-0.0242  	0.03589  	-0.0073  	0.02253  	-0.2797  	
0.03139  	0.03953  	0.07889  	0.68011  	0.09922  	0.44665  	0.12919  	-0.6263  	0.17996  	-0.0056  	0.09780  	0.36154  	0.02370  	-0.4990  	-0.8297  	0.87455  	-0.1221  	0.29791  	-0.2897  	0.46530  	-0.0161  	-0.2127  	-0.6044  	0.25857  	-0.1642  	-0.1582  	-0.4040  	-0.0976  	-0.0866  	-0.1181  	-0.2087  	0.25006  	0.26097  	-0.0390  	0.22109  	0.24197  	0.11139  	0.00520  	-0.1717  	0.25602  	-0.0293  	0.03790  	0.02401  	-0.0336  	-0.0812  	-0.0502  	0.03204  	0.00471  	0.04649  	-0.0200  	0.02247  	0.01232  	-0.0026  	0.02238  	0.00593  	-0.0251  	0.03488  	0.00568  	-0.0272  	0.03149  	0.00046  	-0.0033  	0.03625  	-0.0036  	-0.0069  	-0.0242  	0.03589  	-0.0073  	0.02253  	-0.2797  	
0.04792  	-0.0142  	0.07520  	0.68183  	0.11545  	0.43692  	0.13368  	-0.6166  	0.16001  	0.07354  	0.13541  	0.37285  	-0.0167  	-0.6020  	-0.9537  	0.90947  	-0.1224  	0.31701  	-0.2456  	0.50029  	-0.0935  	-0.2016  	-0.6205  	0.28726  	-0.0944  	-0.1798  	-0.3735  	-0.0376  	-0.0429  	-0.1077  	-0.2419  	0.24684  	0.24931  	-0.0540  	0.18624  	0.29425  	0.10944  	-0.0182  	-0.1497  	0.26505  	-0.0150  	0.02687  	0.02566  	-0.0116  	-0.0734  	-0.0450  	0.03150  	0.01590  	0.04983  	-0.0244  	0.02194  	0.00970  	0.00167  	0.01991  	0.00697  	-0.0269  	0.03965  	0.00516  	-0.0292  	0.03374  	-0.0012  	-0.0113  	0.03450  	-0.0037  	-0.0069  	-0.0242  	0.03589  	-0.0073  	0.02253  	-0.2797  	
-0.0190  	-0.0200  	-0.0038  	0.60531  	0.10781  	0.37476  	0.14911  	-0.6601  	0.17004  	0.09087  	0.10529  	0.37049  	-0.0185  	-0.6089  	-1.0273  	0.88130  	-0.1046  	0.35833  	-0.2524  	0.51348  	-0.1732  	-0.2237  	-0.6433  	0.23547  	-0.0692  	-0.1780  	-0.4069  	0.02664  	0.04301  	-0.1026  	-0.2371  	0.23299  	0.22062  	-0.0472  	0.12924  	0.33916  	0.04712  	-0.0264  	-0.1301  	0.25713  	0.02446  	0.02660  	0.03455  	-0.0152  	-0.0770  	-0.0448  	0.03201  	0.02321  	0.05027  	-0.0280  	0.02159  	0.01553  	0.00441  	0.02295  	0.01130  	-0.0271  	0.03977  	0.00800  	-0.0279  	0.03217  	0.00024  	-0.0134  	0.03140  	-0.0093  	-0.0069  	-0.0242  	0.03589  	-0.0073  	0.02253  	-0.2797  	
-0.0628  	-0.0210  	-0.0240  	0.56311  	0.06899  	0.35047  	0.11647  	-0.6785  	0.14892  	0.05622  	0.15838  	0.34248  	-0.0322  	-0.6004  	-1.0676  	0.86381  	-0.1030  	0.34217  	-0.2586  	0.47015  	-0.1041  	-0.2436  	-0.6203  	0.25025  	-0.0872  	-0.1602  	-0.3791  	-0.0502  	-0.0377  	-0.1007  	-0.2181  	0.24328  	0.24074  	-0.0571  	0.15953  	0.30702  	0.09660  	-0.0056  	-0.1530  	0.24291  	0.00311  	0.02204  	0.03344  	-0.0193  	-0.0750  	-0.0452  	0.02799  	0.01618  	0.04545  	-0.0230  	0.02250  	0.01542  	-0.0007  	0.02297  	0.01001  	-0.0274  	0.03788  	0.00532  	-0.0284  	0.03213  	-0.0023  	-0.0179  	0.03457  	-0.0056  	-0.0069  	-0.0242  	0.03589  	-0.0073  	0.02253  	-0.2797  	
-0.1832  	-0.0543  	-0.0328  	0.52845  	0.03080  	0.32532  	0.11140  	-0.6969  	0.14205  	0.02624  	0.18989  	0.31579  	-0.0515  	-0.6368  	-0.9671  	0.83473  	-0.1088  	0.33029  	-0.2581  	0.47327  	-0.0441  	-0.2433  	-0.5709  	0.28122  	-0.1376  	-0.1466  	-0.3891  	-0.0983  	-0.0920  	-0.1354  	-0.2111  	0.26412  	0.24903  	-0.0610  	0.17443  	0.26866  	0.11816  	0.02012  	-0.1803  	0.24079  	0.00936  	0.02420  	0.02612  	-0.0055  	-0.0775  	-0.0490  	0.03234  	-0.0029  	0.04426  	-0.0228  	0.01626  	0.01825  	0.00217  	0.02739  	0.01156  	-0.0338  	0.03294  	0.00645  	-0.0282  	0.02992  	0.00123  	-0.0085  	0.03277  	-0.0033  	-0.0069  	-0.0242  	0.03589  	-0.0073  	0.02253  	-0.2797  	
-0.2914  	-0.0611  	-0.0587  	0.35145  	-0.0586  	0.29981  	0.10641  	-0.7196  	0.10919  	0.00644  	0.20942  	0.22112  	-0.0771  	-0.7651  	-1.0411  	0.77439  	-0.0716  	0.33667  	-0.2768  	0.45943  	-0.0774  	-0.2221  	-0.5186  	0.22671  	-0.1478  	-0.1307  	-0.4071  	-0.0552  	-0.0261  	-0.1409  	-0.2081  	0.24218  	0.21919  	-0.0620  	0.11339  	0.28984  	0.10077  	0.00250  	-0.1714  	0.23084  	0.04843  	0.03228  	0.02357  	-0.0237  	-0.0681  	-0.0457  	0.03800  	-0.0165  	0.03592  	-0.0265  	0.01306  	0.01529  	0.00286  	0.02692  	0.00738  	-0.0340  	0.03558  	0.00634  	-0.0254  	0.03217  	0.00251  	-0.0089  	0.03202  	0.00088  	-0.0069  	-0.0242  	0.03589  	-0.0073  	0.02253  	-0.2797  	
-0.2460  	-0.0652  	-0.0460  	0.41652  	-0.0243  	0.31422  	0.11396  	-0.6812  	0.15105  	0.00525  	0.19334  	0.28678  	-0.0349  	-0.6913  	-0.9818  	0.78963  	-0.0814  	0.30068  	-0.2928  	0.45367  	-0.1339  	-0.2358  	-0.5527  	0.22923  	-0.1761  	-0.1178  	-0.4097  	-0.0118  	-0.0339  	-0.1443  	-0.1931  	0.23459  	0.25710  	-0.0477  	0.13068  	0.29046  	0.07543  	-0.0032  	-0.1754  	0.24368  	0.02735  	0.03100  	0.02605  	-0.0203  	-0.0804  	-0.0494  	0.04116  	-0.0019  	0.03939  	-0.0211  	0.01033  	0.01635  	0.00056  	0.02622  	0.00754  	-0.0395  	0.03212  	0.00420  	-0.0307  	0.02937  	0.00243  	-0.0078  	0.03806  	0.00271  	-0.0069  	-0.0242  	0.03589  	-0.0073  	0.02253  	-0.2797  	
-0.1497  	-0.0284  	0.00708  	0.46230  	0.05287  	0.31650  	0.15958  	-0.6865  	0.15881  	0.05011  	0.18673  	0.28510  	-0.0271  	-0.6794  	-0.9937  	0.84700  	-0.1294  	0.33270  	-0.2929  	0.50338  	-0.1854  	-0.2578  	-0.6101  	0.20525  	-0.1665  	-0.1265  	-0.4509  	0.04494  	-0.0161  	-0.1369  	-0.1872  	0.24043  	0.25543  	-0.0397  	0.15406  	0.30158  	0.05315  	-0.0111  	-0.1460  	0.24510  	0.03531  	0.02838  	0.01770  	-0.0227  	-0.0806  	-0.0510  	0.03775  	-0.0001  	0.04439  	-0.0196  	0.02404  	0.01872  	0.00112  	0.02271  	0.01111  	-0.0360  	0.03674  	0.00451  	-0.0328  	0.02876  	0.00035  	-0.0048  	0.03624  	6.33985  	-0.0069  	-0.0242  	0.03589  	-0.0073  	0.02253  	-0.2797  	
-0.0789  	-0.0249  	0.04583  	0.46732  	0.01850  	0.34444  	0.15991  	-0.6853  	0.17720  	0.09795  	0.19795  	0.30496  	-0.0188  	-0.6555  	-1.0440  	0.87202  	-0.1232  	0.34614  	-0.2807  	0.53356  	-0.1848  	-0.2524  	-0.6632  	0.17505  	-0.1613  	-0.1509  	-0.4763  	0.04607  	0.01197  	-0.1271  	-0.1956  	0.23601  	0.24345  	-0.0341  	0.14438  	0.32657  	0.03714  	-0.0151  	-0.1329  	0.26714  	0.03035  	0.03067  	0.01653  	-0.0223  	-0.0829  	-0.0468  	0.03760  	0.00297  	0.04494  	-0.0170  	0.02083  	0.01833  	0.00103  	0.02245  	0.01508  	-0.0327  	0.03544  	0.00530  	-0.0302  	0.02851  	0.00126  	-0.0053  	0.03568  	-0.0045  	-0.0069  	-0.0242  	0.03589  	-0.0073  	0.02253  	-0.2797  	
-0.0572  	-0.0262  	0.05846  	0.40771  	-0.0124  	0.35022  	0.15904  	-0.7036  	0.16382  	0.08013  	0.19977  	0.25350  	-0.0115  	-0.6608  	-1.0856  	0.87679  	-0.1376  	0.33873  	-0.2802  	0.52444  	-0.1777  	-0.2601  	-0.6255  	0.17753  	-0.1718  	-0.1385  	-0.4635  	0.02280  	-0.0095  	-0.1309  	-0.1953  	0.23578  	0.25032  	-0.0342  	0.15000  	0.34382  	0.04827  	-0.0060  	-0.1563  	0.27084  	0.03118  	0.03125  	0.01740  	-0.0238  	-0.0835  	-0.0465  	0.04161  	0.00408  	0.04393  	-0.0152  	0.02442  	0.01759  	0.00186  	0.02352  	0.00976  	-0.0379  	0.03453  	0.00563  	-0.0292  	0.02547  	0.00058  	-0.0066  	0.03760  	-0.0070  	-0.0069  	-0.0242  	0.03589  	-0.0073  	0.02253  	-0.2797  	
-0.1260  	-0.0295  	-0.0021  	0.40010  	-0.0115  	0.32364  	0.15399  	-0.7175  	0.13339  	0.03874  	0.19476  	0.22849  	-0.0357  	-0.6638  	-1.0367  	0.81385  	-0.1215  	0.31945  	-0.2937  	0.48841  	-0.1242  	-0.2454  	-0.5866  	0.20226  	-0.1790  	-0.1322  	-0.4422  	-0.0149  	-0.0214  	-0.1399  	-0.1879  	0.23934  	0.24199  	-0.0478  	0.15924  	0.31527  	0.07851  	-0.0051  	-0.1715  	0.25509  	0.03561  	0.04023  	0.01776  	-0.0219  	-0.0796  	-0.0481  	0.04035  	-0.0042  	0.04115  	-0.0200  	0.01917  	0.01514  	0.00627  	0.02404  	0.01250  	-0.0356  	0.03578  	0.00352  	-0.0285  	0.02979  	0.00435  	-0.0070  	0.03929  	0.00075  	-0.0069  	-0.0242  	0.03589  	-0.0073  	0.02253  	-0.2797  	
-0.2294  	-0.0533  	-0.0609  	0.42013  	-0.0266  	0.26869  	0.10318  	-0.7092  	0.13747  	0.01524  	0.18813  	0.25388  	-0.0491  	-0.6604  	-0.9912  	0.79413  	-0.0837  	0.31821  	-0.2772  	0.46776  	-0.1233  	-0.2400  	-0.5530  	0.22108  	-0.1582  	-0.1234  	-0.4531  	-0.0301  	-0.0386  	-0.1355  	-0.2019  	0.22572  	0.22846  	-0.0487  	0.15820  	0.29565  	0.08796  	-0.0135  	-0.1798  	0.23082  	0.04307  	0.04299  	0.00260  	-0.0383  	-0.0711  	-0.0408  	0.04029  	-0.0054  	0.03994  	-0.0092  	0.01623  	0.01200  	0.00252  	0.02389  	0.00642  	-0.0308  	0.03520  	0.00731  	-0.0257  	0.02683  	0.00143  	-0.0040  	0.04031  	-0.0025  	-0.0069  	-0.0242  	0.03589  	-0.0073  	0.02253  	-0.2797  	
-0.1923  	-0.0313  	-0.0508  	0.44758  	0.00347  	0.28154  	0.07976  	-0.6725  	0.15196  	-0.0177  	0.23679  	0.30340  	-0.0621  	-0.6123  	-0.9244  	0.77383  	-0.0860  	0.27481  	-0.2856  	0.42110  	-0.0523  	-0.2207  	-0.5397  	0.23227  	-0.2003  	-0.1193  	-0.4328  	-0.0886  	-0.1007  	-0.1352  	-0.2036  	0.23212  	0.24994  	-0.0554  	0.17902  	0.23927  	0.14392  	-0.0027  	-0.1969  	0.19205  	0.03043  	0.04548  	0.00719  	-0.0427  	-0.0692  	-0.0411  	0.04297  	-0.0147  	0.03712  	-0.0084  	0.00750  	0.01478  	-0.0016  	0.02129  	0.00058  	-0.0324  	0.02986  	0.00485  	-0.0286  	0.02235  	0.00064  	0.00248  	0.03715  	-0.0067  	-0.0069  	-0.0242  	0.03589  	-0.0073  	0.02253  	-0.2797  	
-0.0993  	0.00892  	0.01692  	0.48897  	-0.0149  	0.32306  	0.08325  	-0.6157  	0.16937  	-0.0201  	0.28087  	0.33649  	-0.0454  	-0.5461  	-0.8713  	0.82440  	-0.0834  	0.25520  	-0.2928  	0.40957  	0.05789  	-0.2365  	-0.5288  	0.27859  	-0.2413  	-0.1346  	-0.4052  	-0.1902  	-0.1763  	-0.1499  	-0.1879  	0.24050  	0.26290  	-0.0539  	0.22459  	0.17454  	0.19950  	0.02847  	-0.2335  	0.19339  	0.03215  	0.03694  	0.00551  	-0.0335  	-0.0744  	-0.0393  	0.04262  	-0.0178  	0.03082  	-0.0088  	0.00165  	0.01586  	0.00215  	0.02589  	0.00122  	-0.0337  	0.02559  	0.00131  	-0.0315  	0.02730  	0.00685  	0.00117  	0.02985  	-0.0071  	-0.0069  	-0.0242  	0.03589  	-0.0073  	0.02253  	-0.2797  	
0.06146  	0.08200  	0.11880  	0.53807  	-0.0253  	0.42057  	0.10134  	-0.5277  	0.22649  	-0.0313  	0.30585  	0.34140  	-0.0132  	-0.4440  	-0.8426  	0.87731  	-0.0657  	0.22184  	-0.2826  	0.35543  	0.16939  	-0.2263  	-0.4866  	0.31582  	-0.2668  	-0.1467  	-0.3195  	-0.2972  	-0.2913  	-0.1640  	-0.1987  	0.26691  	0.26983  	-0.0660  	0.28664  	0.13135  	0.27415  	0.05627  	-0.2583  	0.17794  	-0.0150  	0.02610  	0.01040  	-0.0311  	-0.0807  	-0.0402  	0.03685  	-0.0054  	0.03728  	-0.0009  	0.00409  	0.01816  	0.00218  	0.02904  	0.00355  	-0.0244  	0.01913  	0.00326  	-0.0293  	0.02784  	0.00777  	0.00583  	0.02686  	-0.0089  	-0.0069  	-0.0242  	0.03589  	-0.0073  	0.02253  	-0.2797  	
-0.1238  	0.04583  	0.03451  	0.42254  	-0.0384  	0.30983  	0.08617  	-0.6070  	0.22123  	0.04082  	0.30032  	0.38772  	-0.0029  	-0.5056  	-0.9955  	0.86833  	-0.0810  	0.29054  	-0.2974  	0.47495  	0.00190  	-0.2551  	-0.5313  	0.24567  	-0.3109  	-0.0962  	-0.5003  	-0.0590  	-0.1654  	-0.1859  	-0.1574  	0.21079  	0.31012  	-0.0498  	0.16300  	0.17552  	0.13616  	-0.0082  	-0.1809  	0.22128  	0.05943  	0.02436  	0.03336  	-0.0359  	-0.0806  	-0.0431  	0.03992  	0.00024  	0.03575  	-0.0019  	-0.0026  	0.01697  	-0.0032  	0.02496  	0.00192  	-0.0288  	0.02153  	-0.0043  	-0.0303  	0.02574  	0.00932  	0.01772  	0.02544  	0.00094  	-0.0069  	-0.0242  	0.03589  	-0.0073  	0.02253  	-0.2797  	
-0.1479  	-0.0101  	-0.0131  	0.35861  	-0.0291  	0.26071  	0.11764  	-0.6331  	0.19213  	0.09416  	0.31000  	0.33216  	0.01961  	-0.5151  	-1.1055  	0.82682  	-0.0922  	0.30453  	-0.2858  	0.51733  	-0.0844  	-0.2693  	-0.5793  	0.24100  	-0.2233  	-0.1248  	-0.4710  	-0.0772  	-0.1358  	-0.1618  	-0.1629  	0.19650  	0.30880  	-0.0620  	0.15579  	0.21199  	0.13808  	-0.0027  	-0.1679  	0.24003  	0.05451  	0.02096  	0.03451  	-0.0201  	-0.0831  	-0.0461  	0.04292  	0.01408  	0.03842  	-0.0044  	0.00615  	0.01673  	-0.0087  	0.02642  	0.00345  	-0.0341  	0.02434  	-0.0011  	-0.0374  	0.02927  	0.00571  	0.00350  	0.03443  	-0.0029  	-0.0069  	-0.0242  	0.03589  	-0.0073  	0.02253  	-0.2797  	
-0.4519  	-0.1247  	-0.2091  	0.22912  	-0.0449  	0.10533  	0.12312  	-0.6776  	0.16153  	0.05808  	0.38862  	0.29702  	-0.0552  	-0.6591  	-1.1806  	0.75507  	-0.0980  	0.31809  	-0.2939  	0.54399  	-0.0864  	-0.2610  	-0.6090  	0.25493  	-0.2587  	-0.1020  	-0.5061  	-0.0488  	-0.0907  	-0.1898  	-0.1751  	0.20220  	0.28769  	-0.0507  	0.14540  	0.26780  	0.08035  	-0.0233  	-0.1765  	0.20733  	0.00729  	0.04574  	0.00100  	-0.0447  	-0.0718  	-0.0420  	0.04473  	-0.0021  	0.04556  	-0.0149  	0.00586  	0.01581  	-0.0010  	0.02112  	0.00355  	-0.0414  	0.03029  	0.00839  	-0.0304  	0.02839  	0.00677  	-0.0028  	0.03232  	-0.0029  	-0.0069  	-0.0242  	0.03589  	-0.0073  	0.02253  	-0.2797  	
-0.6021  	-0.1808  	-0.2707  	0.09399  	-0.0905  	-0.0185  	0.12656  	-0.7277  	0.14617  	0.12180  	0.46125  	0.25482  	-0.0942  	-0.8015  	-1.2059  	0.72336  	-0.0776  	0.29766  	-0.2834  	0.51471  	-0.0833  	-0.2448  	-0.5760  	0.22048  	-0.2543  	-0.0960  	-0.5006  	-0.0671  	-0.1254  	-0.1982  	-0.1717  	0.21436  	0.27369  	-0.0570  	0.12933  	0.27047  	0.10346  	-0.0149  	-0.1812  	0.20286  	0.02529  	0.03467  	0.00179  	-0.0524  	-0.0719  	-0.0410  	0.04540  	-0.0062  	0.03996  	-0.0109  	0.00441  	0.01645  	-0.0052  	0.02778  	0.00762  	-0.0414  	0.03352  	0.00554  	-0.0303  	0.03177  	0.00864  	-0.0083  	0.03569  	-0.0057  	-0.0069  	-0.0242  	0.03589  	-0.0073  	0.02253  	-0.2797  	
-0.6112  	-0.1694  	-0.2550  	0.11000  	-0.0833  	-0.0462  	0.09766  	-0.7404  	0.12957  	0.15918  	0.46880  	0.27760  	-0.0920  	-0.8005  	-1.2193  	0.72236  	-0.0744  	0.31154  	-0.2783  	0.52102  	-0.0778  	-0.2511  	-0.5391  	0.21565  	-0.2558  	-0.0984  	-0.4974  	-0.0673  	-0.1165  	-0.1873  	-0.1604  	0.20548  	0.27055  	-0.0532  	0.12048  	0.26080  	0.09410  	-0.0155  	-0.1728  	0.20689  	0.02320  	0.03449  	0.00324  	-0.0415  	-0.0704  	-0.0425  	0.04227  	-0.0121  	0.04053  	-0.0124  	0.00527  	0.01258  	-0.0062  	0.02550  	0.00501  	-0.0411  	0.03001  	0.00723  	-0.0318  	0.03196  	0.00747  	-0.0080  	0.03952  	-0.0034  	-0.0069  	-0.0242  	0.03589  	-0.0073  	0.02253  	-0.2797  	
-0.5688  	-0.1433  	-0.2151  	0.13988  	-0.0660  	-0.0239  	0.08922  	-0.7105  	0.13002  	0.16983  	0.44592  	0.26645  	-0.0998  	-0.7569  	-1.2389  	0.70932  	-0.0739  	0.30334  	-0.2732  	0.53767  	-0.0563  	-0.2840  	-0.5474  	0.24691  	-0.2342  	-0.1089  	-0.4845  	-0.0608  	-0.0815  	-0.1792  	-0.1707  	0.20528  	0.26000  	-0.0555  	0.12932  	0.24869  	0.10042  	-0.0318  	-0.1735  	0.21591  	0.01012  	0.03356  	-0.0085  	-0.0370  	-0.0672  	-0.0418  	0.04153  	-0.0165  	0.04029  	-0.0098  	0.00919  	0.00936  	-0.0056  	0.02287  	0.00270  	-0.0374  	0.03014  	0.00808  	-0.0317  	0.03323  	0.00570  	-0.0024  	0.03322  	-0.0059  	-0.0069  	-0.0242  	0.03589  	-0.0073  	0.02253  	-0.2797  	
-0.3659  	-0.1021  	-0.1406  	0.24216  	-0.0672  	0.09803  	0.11543  	-0.6451  	0.17120  	0.16099  	0.31839  	0.29014  	-0.0288  	-0.6442  	-1.0948  	0.70358  	-0.0739  	0.31318  	-0.2825  	0.48991  	-0.0794  	-0.2549  	-0.5440  	0.27349  	-0.2047  	-0.1144  	-0.4348  	-0.0970  	-0.0864  	-0.1599  	-0.1673  	0.20060  	0.26169  	-0.0584  	0.11399  	0.23928  	0.06841  	-0.0299  	-0.1528  	0.26192  	0.02905  	0.03467  	0.00509  	-0.0287  	-0.0739  	-0.0465  	0.04129  	-0.0035  	0.03792  	-0.0101  	0.01074  	0.01308  	-0.0061  	0.02537  	0.00112  	-0.0420  	0.02903  	0.00036  	-0.0359  	0.03562  	0.00468  	0.00172  	0.02906  	-0.0039  	-0.0069  	-0.0242  	0.03589  	-0.0073  	0.02253  	-0.2797  	
-0.1795  	-0.0397  	-0.0101  	0.40159  	-0.0539  	0.34176  	0.08753  	-0.6110  	0.19217  	0.04990  	0.14348  	0.27521  	0.02263  	-0.5585  	-0.9969  	0.80433  	-0.0686  	0.31417  	-0.2633  	0.43185  	-0.0973  	-0.2297  	-0.5327  	0.24097  	-0.2118  	-0.1192  	-0.4318  	-0.1083  	-0.1068  	-0.1586  	-0.1940  	0.22726  	0.28838  	-0.0680  	0.12510  	0.22785  	0.11679  	-0.0164  	-0.1692  	0.25647  	0.05582  	0.01944  	0.03813  	-0.0222  	-0.0719  	-0.0364  	0.04152  	0.01708  	0.04136  	-0.0033  	0.01111  	0.01145  	-0.0046  	0.02640  	-0.0014  	-0.0286  	0.01980  	-0.0012  	-0.0241  	0.03525  	0.00684  	0.00393  	0.02933  	-0.0058  	-0.0069  	-0.0242  	0.03589  	-0.0073  	0.02253  	-0.2797  	
-0.0539  	-0.0294  	0.04849  	0.52274  	0.01459  	0.39404  	0.13522  	-0.6405  	0.17173  	0.04903  	0.15814  	0.29919  	0.02043  	-0.6317  	-0.9925  	0.89490  	-0.0958  	0.34640  	-0.2588  	0.48093  	-0.1672  	-0.2191  	-0.6108  	0.23507  	-0.2001  	-0.1385  	-0.5082  	-0.0201  	-0.0416  	-0.1376  	-0.2001  	0.23130  	0.26500  	-0.0457  	0.11485  	0.25851  	0.07324  	-0.0091  	-0.1548  	0.26125  	0.04756  	0.01716  	0.04324  	-0.0239  	-0.0850  	-0.0443  	0.04079  	0.00658  	0.04578  	-0.0169  	0.01242  	0.01311  	-0.0002  	0.02137  	0.00642  	-0.0362  	0.03060  	-0.0017  	-0.0303  	0.03262  	-0.0018  	-0.0056  	0.03365  	-0.0070  	-0.0069  	-0.0242  	0.03589  	-0.0073  	0.02253  	-0.2797  	
-0.0482  	-0.0090  	0.08863  	0.45409  	0.01003  	0.34522  	0.12347  	-0.6827  	0.16579  	0.10915  	0.22301  	0.33713  	-0.0248  	-0.6478  	-1.0676  	0.90117  	-0.1276  	0.34560  	-0.2638  	0.52668  	-0.1487  	-0.2527  	-0.6656  	0.18700  	-0.1574  	-0.1459  	-0.5021  	0.01849  	-0.0103  	-0.1260  	-0.2052  	0.22726  	0.25202  	-0.0446  	0.15190  	0.32711  	0.06234  	-0.0241  	-0.1510  	0.26899  	0.03716  	0.02804  	0.03096  	-0.0270  	-0.0802  	-0.0458  	0.03710  	0.01374  	0.04245  	-0.0212  	0.02045  	0.01379  	-0.0010  	0.02109  	0.01183  	-0.0366  	0.03576  	0.00502  	-0.0312  	0.03005  	0.00060  	-0.0116  	0.03404  	-0.0021  	-0.0069  	-0.0242  	0.03589  	-0.0073  	0.02253  	-0.2797  	
-0.1403  	-0.0340  	0.03336  	0.45336  	-0.0142  	0.34903  	0.11171  	-0.6924  	0.14173  	0.07676  	0.21057  	0.29869  	-0.0716  	-0.6408  	-1.0294  	0.87494  	-0.1257  	0.32751  	-0.2762  	0.48480  	-0.0882  	-0.2469  	-0.6084  	0.23305  	-0.1505  	-0.1482  	-0.4393  	-0.0360  	-0.0372  	-0.1243  	-0.2028  	0.24069  	0.23021  	-0.0541  	0.16445  	0.31568  	0.09515  	-0.0107  	-0.1771  	0.25026  	0.03499  	0.02590  	0.01799  	-0.0215  	-0.0794  	-0.0476  	0.03155  	0.00079  	0.04311  	-0.0185  	0.01987  	0.01464  	0.00658  	0.02147  	0.01130  	-0.0341  	0.03424  	0.00720  	-0.0306  	0.03327  	0.00226  	-0.0095  	0.04256  	0.00021  	-0.0069  	-0.0242  	0.03589  	-0.0073  	0.02253  	-0.2797  	
-0.2795  	-0.0589  	-0.0855  	0.37737  	-0.0312  	0.31425  	0.08056  	-0.7163  	0.14405  	0.02328  	0.12599  	0.27294  	-0.0462  	-0.6853  	-1.0250  	0.76701  	-0.0650  	0.29520  	-0.2681  	0.43672  	-0.1136  	-0.2376  	-0.5346  	0.21977  	-0.1159  	-0.1258  	-0.3976  	-0.0316  	-0.0043  	-0.1274  	-0.1955  	0.23919  	0.21744  	-0.0454  	0.12620  	0.30305  	0.07881  	-0.0053  	-0.1679  	0.23880  	0.03662  	0.02176  	0.01285  	-0.0276  	-0.0722  	-0.0477  	0.04283  	-0.0104  	0.03619  	-0.0088  	0.01737  	0.01400  	0.00016  	0.02488  	0.00414  	-0.0368  	0.03353  	0.00824  	-0.0263  	0.02918  	0.00323  	-0.0113  	0.03981  	-0.0044  	-0.0069  	-0.0242  	0.03589  	-0.0073  	0.02253  	-0.2797  	
-0.2472  	-0.0360  	-0.0112  	0.39294  	-0.0239  	0.28349  	0.04754  	-0.6486  	0.12509  	-0.0211  	0.18716  	0.28211  	-0.0065  	-0.7374  	-0.9734  	0.74749  	0.01091  	0.17411  	-0.2082  	0.21997  	-0.0464  	-0.4248  	-0.7336  	0.19701  	-0.2301  	-0.0318  	-0.4475  	-0.0970  	0.03378  	-0.1594  	-0.1030  	0.18718  	0.15616  	-0.1840  	0.06428  	0.26291  	0.02203  	-0.0069  	-0.2643  	0.15620  	0.10885  	0.13603  	-0.0779  	0.03251  	-0.1274  	-0.0284  	0.01876  	0.00880  	0.02215  	-0.0187  	0.02165  	0.01660  	-0.0004  	0.03589  	0.01000  	-0.0337  	0.03210  	-0.0024  	-0.0212  	0.03560  	0.00323  	-0.0050  	0.02802  	-0.0014  	-0.0069  	-0.0242  	0.03589  	-0.0073  	0.02253  	-0.2797  	
-0.3425  	-0.0469  	-0.0171  	0.34165  	-0.0457  	0.18334  	0.06316  	-0.6337  	0.10182  	0.01963  	0.19864  	0.30451  	0.04868  	-0.8031  	-1.0563  	0.69702  	0.06066  	0.11639  	-0.1875  	0.08683  	-0.1051  	-0.5982  	-0.9027  	0.17463  	-0.2979  	0.04160  	-0.5295  	-0.0821  	0.14949  	-0.1737  	-0.0071  	0.14327  	0.10367  	-0.2855  	-0.0390  	0.26010  	-0.1173  	-0.0235  	-0.3017  	0.13813  	0.19475  	0.20814  	-0.1348  	0.10687  	-0.1675  	-0.0173  	0.00470  	0.03565  	0.01227  	-0.0283  	0.02440  	0.02391  	0.00294  	0.04738  	0.01546  	-0.0367  	0.02790  	-0.0146  	-0.0302  	0.03953  	0.01729  	-0.0038  	0.00592  	-0.0044  	-0.0069  	-0.0242  	0.03589  	-0.0073  	0.02253  	-0.2797  	
-0.3482  	-0.0393  	0.00057  	0.32202  	-0.0669  	0.17060  	0.05368  	-0.6274  	0.11678  	0.02970  	0.23131  	0.27752  	0.03985  	-0.7934  	-1.0659  	0.67997  	0.08193  	0.07823  	-0.1692  	0.05014  	-0.0668  	-0.6495  	-0.9604  	0.18535  	-0.2920  	0.05226  	-0.5143  	-0.1119  	0.13467  	-0.1803  	0.00612  	0.13407  	0.08602  	-0.3107  	-0.0343  	0.25681  	-0.1076  	-0.0209  	-0.3244  	0.10607  	0.19699  	0.23384  	-0.1491  	0.11144  	-0.1730  	-0.0143  	0.00107  	0.03104  	0.01306  	-0.0284  	0.02358  	0.02355  	0.00146  	0.05086  	0.01809  	-0.0376  	0.02549  	-0.0151  	-0.0268  	0.04157  	0.01558  	-0.0034  	0.00424  	-0.0014  	-0.0069  	-0.0242  	0.03589  	-0.0073  	0.02253  	-0.2797  	
-0.3707  	-0.0657  	-0.0349  	0.27808  	-0.0812  	0.17195  	0.06787  	-0.6441  	0.09525  	0.04489  	0.27492  	0.25033  	-0.0025  	-0.8372  	-1.0699  	0.67383  	0.05466  	0.08946  	-0.1680  	0.08927  	-0.0614  	-0.5774  	-0.9170  	0.19149  	-0.2590  	0.03108  	-0.4686  	-0.1380  	0.11400  	-0.1701  	-0.0179  	0.14385  	0.08539  	-0.2864  	-0.0258  	0.26751  	-0.0619  	-0.0167  	-0.3175  	0.09992  	0.18120  	0.21640  	-0.1378  	0.09427  	-0.1578  	-0.0144  	0.00205  	0.02063  	0.01026  	-0.0310  	0.01750  	0.02568  	0.00253  	0.04763  	0.01395  	-0.0424  	0.02675  	-0.0118  	-0.0264  	0.03951  	0.01266  	-0.0092  	0.00548  	-0.0017  	-0.0069  	-0.0242  	0.03589  	-0.0073  	0.02253  	-0.2797  	
-0.3931  	-0.0795  	-0.1046  	0.31942  	-0.0255  	0.17304  	0.07716  	-0.6805  	0.11556  	0.05378  	0.26230  	0.29205  	-0.0312  	-0.7819  	-1.0740  	0.72320  	-0.0140  	0.19648  	-0.2188  	0.25636  	-0.1127  	-0.4416  	-0.7407  	0.20428  	-0.2497  	-0.0324  	-0.4692  	-0.0830  	0.06884  	-0.1546  	-0.0889  	0.17974  	0.14753  	-0.1808  	0.02088  	0.27969  	-0.0040  	-0.0119  	-0.2527  	0.16185  	0.12287  	0.12547  	-0.0697  	0.04406  	-0.1223  	-0.0288  	0.02197  	0.00503  	0.02671  	-0.0284  	0.01086  	0.01905  	0.00344  	0.03803  	0.01173  	-0.0397  	0.02668  	-0.0060  	-0.0262  	0.03438  	0.00853  	-0.0049  	0.01919  	-0.0019  	-0.0069  	-0.0242  	0.03589  	-0.0073  	0.02253  	-0.2797  	
-0.3807  	-0.0966  	-0.1636  	0.36989  	0.03688  	0.19331  	0.11151  	-0.7277  	0.13801  	0.08029  	0.23685  	0.31947  	-0.0645  	-0.7169  	-1.0899  	0.78408  	-0.0935  	0.33666  	-0.2837  	0.47866  	-0.1788  	-0.2573  	-0.5625  	0.20571  	-0.2024  	-0.1106  	-0.4935  	0.02959  	0.03245  	-0.1338  	-0.1835  	0.21523  	0.23168  	-0.0471  	0.07347  	0.29525  	0.04439  	-0.0271  	-0.1491  	0.23763  	0.05185  	0.01879  	0.01978  	-0.0160  	-0.0749  	-0.0448  	0.04044  	-0.0061  	0.04355  	-0.0189  	0.00783  	0.01292  	0.00176  	0.02241  	0.00886  	-0.0380  	0.03122  	0.00332  	-0.0257  	0.02743  	0.00380  	-0.0016  	0.03157  	-0.0016  	-0.0069  	-0.0242  	0.03589  	-0.0073  	0.02253  	-0.2797  	
-0.3035  	-0.0776  	-0.1520  	0.47627  	0.09465  	0.24006  	0.10688  	-0.7145  	0.15384  	0.05247  	0.19874  	0.37461  	-0.0521  	-0.6712  	-0.9960  	0.79441  	-0.0962  	0.33626  	-0.2807  	0.48023  	-0.1517  	-0.2605  	-0.5808  	0.20372  	-0.2228  	-0.1034  	-0.5091  	0.05723  	0.03768  	-0.1241  	-0.1788  	0.20724  	0.25348  	-0.0428  	0.09453  	0.27310  	0.02753  	-0.0453  	-0.1379  	0.24565  	0.03193  	0.03164  	0.02636  	-0.0191  	-0.0718  	-0.0431  	0.04142  	-0.0072  	0.03762  	-0.0125  	0.01274  	0.01072  	0.00012  	0.02251  	0.01006  	-0.0340  	0.03654  	0.00464  	-0.0249  	0.02942  	-0.0018  	-0.0012  	0.02871  	-0.0010  	-0.0069  	-0.0242  	0.03589  	-0.0073  	0.02253  	-0.2797  	
-0.1656  	-0.0446  	-0.0840  	0.58831  	0.13986  	0.31299  	0.10009  	-0.6427  	0.18601  	0.01487  	0.16199  	0.45510  	-0.0234  	-0.5583  	-0.8814  	0.85560  	-0.0862  	0.33470  	-0.2702  	0.49094  	-0.0927  	-0.2828  	-0.5948  	0.23872  	-0.2509  	-0.1134  	-0.5014  	0.04970  	-0.0002  	-0.1262  	-0.1931  	0.22075  	0.26759  	-0.0415  	0.12674  	0.22267  	0.03485  	-0.0481  	-0.1330  	0.23992  	0.03567  	0.03009  	0.02283  	-0.0283  	-0.0732  	-0.0387  	0.03666  	7.85157  	0.04485  	-0.0169  	0.01461  	0.01217  	-0.0071  	0.02232  	0.00335  	-0.0309  	0.03211  	0.00091  	-0.0273  	0.03007  	9.28543  	-0.0039  	0.02264  	-0.0078  	-0.0069  	-0.0242  	0.03589  	-0.0073  	0.02253  	-0.2797  	
-0.0192  	-0.0005  	0.04055  	0.72865  	0.13977  	0.42793  	0.10394  	-0.5964  	0.19242  	-0.0372  	0.03191  	0.45207  	0.03639  	-0.4350  	-0.7871  	0.86342  	-0.0941  	0.30971  	-0.2608  	0.48146  	-0.0622  	-0.2362  	-0.5816  	0.26158  	-0.1939  	-0.1190  	-0.4620  	-0.0024  	-0.0290  	-0.1194  	-0.1964  	0.21823  	0.26846  	-0.0474  	0.14266  	0.19783  	0.06473  	-0.0296  	-0.1451  	0.24240  	0.01614  	0.02907  	0.03042  	-0.0188  	-0.0850  	-0.0458  	0.03124  	0.01338  	0.04177  	-0.0160  	0.01404  	0.01230  	-0.0052  	0.01231  	0.00264  	-0.0281  	0.04085  	0.00443  	-0.0307  	0.03007  	0.00193  	-0.0056  	0.02792  	-0.0069  	-0.0069  	-0.0242  	0.03589  	-0.0073  	0.02253  	-0.2797  	
0.07085  	-0.0041  	0.07003  	0.77384  	0.16714  	0.49016  	0.12177  	-0.5699  	0.20001  	-0.0187  	0.02267  	0.39618  	0.04914  	-0.3747  	-0.7640  	0.89979  	-0.0980  	0.25940  	-0.2736  	0.43750  	-0.0405  	-0.2076  	-0.6060  	0.27188  	-0.1366  	-0.1541  	-0.3908  	-0.1085  	-0.0496  	-0.1021  	-0.2283  	0.24822  	0.26325  	-0.0436  	0.21196  	0.20390  	0.09899  	-0.0035  	-0.1548  	0.23347  	-0.0161  	0.04936  	0.02876  	-0.0186  	-0.0852  	-0.0421  	0.03466  	0.01510  	0.05565  	-0.0191  	0.01703  	0.01210  	-0.0062  	0.03203  	0.00642  	-0.0266  	0.02973  	0.00345  	-0.0222  	0.02989  	-0.0026  	-0.0035  	0.02793  	-0.0065  	-0.0069  	-0.0242  	0.03589  	-0.0073  	0.02253  	-0.2797  	
0.00100  	0.00356  	-0.0486  	0.83022  	0.19576  	0.46152  	0.07596  	-0.5910  	0.16236  	-0.0564  	-0.0305  	0.42087  	0.06780  	-0.3685  	-0.6284  	0.78945  	-0.0868  	0.20952  	-0.2809  	0.43402  	-0.0505  	-0.1889  	-0.5751  	0.32603  	-0.1688  	-0.1276  	-0.3027  	-0.1192  	-0.0995  	-0.0648  	-0.2173  	0.24518  	0.25458  	-0.0505  	0.24637  	0.18143  	0.12376  	-0.0131  	-0.1751  	0.23279  	-0.0746  	0.05187  	0.00140  	-0.0173  	-0.0832  	-0.0484  	0.03363  	0.00203  	0.05005  	-0.0082  	0.01500  	0.01353  	0.00154  	0.02620  	0.00725  	-0.0256  	0.02939  	0.00043  	-0.0242  	0.02877  	0.00170  	0.00525  	0.02396  	-0.0107  	-0.0069  	-0.0242  	0.03589  	-0.0073  	0.02253  	-0.2797  	
0.15004  	0.08308  	0.16010  	0.67314  	0.09490  	0.52234  	0.13626  	-0.5446  	0.20465  	-0.0494  	0.08176  	0.32176  	0.04866  	-0.3504  	-0.6457  	0.84817  	-0.0743  	0.22158  	-0.2774  	0.39786  	0.11318  	-0.2009  	-0.5416  	0.36408  	-0.1921  	-0.1651  	-0.2915  	-0.2392  	-0.2037  	-0.1287  	-0.2363  	0.27422  	0.25898  	-0.0726  	0.29396  	0.16561  	0.20232  	0.00626  	-0.2048  	0.23868  	-0.0522  	0.04830  	0.00235  	-0.0212  	-0.0773  	-0.0412  	0.02231  	0.01584  	0.06197  	-0.0123  	0.01529  	0.01457  	-0.0003  	0.02197  	0.00347  	-0.0156  	0.02459  	-0.0025  	-0.0317  	0.03635  	0.00294  	0.00202  	0.03012  	-0.0108  	-0.0069  	-0.0242  	0.03589  	-0.0073  	0.02253  	-0.2797  	
0.23864  	0.06591  	0.25360  	0.52857  	-0.0189  	0.44600  	0.15880  	-0.5048  	0.24112  	0.00661  	0.27279  	0.39356  	-0.0098  	-0.4283  	-0.8765  	0.96024  	-0.1049  	0.24387  	-0.2645  	0.43367  	0.14187  	-0.2201  	-0.5311  	0.27186  	-0.2055  	-0.1617  	-0.3696  	-0.2576  	-0.2177  	-0.1541  	-0.2126  	0.26907  	0.28322  	-0.0513  	0.24081  	0.16353  	0.24909  	0.03546  	-0.1922  	0.19519  	-0.0320  	0.03482  	0.03948  	-0.0153  	-0.0694  	-0.0435  	0.02583  	0.02302  	0.06263  	-0.0113  	0.00910  	0.01303  	0.00212  	0.02711  	0.00446  	-0.0188  	0.01948  	0.00452  	-0.0302  	0.03427  	0.00150  	-0.0023  	0.03668  	-0.0087  	-0.0069  	-0.0242  	0.03589  	-0.0073  	0.02253  	-0.2797  	
0.12867  	0.03159  	0.22485  	0.55758  	0.04540  	0.47245  	0.14881  	-0.5702  	0.22097  	0.04404  	0.19028  	0.30347  	0.01580  	-0.4239  	-0.9530  	1.02142  	-0.1064  	0.25520  	-0.2684  	0.45733  	0.10418  	-0.2408  	-0.6276  	0.29922  	-0.0982  	-0.1883  	-0.3033  	-0.1990  	-0.1974  	-0.1031  	-0.2184  	0.26650  	0.26727  	-0.0663  	0.24800  	0.20370  	0.22158  	0.00183  	-0.1983  	0.20766  	-0.0122  	0.03627  	0.02945  	-0.0278  	-0.0808  	-0.0453  	0.03067  	0.01505  	0.06629  	-0.0170  	0.01487  	0.01315  	0.00461  	0.02907  	0.00424  	-0.0229  	0.02330  	0.00560  	-0.0283  	0.03801  	-0.0006  	-0.0096  	0.03710  	-0.0124  	-0.0069  	-0.0242  	0.03589  	-0.0073  	0.02253  	-0.2797  	
-0.0516  	-0.0371  	-0.1108  	0.81728  	0.24207  	0.38500  	0.13528  	-0.6531  	0.17087  	0.04543  	0.10423  	0.40659  	0.04842  	-0.4212  	-0.9286  	0.88202  	-0.1376  	0.30710  	-0.2961  	0.53716  	-0.1441  	-0.2375  	-0.7621  	0.29391  	-0.0642  	-0.1641  	-0.3765  	0.01493  	0.00489  	-0.0504  	-0.2491  	0.22189  	0.23483  	-0.0506  	0.21882  	0.29613  	0.04861  	-0.0485  	-0.1248  	0.27090  	-0.0696  	0.05212  	-0.0021  	-0.0218  	-0.0588  	-0.0433  	0.01942  	0.01091  	0.04974  	-0.0038  	0.02101  	0.00905  	-0.0011  	0.02795  	0.00288  	-0.0278  	0.04256  	0.00570  	-0.0240  	0.02160  	-0.0075  	-0.0176  	0.02637  	-0.0004  	-0.0069  	-0.0242  	0.03589  	-0.0073  	0.02253  	-0.2797  	
-0.0986  	-0.0057  	-0.1710  	0.91871  	0.32816  	0.35028  	0.12409  	-0.6097  	0.18213  	-0.0048  	0.02339  	0.44177  	0.07294  	-0.3455  	-0.6935  	0.82550  	-0.1463  	0.25249  	-0.2943  	0.49681  	-0.1458  	-0.2201  	-0.7161  	0.28173  	-0.1052  	-0.1277  	-0.3787  	0.03155  	0.01229  	-0.0450  	-0.2279  	0.20743  	0.27530  	-0.0329  	0.25649  	0.23796  	0.02380  	-0.0710  	-0.1462  	0.28240  	-0.0954  	0.07325  	-0.0418  	-0.0434  	-0.0719  	-0.0421  	0.04278  	0.00094  	0.05140  	-0.0014  	0.03076  	0.01098  	-0.0042  	0.01870  	0.00021  	-0.0248  	0.03335  	0.00635  	-0.0229  	0.02630  	0.00302  	-0.0090  	0.01778  	-0.0119  	-0.0069  	-0.0242  	0.03589  	-0.0073  	0.02253  	-0.2797  	
0.09452  	0.05008  	0.03058  	0.83227  	0.24891  	0.48879  	0.13538  	-0.6068  	0.15244  	-0.0026  	-0.1217  	0.34594  	0.14155  	-0.2073  	-0.4830  	0.69394  	-0.0886  	0.20248  	-0.3114  	0.40244  	-0.0689  	-0.1359  	-0.6189  	0.34886  	-0.1274  	-0.1705  	-0.2663  	-0.1447  	-0.0741  	-0.0603  	-0.2364  	0.24369  	0.25545  	-0.0435  	0.25112  	0.21187  	0.09772  	-0.0403  	-0.1624  	0.29986  	-0.0841  	0.06473  	-0.0137  	-0.0250  	-0.0647  	-0.0417  	0.03107  	0.01608  	0.06073  	-0.0155  	0.02055  	0.01328  	-0.0094  	0.01559  	0.00628  	-0.0169  	0.03375  	-0.0007  	-0.0278  	0.03061  	0.00376  	-0.0026  	0.01874  	-0.0155  	-0.0069  	-0.0242  	0.03589  	-0.0073  	0.02253  	-0.2797  	
0.25348  	0.08011  	0.13644  	0.83957  	0.21439  	0.58598  	0.17722  	-0.5810  	0.18488  	0.04223  	-0.2317  	0.20508  	0.16985  	-0.1570  	-0.4879  	0.68425  	-0.0835  	0.21345  	-0.3158  	0.31122  	-0.1068  	-0.1216  	-0.5449  	0.31520  	-0.0620  	-0.1719  	-0.2700  	-0.1835  	0.02116  	-0.0276  	-0.2255  	0.22362  	0.23931  	-0.0419  	0.22027  	0.20875  	0.04959  	-0.0572  	-0.1071  	0.30287  	-0.0371  	0.05003  	0.00637  	-0.0174  	-0.0767  	-0.0350  	0.02072  	0.02944  	0.06969  	-0.0184  	0.01817  	0.02082  	-0.0017  	0.01772  	0.00662  	-0.0177  	0.02000  	0.00345  	-0.0292  	0.03157  	-0.0004  	0.00111  	0.02357  	-0.0170  	-0.0069  	-0.0242  	0.03589  	-0.0073  	0.02253  	-0.2797  	
0.23981  	0.10907  	0.20446  	0.72569  	0.15159  	0.49533  	0.18898  	-0.5471  	0.16730  	0.05998  	-0.1886  	0.16886  	0.21961  	-0.2764  	-0.5637  	0.58801  	-0.0155  	0.07343  	-0.2302  	0.07203  	-0.0549  	-0.2701  	-0.7192  	0.27955  	-0.0697  	-0.0834  	-0.2431  	-0.2974  	0.05257  	-0.0639  	-0.1069  	0.18703  	0.15907  	-0.1832  	0.12084  	0.19508  	0.01888  	-0.0288  	-0.2124  	0.21641  	0.02926  	0.15201  	-0.0650  	0.05961  	-0.1400  	-0.0243  	-0.0024  	0.06727  	0.05671  	-0.0321  	0.02390  	0.01785  	-0.0027  	0.03293  	0.01276  	-0.0214  	0.01890  	-0.0108  	-0.0308  	0.04166  	0.01210  	-0.0036  	0.01208  	-0.0140  	-0.0069  	-0.0242  	0.03589  	-0.0073  	0.02253  	-0.2797  	
-0.0627  	0.05722  	0.05125  	0.55901  	0.07673  	0.29459  	0.11183  	-0.5442  	0.11642  	-0.0198  	0.15085  	0.27684  	0.12172  	-0.4504  	-0.7667  	0.65702  	0.04744  	0.04182  	-0.2045  	0.03194  	0.11209  	-0.5249  	-0.9520  	0.34497  	-0.2859  	0.00796  	-0.3637  	-0.2763  	0.00091  	-0.1535  	-0.0181  	0.15055  	0.13649  	-0.3059  	0.15633  	0.15134  	0.00866  	-0.0466  	-0.3661  	0.15068  	0.08733  	0.23916  	-0.1758  	0.09021  	-0.1671  	-0.0079  	0.00375  	0.02903  	0.01095  	-0.0327  	0.02134  	0.02249  	-0.0084  	0.04632  	0.00466  	-0.0373  	0.02454  	-0.0213  	-0.0346  	0.04529  	0.01426  	-0.0010  	0.00113  	-0.0125  	-0.0069  	-0.0242  	0.03589  	-0.0073  	0.02253  	-0.2797  	
-0.3882  	-0.0709  	-0.0764  	0.37101  	0.01428  	0.12159  	0.07956  	-0.5802  	0.10150  	0.03316  	0.33613  	0.35020  	0.06066  	-0.7372  	-0.9803  	0.63309  	0.01469  	0.07221  	-0.1869  	0.09589  	0.03619  	-0.6186  	-0.9886  	0.26325  	-0.3461  	0.03686  	-0.4600  	-0.1951  	0.05438  	-0.1904  	0.01115  	0.14567  	0.12392  	-0.3161  	0.06089  	0.21329  	-0.0650  	-0.0331  	-0.3590  	0.12453  	0.14243  	0.24877  	-0.1929  	0.09706  	-0.1712  	-0.0100  	0.01105  	0.01179  	0.01431  	-0.0311  	0.02133  	0.01804  	-0.0004  	0.05371  	0.01695  	-0.0405  	0.03125  	-0.0137  	-0.0244  	0.04686  	0.00955  	-0.0059  	0.00133  	-0.0076  	-0.0069  	-0.0242  	0.03589  	-0.0073  	0.02253  	-0.2797  	
-0.3858  	-0.0622  	-0.0612  	0.26106  	-0.0938  	0.17455  	0.04643  	-0.5873  	0.10406  	0.00264  	0.33641  	0.29857  	0.01300  	-0.7529  	-0.9893  	0.63255  	0.05812  	0.06816  	-0.1757  	0.09333  	-0.0265  	-0.5683  	-0.8840  	0.26343  	-0.2826  	0.04321  	-0.4363  	-0.1729  	0.07218  	-0.1676  	0.00263  	0.13302  	0.09668  	-0.2937  	0.03037  	0.25112  	-0.0589  	-0.0218  	-0.3329  	0.10276  	0.14545  	0.22183  	-0.1530  	0.08017  	-0.1565  	-0.0158  	0.00527  	0.01507  	0.01195  	-0.0269  	0.01677  	0.02063  	0.00109  	0.05016  	0.01376  	-0.0366  	0.03020  	-0.0111  	-0.0268  	0.04433  	0.01252  	-0.0082  	0.00683  	-0.0073  	-0.0069  	-0.0242  	0.03589  	-0.0073  	0.02253  	-0.2797  	
-0.2492  	-0.0447  	-0.0141  	0.38116  	-0.0352  	0.30374  	0.07029  	-0.6286  	0.13485  	-0.0002  	0.18164  	0.34133  	0.01861  	-0.7312  	-1.0121  	0.75932  	-0.0020  	0.18432  	-0.2228  	0.23910  	-0.1376  	-0.4180  	-0.7531  	0.22778  	-0.2371  	-0.0242  	-0.4585  	-0.0577  	0.06809  	-0.1581  	-0.0788  	0.19386  	0.18228  	-0.1714  	0.02310  	0.26135  	-0.0427  	-0.0188  	-0.2179  	0.18904  	0.11871  	0.13485  	-0.0513  	0.04221  	-0.1292  	-0.0321  	0.01948  	0.02713  	0.02987  	-0.0232  	0.01792  	0.02035  	-0.0042  	0.03344  	0.01138  	-0.0406  	0.03366  	-0.0055  	-0.0300  	0.03532  	0.01051  	-0.0073  	0.02592  	0.00054  	-0.0069  	-0.0242  	0.03589  	-0.0073  	0.02253  	-0.2797  	
-0.1056  	-0.0145  	0.03646  	0.44266  	0.00483  	0.32295  	0.11903  	-0.6749  	0.16536  	0.12297  	0.17145  	0.36949  	-0.0103  	-0.6736  	-1.0673  	0.88952  	-0.1214  	0.35434  	-0.2887  	0.50322  	-0.2077  	-0.2537  	-0.6103  	0.17909  	-0.2165  	-0.1310  	-0.5149  	0.04159  	0.00111  	-0.1385  	-0.1903  	0.23199  	0.25599  	-0.0397  	0.11441  	0.29404  	0.01956  	-0.0202  	-0.1280  	0.26427  	0.05423  	0.02811  	0.02918  	-0.0223  	-0.0875  	-0.0497  	0.04204  	0.01456  	0.05038  	-0.0171  	0.01886  	0.01484  	0.00346  	0.02084  	0.00848  	-0.0417  	0.03665  	0.00481  	-0.0301  	0.02862  	-0.0012  	-0.0055  	0.03946  	-0.0001  	-0.0069  	-0.0242  	0.03589  	-0.0073  	0.02253  	-0.2797  	
-0.0959  	-0.0440  	0.01389  	0.42264  	-0.0207  	0.34012  	0.13776  	-0.6903  	0.15694  	0.06307  	0.18710  	0.27506  	-0.0300  	-0.7008  	-1.0617  	0.86904  	-0.1189  	0.35014  	-0.2810  	0.49537  	-0.1480  	-0.2632  	-0.6022  	0.19451  	-0.1619  	-0.1470  	-0.4649  	0.03655  	0.00070  	-0.1215  	-0.2108  	0.24181  	0.23117  	-0.0446  	0.14670  	0.33147  	0.05542  	-0.0111  	-0.1557  	0.25674  	0.01648  	0.03195  	0.01674  	-0.0217  	-0.0840  	-0.0457  	0.03788  	-5.8649  	0.04455  	-0.0216  	0.02315  	0.01588  	0.00206  	0.02292  	0.01008  	-0.0342  	0.03462  	0.00605  	-0.0269  	0.02818  	0.00087  	-0.0074  	0.03728  	-0.0002  	-0.0069  	-0.0242  	0.03589  	-0.0073  	0.02253  	-0.2797  	
-0.1888  	-0.0706  	-0.0501  	0.38983  	-0.0296  	0.31746  	0.11306  	-0.7324  	0.11638  	0.00319  	0.18490  	0.24963  	-0.0641  	-0.7058  	-1.0112  	0.80718  	-0.0983  	0.29898  	-0.2840  	0.44810  	-0.1040  	-0.2452  	-0.5637  	0.23319  	-0.1582  	-0.1436  	-0.4084  	-0.0562  	-0.0630  	-0.1245  	-0.2039  	0.26041  	0.22476  	-0.0485  	0.18799  	0.31521  	0.12409  	0.01112  	-0.2012  	0.23719  	0.03397  	0.03439  	0.01089  	-0.0196  	-0.0771  	-0.0425  	0.04039  	-0.0144  	0.03643  	-0.0126  	0.02158  	0.01987  	-0.0009  	0.02630  	0.00975  	-0.0343  	0.03425  	0.01063  	-0.0256  	0.02993  	-0.0030  	-0.0108  	0.03512  	-0.0059  	-0.0069  	-0.0242  	0.03589  	-0.0073  	0.02253  	-0.2797  	
-0.1365  	-0.0560  	-0.0241  	0.38861  	-0.0388  	0.31700  	0.12814  	-0.7144  	0.13857  	0.02674  	0.20551  	0.25163  	-0.0431  	-0.7220  	-1.0503  	0.84819  	-0.1027  	0.30756  	-0.2705  	0.47634  	-0.1118  	-0.2485  	-0.5795  	0.23383  	-0.1690  	-0.1472  	-0.4218  	-0.0272  	-0.0871  	-0.1377  	-0.2039  	0.25975  	0.22350  	-0.0481  	0.18382  	0.31130  	0.12265  	0.00264  	-0.1960  	0.23512  	0.02274  	0.03725  	0.00368  	-0.0272  	-0.0778  	-0.0477  	0.04188  	-0.0132  	0.04150  	-0.0193  	0.02191  	0.01614  	0.00208  	0.02536  	0.00802  	-0.0313  	0.03581  	0.00679  	-0.0244  	0.03341  	-0.0021  	-0.0065  	0.03246  	-0.0023  	-0.0069  	-0.0242  	0.03589  	-0.0073  	0.02253  	-0.2797  	
-0.1545  	-0.0535  	-0.0012  	0.38935  	-0.0292  	0.32116  	0.13406  	-0.7296  	0.14831  	0.07583  	0.20148  	0.25873  	-0.0500  	-0.7474  	-1.0598  	0.87367  	-0.1066  	0.34258  	-0.2649  	0.47996  	-0.1763  	-0.2463  	-0.5893  	0.22024  	-0.1567  	-0.1303  	-0.4602  	0.01983  	-0.0285  	-0.1333  	-0.2024  	0.24550  	0.21842  	-0.0464  	0.15701  	0.32507  	0.06844  	-0.0110  	-0.1772  	0.26377  	0.04099  	0.03636  	0.01164  	-0.0169  	-0.0843  	-0.0441  	0.04059  	-0.0100  	0.04014  	-0.0185  	0.02319  	0.01711  	-0.0002  	0.02263  	0.00921  	-0.0370  	0.03289  	0.00657  	-0.0226  	0.03275  	1.07549  	-0.0062  	0.02803  	-0.0015  	-0.0069  	-0.0242  	0.03589  	-0.0073  	0.02253  	-0.2797  	
-0.2426  	-0.0666  	-0.0574  	0.35035  	-0.0518  	0.26442  	0.12426  	-0.7283  	0.14208  	0.06745  	0.22796  	0.21570  	-0.0586  	-0.7489  	-1.0712  	0.83832  	-0.1078  	0.30868  	-0.2730  	0.47403  	-0.1483  	-0.2514  	-0.5906  	0.21854  	-0.1509  	-0.1230  	-0.4367  	0.00146  	-0.0362  	-0.1386  	-0.1868  	0.24623  	0.23143  	-0.0522  	0.14438  	0.33055  	0.07951  	-0.0145  	-0.1785  	0.24918  	0.04099  	0.02829  	0.02482  	-0.0167  	-0.0741  	-0.0465  	0.04083  	-0.0124  	0.03690  	-0.0125  	0.01618  	0.01629  	0.00114  	0.02133  	0.00685  	-0.0379  	0.03364  	0.00848  	-0.0260  	0.03309  	0.00122  	-0.0077  	0.03486  	0.00442  	-0.0069  	-0.0242  	0.03589  	-0.0073  	0.02253  	-0.2797  	
-0.2916  	-0.0818  	-0.0758  	0.31621  	-0.0948  	0.29885  	0.10379  	-0.7493  	0.10976  	-0.0083  	0.18246  	0.20561  	-0.0861  	-0.7942  	-1.0395  	0.78220  	-0.0496  	0.30990  	-0.2787  	0.44530  	-0.1302  	-0.2523  	-0.5252  	0.22250  	-0.1475  	-0.1220  	-0.3982  	-0.0424  	-0.0429  	-0.1469  	-0.1996  	0.24967  	0.20310  	-0.0557  	0.11404  	0.29389  	0.11500  	0.01456  	-0.1763  	0.21358  	0.05489  	0.02534  	0.02055  	-0.0201  	-0.0685  	-0.0479  	0.04049  	-0.0188  	0.03882  	-0.0122  	0.01493  	0.01558  	0.00229  	0.03029  	0.00892  	-0.0377  	0.03371  	0.00787  	-0.0256  	0.02574  	0.00098  	-0.0098  	0.04022  	-0.0055  	-0.0069  	-0.0242  	0.03589  	-0.0073  	0.02253  	-0.2797  	
-0.2528  	-0.0754  	-0.0717  	0.37885  	-0.0445  	0.27729  	0.07141  	-0.7265  	0.13239  	0.00982  	0.17027  	0.27297  	-0.0599  	-0.7598  	-1.0029  	0.79544  	-0.0616  	0.30093  	-0.2755  	0.42839  	-0.1305  	-0.2350  	-0.5185  	0.19943  	-0.1936  	-0.1094  	-0.4327  	-0.0443  	-0.0567  	-0.1350  	-0.2003  	0.24065  	0.23079  	-0.0538  	0.11070  	0.28173  	0.09445  	0.00573  	-0.1788  	0.22469  	0.03876  	0.03366  	0.02680  	-0.0240  	-0.0828  	-0.0488  	0.03727  	-0.0097  	0.03510  	-0.0167  	0.01323  	0.01678  	0.00357  	0.02566  	0.01117  	-0.0374  	0.03495  	0.00435  	-0.0259  	0.03084  	-0.0014  	-0.0070  	0.03739  	0.00102  	-0.0069  	-0.0242  	0.03589  	-0.0073  	0.02253  	-0.2797  	
-0.1398  	-0.0307  	-0.0333  	0.47424  	0.04464  	0.36224  	0.11063  	-0.6911  	0.14791  	0.05229  	0.15548  	0.34534  	-0.0221  	-0.6654  	-0.9898  	0.86275  	-0.1149  	0.31994  	-0.2882  	0.47035  	-0.1456  	-0.2466  	-0.6046  	0.20439  	-0.1960  	-0.1292  	-0.4498  	7.84933  	-0.0488  	-0.1274  	-0.1834  	0.23647  	0.24652  	-0.0461  	0.14598  	0.29876  	0.06023  	-0.0185  	-0.1654  	0.25396  	0.02029  	0.03188  	0.03493  	-0.0223  	-0.0812  	-0.0480  	0.03802  	-0.0036  	0.04033  	-0.0166  	0.01657  	0.01322  	0.00034  	0.02310  	0.01089  	-0.0358  	0.03789  	0.00349  	-0.0259  	0.02748  	-0.0046  	-0.0040  	0.03575  	-0.0012  	-0.0069  	-0.0242  	0.03589  	-0.0073  	0.02253  	-0.2797  	
-0.0638  	-0.0312  	0.00100  	0.56194  	0.07818  	0.41299  	0.12059  	-0.6742  	0.16970  	0.06760  	0.13977  	0.33378  	-0.0196  	-0.6566  	-1.0016  	0.91638  	-0.1162  	0.32171  	-0.2528  	0.49433  	-0.1057  	-0.2392  	-0.6332  	0.24662  	-0.1443  	-0.1457  	-0.4066  	0.01659  	-0.0430  	-0.1103  	-0.2214  	0.24908  	0.23782  	-0.0590  	0.17231  	0.31316  	0.06909  	-0.0234  	-0.1693  	0.25509  	-0.0022  	0.03741  	0.02209  	-0.0118  	-0.0778  	-0.0455  	0.03454  	0.00235  	0.04547  	-0.0231  	0.02851  	0.01040  	0.00321  	0.01852  	0.00708  	-0.0304  	0.04172  	0.00923  	-0.0257  	0.03148  	-0.0009  	-0.0119  	0.03364  	-0.0040  	-0.0069  	-0.0242  	0.03589  	-0.0073  	0.02253  	-0.2797  	
-0.0976  	-0.0314  	-0.0164  	0.58733  	0.07784  	0.39737  	0.13517  	-0.7008  	0.13233  	0.01019  	0.07068  	0.27938  	-0.0452  	-0.6067  	-0.9639  	0.81171  	-0.0928  	0.32772  	-0.2703  	0.47189  	-0.1283  	-0.2232  	-0.6091  	0.26824  	-0.0898  	-0.1510  	-0.3742  	-0.0114  	0.00738  	-0.0820  	-0.2249  	0.24229  	0.21524  	-0.0440  	0.15998  	0.32255  	0.06971  	-0.0222  	-0.1509  	0.24216  	0.00463  	0.03383  	0.01824  	-0.0204  	-0.0794  	-0.0384  	0.02976  	0.00024  	0.04714  	-0.0234  	0.02766  	0.01485  	0.00100  	0.02126  	0.01010  	-0.0330  	0.03945  	0.01215  	-0.0241  	0.02410  	-0.0054  	-0.0173  	0.03028  	-0.0101  	-0.0069  	-0.0242  	0.03589  	-0.0073  	0.02253  	-0.2797  	
-0.0685  	-0.0157  	-0.0103  	0.56241  	0.06322  	0.38927  	0.12263  	-0.6527  	0.14750  	-0.0088  	0.15555  	0.31634  	-0.0185  	-0.6128  	-0.9672  	0.85131  	-0.1056  	0.33549  	-0.2562  	0.46676  	-0.0716  	-0.2331  	-0.5860  	0.24513  	-0.1083  	-0.1468  	-0.4069  	-0.0668  	-0.0326  	-0.1103  	-0.2105  	0.23266  	0.25344  	-0.0551  	0.17483  	0.27998  	0.10488  	-0.0048  	-0.1482  	0.24965  	0.02365  	0.02122  	0.01682  	-0.0139  	-0.0705  	-0.0449  	0.02972  	-0.0006  	0.04457  	-0.0111  	0.01666  	0.01159  	-0.0041  	0.02353  	0.01470  	-0.0322  	0.03393  	0.00714  	-0.0300  	0.02738  	-0.0052  	-0.0143  	0.03053  	-0.0045  	-0.0069  	-0.0242  	0.03589  	-0.0073  	0.02253  	-0.2797  	
-0.2318  	-0.0487  	-0.0535  	0.39456  	0.00321  	0.28953  	0.12575  	-0.7012  	0.16257  	0.06052  	0.18081  	0.25970  	-0.0126  	-0.6152  	-1.0624  	0.79209  	-0.1117  	0.32982  	-0.2870  	0.48873  	-0.1435  	-0.2462  	-0.5937  	0.21803  	-0.1143  	-0.1411  	-0.4321  	-0.0127  	-0.0163  	-0.1179  	-0.2030  	0.22411  	0.24624  	-0.0558  	0.13060  	0.30030  	0.07438  	-0.0228  	-0.1641  	0.25358  	0.03438  	0.03507  	0.01929  	-0.0245  	-0.0721  	-0.0443  	0.04481  	0.00039  	0.04272  	-0.0184  	0.01822  	0.01314  	0.00181  	0.02313  	0.00882  	-0.0326  	0.03557  	0.00707  	-0.0323  	0.02890  	0.00312  	-0.0117  	0.03111  	-0.0002  	-0.0069  	-0.0242  	0.03589  	-0.0073  	0.02253  	-0.2797  	
-0.3035  	-0.0849  	-0.1041  	0.35848  	-0.0276  	0.23731  	0.11665  	-0.7250  	0.12957  	0.04172  	0.21497  	0.25240  	-0.0496  	-0.6783  	-1.0583  	0.73987  	-0.0778  	0.32707  	-0.2896  	0.46809  	-0.1239  	-0.2269  	-0.5695  	0.22656  	-0.1424  	-0.1228  	-0.4241  	-0.0169  	-0.0115  	-0.1364  	-0.1953  	0.22353  	0.22558  	-0.0509  	0.12464  	0.30331  	0.06612  	-0.0132  	-0.1620  	0.23536  	0.04407  	0.02814  	0.02133  	-0.0213  	-0.0693  	-0.0474  	0.04459  	-0.0101  	0.03916  	-0.0153  	0.01245  	0.01634  	0.00198  	0.02643  	0.00861  	-0.0387  	0.03434  	0.00538  	-0.0248  	0.03099  	0.00057  	-0.0118  	0.02967  	-0.0059  	-0.0069  	-0.0242  	0.03589  	-0.0073  	0.02253  	-0.2797  	
-0.3298  	-0.1053  	-0.1060  	0.33242  	-0.0438  	0.21815  	0.09595  	-0.7053  	0.13165  	0.02263  	0.24826  	0.26126  	-0.0637  	-0.7014  	-1.0523  	0.74648  	-0.0658  	0.30131  	-0.2905  	0.46851  	-0.1163  	-0.2442  	-0.5185  	0.21591  	-0.1900  	-0.1124  	-0.4237  	-0.0449  	-0.0404  	-0.1390  	-0.1907  	0.22102  	0.23400  	-0.0558  	0.12834  	0.28398  	0.09858  	0.00265  	-0.1712  	0.22033  	0.05115  	0.02105  	0.01194  	-0.0174  	-0.0708  	-0.0484  	0.04468  	-0.0086  	0.03275  	-0.0142  	0.00882  	0.01760  	0.00393  	0.02190  	0.00847  	-0.0378  	0.03159  	0.00593  	-0.0267  	0.03093  	0.00584  	-0.0060  	0.03341  	-0.0012  	-0.0069  	-0.0242  	0.03589  	-0.0073  	0.02253  	-0.2797  	
-0.2073  	-0.0535  	-0.0770  	0.56651  	0.11081  	0.34316  	0.08721  	-0.6824  	0.15785  	0.01012  	0.11927  	0.39576  	-0.0310  	-0.6259  	-0.9083  	0.80226  	-0.0882  	0.33918  	-0.2783  	0.48345  	-0.1424  	-0.2398  	-0.5723  	0.21851  	-0.2058  	-0.1203  	-0.4728  	0.05019  	0.00223  	-0.1191  	-0.2020  	0.21760  	0.26123  	-0.0449  	0.11032  	0.25526  	0.03583  	-0.0361  	-0.1493  	0.26009  	0.03262  	0.03086  	0.02366  	-0.0208  	-0.0690  	-0.0450  	0.03847  	-0.0050  	0.03999  	-0.0154  	0.01543  	0.01365  	-0.0086  	0.02063  	0.00575  	-0.0360  	0.04151  	0.00693  	-0.0270  	0.03015  	-0.0037  	-0.0036  	0.03412  	-0.0022  	-0.0069  	-0.0242  	0.03589  	-0.0073  	0.02253  	-0.2797  	
-0.1215  	-0.0030  	-0.0855  	0.76439  	0.23721  	0.40131  	0.08224  	-0.6436  	0.16584  	0.01730  	0.03445  	0.42517  	0.03874  	-0.4964  	-0.8483  	0.81958  	-0.1200  	0.33537  	-0.3007  	0.52543  	-0.1807  	-0.2222  	-0.6664  	0.22613  	-0.1618  	-0.1414  	-0.4954  	0.10058  	0.05698  	-0.0986  	-0.2146  	0.22407  	0.27385  	-0.0379  	0.14730  	0.25246  	-0.0129  	-0.0624  	-0.1109  	0.28346  	-0.0032  	0.02534  	0.01565  	-0.0358  	-0.0779  	-0.0427  	0.03542  	0.00280  	0.05340  	-0.0157  	0.02650  	0.00848  	-0.0102  	0.02235  	0.01042  	-0.0290  	0.03401  	0.00290  	-0.0247  	0.03091  	0.00214  	-0.0041  	0.02864  	-0.0046  	-0.0069  	-0.0242  	0.03589  	-0.0073  	0.02253  	-0.2797  	
-0.1496  	-0.0191  	-0.1341  	0.81442  	0.31588  	0.36034  	0.10489  	-0.6344  	0.19039  	0.03093  	0.04857  	0.48840  	0.06353  	-0.4212  	-0.8354  	0.83225  	-0.1433  	0.31846  	-0.3171  	0.53853  	-0.1952  	-0.2130  	-0.7061  	0.21290  	-0.1699  	-0.1127  	-0.5206  	0.14232  	0.06664  	-0.0830  	-0.2178  	0.21641  	0.27880  	-0.0311  	0.16850  	0.26639  	-0.0532  	-0.0689  	-0.0802  	0.28148  	-0.0287  	0.06020  	0.00802  	-0.0482  	-0.0743  	-0.0451  	0.03952  	0.00388  	0.05523  	-0.0138  	0.01623  	0.01398  	-0.0033  	0.02537  	0.00530  	-0.0382  	0.03574  	0.00838  	-0.0200  	0.02768  	-0.0018  	-0.0067  	0.03076  	-0.0002  	-0.0069  	-0.0242  	0.03589  	-0.0073  	0.02253  	-0.2797  	
-0.1240  	-0.0022  	-0.1561  	0.87295  	0.30257  	0.41648  	0.11534  	-0.5780  	0.17829  	-0.0245  	-0.0093  	0.49179  	0.07652  	-0.3423  	-0.7205  	0.80175  	-0.1291  	0.29469  	-0.2781  	0.50378  	-0.1489  	-0.2013  	-0.6890  	0.22575  	-0.1137  	-0.1351  	-0.4192  	0.08293  	0.04427  	-0.0454  	-0.2194  	0.19988  	0.26619  	-0.0350  	0.19037  	0.24701  	-0.0116  	-0.0578  	-0.1052  	0.26585  	-0.0714  	0.06117  	-0.0051  	-0.0401  	-0.0742  	-0.0501  	0.04211  	0.01110  	0.05649  	-0.0116  	0.01894  	0.01372  	-0.0025  	0.02010  	0.00093  	-0.0278  	0.03897  	0.00549  	-0.0202  	0.02516  	-0.0032  	-0.0067  	0.02129  	-0.0122  	-0.0069  	-0.0242  	0.03589  	-0.0073  	0.02253  	-0.2797  	
-0.0910  	0.02554  	-0.0779  	0.75952  	0.17300  	0.47095  	0.11361  	-0.5712  	0.19365  	-0.0560  	-0.0574  	0.41257  	0.05980  	-0.3799  	-0.6771  	0.78934  	-0.0787  	0.27933  	-0.2625  	0.46659  	-0.1261  	-0.1895  	-0.6054  	0.25697  	-0.1356  	-0.1326  	-0.3964  	0.01055  	0.02182  	-0.0618  	-0.2267  	0.21525  	0.26259  	-0.0504  	0.16576  	0.21588  	0.03458  	-0.0379  	-0.1242  	0.27499  	-0.0559  	0.03891  	0.01703  	-0.0175  	-0.0669  	-0.0471  	0.04222  	0.01345  	0.04819  	-0.0117  	0.01031  	0.01622  	-0.0024  	0.02736  	0.00492  	-0.0321  	0.03614  	0.00231  	-0.0189  	0.03066  	-0.0013  	-0.0068  	0.02718  	-0.0096  	-0.0069  	-0.0242  	0.03589  	-0.0073  	0.02253  	-0.2797  	
0.04859  	0.08303  	0.13698  	0.66264  	0.05984  	0.50136  	0.12444  	-0.5408  	0.21040  	-0.0170  	0.06696  	0.36789  	0.03882  	-0.3762  	-0.6739  	0.82647  	-0.0749  	0.24665  	-0.2792  	0.42429  	0.06812  	-0.1720  	-0.5302  	0.31311  	-0.2095  	-0.1612  	-0.3683  	-0.1821  	-0.1537  	-0.1448  	-0.2046  	0.24671  	0.28155  	-0.0532  	0.23429  	0.17188  	0.16998  	0.00213  	-0.1753  	0.24037  	-0.0208  	0.02713  	0.00814  	-0.0200  	-0.0758  	-0.0433  	0.02900  	0.00644  	0.04762  	-0.0167  	0.00770  	0.00974  	-0.0013  	0.01982  	0.00114  	-0.0201  	0.02954  	0.00451  	-0.0282  	0.02712  	0.01030  	0.00551  	0.03374  	-0.0017  	-0.0069  	-0.0242  	0.03589  	-0.0073  	0.02253  	-0.2797  	
0.25411  	0.09225  	0.22334  	0.61207  	0.02758  	0.48310  	0.12693  	-0.5305  	0.23417  	0.00518  	0.17830  	0.40003  	0.00619  	-0.4581  	-0.8022  	0.94157  	-0.0996  	0.23626  	-0.2864  	0.43896  	0.10259  	-0.1741  	-0.5391  	0.26882  	-0.1988  	-0.1518  	-0.3844  	-0.2392  	-0.1963  	-0.1339  	-0.2131  	0.26399  	0.28144  	-0.0513  	0.24314  	0.17042  	0.22143  	0.02056  	-0.1760  	0.20988  	-0.0126  	0.03334  	0.02827  	-0.0217  	-0.0770  	-0.0374  	0.02835  	0.02404  	0.05369  	-0.0163  	0.00807  	0.01411  	0.00272  	0.02231  	0.00273  	-0.0203  	0.02485  	0.00103  	-0.0284  	0.03600  	0.00284  	-0.0007  	0.03619  	-0.0077  	-0.0069  	-0.0242  	0.03589  	-0.0073  	0.02253  	-0.2797  	
0.23238  	0.04969  	0.21917  	0.53901  	0.04270  	0.45704  	0.17803  	-0.5470  	0.24706  	0.06321  	0.26204  	0.39903  	0.00257  	-0.4464  	-0.9663  	1.00839  	-0.1206  	0.23560  	-0.2664  	0.47087  	0.14116  	-0.2098  	-0.5533  	0.26345  	-0.1589  	-0.1732  	-0.3684  	-0.1967  	-0.2134  	-0.1370  	-0.2190  	0.25833  	0.29166  	-0.0610  	0.23481  	0.18989  	0.22928  	0.02812  	-0.1850  	0.20637  	-0.0004  	0.03511  	0.04435  	-0.0193  	-0.0832  	-0.0371  	0.03119  	0.03118  	0.06031  	-0.0193  	0.01457  	0.01118  	0.00231  	0.02174  	0.00412  	-0.0222  	0.02803  	0.00291  	-0.0321  	0.03592  	0.00011  	-0.0106  	0.03627  	-0.0083  	-0.0069  	-0.0242  	0.03589  	-0.0073  	0.02253  	-0.2797  	
0.02610  	0.00179  	0.13787  	0.58309  	0.08050  	0.41893  	0.14151  	-0.6201  	0.17461  	0.04408  	0.22711  	0.33382  	0.02362  	-0.4624  	-1.0084  	0.93306  	-0.1115  	0.28161  	-0.2853  	0.49291  	0.00676  	-0.2206  	-0.6083  	0.27587  	-0.1373  	-0.1582  	-0.3818  	-0.1225  	-0.1553  	-0.1210  	-0.1990  	0.23273  	0.27467  	-0.0708  	0.21009  	0.22827  	0.18359  	-0.0039  	-0.2015  	0.21360  	0.01132  	0.03576  	0.02768  	-0.0275  	-0.0816  	-0.0411  	0.04518  	0.01022  	0.05409  	-0.0066  	0.01457  	0.01414  	-0.0015  	0.02489  	0.00079  	-0.0371  	0.03016  	0.00148  	-0.0317  	0.03296  	0.00105  	-0.0082  	0.04411  	-0.0078  	-0.0069  	-0.0242  	0.03589  	-0.0073  	0.02253  	-0.2797  	
-0.2893  	-0.0994  	-0.0947  	0.43700  	0.01904  	0.23636  	0.11816  	-0.6803  	0.13928  	0.07330  	0.24500  	0.28998  	-0.0258  	-0.6368  	-1.0336  	0.76604  	-0.1216  	0.37624  	-0.2782  	0.48970  	-0.0651  	-0.2636  	-0.5869  	0.26357  	-0.1695  	-0.1346  	-0.4240  	-0.0471  	-0.0833  	-0.1391  	-0.1820  	0.22815  	0.25654  	-0.0536  	0.16484  	0.28260  	0.05059  	-0.0236  	-0.1606  	0.23576  	0.01142  	0.02732  	0.00119  	-0.0294  	-0.0683  	-0.0377  	0.03783  	-0.0092  	0.04306  	-0.0248  	0.00803  	0.01037  	0.00330  	0.02720  	0.00281  	-0.0431  	0.03888  	0.01037  	-0.0272  	0.02792  	0.00703  	-0.0181  	0.03260  	-0.0056  	-0.0069  	-0.0242  	0.03589  	-0.0073  	0.02253  	-0.2797  	
-0.3180  	-0.0915  	-0.0904  	0.30436  	-0.0710  	0.28525  	0.09546  	-0.6837  	0.13136  	0.01327  	0.24858  	0.26161  	-0.0702  	-0.7028  	-1.0760  	0.74558  	-0.0711  	0.32127  	-0.2793  	0.48137  	-0.1331  	-0.2387  	-0.5191  	0.22892  	-0.1845  	-0.1214  	-0.4325  	-0.0229  	-0.0197  	-0.1319  	-0.1828  	0.21262  	0.22675  	-0.0533  	0.10080  	0.29343  	0.07653  	-0.0107  	-0.1543  	0.22184  	0.04778  	0.02050  	0.01528  	-0.0213  	-0.0723  	-0.0464  	0.03799  	-0.0063  	0.03544  	-0.0141  	0.00922  	0.01620  	0.00046  	0.02124  	0.00529  	-0.0371  	0.03746  	0.00546  	-0.0277  	0.02947  	0.00590  	-0.0068  	0.03281  	-0.0010  	-0.0069  	-0.0242  	0.03589  	-0.0073  	0.02253  	-0.2797  	
-0.1798  	-0.0517  	-0.0374  	0.43324  	-0.0105  	0.34526  	0.09833  	-0.6727  	0.14644  	0.01065  	0.15103  	0.33583  	-0.0150  	-0.6706  	-1.0191  	0.81179  	-0.0928  	0.32132  	-0.2895  	0.46405  	-0.1828  	-0.2370  	-0.5629  	0.21682  	-0.1873  	-0.1142  	-0.4686  	0.02623  	-0.0041  	-0.1439  	-0.1860  	0.22707  	0.25564  	-0.0450  	0.10169  	0.28678  	0.03839  	-0.0103  	-0.1315  	0.25724  	0.05271  	0.03103  	0.03853  	-0.0198  	-0.0868  	-0.0465  	0.04061  	0.01521  	0.04221  	-0.0126  	0.01515  	0.01656  	-0.0035  	0.02224  	0.00737  	-0.0379  	0.03737  	0.00120  	-0.0301  	0.02931  	0.00416  	-0.0101  	0.03604  	-9.5883  	-0.0069  	-0.0242  	0.03589  	-0.0073  	0.02253  	-0.2797  	
-0.0919  	-0.0163  	0.01468  	0.47362  	0.02386  	0.33270  	0.13141  	-0.6861  	0.16747  	0.09358  	0.17980  	0.35061  	-0.0118  	-0.6443  	-1.0335  	0.85523  	-0.1269  	0.35378  	-0.2972  	0.50033  	-0.1729  	-0.2554  	-0.6183  	0.18620  	-0.2145  	-0.1383  	-0.4975  	0.04235  	-0.0100  	-0.1379  	-0.1984  	0.24098  	0.26480  	-0.0381  	0.15232  	0.29173  	0.02916  	-0.0193  	-0.1388  	0.26180  	0.03938  	0.03213  	0.02589  	-0.0266  	-0.0835  	-0.0537  	0.03985  	0.00538  	0.04885  	-0.0201  	0.02142  	0.01395  	0.00198  	0.02051  	0.00884  	-0.0374  	0.03883  	0.00551  	-0.0293  	0.03113  	-7.2462  	-0.0044  	0.03896  	0.00041  	-0.0069  	-0.0242  	0.03589  	-0.0073  	0.02253  	-0.2797  	
-0.0533  	-0.0338  	0.01089  	0.52016  	0.05238  	0.34810  	0.14056  	-0.6836  	0.15857  	0.09982  	0.19801  	0.30806  	-0.0477  	-0.6481  	-1.0623  	0.89684  	-0.1284  	0.34074  	-0.2930  	0.50553  	-0.1344  	-0.2489  	-0.6417  	0.19758  	-0.1469  	-0.1530  	-0.4508  	0.01621  	-0.0162  	-0.1158  	-0.2164  	0.24973  	0.23269  	-0.0471  	0.17717  	0.33045  	0.06928  	-0.0205  	-0.1559  	0.24864  	0.00142  	0.03592  	0.01454  	-0.0164  	-0.0720  	-0.0455  	0.03881  	0.00438  	0.04983  	-0.0171  	0.02610  	0.01416  	0.00477  	0.01947  	0.01257  	-0.0335  	0.03812  	0.00718  	-0.0276  	0.02899  	-0.0008  	-0.0119  	0.03728  	-0.0028  	-0.0069  	-0.0242  	0.03589  	-0.0073  	0.02253  	-0.2797  	
-0.0610  	-0.0275  	0.01696  	0.49134  	0.04874  	0.35986  	0.13693  	-0.6813  	0.15092  	0.08843  	0.21736  	0.27634  	-0.0611  	-0.6522  	-1.0522  	0.87972  	-0.1298  	0.31254  	-0.2936  	0.47579  	-0.0889  	-0.2302  	-0.6158  	0.21750  	-0.1465  	-0.1576  	-0.4141  	-0.0285  	-0.0562  	-0.1156  	-0.2140  	0.26314  	0.22532  	-0.0549  	0.19566  	0.32708  	0.10678  	-0.0108  	-0.1710  	0.23809  	-0.0033  	0.04719  	0.01450  	-0.0200  	-0.0712  	-0.0464  	0.03317  	0.00177  	0.04898  	-0.0176  	0.02534  	0.01544  	0.00503  	0.02114  	0.01092  	-0.0329  	0.04084  	0.00878  	-0.0267  	0.02818  	-0.0019  	-0.0105  	0.03741  	-0.0024  	-0.0069  	-0.0242  	0.03589  	-0.0073  	0.02253  	-0.2797  	
-0.0618  	-0.0275  	0.02124  	0.47497  	0.05084  	0.36476  	0.13905  	-0.6998  	0.14462  	0.09738  	0.22633  	0.28023  	-0.0538  	-0.6483  	-1.0720  	0.88178  	-0.1433  	0.30307  	-0.2965  	0.48081  	-0.0991  	-0.2284  	-0.6266  	0.21717  	-0.1370  	-0.1581  	-0.4181  	-0.0224  	-0.0569  	-0.1128  	-0.2100  	0.25744  	0.22640  	-0.0505  	0.19627  	0.33459  	0.10909  	-0.0096  	-0.1725  	0.23909  	-0.0008  	0.04659  	0.01500  	-0.0235  	-0.0715  	-0.0452  	0.03295  	0.00256  	0.04587  	-0.0152  	0.02657  	0.01568  	0.00336  	0.02136  	0.00912  	-0.0342  	0.04290  	0.00981  	-0.0276  	0.02797  	-0.0041  	-0.0106  	0.03733  	-0.0045  	-0.0069  	-0.0242  	0.03589  	-0.0073  	0.02253  	-0.2797  	
-0.0524  	-0.0279  	0.02012  	0.43403  	0.01586  	0.36540  	0.14972  	-0.7089  	0.14273  	0.07979  	0.22783  	0.27345  	-0.0408  	-0.6433  	-1.0627  	0.85990  	-0.1469  	0.30407  	-0.2998  	0.48197  	-0.1027  	-0.2359  	-0.6087  	0.20546  	-0.1531  	-0.1516  	-0.4536  	-0.0092  	-0.0317  	-0.1180  	-0.2057  	0.24782  	0.23234  	-0.0489  	0.18573  	0.33532  	0.09340  	-0.0034  	-0.1724  	0.25311  	0.01762  	0.05134  	0.01981  	-0.0266  	-0.0773  	-0.0430  	0.03480  	0.00312  	0.04218  	-0.0132  	0.02530  	0.01746  	0.00195  	0.02026  	0.00928  	-0.0372  	0.04256  	0.01020  	-0.0268  	0.02740  	-0.0033  	-0.0096  	0.03673  	-0.0040  	-0.0069  	-0.0242  	0.03589  	-0.0073  	0.02253  	-0.2797  	
-0.0657  	-0.0188  	0.00489  	0.43349  	0.00036  	0.36877  	0.14464  	-0.6988  	0.13077  	0.05202  	0.23871  	0.26378  	-0.0533  	-0.6424  	-1.0246  	0.82596  	-0.1296  	0.30197  	-0.2934  	0.47169  	-0.0630  	-0.2380  	-0.5709  	0.22308  	-0.1776  	-0.1469  	-0.4511  	-0.0363  	-0.0422  	-0.1320  	-0.2113  	0.24872  	0.23000  	-0.0559  	0.18998  	0.31672  	0.11030  	0.00535  	-0.1819  	0.24947  	0.02287  	0.04873  	0.01770  	-0.0291  	-0.0784  	-0.0456  	0.03641  	-0.0026  	0.04503  	-0.0180  	0.02331  	0.01587  	0.00668  	0.01998  	0.01148  	-0.0368  	0.03951  	0.00757  	-0.0267  	0.02984  	0.00032  	-0.0095  	0.03798  	-0.0013  	-0.0069  	-0.0242  	0.03589  	-0.0073  	0.02253  	-0.2797  	
-0.0645  	-0.0054  	-0.0015  	0.43625  	-0.0065  	0.36129  	0.14255  	-0.6813  	0.13037  	0.01033  	0.26515  	0.25986  	-0.0613  	-0.6231  	-0.9546  	0.78862  	-0.1128  	0.27888  	-0.2789  	0.44696  	-0.0094  	-0.2329  	-0.5500  	0.25792  	-0.1927  	-0.1404  	-0.4320  	-0.1048  	-0.1026  	-0.1482  	-0.2056  	0.25898  	0.24416  	-0.0578  	0.21135  	0.26842  	0.15439  	0.01573  	-0.2062  	0.22960  	0.02552  	0.04554  	0.00847  	-0.0368  	-0.0814  	-0.0443  	0.03920  	-0.0040  	0.04293  	-0.0154  	0.01027  	0.01643  	0.00335  	0.02645  	0.01141  	-0.0386  	0.03579  	0.00534  	-0.0292  	0.03094  	0.00507  	-0.0050  	0.04019  	-0.0018  	-0.0069  	-0.0242  	0.03589  	-0.0073  	0.02253  	-0.2797  	
-0.0120  	0.02782  	0.05760  	0.48214  	-0.0135  	0.36064  	0.12169  	-0.6287  	0.16097  	-0.0176  	0.29468  	0.29478  	-0.0496  	-0.5362  	-0.8818  	0.82740  	-0.0989  	0.26145  	-0.2706  	0.40026  	0.04586  	-0.2243  	-0.5308  	0.31211  	-0.1966  	-0.1548  	-0.3797  	-0.2108  	-0.1774  	-0.1553  	-0.1955  	0.26320  	0.25601  	-0.0598  	0.24725  	0.21720  	0.20768  	0.03623  	-0.2263  	0.21741  	0.01495  	0.03643  	0.00129  	-0.0336  	-0.0887  	-0.0394  	0.03775  	0.00026  	0.03514  	-0.0106  	0.00059  	0.02183  	0.00154  	0.03208  	0.00884  	-0.0381  	0.02740  	0.00270  	-0.0316  	0.03012  	0.00902  	-0.0033  	0.03208  	-0.0067  	-0.0069  	-0.0242  	0.03589  	-0.0073  	0.02253  	-0.2797  	
0.10336  	0.09087  	0.14049  	0.55420  	-0.0365  	0.44793  	0.10802  	-0.5115  	0.23723  	-0.0493  	0.30802  	0.33522  	-0.0070  	-0.4264  	-0.8194  	0.88814  	-0.0672  	0.20370  	-0.2761  	0.33312  	0.17095  	-0.2224  	-0.4791  	0.34667  	-0.2576  	-0.1558  	-0.3020  	-0.3351  	-0.3191  	-0.1620  	-0.1961  	0.27666  	0.27874  	-0.0697  	0.30287  	0.12444  	0.29439  	0.05809  	-0.2619  	0.16931  	-0.0193  	0.02425  	0.01629  	-0.0311  	-0.0853  	-0.0416  	0.03521  	-0.0025  	0.04443  	-0.0083  	-0.0011  	0.01814  	-0.0004  	0.03083  	0.00354  	-0.0258  	0.02119  	0.00290  	-0.0343  	0.03173  	0.00797  	0.00383  	0.03062  	-0.0079  	-0.0069  	-0.0242  	0.03589  	-0.0073  	0.02253  	-0.2797  	
