-0.3924  	-0.1531  	-0.2524  	0.48406  	0.07180  	0.19619  	0.05878  	-0.7970  	0.19907  	0.02712  	0.44708  	0.45016  	-0.0868  	-0.7597  	-1.4365  	0.93730  	-0.1473  	0.39022  	-0.3140  	0.67233  	-0.0419  	-0.2672  	-0.8344  	0.38877  	-0.2381  	-0.1558  	-0.5934  	-0.0563  	-0.1336  	-0.2162  	-0.2389  	0.28363  	0.32831  	-0.0766  	0.25728  	0.29760  	0.12419  	-0.0316  	-0.2610  	0.29968  	-0.0144  	0.02054  	-0.0049  	-0.0285  	-0.0893  	-0.0568  	0.05629  	-0.0121  	0.05020  	-0.0212  	0.00125  	0.00800  	-0.0100  	0.02908  	0.00689  	-0.0386  	0.03929  	0.00321  	-0.0423  	0.02839  	-0.0030  	0.00162  	0.03491  	-0.0087  	-0.0074  	-0.0267  	0.03628  	-0.0031  	0.02322  	-0.2291  	
-0.0545  	-0.0222  	-0.0473  	0.69511  	0.13481  	0.42794  	0.05548  	-0.7138  	0.24256  	-0.0425  	0.29775  	0.48165  	0.00454  	-0.5799  	-1.1539  	1.03255  	-0.1381  	0.33513  	-0.3150  	0.62213  	0.08757  	-0.2438  	-0.7297  	0.49965  	-0.2969  	-0.1583  	-0.5120  	-0.1808  	-0.2596  	-0.2170  	-0.2294  	0.31211  	0.34659  	-0.0706  	0.31798  	0.21257  	0.21623  	-0.0324  	-0.3011  	0.29200  	-0.0296  	0.03604  	-0.0176  	-0.0214  	-0.0906  	-0.0605  	0.04762  	-0.0086  	0.05051  	-0.0223  	0.00529  	0.01057  	-0.0038  	0.02544  	-0.0027  	-0.0368  	0.03236  	0.00460  	-0.0402  	0.02407  	0.01121  	0.01530  	0.04054  	-0.0059  	-0.0074  	-0.0267  	0.03628  	-0.0031  	0.02322  	-0.2291  	
0.23347  	0.05084  	0.18541  	0.73899  	0.07863  	0.65253  	0.10467  	-0.6807  	0.28649  	-0.0506  	0.09597  	0.38463  	0.05794  	-0.4428  	-1.0246  	1.02023  	-0.0989  	0.27951  	-0.3065  	0.53996  	0.09647  	-0.1474  	-0.6833  	0.43919  	-0.2104  	-0.1815  	-0.4862  	-0.2809  	-0.2652  	-0.1762  	-0.2463  	0.32835  	0.34517  	-0.0723  	0.30176  	0.22304  	0.24132  	0.00375  	-0.2778  	0.27656  	-0.0107  	0.02974  	0.03465  	-0.0211  	-0.1044  	-0.0520  	0.03971  	0.02604  	0.07194  	-0.0233  	0.00226  	0.01437  	-0.0063  	0.02582  	0.00674  	-0.0275  	0.02640  	-0.0005  	-0.0419  	0.03443  	0.00868  	0.00203  	0.04008  	-0.0157  	-0.0074  	-0.0267  	0.03628  	-0.0031  	0.02322  	-0.2291  	
0.15038  	0.06469  	0.11887  	0.76873  	0.10695  	0.57161  	0.11473  	-0.6650  	0.27710  	-0.0703  	0.22211  	0.39387  	0.01628  	-0.5076  	-1.1303  	1.06858  	-0.1334  	0.29145  	-0.3026  	0.59189  	0.13664  	-0.1663  	-0.7614  	0.45684  	-0.1384  	-0.1916  	-0.4234  	-0.2869  	-0.2426  	-0.1670  	-0.2710  	0.32283  	0.33481  	-0.0714  	0.34108  	0.24485  	0.27616  	0.01896  	-0.2816  	0.26922  	-0.0281  	0.03876  	0.01146  	-0.0181  	-0.1060  	-0.0504  	0.04120  	0.01563  	0.06716  	-0.0272  	0.01442  	0.01362  	-0.0012  	0.02818  	0.00606  	-0.0242  	0.03164  	0.00246  	-0.0331  	0.03473  	0.00201  	0.00352  	0.03883  	-0.0153  	-0.0074  	-0.0267  	0.03628  	-0.0031  	0.02322  	-0.2291  	
0.04821  	-0.0218  	-0.0628  	0.98436  	0.25465  	0.59062  	0.07155  	-0.7324  	0.21666  	-0.0678  	0.05292  	0.50229  	0.03080  	-0.5842  	-1.0977  	1.05270  	-0.1138  	0.32258  	-0.3086  	0.59929  	-0.0201  	-0.1752  	-0.8156  	0.38981  	-0.1247  	-0.1974  	-0.4448  	-0.1162  	-0.1340  	-0.1331  	-0.2874  	0.31623  	0.31534  	-0.0692  	0.27098  	0.26454  	0.16576  	-0.0157  	-0.2432  	0.29224  	-0.0506  	0.03767  	0.00497  	-0.0153  	-0.0978  	-0.0568  	0.04205  	0.00888  	0.07060  	-0.0298  	0.00461  	0.00641  	-0.0089  	0.02544  	0.01068  	-0.0337  	0.04335  	0.00114  	-0.0352  	0.03178  	-0.0003  	0.00081  	0.04332  	-0.0141  	-0.0074  	-0.0267  	0.03628  	-0.0031  	0.02322  	-0.2291  	
0.05660  	0.01138  	-0.0849  	1.08244  	0.29922  	0.63654  	0.08015  	-0.7255  	0.22820  	-0.1045  	-0.0434  	0.46046  	0.04053  	-0.5003  	-0.9296  	0.99026  	-0.1350  	0.33985  	-0.3133  	0.64142  	-0.0606  	-0.1352  	-0.8354  	0.38062  	-0.0651  	-0.1983  	-0.4756  	-0.0166  	-0.0104  	-0.0775  	-0.3039  	0.28290  	0.31479  	-0.0490  	0.27798  	0.28717  	0.09470  	-0.0554  	-0.2038  	0.31821  	-0.0647  	0.03529  	-0.0052  	-0.0154  	-0.0889  	-0.0590  	0.04361  	0.01098  	0.06439  	-0.0371  	0.01666  	0.00694  	-0.0066  	0.02253  	0.00731  	-0.0318  	0.04075  	0.00437  	-0.0388  	0.03089  	-0.0053  	-0.0017  	0.04251  	-0.0137  	-0.0074  	-0.0267  	0.03628  	-0.0031  	0.02322  	-0.2291  	
0.09961  	0.00971  	-0.0598  	1.08138  	0.26094  	0.66466  	0.08978  	-0.7105  	0.24684  	-0.1122  	-0.0679  	0.42895  	0.07258  	-0.4695  	-0.8635  	0.96169  	-0.1211  	0.31729  	-0.3091  	0.58175  	-0.0255  	-0.1314  	-0.7993  	0.38222  	-0.0740  	-0.2111  	-0.4655  	-0.1110  	-0.0382  	-0.0873  	-0.3156  	0.29226  	0.30521  	-0.0434  	0.30243  	0.27971  	0.12121  	-0.0434  	-0.2082  	0.32023  	-0.0600  	0.04966  	0.00124  	-0.0264  	-0.0870  	-0.0594  	0.03856  	0.01249  	0.06662  	-0.0314  	0.01859  	0.00968  	-0.0050  	0.02839  	0.00952  	-0.0266  	0.04365  	0.00618  	-0.0314  	0.02819  	-0.0026  	0.00796  	0.04124  	-0.0116  	-0.0074  	-0.0267  	0.03628  	-0.0031  	0.02322  	-0.2291  	
0.16631  	0.01938  	0.00237  	1.02257  	0.22218  	0.70169  	0.08533  	-0.6490  	0.25845  	-0.1140  	-0.0280  	0.41296  	0.05202  	-0.4571  	-0.8968  	1.00193  	-0.1207  	0.28106  	-0.2955  	0.53984  	0.01384  	-0.1084  	-0.7263  	0.43052  	-0.1116  	-0.2062  	-0.4539  	-0.1994  	-0.0978  	-0.1059  	-0.3259  	0.29682  	0.30208  	-0.0588  	0.31884  	0.25190  	0.17147  	-0.0256  	-0.2386  	0.30436  	-0.0689  	0.05902  	0.01973  	-0.0236  	-0.0930  	-0.0530  	0.03722  	0.02051  	0.06820  	-0.0291  	0.00953  	0.01295  	-0.0035  	0.02554  	0.01073  	-0.0277  	0.03692  	0.00468  	-0.0370  	0.03227  	-0.0048  	0.00234  	0.03596  	-0.0108  	-0.0074  	-0.0267  	0.03628  	-0.0031  	0.02322  	-0.2291  	
0.19658  	0.04847  	0.08316  	0.95039  	0.16941  	0.69952  	0.09499  	-0.6217  	0.28878  	-0.1084  	0.09846  	0.42160  	0.03812  	-0.4863  	-0.9563  	1.07566  	-0.1135  	0.27672  	-0.2794  	0.51781  	0.09045  	-0.1368  	-0.6978  	0.42965  	-0.1639  	-0.1931  	-0.4313  	-0.2973  	-0.1983  	-0.1397  	-0.2866  	0.30876  	0.32727  	-0.0628  	0.32922  	0.22841  	0.23870  	0.01535  	-0.2794  	0.27268  	-0.0590  	0.05072  	0.01335  	-0.0164  	-0.0920  	-0.0520  	0.04040  	0.01912  	0.06829  	-0.0258  	0.00244  	0.01594  	-0.0026  	0.02615  	0.01243  	-0.0270  	0.03085  	0.00666  	-0.0351  	0.03183  	0.00029  	0.00077  	0.03322  	-0.0162  	-0.0074  	-0.0267  	0.03628  	-0.0031  	0.02322  	-0.2291  	
0.15763  	0.08389  	0.12765  	0.79347  	0.07751  	0.65973  	0.06325  	-0.5806  	0.29493  	-0.1081  	0.23245  	0.46370  	0.00188  	-0.5198  	-1.0687  	1.13827  	-0.1272  	0.27966  	-0.2733  	0.50339  	0.17401  	-0.1684  	-0.6660  	0.43822  	-0.2411  	-0.1916  	-0.4462  	-0.3772  	-0.3218  	-0.1921  	-0.2537  	0.32628  	0.34740  	-0.0732  	0.33661  	0.19577  	0.32126  	0.05856  	-0.3153  	0.21122  	-0.0190  	0.02746  	0.01582  	-0.0195  	-0.0964  	-0.0568  	0.04180  	0.01393  	0.06651  	-0.0203  	-0.0108  	0.01456  	0.00117  	0.03385  	0.00582  	-0.0255  	0.02543  	0.00370  	-0.0389  	0.03012  	0.00697  	0.00772  	0.03561  	-0.0148  	-0.0074  	-0.0267  	0.03628  	-0.0031  	0.02322  	-0.2291  	
0.10852  	0.10926  	0.12731  	0.67604  	-0.0275  	0.58357  	0.05828  	-0.6147  	0.29922  	-0.0969  	0.38998  	0.45369  	-0.0282  	-0.5608  	-1.2018  	1.14331  	-0.1185  	0.27323  	-0.2918  	0.48775  	0.24058  	-0.1879  	-0.6385  	0.45208  	-0.2906  	-0.1802  	-0.4687  	-0.4012  	-0.4004  	-0.2283  	-0.2373  	0.33527  	0.35617  	-0.0809  	0.35121  	0.17218  	0.35349  	0.06864  	-0.3437  	0.19292  	-0.0043  	0.01994  	0.01277  	-0.0261  	-0.1049  	-0.0534  	0.04295  	-0.0014  	0.05414  	-0.0077  	-0.0078  	0.01459  	0.00623  	0.03344  	0.00322  	-0.0268  	0.02177  	0.00541  	-0.0387  	0.02866  	0.00968  	0.01618  	0.03479  	-0.0147  	-0.0074  	-0.0267  	0.03628  	-0.0031  	0.02322  	-0.2291  	
0.20963  	0.07490  	0.23559  	0.65491  	-0.0445  	0.61294  	0.10098  	-0.5873  	0.33831  	-0.0218  	0.38559  	0.36894  	-0.0236  	-0.5614  	-1.2969  	1.19970  	-0.1104  	0.28183  	-0.2634  	0.54501  	0.23728  	-0.1865  	-0.6741  	0.43838  	-0.1627  	-0.1986  	-0.4244  	-0.3511  	-0.3582  	-0.2049  	-0.2429  	0.33679  	0.33447  	-0.0875  	0.30817  	0.21817  	0.33717  	0.04537  	-0.2948  	0.22930  	-0.0246  	0.00797  	0.04456  	-0.0130  	-0.0942  	-0.0597  	0.03391  	0.01513  	0.06920  	-0.0168  	-0.0048  	0.01636  	0.00224  	0.03151  	0.00694  	-0.0282  	0.02585  	0.00366  	-0.0408  	0.03639  	0.00662  	0.00671  	0.04172  	-0.0076  	-0.0074  	-0.0267  	0.03628  	-0.0031  	0.02322  	-0.2291  	
0.12766  	0.03256  	0.05880  	0.66278  	0.06361  	0.50577  	0.11848  	-0.6595  	0.27318  	0.01805  	0.29853  	0.39470  	0.07065  	-0.4414  	-1.2991  	1.09643  	-0.1443  	0.33721  	-0.2900  	0.61969  	0.06112  	-0.1702  	-0.8057  	0.44190  	-0.1174  	-0.2338  	-0.4628  	-0.2540  	-0.2470  	-0.1531  	-0.2510  	0.31744  	0.34827  	-0.0814  	0.31902  	0.25284  	0.23810  	-0.0190  	-0.2616  	0.29971  	0.00559  	0.02945  	0.01357  	-0.0181  	-0.0970  	-0.0487  	0.03526  	0.01086  	0.06065  	-0.0230  	-0.0012  	0.00744  	-0.0027  	0.02413  	0.00084  	-0.0322  	0.03536  	-0.0021  	-0.0419  	0.03208  	0.00466  	0.00716  	0.03564  	-0.0177  	-0.0074  	-0.0267  	0.03628  	-0.0031  	0.02322  	-0.2291  	
-0.3006  	-0.0874  	-0.2587  	0.81518  	0.25087  	0.30638  	0.08260  	-0.7777  	0.20239  	-0.0041  	0.28967  	0.61286  	0.00855  	-0.5886  	-1.2705  	1.00063  	-0.1604  	0.40486  	-0.2967  	0.68698  	-0.0304  	-0.2083  	-0.8217  	0.42139  	-0.2374  	-0.1790  	-0.5936  	-0.0545  	-0.1232  	-0.1988  	-0.2602  	0.25280  	0.35469  	-0.0686  	0.27849  	0.28700  	0.10641  	-0.0573  	-0.2666  	0.30361  	-0.0352  	0.05793  	-0.0364  	-0.0360  	-0.0964  	-0.0505  	0.05433  	-0.0001  	0.05118  	-0.0365  	0.00850  	0.00791  	-0.0118  	0.02463  	0.00328  	-0.0269  	0.03523  	0.00315  	-0.0379  	0.02339  	0.00211  	0.00154  	0.03070  	-0.0229  	-0.0074  	-0.0267  	0.03628  	-0.0031  	0.02322  	-0.2291  	
-0.2861  	-0.1062  	-0.1797  	0.63149  	0.11163  	0.41200  	0.05663  	-0.8102  	0.20489  	-0.0324  	0.27654  	0.45961  	-0.0424  	-0.7158  	-1.2850  	0.95853  	-0.1334  	0.38653  	-0.3182  	0.66171  	-0.0817  	-0.2207  	-0.7491  	0.37579  	-0.2092  	-0.1769  	-0.6034  	-0.0657  	-0.1134  	-0.1731  	-0.2378  	0.26296  	0.32647  	-0.0549  	0.22611  	0.29042  	0.10654  	-0.0322  	-0.2458  	0.28295  	-0.0002  	0.02806  	0.00684  	-0.0360  	-0.0911  	-0.0526  	0.05102  	-0.0144  	0.05666  	-0.0319  	0.00342  	0.01154  	-0.0071  	0.02149  	0.00512  	-0.0375  	0.04192  	0.00167  	-0.0337  	0.02736  	0.00016  	0.00345  	0.04293  	-0.0069  	-0.0074  	-0.0267  	0.03628  	-0.0031  	0.02322  	-0.2291  	
-0.1285  	-0.0386  	-0.0773  	0.66259  	0.06040  	0.45203  	0.09355  	-0.7825  	0.20975  	0.02360  	0.12650  	0.43731  	0.00320  	-0.7111  	-1.2603  	0.96085  	-0.1231  	0.41198  	-0.3146  	0.64255  	-0.1498  	-0.1810  	-0.7427  	0.30805  	-0.2011  	-0.1537  	-0.6711  	0.00302  	-0.0191  	-0.1802  	-0.2402  	0.26827  	0.33788  	-0.0451  	0.14209  	0.27961  	0.05950  	-0.0272  	-0.2122  	0.32109  	0.07700  	-0.0073  	0.04386  	-0.0111  	-0.1046  	-0.0572  	0.05671  	0.01330  	0.05432  	-0.0312  	0.01018  	0.01193  	-0.0062  	0.01941  	0.00591  	-0.0498  	0.03552  	0.00418  	-0.0357  	0.02701  	-0.0047  	0.00175  	0.03775  	-0.0102  	-0.0074  	-0.0267  	0.03628  	-0.0031  	0.02322  	-0.2291  	
-0.1881  	-0.0634  	-0.1188  	0.63960  	0.05696  	0.47315  	0.04915  	-0.8460  	0.22438  	-0.0214  	0.14772  	0.42768  	-0.0125  	-0.8198  	-1.3094  	0.93851  	-0.1210  	0.41682  	-0.3174  	0.64813  	-0.1566  	-0.2076  	-0.7521  	0.31133  	-0.2090  	-0.1480  	-0.6695  	0.03454  	-0.0473  	-0.1726  	-0.2272  	0.29031  	0.32945  	-0.0546  	0.13935  	0.30401  	0.06423  	-0.0417  	-0.2069  	0.32283  	0.06725  	0.02034  	0.03450  	-0.0200  	-0.0961  	-0.0654  	0.04972  	-0.0023  	0.05936  	-0.0208  	0.00531  	0.01206  	-0.0012  	0.02297  	0.00699  	-0.0435  	0.04185  	0.00674  	-0.0360  	0.02515  	0.00357  	0.00217  	0.03792  	-0.0008  	-0.0074  	-0.0267  	0.03628  	-0.0031  	0.02322  	-0.2291  	
-0.1035  	-0.0673  	-0.0871  	0.66977  	0.08290  	0.49841  	0.07739  	-0.8158  	0.20811  	-0.0364  	0.19124  	0.38301  	-0.0683  	-0.7762  	-1.2730  	1.04768  	-0.1527  	0.39933  	-0.2964  	0.61589  	-0.0663  	-0.2071  	-0.7620  	0.37043  	-0.1859  	-0.1786  	-0.5405  	-0.0991  	-0.1112  	-0.1745  	-0.2575  	0.32918  	0.31677  	-0.0588  	0.25202  	0.33000  	0.15382  	-0.0072  	-0.2597  	0.29857  	0.00800  	0.02442  	0.02164  	-0.0181  	-0.0945  	-0.0651  	0.05302  	-0.0141  	0.05717  	-0.0330  	0.00705  	0.00896  	-0.0055  	0.02365  	0.01237  	-0.0437  	0.04361  	0.00684  	-0.0352  	0.02932  	-0.0050  	-0.0030  	0.04416  	-0.0092  	-0.0074  	-0.0267  	0.03628  	-0.0031  	0.02322  	-0.2291  	
-0.0124  	-0.0621  	-0.0290  	0.66178  	0.06878  	0.49211  	0.09671  	-0.8429  	0.21357  	0.02747  	0.27913  	0.38441  	-0.0877  	-0.8268  	-1.4059  	1.10924  	-0.1547  	0.40504  	-0.2868  	0.61284  	-0.0885  	-0.2250  	-0.7649  	0.38147  	-0.1838  	-0.1871  	-0.5582  	-0.0992  	-0.1369  	-0.1916  	-0.2706  	0.32811  	0.30191  	-0.0732  	0.25774  	0.35957  	0.16991  	-0.0029  	-0.2722  	0.30874  	0.02216  	0.02170  	0.01766  	-0.0029  	-0.0923  	-0.0622  	0.04597  	-0.0030  	0.05920  	-0.0194  	0.01223  	0.01241  	-0.0012  	0.02588  	0.01391  	-0.0402  	0.04170  	0.00367  	-0.0412  	0.03150  	-0.0036  	-0.0038  	0.04338  	-0.0055  	-0.0074  	-0.0267  	0.03628  	-0.0031  	0.02322  	-0.2291  	
-0.0320  	-0.0223  	0.01706  	0.59418  	0.03795  	0.47207  	0.10108  	-0.8400  	0.22239  	0.07507  	0.31606  	0.41104  	-0.0728  	-0.7863  	-1.5150  	1.14112  	-0.1668  	0.43241  	-0.2825  	0.66162  	-0.1358  	-0.2357  	-0.8205  	0.32388  	-0.1895  	-0.2045  	-0.6102  	-0.0563  	-0.0863  	-0.1911  	-0.2722  	0.29996  	0.31824  	-0.0623  	0.23334  	0.39665  	0.14350  	-0.0221  	-0.2538  	0.32482  	0.03945  	0.01699  	0.02445  	-0.0214  	-0.1018  	-0.0538  	0.04944  	0.00812  	0.05836  	-0.0301  	0.01303  	0.01231  	-0.0036  	0.02533  	0.01413  	-0.0372  	0.03982  	0.00354  	-0.0411  	0.03189  	0.00075  	-0.0019  	0.04464  	-0.0077  	-0.0074  	-0.0267  	0.03628  	-0.0031  	0.02322  	-0.2291  	
-0.1283  	-0.0514  	-0.0548  	0.44917  	-0.0433  	0.38000  	0.10324  	-0.8531  	0.19765  	0.11042  	0.35308  	0.38523  	-0.0539  	-0.8062  	-1.6602  	1.08496  	-0.1781  	0.46793  	-0.2962  	0.68735  	-0.1858  	-0.2669  	-0.8362  	0.28711  	-0.1561  	-0.1877  	-0.6325  	0.01731  	-0.0610  	-0.1907  	-0.2461  	0.28923  	0.31552  	-0.0695  	0.18889  	0.42173  	0.09134  	-0.0325  	-0.2203  	0.30892  	0.05657  	0.03233  	0.02121  	-0.0395  	-0.0986  	-0.0616  	0.04196  	0.01041  	0.06077  	-0.0261  	0.01555  	0.01672  	0.00161  	0.02255  	0.01271  	-0.0433  	0.04029  	0.00510  	-0.0411  	0.03012  	-0.0006  	0.00333  	0.05088  	-0.0082  	-0.0074  	-0.0267  	0.03628  	-0.0031  	0.02322  	-0.2291  	
-0.3224  	-0.0598  	-0.1634  	0.52817  	0.05382  	0.32428  	0.05078  	-0.8194  	0.19633  	0.05520  	0.41970  	0.43648  	-0.0881  	-0.7701  	-1.5695  	1.05629  	-0.1435  	0.39765  	-0.2477  	0.69762  	-0.0456  	-0.2402  	-0.8161  	0.42023  	-0.1756  	-0.1824  	-0.5949  	-0.0755  	-0.1615  	-0.2127  	-0.2747  	0.29008  	0.32736  	-0.0825  	0.26521  	0.36530  	0.16947  	-0.0120  	-0.2459  	0.29912  	0.02493  	0.02806  	0.00410  	-0.0388  	-0.0930  	-0.0581  	0.04323  	0.00684  	0.04840  	-0.0301  	0.01395  	0.01411  	-0.0070  	0.02344  	0.00718  	-0.0506  	0.04511  	0.00587  	-0.0308  	0.03305  	-0.0009  	-0.0009  	0.03995  	-0.0096  	-0.0074  	-0.0267  	0.03628  	-0.0031  	0.02322  	-0.2291  	
-0.4891  	-0.1482  	-0.2606  	0.38020  	0.00345  	0.21196  	0.03768  	-0.8211  	0.16097  	0.03452  	0.42861  	0.40597  	-0.1262  	-0.8459  	-1.4217  	0.85392  	-0.1068  	0.37294  	-0.2907  	0.63260  	0.01676  	-0.2737  	-0.7480  	0.39002  	-0.1791  	-0.1749  	-0.5046  	-0.1555  	-0.1538  	-0.2136  	-0.2605  	0.28133  	0.31052  	-0.0770  	0.24580  	0.30888  	0.18345  	-0.0180  	-0.2732  	0.26293  	-0.0296  	0.02565  	-0.0249  	-0.0328  	-0.0698  	-0.0611  	0.05587  	-0.0286  	0.03050  	-0.0166  	0.00080  	0.00950  	-0.0061  	0.03117  	0.00705  	-0.0452  	0.03998  	0.00224  	-0.0379  	0.03433  	-0.0006  	-0.0035  	0.04765  	-0.0029  	-0.0074  	-0.0267  	0.03628  	-0.0031  	0.02322  	-0.2291  	
-0.3506  	-0.0968  	-0.1253  	0.30627  	-0.1018  	0.36481  	0.06623  	-0.8398  	0.18257  	0.04079  	0.33382  	0.35672  	-0.0526  	-0.7596  	-1.4537  	0.87219  	-0.1008  	0.35755  	-0.2891  	0.61399  	-0.0539  	-0.1955  	-0.6547  	0.37142  	-0.2077  	-0.1462  	-0.5603  	-0.1585  	-0.1644  	-0.2168  	-0.2007  	0.26639  	0.32579  	-0.0769  	0.14647  	0.28206  	0.15254  	-0.0296  	-0.2429  	0.29159  	0.05032  	0.01390  	0.03324  	-0.0239  	-0.0903  	-0.0543  	0.05035  	-0.0033  	0.03017  	-0.0152  	-0.0056  	0.01007  	-0.0101  	0.02330  	-0.0055  	-0.0465  	0.03832  	0.00224  	-0.0511  	0.03089  	0.00934  	0.00570  	0.03550  	-0.0095  	-0.0074  	-0.0267  	0.03628  	-0.0031  	0.02322  	-0.2291  	
-0.4015  	-0.0699  	-0.1114  	0.33384  	-0.1074  	0.32714  	0.11220  	-0.8591  	0.21432  	0.06914  	0.20441  	0.29979  	-0.0670  	-0.8511  	-1.5033  	0.90136  	-0.0940  	0.42219  	-0.2768  	0.63533  	-0.1739  	-0.1953  	-0.6826  	0.28853  	-0.2198  	-0.1376  	-0.6493  	-0.0385  	-0.0397  	-0.1857  	-0.2058  	0.27091  	0.28982  	-0.0628  	0.03084  	0.32556  	0.07547  	-0.0179  	-0.2025  	0.29126  	0.11983  	-0.0016  	0.05173  	-0.0020  	-0.1002  	-0.0662  	0.04736  	0.01193  	0.05978  	-0.0245  	-0.0016  	0.00942  	-0.0053  	0.02629  	0.00886  	-0.0444  	0.03708  	0.00395  	-0.0414  	0.02709  	0.00665  	0.00857  	0.04612  	-0.0043  	-0.0074  	-0.0267  	0.03628  	-0.0031  	0.02322  	-0.2291  	
-0.3835  	-0.0669  	-0.1307  	0.36560  	-0.0931  	0.32555  	0.06932  	-0.8477  	0.21720  	0.05058  	0.26410  	0.32699  	-0.0829  	-0.9076  	-1.4969  	0.90939  	-0.0525  	0.36479  	-0.2877  	0.57538  	-0.1349  	-0.1913  	-0.6502  	0.30257  	-0.2432  	-0.1467  	-0.5811  	-0.1070  	-0.0939  	-0.1969  	-0.2197  	0.27782  	0.30532  	-0.0685  	0.08187  	0.31722  	0.13396  	3.95197  	-0.2491  	0.26206  	0.12031  	-0.0105  	0.04886  	-0.0073  	-0.0982  	-0.0637  	0.05343  	-0.0022  	0.05758  	-0.0298  	-0.0063  	0.00946  	-0.0100  	0.02892  	0.00532  	-0.0480  	0.03396  	0.00425  	-0.0434  	0.02877  	0.00337  	0.01097  	0.04233  	-0.0079  	-0.0074  	-0.0267  	0.03628  	-0.0031  	0.02322  	-0.2291  	
-0.3355  	-0.1063  	-0.1668  	0.43432  	-0.0690  	0.38661  	0.01580  	-0.8451  	0.18539  	-0.0073  	0.27622  	0.37046  	-0.1035  	-0.9315  	-1.4657  	0.98441  	-0.0728  	0.36855  	-0.2735  	0.58944  	-0.1239  	-0.1788  	-0.6596  	0.33147  	-0.1861  	-0.1442  	-0.5520  	-0.0875  	-0.1136  	-0.1871  	-0.2213  	0.29304  	0.29395  	-0.0726  	0.12114  	0.33370  	0.13717  	-0.0048  	-0.2517  	0.28356  	0.07587  	0.00644  	0.03344  	-0.0125  	-0.0990  	-0.0599  	0.05412  	-0.0083  	0.04503  	-0.0250  	-0.0024  	0.01490  	-0.0082  	0.02959  	0.00741  	-0.0452  	0.03888  	0.00357  	-0.0371  	0.02843  	0.00259  	0.00304  	0.04364  	-0.0091  	-0.0074  	-0.0267  	0.03628  	-0.0031  	0.02322  	-0.2291  	
-0.1984  	-0.0677  	-0.0807  	0.53887  	0.00777  	0.45503  	0.07018  	-0.8087  	0.22157  	-0.0151  	0.25761  	0.40281  	-0.0366  	-0.8075  	-1.4372  	0.99307  	-0.1322  	0.40172  	-0.2930  	0.61250  	-0.1506  	-0.2109  	-0.7536  	0.32230  	-0.2020  	-0.1530  	-0.6034  	-0.0498  	-0.0621  	-0.2033  	-0.2254  	0.28441  	0.32687  	-0.0662  	0.17329  	0.35337  	0.11575  	-0.0133  	-0.2335  	0.29963  	0.06705  	0.00835  	0.03399  	-0.0191  	-0.1037  	-0.0642  	0.05059  	0.01241  	0.05274  	-0.0294  	0.01205  	0.01048  	-0.0044  	0.02241  	0.00836  	-0.0399  	0.04055  	0.00252  	-0.0397  	0.02858  	-0.0014  	-0.0040  	0.04368  	-0.0025  	-0.0074  	-0.0267  	0.03628  	-0.0031  	0.02322  	-0.2291  	
-0.1221  	-0.0457  	-0.0742  	0.56491  	0.05852  	0.45914  	0.10311  	-0.8211  	0.22663  	0.03701  	0.24537  	0.42540  	-0.0258  	-0.7881  	-1.4081  	1.01205  	-0.1592  	0.42102  	-0.3040  	0.65993  	-0.1737  	-0.2256  	-0.8010  	0.29153  	-0.2129  	-0.1669  	-0.6315  	0.00879  	-0.0516  	-0.1991  	-0.2353  	0.28976  	0.33315  	-0.0530  	0.18550  	0.36112  	0.09926  	-0.0146  	-0.2182  	0.31516  	0.06260  	0.01654  	0.02676  	-0.0220  	-0.1038  	-0.0688  	0.05229  	0.00201  	0.06083  	-0.0258  	0.00807  	0.01311  	-0.0044  	0.02813  	0.01146  	-0.0396  	0.03859  	0.00501  	-0.0398  	0.02965  	-0.0024  	0.00316  	0.04449  	-0.0093  	-0.0074  	-0.0267  	0.03628  	-0.0031  	0.02322  	-0.2291  	
-0.0770  	-0.0476  	-0.0504  	0.5833  	0.06281  	0.46618  	0.11289  	-0.8432  	0.20677  	0.03734  	0.28970  	0.43473  	-0.0438  	-0.7629  	-1.4487  	1.05773  	-0.1693  	0.42612  	-0.3015  	0.66898  	-0.1345  	-0.2640  	-0.8217  	0.30696  	-0.2168  	-0.1824  	-0.6026  	-0.0165  	-0.0731  	-0.1895  	-0.2579  	0.30369  	0.32100  	-0.0570  	0.24429  	0.38290  	0.11928  	-0.0115  	-0.2407  	0.30196  	0.02588  	0.02647  	0.01078  	-0.0263  	-0.0964  	-0.0658  	0.05473  	-0.0029  	0.06009  	-0.0339  	0.01240  	0.01335  	-0.0004  	0.02540  	0.01551  	-0.0405  	0.04132  	0.00669  	-0.0357  	0.02927  	-0.0060  	-0.0055  	0.04749  	-0.0082  	-0.0074  	-0.0267  	0.03628  	-0.0031  	0.02322  	-0.2291  	
-0.0937  	-0.0610  	-0.0427  	0.55550  	0.02917  	0.45704  	0.10886  	-0.8482  	0.19382  	0.05294  	0.32798  	0.39583  	-0.0628  	-0.7933  	-1.5100  	1.08532  	-0.1666  	0.40894  	-0.2933  	0.67955  	-0.1300  	-0.2442  	-0.8266  	0.32639  	-0.1959  	-0.1930  	-0.5907  	-0.0372  	-0.0817  	-0.1814  	-0.2595  	0.30545  	0.30527  	-0.0602  	0.24965  	0.41043  	0.13879  	-0.0083  	-0.2578  	0.30257  	0.02618  	0.02768  	0.01217  	-0.0309  	-0.0969  	-0.0606  	0.05349  	-0.0045  	0.06026  	-0.0322  	0.01639  	0.01388  	-0.0006  	0.02299  	0.01533  	-0.0400  	0.04438  	0.00715  	-0.0358  	0.02955  	-0.0038  	-0.0056  	0.05252  	-0.0075  	-0.0074  	-0.0267  	0.03628  	-0.0031  	0.02322  	-0.2291  	
-0.0422  	-0.0702  	-0.0366  	0.57236  	0.05553  	0.47832  	0.11351  	-0.8565  	0.19804  	0.05493  	0.32197  	0.37925  	-0.0641  	-0.8185  	-1.5210  	1.11956  	-0.1835  	0.39701  	-0.2919  	0.66482  	-0.1267  	-0.2252  	-0.8312  	0.32569  	-0.1557  	-0.2026  	-0.5600  	-0.0429  	-0.0964  	-0.1774  	-0.2582  	0.31357  	0.30089  	-0.0646  	0.24595  	0.41681  	0.14474  	-0.0129  	-0.2604  	0.30826  	0.02288  	0.03068  	0.02030  	-0.0262  	-0.0946  	-0.0590  	0.04851  	0.00106  	0.06040  	-0.0274  	0.01769  	0.01273  	0.00144  	0.02356  	0.01551  	-0.0391  	0.04600  	0.00556  	-0.0366  	0.03023  	-0.0022  	-0.0079  	0.05144  	-0.0067  	-0.0074  	-0.0267  	0.03628  	-0.0031  	0.02322  	-0.2291  	
-0.0467  	-0.0523  	-0.0573  	0.57164  	0.05490  	0.49380  	0.10652  	-0.8952  	0.17045  	0.03182  	0.29080  	0.37753  	-0.0809  	-0.8282  	-1.5095  	1.07282  	-0.1720  	0.39462  	-0.2950  	0.66728  	-0.1277  	-0.2127  	-0.8274  	0.33357  	-0.1640  	-0.1980  	-0.5635  	-0.0373  	-0.0933  	-0.1886  	-0.2691  	0.31417  	0.29435  	-0.0638  	0.24723  	0.40708  	0.14004  	-0.0133  	-0.2527  	0.31710  	0.04179  	0.03877  	0.03111  	-0.0218  	-0.0937  	-0.0602  	0.04398  	-0.0002  	0.05995  	-0.0283  	0.01842  	0.01299  	0.00194  	0.02174  	0.01384  	-0.0389  	0.04485  	0.00674  	-0.0364  	0.03111  	-0.0051  	-0.0084  	0.04743  	-0.0066  	-0.0074  	-0.0267  	0.03628  	-0.0031  	0.02322  	-0.2291  	
-0.0927  	-0.0406  	-0.0785  	0.59409  	0.07957  	0.48858  	0.08757  	-0.9216  	0.15738  	0.00705  	0.22374  	0.37540  	-0.1001  	-0.8448  	-1.5079  	1.04333  	-0.1681  	0.39655  	-0.2816  	0.67355  	-0.1453  	-0.2124  	-0.8114  	0.32498  	-0.1428  	-0.1903  	-0.5659  	-0.0243  	-0.0806  	-0.1591  	-0.2734  	0.31078  	0.28266  	-0.0565  	0.24704  	0.40567  	0.12229  	-0.0190  	-0.2373  	0.31878  	0.02647  	0.02749  	0.01827  	-0.0129  	-0.0937  	-0.0597  	0.04054  	-0.0068  	0.05484  	-0.0345  	0.02463  	0.01382  	0.00038  	0.01718  	0.01502  	-0.0394  	0.04564  	0.01256  	-0.0349  	0.02985  	-0.0007  	-0.0079  	0.05037  	-0.0070  	-0.0074  	-0.0267  	0.03628  	-0.0031  	0.02322  	-0.2291  	
-0.1747  	-0.0609  	-0.0958  	0.59470  	0.07294  	0.44367  	0.09599  	-0.9210  	0.16841  	0.01702  	0.20385  	0.39856  	-0.1112  	-0.8122  	-1.5274  	1.02580  	-0.1679  	0.40671  	-0.2804  	0.66544  	-0.1743  	-0.2003  	-0.8231  	0.32344  	-0.1066  	-0.1978  	-0.5600  	0.00160  	-0.0408  	-0.1490  	-0.2830  	0.30172  	0.27993  	-0.0608  	0.21791  	0.42502  	0.11617  	-0.0203  	-0.2171  	0.31031  	0.04392  	0.03217  	0.02703  	-0.0125  	-0.0878  	-0.0628  	0.04074  	0.01066  	0.06269  	-0.0338  	0.02337  	0.01670  	-0.0030  	0.02297  	0.01622  	-0.0342  	0.04689  	0.01019  	-0.0339  	0.03310  	0.00265  	-0.0093  	0.04761  	-0.0067  	-0.0074  	-0.0267  	0.03628  	-0.0031  	0.02322  	-0.2291  	
-0.2822  	-0.0824  	-0.1573  	0.65218  	0.14441  	0.40275  	0.07425  	-0.8594  	0.20161  	-0.0207  	0.21072  	0.48105  	-0.0788  	-0.7089  	-1.3725  	0.96239  	-0.1444  	0.39311  	-0.3029  	0.63693  	-0.1330  	-0.1786  	-0.8320  	0.39131  	-0.1299  	-0.1745  	-0.5111  	-0.0036  	-0.0510  	-0.1407  	-0.2661  	0.29736  	0.30442  	-0.0607  	0.22478  	0.38219  	0.10626  	-0.0445  	-0.2343  	0.30788  	-0.0017  	0.03754  	0.01521  	-0.0213  	-0.0947  	-0.0644  	0.04821  	-0.0091  	0.06468  	-0.0375  	0.01934  	0.01287  	-0.0100  	0.03020  	0.01143  	-0.0366  	0.04076  	0.00531  	-0.0392  	0.02798  	-0.0011  	0.00098  	0.04001  	-0.0057  	-0.0074  	-0.0267  	0.03628  	-0.0031  	0.02322  	-0.2291  	
-0.2825  	-0.1228  	-0.2126  	0.63663  	0.11539  	0.39129  	0.04521  	-0.8391  	0.21356  	-0.0531  	0.26411  	0.48065  	-0.0814  	-0.7217  	-1.3361  	0.92022  	-0.1162  	0.36245  	-0.3028  	0.60088  	-0.0484  	-0.2247  	-0.7573  	0.37067  	-0.1932  	-0.1694  	-0.5281  	-0.1002  	-0.1157  	-0.1639  	-0.2657  	0.26466  	0.30396  	-0.0690  	0.23392  	0.31719  	0.14044  	-0.0363  	-0.2635  	0.27328  	0.00104  	0.02731  	0.00012  	-0.0222  	-0.0774  	-0.0601  	0.04966  	-0.0130  	0.05257  	-0.0265  	0.00710  	0.01148  	-0.0061  	0.02795  	0.00762  	-0.0344  	0.04397  	0.00426  	-0.0329  	0.02992  	-0.0048  	-0.0049  	0.04044  	-0.0056  	-0.0074  	-0.0267  	0.03628  	-0.0031  	0.02322  	-0.2291  	
-0.1609  	-0.0461  	-0.0556  	0.65925  	0.08699  	0.50912  	0.02377  	-0.7734  	0.20784  	-0.0536  	0.21588  	0.45078  	-0.0671  	-0.7407  	-1.2780  	0.96864  	-0.1096  	0.35764  	-0.2958  	0.60913  	-0.0548  	-0.1938  	-0.7106  	0.38991  	-0.1958  	-0.1573  	-0.5537  	-0.1121  	-0.1475  	-0.1776  	-0.2544  	0.28377  	0.32633  	-0.0723  	0.22343  	0.29367  	0.16324  	-0.0170  	-0.2509  	0.27092  	0.02369  	0.01599  	0.02549  	-0.0081  	-0.0919  	-0.0616  	0.05671  	-0.0066  	0.05870  	-0.0212  	0.00934  	0.01283  	-0.0015  	0.02069  	0.00709  	-0.0406  	0.04331  	0.00649  	-0.0354  	0.02835  	-0.0048  	-0.0023  	0.03143  	-0.0084  	-0.0074  	-0.0267  	0.03628  	-0.0031  	0.02322  	-0.2291  	
-0.1588  	-0.0448  	-0.1086  	0.72480  	0.09732  	0.48318  	0.05639  	-0.7865  	0.21637  	-0.0540  	0.14082  	0.45122  	-0.0307  	-0.7564  	-1.2798  	0.96476  	-0.1261  	0.38810  	-0.3026  	0.62272  	-0.1398  	-0.1776  	-0.7247  	0.32638  	-0.2219  	-0.1473  	-0.6148  	-0.0270  	-0.0426  	-0.1782  	-0.2564  	0.28891  	0.32619  	-0.0634  	0.15748  	0.30432  	0.09077  	-0.0220  	-0.2219  	0.30823  	0.06944  	0.00203  	0.04482  	-0.0030  	-0.1006  	-0.0652  	0.05638  	0.00209  	0.05601  	-0.0299  	0.00029  	0.01193  	-0.0068  	0.01920  	0.00981  	-0.0471  	0.03765  	0.00974  	-0.0411  	0.02101  	0.00394  	-0.0026  	0.03734  	-0.0089  	-0.0074  	-0.0267  	0.03628  	-0.0031  	0.02322  	-0.2291  	
-0.0579  	-0.0144  	-0.0800  	0.81386  	0.12492  	0.55900  	0.06725  	-0.7682  	0.24882  	-0.0405  	0.08587  	0.44110  	0.00476  	-0.6914  	-1.2723  	1.01945  	-0.1172  	0.39339  	-0.2830  	0.64253  	-0.0950  	-0.2139  	-0.8037  	0.30382  	-0.1829  	-0.1663  	-0.5939  	-0.0157  	-0.0543  	-0.1664  	-0.2837  	0.31099  	0.33029  	-0.0540  	0.20338  	0.28991  	0.08652  	-0.0192  	-0.2075  	0.31743  	0.05446  	0.00235  	0.04870  	-0.0054  	-0.0990  	-0.0580  	0.04790  	0.00420  	0.05509  	-0.0232  	0.00732  	0.00977  	-0.0047  	0.02493  	0.01053  	-0.0405  	0.03764  	0.00305  	-0.0373  	0.02524  	0.00290  	0.00381  	0.04125  	-0.0120  	-0.0074  	-0.0267  	0.03628  	-0.0031  	0.02322  	-0.2291  	
-0.0787  	-0.0265  	-0.0748  	0.79291  	0.14128  	0.54851  	0.07975  	-0.7662  	0.22476  	-0.0601  	0.15572  	0.45886  	-0.0102  	-0.6689  	-1.2813  	1.03242  	-0.1274  	0.37858  	-0.2993  	0.62106  	-0.0678  	-0.2103  	-0.8017  	0.36088  	-0.1657  	-0.1782  	-0.5260  	-0.0710  	-0.1046  	-0.1675  	-0.2707  	0.30881  	0.32495  	-0.0577  	0.26393  	0.29781  	0.14147  	-0.0197  	-0.2521  	0.28755  	-0.0075  	0.01826  	0.03389  	-0.0185  	-0.0957  	-0.0626  	0.05337  	0.00201  	0.05587  	-0.0258  	0.01560  	0.00864  	-0.0024  	0.02349  	0.00680  	-0.0358  	0.04214  	0.00134  	-0.0381  	0.03482  	-0.0001  	-0.0004  	0.04228  	-0.0069  	-0.0074  	-0.0267  	0.03628  	-0.0031  	0.02322  	-0.2291  	
-0.0794  	-0.0227  	-0.1174  	0.96167  	0.23948  	0.58631  	0.07836  	-0.7702  	0.21192  	-0.0787  	0.09382  	0.49338  	0.00128  	-0.6787  	-1.1299  	1.05487  	-0.1376  	0.34469  	-0.3048  	0.62116  	-0.1037  	-0.1608  	-0.7946  	0.40125  	-0.1195  	-0.1900  	-0.4958  	-0.0666  	-0.0650  	-0.1311  	-0.2797  	0.29804  	0.29210  	-0.0515  	0.25812  	0.30932  	0.12756  	-0.0283  	-0.2329  	0.31597  	-0.0463  	0.03019  	0.00631  	-0.0278  	-0.0946  	-0.0621  	0.03960  	0.00720  	0.06361  	-0.0268  	0.00966  	0.01065  	-0.0042  	0.02813  	0.01419  	-0.0330  	0.04549  	0.00340  	-0.0322  	0.03291  	0.00362  	-0.0070  	0.03552  	-0.0086  	-0.0074  	-0.0267  	0.03628  	-0.0031  	0.02322  	-0.2291  	
0.06154  	-0.0168  	-0.0963  	1.10687  	0.37073  	0.61928  	0.10856  	-0.7792  	0.22844  	-0.0427  	-0.0189  	0.48474  	0.07004  	-0.5461  	-1.0304  	1.02715  	-0.1531  	0.35654  	-0.3091  	0.64923  	-0.1601  	-0.1141  	-0.8582  	0.36019  	-0.0534  	-0.2010  	-0.5404  	0.04732  	0.01179  	-0.0634  	-0.2882  	0.27257  	0.31891  	-0.0491  	0.24492  	0.31775  	0.06719  	-0.0593  	-0.2006  	0.32399  	-0.0510  	0.04433  	0.01756  	-0.0254  	-0.1017  	-0.0597  	0.04783  	0.01304  	0.06826  	-0.0277  	0.02322  	0.00643  	-0.0095  	0.02454  	0.01063  	-0.0286  	0.04831  	0.00189  	-0.0386  	0.03621  	-0.0077  	-0.0045  	0.03766  	-0.0116  	-0.0074  	-0.0267  	0.03628  	-0.0031  	0.02322  	-0.2291  	
-0.0852  	-0.0071  	-0.1933  	0.89291  	0.28521  	0.46950  	0.12670  	-0.7671  	0.23412  	-0.0415  	0.15089  	0.53078  	0.06564  	-0.5243  	-1.2143  	0.99605  	-0.1719  	0.37834  	-0.3315  	0.67013  	-0.0753  	-0.1819  	-0.8622  	0.38892  	-0.1364  	-0.1829  	-0.5487  	0.00017  	-0.0434  	-0.1454  	-0.2716  	0.26777  	0.32793  	-0.0635  	0.29250  	0.31580  	0.07486  	-0.0809  	-0.1982  	0.34097  	-0.0534  	0.04207  	-0.0013  	-0.0256  	-0.0796  	-0.0630  	0.04234  	-0.0034  	0.05719  	-0.0224  	0.01264  	0.00590  	-0.0130  	0.02728  	0.00583  	-0.0392  	0.04698  	0.00801  	-0.0392  	0.02970  	0.00360  	-0.0001  	0.03002  	-0.0054  	-0.0074  	-0.0267  	0.03628  	-0.0031  	0.02322  	-0.2291  	
0.01932  	0.00748  	-0.1320  	0.98733  	0.26741  	0.57526  	0.08165  	-0.6840  	0.22413  	-0.0695  	0.01322  	0.46134  	0.07160  	-0.5772  	-1.0131  	1.03021  	-0.1460  	0.31440  	-0.2944  	0.60113  	-0.0857  	-0.1424  	-0.8125  	0.41504  	-0.1147  	-0.1800  	-0.4529  	-0.1129  	-0.0741  	-0.1078  	-0.2934  	0.29401  	0.30537  	-0.0662  	0.26454  	0.25352  	0.11387  	-0.0344  	-0.2095  	0.32711  	-0.0588  	0.03834  	-0.0045  	-0.0109  	-0.0875  	-0.0698  	0.04338  	0.00224  	0.06704  	-0.0357  	0.00364  	0.00960  	-0.0151  	0.01780  	0.01236  	-0.0385  	0.04833  	0.00942  	-0.0376  	0.02504  	-0.0036  	0.01494  	0.04947  	-0.0107  	-0.0074  	-0.0267  	0.03628  	-0.0031  	0.02322  	-0.2291  	
0.04593  	0.02662  	-0.0584  	1.05054  	0.27318  	0.62338  	0.07839  	-0.7254  	0.22418  	-0.0950  	-0.0658  	0.44681  	0.08663  	-0.4541  	-0.8852  	0.96095  	-0.1294  	0.30635  	-0.3198  	0.58658  	-0.0606  	-0.1025  	-0.7883  	0.38209  	-0.0827  	-0.2011  	-0.4491  	-0.1390  	-0.0537  	-0.0890  	-0.3028  	0.28627  	0.31639  	-0.0591  	0.29367  	0.26105  	0.10769  	-0.0438  	-0.2169  	0.32200  	-0.0475  	0.05070  	0.00077  	-0.0278  	-0.0875  	-0.0550  	0.04144  	0.00556  	0.06890  	-0.0359  	0.01552  	0.01040  	-0.0091  	0.02079  	0.00481  	-0.0302  	0.03953  	0.00850  	-0.0347  	0.02583  	-0.0004  	0.00450  	0.03987  	-0.0112  	-0.0074  	-0.0267  	0.03628  	-0.0031  	0.02322  	-0.2291  	
0.08682  	0.02344  	-0.0519  	1.09030  	0.27286  	0.68926  	0.06760  	-0.7233  	0.23656  	-0.1249  	-0.0709  	0.45128  	0.06194  	-0.5224  	-0.9464  	0.99445  	-0.1057  	0.31459  	-0.2935  	0.53983  	-0.0157  	-0.0988  	-0.7461  	0.38594  	-0.1146  	-0.2059  	-0.4333  	-0.1472  	-0.0602  	-0.0886  	-0.3031  	0.29654  	0.31397  	-0.0571  	0.29075  	0.25370  	0.12897  	-0.0287  	-0.2306  	0.32527  	-0.0416  	0.03421  	0.00951  	-0.0183  	-0.0940  	-0.0600  	0.03828  	0.01460  	0.07081  	-0.0342  	0.01470  	0.00919  	-0.0082  	0.01976  	0.00505  	-0.0286  	0.03943  	0.00574  	-0.0352  	0.03359  	-0.0033  	0.00362  	0.03739  	-0.0090  	-0.0074  	-0.0267  	0.03628  	-0.0031  	0.02322  	-0.2291  	
0.03670  	-0.0189  	-0.0502  	1.03659  	0.27143  	0.67566  	0.08620  	-0.7475  	0.22316  	-0.0873  	0.00563  	0.48389  	0.04679  	-0.5906  	-1.0585  	1.05352  	-0.1307  	0.30044  	-0.2984  	0.59630  	-0.0892  	-0.1228  	-0.8197  	0.43015  	-0.1167  	-0.1886  	-0.4529  	-0.1100  	-0.0869  	-0.1186  	-0.3021  	0.30086  	0.29866  	-0.0682  	0.28291  	0.28027  	0.15375  	-0.0223  	-0.2242  	0.33653  	-0.0624  	0.06173  	-0.0085  	-0.0217  	-0.0914  	-0.0554  	0.02984  	0.01543  	0.05652  	-0.0240  	0.00940  	0.01006  	-0.0093  	0.03191  	0.00922  	-0.0409  	0.04528  	0.00341  	-0.0298  	0.02749  	-0.0050  	0.00203  	0.04113  	-0.0077  	-0.0074  	-0.0267  	0.03628  	-0.0031  	0.02322  	-0.2291  	
0.04642  	-0.0269  	-0.0271  	1.06486  	0.26883  	0.62717  	0.07162  	-0.7551  	0.19741  	-0.0854  	-0.0113  	0.44534  	0.01549  	-0.5415  	-0.9602  	0.97866  	-0.1198  	0.27645  	-0.2966  	0.57951  	-0.0004  	-0.1088  	-0.7659  	0.47824  	-0.1452  	-0.1931  	-0.3915  	-0.2089  	-0.1686  	-0.1220  	-0.3144  	0.30835  	0.31521  	-0.0568  	0.32228  	0.24267  	0.18697  	-0.0209  	-0.2559  	0.33352  	-0.0797  	0.06600  	-0.0213  	-0.0074  	-0.0937  	-0.0573  	0.03353  	-0.0026  	0.05919  	-0.0230  	0.00491  	0.01111  	-0.0077  	0.03081  	0.00692  	-0.0369  	0.03766  	0.00536  	-0.0399  	0.02814  	-0.0021  	0.01129  	0.04536  	-0.0087  	-0.0074  	-0.0267  	0.03628  	-0.0031  	0.02322  	-0.2291  	
0.22967  	0.05499  	0.05396  	0.95238  	0.19759  	0.65663  	0.09921  	-0.7028  	0.22460  	-0.0758  	-0.0061  	0.32921  	0.08972  	-0.3943  	-0.8808  	0.98464  	-0.1364  	0.27256  	-0.2856  	0.48705  	0.06171  	-0.0882  	-0.7272  	0.45649  	-0.1082  	-0.2168  	-0.3760  	-0.3158  	-0.1965  	-0.1258  	-0.2824  	0.32368  	0.29359  	-0.0826  	0.36778  	0.25625  	0.21318  	-0.0146  	-0.2788  	0.30422  	-0.0759  	0.06283  	-0.0058  	-0.0205  	-0.1030  	-0.0547  	0.03889  	0.01615  	0.07494  	-0.0281  	0.01007  	0.01376  	-0.0057  	0.02660  	0.01023  	-0.0213  	0.03065  	0.00344  	-0.0347  	0.03684  	-4.2405  	0.01048  	0.03626  	-0.0211  	-0.0074  	-0.0267  	0.03628  	-0.0031  	0.02322  	-0.2291  	
0.27603  	0.07725  	0.18101  	0.79256  	0.09852  	0.64163  	0.10987  	-0.6308  	0.26877  	-0.0499  	0.13121  	0.33292  	0.02336  	-0.4711  	-1.0562  	1.09305  	-0.1251  	0.26170  	-0.2766  	0.47873  	0.15278  	-0.1201  	-0.7183  	0.45598  	-0.1242  	-0.2191  	-0.3580  	-0.3596  	-0.2554  	-0.1584  	-0.2769  	0.34487  	0.32035  	-0.0771  	0.38253  	0.25034  	0.26979  	0.00599  	-0.2849  	0.27813  	-0.0684  	0.04577  	0.01066  	-0.0274  	-0.1023  	-0.0594  	0.03147  	0.02580  	0.08056  	-0.0260  	0.01623  	0.01337  	-0.0029  	0.02635  	0.01024  	-0.0209  	0.03378  	0.00697  	-0.0382  	0.03375  	-0.0023  	0.00096  	0.04258  	-0.0172  	-0.0074  	-0.0267  	0.03628  	-0.0031  	0.02322  	-0.2291  	
0.25184  	0.07543  	0.21141  	0.80559  	0.11411  	0.66800  	0.12544  	-0.6484  	0.26541  	-0.0194  	0.12560  	0.36464  	0.04914  	-0.4528  	-1.0943  	1.06796  	-0.1266  	0.28007  	-0.2786  	0.47924  	0.11744  	-0.1227  	-0.7155  	0.41206  	-0.0815  	-0.2247  	-0.3898  	-0.3306  	-0.2417  	-0.1572  	-0.2705  	0.32579  	0.32187  	-0.0722  	0.33238  	0.24657  	0.24859  	0.00243  	-0.2593  	0.27895  	-0.0475  	0.03521  	0.01876  	-0.0165  	-0.1028  	-0.0566  	0.03294  	0.03561  	0.08175  	-0.0287  	0.01322  	0.01200  	-0.0035  	0.02746  	0.00877  	-0.0240  	0.03372  	0.00566  	-0.0426  	0.03141  	0.00228  	0.00253  	0.04505  	-0.0169  	-0.0074  	-0.0267  	0.03628  	-0.0031  	0.02322  	-0.2291  	
0.16916  	0.04386  	-0.0220  	0.99143  	0.24904  	0.62701  	0.11866  	-0.7219  	0.24368  	-0.0598  	-0.0023  	0.42257  	0.10713  	-0.4625  	-1.0646  	1.01410  	-0.1255  	0.30135  	-0.2923  	0.54427  	-0.0224  	-0.0915  	-0.7797  	0.42031  	-0.0793  	-0.2136  	-0.4408  	-0.1900  	-0.1485  	-0.1133  	-0.2914  	0.28944  	0.32336  	-0.0689  	0.31347  	0.26436  	0.16567  	-0.0243  	-0.2324  	0.31521  	-0.0519  	0.04887  	0.02312  	-0.0176  	-0.0977  	-0.0571  	0.03675  	0.02133  	0.07818  	-0.0348  	0.01003  	0.01115  	-0.0087  	0.01841  	0.00561  	-0.0329  	0.03322  	0.00121  	-0.0361  	0.02979  	-0.0026  	-0.0010  	0.03501  	-0.0083  	-0.0074  	-0.0267  	0.03628  	-0.0031  	0.02322  	-0.2291  	
0.00280  	-0.0392  	-0.0727  	0.86645  	0.20870  	0.49001  	0.11636  	-0.7621  	0.22438  	-0.0220  	0.10129  	0.47855  	0.06048  	-0.5577  	-1.1850  	1.00694  	-0.1398  	0.35811  	-0.3093  	0.63000  	-0.0350  	-0.1661  	-0.7874  	0.41507  	-0.1652  	-0.1752  	-0.5254  	-0.0917  	-0.1496  	-0.1721  	-0.2441  	0.28867  	0.32498  	-0.0663  	0.27818  	0.26999  	0.15063  	-0.0252  	-0.2370  	0.32171  	-0.0164  	0.02948  	0.01975  	-0.0371  	-0.0952  	-0.0587  	0.05292  	0.01654  	0.06145  	-0.0239  	0.01186  	0.01315  	-0.0066  	0.02283  	0.00929  	-0.0411  	0.04049  	-0.0015  	-0.0387  	0.03297  	0.00574  	-0.0001  	0.04041  	-0.0061  	-0.0074  	-0.0267  	0.03628  	-0.0031  	0.02322  	-0.2291  	
-0.2132  	-0.0550  	-0.0800  	0.62937  	0.09377  	0.36861  	0.07266  	-0.7519  	0.19335  	-0.0337  	0.28650  	0.40772  	0.00377  	-0.8427  	-1.2763  	0.94608  	-0.0429  	0.23460  	-0.2185  	0.35396  	0.06383  	-0.4271  	-1.0088  	0.44694  	-0.2428  	-0.0708  	-0.5395  	-0.2124  	-0.1059  	-0.2183  	-0.1067  	0.25181  	0.22980  	-0.2327  	0.20290  	0.27055  	0.08436  	-0.0182  	-0.3795  	0.22660  	0.08750  	0.16367  	-0.1122  	0.06537  	-0.1556  	-0.0345  	0.02652  	0.00885  	0.03876  	-0.0330  	0.01186  	0.01459  	-0.0058  	0.04742  	0.01461  	-0.0422  	0.03825  	-0.0062  	-0.0368  	0.03572  	0.00579  	-0.0065  	0.02149  	-0.0102  	-0.0074  	-0.0267  	0.03628  	-0.0031  	0.02322  	-0.2291  	
-0.2984  	-0.0660  	-0.0423  	0.55106  	-0.0040  	0.39785  	-0.0117  	-0.7408  	0.14532  	-0.1043  	0.30181  	0.36673  	-0.0372  	-1.0283  	-1.3311  	0.89587  	0.05472  	0.08082  	-0.1502  	0.09218  	0.08733  	-0.5938  	-1.1308  	0.37000  	-0.3097  	0.01994  	-0.5336  	-0.3066  	0.00851  	-0.2449  	-0.0454  	0.21333  	0.10961  	-0.3769  	0.07915  	0.29379  	0.02072  	0.00447  	-0.4778  	0.14150  	0.18712  	0.26198  	-0.1931  	0.13405  	-0.2055  	-0.0235  	0.00859  	0.01847  	0.01685  	-0.0454  	0.01831  	0.02413  	0.00228  	0.05633  	0.02029  	-0.0427  	0.03318  	-0.0144  	-0.0342  	0.04758  	0.01070  	-0.0081  	0.01368  	-0.0035  	-0.0074  	-0.0267  	0.03628  	-0.0031  	0.02322  	-0.2291  	
-0.1591  	-0.0479  	-0.0241  	0.68615  	0.05126  	0.41131  	-0.0243  	-0.7281  	0.14789  	-0.0643  	0.27741  	0.42224  	0.02643  	-0.9776  	-1.2412  	0.92087  	0.06021  	0.03170  	-0.1357  	0.07204  	0.06281  	-0.6688  	-1.2410  	0.34721  	-0.3130  	0.04053  	-0.5379  	-0.2678  	0.00441  	-0.2105  	-0.0300  	0.22111  	0.10819  	-0.4020  	0.09189  	0.28755  	-0.0095  	-0.0041  	-0.5268  	0.11453  	0.17013  	0.28829  	-0.2102  	0.14005  	-0.2200  	-0.0199  	-0.0011  	0.01868  	0.01720  	-0.0536  	0.02188  	0.02403  	0.00276  	0.06441  	0.02199  	-0.0393  	0.03598  	-0.0155  	-0.0311  	0.04721  	0.00501  	-0.0062  	0.00866  	-0.0090  	-0.0074  	-0.0267  	0.03628  	-0.0031  	0.02322  	-0.2291  	
-0.0786  	-0.0368  	-0.0092  	0.75355  	0.16040  	0.37381  	0.02998  	-0.7548  	0.15453  	0.02510  	0.28780  	0.46605  	0.02482  	-0.9800  	-1.3669  	1.03169  	0.01955  	0.09352  	-0.1543  	0.17115  	-0.0351  	-0.6359  	-1.3023  	0.36320  	-0.2403  	-0.0104  	-0.5324  	-0.1802  	0.03920  	-0.1790  	-0.0696  	0.23936  	0.10731  	-0.3756  	0.10661  	0.37167  	-0.0311  	-0.0269  	-0.4752  	0.14518  	0.13785  	0.26087  	-0.1967  	0.12493  	-0.2036  	-0.0214  	0.00327  	0.03278  	0.03662  	-0.0550  	0.03208  	0.01956  	0.00304  	0.05649  	0.02259  	-0.0396  	0.04450  	-0.0126  	-0.0308  	0.04513  	0.00317  	-0.0131  	0.01662  	-0.0101  	-0.0074  	-0.0267  	0.03628  	-0.0031  	0.02322  	-0.2291  	
-0.0916  	-0.0532  	-0.0274  	0.76334  	0.17012  	0.39460  	0.07267  	-0.8099  	0.16487  	0.10514  	0.26464  	0.45550  	-0.0208  	-0.9470  	-1.4685  	1.12525  	-0.0796  	0.21882  	-0.1900  	0.38063  	-0.1487  	-0.4276  	-1.1523  	0.35952  	-0.1115  	-0.1058  	-0.4980  	-0.0876  	0.01827  	-0.1480  	-0.1879  	0.28960  	0.16973  	-0.2445  	0.14972  	0.44695  	0.01865  	-0.0159  	-0.3510  	0.21891  	0.07995  	0.17437  	-0.0968  	0.06034  	-0.1538  	-0.0409  	0.01710  	0.02959  	0.05378  	-0.0513  	0.02950  	0.01531  	0.00270  	0.04200  	0.02286  	-0.0407  	0.04793  	-0.0007  	-0.0295  	0.03885  	0.00089  	-0.0144  	0.03207  	-0.0104  	-0.0074  	-0.0267  	0.03628  	-0.0031  	0.02322  	-0.2291  	
-0.1102  	-0.0762  	-0.1106  	0.68408  	0.14742  	0.44731  	0.11129  	-0.9136  	0.17221  	0.09638  	0.22579  	0.40950  	-0.0778  	-0.9254  	-1.5351  	1.15202  	-0.1659  	0.38009  	-0.2662  	0.62351  	-0.2497  	-0.2013  	-0.8805  	0.34314  	-0.0113  	-0.2057  	-0.4984  	0.04223  	-0.0238  	-0.1098  	-0.2869  	0.34095  	0.25188  	-0.0661  	0.18175  	0.48784  	0.08166  	-0.0161  	-0.2186  	0.30568  	0.01540  	0.03715  	0.02025  	-0.0142  	-0.0975  	-0.0572  	0.03714  	0.00732  	0.06823  	-0.0379  	0.02401  	0.01124  	0.00608  	0.03010  	0.01489  	-0.0414  	0.04793  	0.00980  	-0.0268  	0.03019  	-0.0074  	-0.0118  	0.04961  	-0.0122  	-0.0074  	-0.0267  	0.03628  	-0.0031  	0.02322  	-0.2291  	
-0.1615  	-0.0699  	-0.1059  	0.63515  	0.10161  	0.45759  	0.08172  	-0.8876  	0.14771  	0.01002  	0.23583  	0.37533  	-0.1444  	-0.9105  	-1.5351  	1.11573  	-0.1110  	0.38010  	-0.2674  	0.63495  	-0.1473  	-0.2239  	-0.8484  	0.39409  	-0.0638  	-0.1991  	-0.4833  	-0.0234  	-0.0898  	-0.1194  	-0.3010  	0.34110  	0.25757  	-0.0820  	0.21511  	0.43748  	0.14854  	-0.0077  	-0.2513  	0.29493  	-0.0023  	0.02839  	0.01247  	-0.0080  	-0.0961  	-0.0572  	0.03454  	-0.0079  	0.05927  	-0.0326  	0.01914  	0.00900  	-0.0025  	0.02371  	0.01426  	-0.0378  	0.04995  	0.00996  	-0.0341  	0.02633  	-0.0066  	-0.0126  	0.05231  	-0.0108  	-0.0074  	-0.0267  	0.03628  	-0.0031  	0.02322  	-0.2291  	
-0.0794  	-0.0489  	-0.0692  	0.77941  	0.13643  	0.57561  	0.08148  	-0.8185  	0.19965  	-0.0788  	0.18515  	0.44714  	-0.0958  	-0.7544  	-1.2860  	1.08277  	-0.0949  	0.32759  	-0.2586  	0.63162  	-0.0317  	-0.2163  	-0.7729  	0.46471  	-0.1517  	-0.1829  	-0.4463  	-0.1382  	-0.1835  	-0.1490  	-0.3024  	0.33792  	0.30456  	-0.0642  	0.28542  	0.34142  	0.18285  	-0.0069  	-0.2834  	0.26872  	-0.0246  	0.03295  	0.00743  	-0.0127  	-0.0919  	-0.0561  	0.04242  	0.00144  	0.06359  	-0.0301  	0.01590  	0.00744  	-0.0022  	0.02967  	0.00477  	-0.0342  	0.04401  	0.00568  	-0.0314  	0.03327  	-0.0063  	-0.0080  	0.03375  	-0.0136  	-0.0074  	-0.0267  	0.03628  	-0.0031  	0.02322  	-0.2291  	
0.11869  	0.06176  	0.08845  	0.80007  	0.13818  	0.62139  	0.08391  	-0.6477  	0.26371  	-0.0770  	0.17540  	0.45095  	0.00662  	-0.5226  	-1.0736  	1.07813  	-0.1063  	0.30668  	-0.2895  	0.55646  	0.11648  	-0.1531  	-0.7282  	0.43063  	-0.1458  	-0.1837  	-0.4280  	-0.2721  	-0.2363  	-0.1672  	-0.2713  	0.31990  	0.33809  	-0.0715  	0.32556  	0.24781  	0.24336  	0.02102  	-0.2967  	0.27526  	-0.0343  	0.03580  	0.00936  	-0.0126  	-0.1059  	-0.0589  	0.04398  	0.00244  	0.05894  	-0.0275  	0.00974  	0.01096  	-0.0019  	0.02403  	0.00697  	-0.0247  	0.03725  	0.00555  	-0.0399  	0.03559  	0.00412  	-0.0002  	0.04005  	-0.0097  	-0.0074  	-0.0267  	0.03628  	-0.0031  	0.02322  	-0.2291  	
0.10683  	0.04001  	0.01218  	0.87711  	0.13227  	0.63745  	0.07275  	-0.6930  	0.26155  	-0.1109  	0.15051  	0.48932  	-0.0040  	-0.5940  	-1.0864  	1.07479  	-0.1229  	0.32437  	-0.3109  	0.60875  	0.08347  	-0.1961  	-0.7474  	0.38698  	-0.1853  	-0.1859  	-0.4845  	-0.1945  	-0.2049  	-0.1694  	-0.2743  	0.31495  	0.33439  	-0.0618  	0.29877  	0.23987  	0.22009  	0.01959  	-0.2614  	0.27246  	-0.0162  	0.02828  	0.01783  	-0.0164  	-0.0956  	-0.0590  	0.04000  	0.00618  	0.05982  	-0.0223  	0.00961  	0.00924  	-0.0009  	0.02683  	0.00610  	-0.0276  	0.03935  	0.00568  	-0.0358  	0.02999  	-0.0002  	0.00562  	0.04090  	-0.0134  	-0.0074  	-0.0267  	0.03628  	-0.0031  	0.02322  	-0.2291  	
-0.0156  	0.00444  	-0.0590  	0.87831  	0.12005  	0.61474  	0.07176  	-0.7116  	0.25059  	-0.1051  	0.10711  	0.46818  	0.00493  	-0.6545  	-1.1100  	1.04034  	-0.1096  	0.39198  	-0.3190  	0.61339  	0.03379  	-0.2012  	-0.7479  	0.37151  	-0.2112  	-0.1748  	-0.5634  	-0.1190  	-0.1492  	-0.1882  	-0.2763  	0.30400  	0.33136  	-0.0587  	0.25479  	0.24374  	0.14936  	-0.0018  	-0.2556  	0.29492  	0.00666  	0.01810  	0.02062  	-0.0237  	-0.1015  	-0.0585  	0.04913  	-0.0132  	0.05943  	-0.0100  	0.01209  	0.00924  	-0.0022  	0.02648  	0.00854  	-0.0357  	0.03714  	0.00259  	-0.0356  	0.02647  	0.00392  	0.00641  	0.04126  	-0.0131  	-0.0074  	-0.0267  	0.03628  	-0.0031  	0.02322  	-0.2291  	
-0.0113  	-0.0086  	-0.0613  	0.84872  	0.14734  	0.62482  	0.10308  	-0.7338  	0.22970  	-0.1219  	0.13783  	0.47448  	-0.0119  	-0.6510  	-1.1169  	1.02331  	-0.1311  	0.39210  	-0.3229  	0.60508  	0.01881  	-0.1717  	-0.7549  	0.37504  	-0.1616  	-0.1965  	-0.5146  	-0.1046  	-0.1278  	-0.1755  	-0.2803  	0.29507  	0.33023  	-0.0571  	0.26044  	0.26771  	0.17972  	-0.0039  	-0.2584  	0.30660  	-0.0036  	0.02283  	0.01301  	-0.0134  	-0.1068  	-0.0596  	0.04891  	-0.0062  	0.06046  	-0.0131  	0.01592  	0.00891  	-0.0024  	0.03220  	0.01025  	-0.0337  	0.03560  	0.00296  	-0.0378  	0.03194  	-0.0018  	-3.4183  	0.04256  	-0.0128  	-0.0074  	-0.0267  	0.03628  	-0.0031  	0.02322  	-0.2291  	
-0.0415  	-0.0211  	-0.0472  	0.78754  	0.09595  	0.58434  	0.08555  	-0.7218  	0.22209  	-0.1298  	0.19406  	0.42077  	-0.0384  	-0.6829  	-1.1201  	1.02459  	-0.1305  	0.37592  	-0.3152  	0.57040  	0.06332  	-0.1791  	-0.6989  	0.40406  	-0.1890  	-0.2056  	-0.5019  	-0.1855  	-0.1654  	-0.1935  	-0.2843  	0.30950  	0.32541  	-0.0677  	0.29245  	0.24537  	0.21359  	0.01015  	-0.2858  	0.29358  	0.00766  	0.02008  	0.01313  	-0.0027  	-0.1096  	-0.0617  	0.05076  	-0.0076  	0.05262  	-0.0196  	0.00681  	0.00800  	-0.0005  	0.03002  	0.00912  	-0.0357  	0.03375  	0.00331  	-0.0365  	0.03319  	-0.0004  	0.00209  	0.04550  	-0.0114  	-0.0074  	-0.0267  	0.03628  	-0.0031  	0.02322  	-0.2291  	
-0.0739  	0.00898  	-0.0096  	0.70803  	0.01914  	0.53351  	0.06054  	-0.6915  	0.23497  	-0.1192  	0.26624  	0.39640  	-0.0705  	-0.6794  	-1.1314  	1.03528  	-0.1143  	0.32593  	-0.3034  	0.53732  	0.11324  	-0.1698  	-0.6587  	0.40577  	-0.2198  	-0.1976  	-0.5006  	-0.2717  	-0.2231  	-0.2062  	-0.2541  	0.31527  	0.31713  	-0.0683  	0.29410  	0.22451  	0.28508  	0.03453  	-0.3036  	0.25886  	0.02969  	0.01682  	0.01018  	-0.0178  	-0.1061  	-0.0536  	0.05090  	-0.0186  	0.04237  	-0.0162  	-0.0069  	0.01310  	0.00082  	0.03081  	0.00991  	-0.0387  	0.03154  	0.00716  	-0.0366  	0.03336  	0.00735  	0.00860  	0.04566  	-0.0067  	-0.0074  	-0.0267  	0.03628  	-0.0031  	0.02322  	-0.2291  	
-0.1414  	0.01731  	-0.0362  	0.52808  	-0.0168  	0.42741  	0.07211  	-0.7494  	0.26620  	0.02132  	0.30568  	0.44603  	0.02817  	-0.6172  	-1.4191  	1.05268  	-0.1584  	0.40459  	-0.2794  	0.64226  	-0.0755  	-0.2406  	-0.7832  	0.33729  	-0.2208  	-0.1694  	-0.6157  	-0.0656  	-0.1335  	-0.2180  	-0.1985  	0.25291  	0.37988  	-0.0685  	0.23879  	0.29548  	0.14063  	-0.0347  	-0.2515  	0.29376  	0.06800  	0.01303  	0.03301  	-0.0309  	-0.1070  	-0.0546  	0.05128  	0.00358  	0.04893  	-0.0220  	0.00793  	0.01229  	-0.0019  	0.02194  	0.00550  	-0.0350  	0.03001  	0.00014  	-0.0442  	0.02803  	0.00434  	0.02539  	0.03797  	-1.0846  	-0.0074  	-0.0267  	0.03628  	-0.0031  	0.02322  	-0.2291  	
-0.2525  	-0.0932  	-0.1439  	0.61300  	0.08259  	0.33961  	0.08445  	-0.7822  	0.23432  	0.04673  	0.33140  	0.47655  	-0.0184  	-0.6210  	-1.4119  	0.99605  	-0.1577  	0.40761  	-0.3091  	0.65304  	-0.0417  	-0.2125  	-0.8211  	0.38571  	-0.2025  	-0.1741  	-0.5810  	-0.0664  	-0.1465  	-0.2011  	-0.2279  	0.26641  	0.35502  	-0.0711  	0.27123  	0.30444  	0.15485  	-0.0283  	-0.2586  	0.28242  	0.01980  	0.03330  	0.01272  	-0.0322  	-0.0894  	-0.0575  	0.05760  	-0.0073  	0.05666  	-0.0214  	0.00201  	0.01194  	-0.0056  	0.02701  	0.01168  	-0.0434  	0.03887  	0.00690  	-0.0371  	0.03079  	0.00103  	0.00696  	0.04323  	-0.0042  	-0.0074  	-0.0267  	0.03628  	-0.0031  	0.02322  	-0.2291  	
-0.3334  	-0.1290  	-0.2001  	0.54838  	0.12357  	0.30731  	0.08625  	-0.7953  	0.22110  	0.00094  	0.35667  	0.47664  	-0.0780  	-0.7735  	-1.4246  	0.96684  	-0.1372  	0.39807  	-0.2987  	0.65514  	-0.0464  	-0.2540  	-0.7598  	0.35755  	-0.2507  	-0.1626  	-0.5865  	-0.0606  	-0.1275  	-0.1946  	-0.2386  	0.26558  	0.32911  	-0.0701  	0.23111  	0.29622  	0.14120  	-0.0360  	-0.2560  	0.26091  	0.01533  	0.03329  	-0.0017  	-0.0303  	-0.0802  	-0.0572  	0.05267  	-0.0120  	0.05077  	-0.0296  	-0.0005  	0.01152  	-0.0083  	0.02557  	0.00990  	-0.0420  	0.04055  	0.00628  	-0.0370  	0.02788  	-0.0031  	0.00341  	0.03993  	-0.0092  	-0.0074  	-0.0267  	0.03628  	-0.0031  	0.02322  	-0.2291  	
-0.2618  	-0.0791  	-0.0953  	0.58502  	0.04835  	0.45711  	0.04235  	-0.7842  	0.22768  	-0.0309  	0.23945  	0.40381  	-0.0727  	-0.7626  	-1.3422  	0.96300  	-0.1147  	0.37809  	-0.2955  	0.59762  	-0.0788  	-0.1977  	-0.6926  	0.36001  	-0.2032  	-0.1440  	-0.5794  	-0.0795  	-0.1089  	-0.1816  	-0.2300  	0.27872  	0.31072  	-0.0773  	0.17094  	0.29727  	0.11735  	-0.0250  	-0.2443  	0.27851  	0.04516  	0.01123  	0.03006  	-0.0149  	-0.0954  	-0.0601  	0.05744  	-0.0049  	0.05513  	-0.0242  	0.00264  	0.01427  	-0.0050  	0.02152  	0.00846  	-0.0500  	0.04391  	0.00816  	-0.0411  	0.02672  	-0.0027  	-0.0027  	0.04587  	-0.0063  	-0.0074  	-0.0267  	0.03628  	-0.0031  	0.02322  	-0.2291  	
-0.1364  	-0.0325  	-0.0915  	0.62071  	0.07867  	0.48924  	0.05761  	-0.7973  	0.20756  	-0.0105  	0.23114  	0.44112  	-0.0638  	-0.8050  	-1.3812  	1.03446  	-0.1325  	0.38525  	-0.2932  	0.64061  	-0.0960  	-0.2219  	-0.7521  	0.31783  	-0.2208  	-0.1561  	-0.5936  	-0.0562  	-0.1020  	-0.1921  	-0.2447  	0.29192  	0.33243  	-0.0626  	0.20124  	0.32136  	0.12345  	-0.0184  	-0.2416  	0.29367  	0.05520  	0.00402  	0.04305  	-0.0232  	-0.0960  	-0.0648  	0.05154  	-0.0025  	0.05408  	-0.0294  	0.00395  	0.01192  	-0.0041  	0.02131  	0.00851  	-0.0403  	0.04113  	0.00538  	-0.0365  	0.02787  	-0.0020  	0.00110  	0.04240  	-0.0058  	-0.0074  	-0.0267  	0.03628  	-0.0031  	0.02322  	-0.2291  	
-0.1378  	-0.0254  	-0.0764  	0.53950  	0.04432  	0.44590  	0.05985  	-0.8174  	0.22384  	0.04223  	0.25607  	0.42166  	-0.0477  	-0.7962  	-1.4940  	1.08171  	-0.1321  	0.43064  	-0.2735  	0.67119  	-0.1334  	-0.2248  	-0.8004  	0.28713  	-0.2201  	-0.1639  	-0.6519  	-0.0049  	-0.0618  	-0.1998  	-0.2406  	0.28887  	0.33869  	-0.0595  	0.17459  	0.35177  	0.11134  	-0.0250  	-0.2220  	0.29928  	0.08030  	0.00424  	0.04389  	-0.0100  	-0.0998  	-0.0537  	0.04731  	0.00244  	0.05435  	-0.0302  	0.00548  	0.01082  	-0.0042  	0.02540  	0.01218  	-0.0371  	0.03405  	0.00074  	-0.0386  	0.03049  	0.00023  	0.00070  	0.03468  	-0.0085  	-0.0074  	-0.0267  	0.03628  	-0.0031  	0.02322  	-0.2291  	
-0.3566  	-0.1475  	-0.1889  	0.45307  	-0.0152  	0.26277  	0.06934  	-0.8744  	0.20905  	0.07558  	0.41387  	0.39885  	-0.0779  	-0.8804  	-1.5918  	1.02508  	-0.1446  	0.42280  	-0.2988  	0.70402  	-0.1491  	-0.2656  	-0.8171  	0.33041  	-0.2032  	-0.1593  	-0.6404  	0.00362  	-0.0886  	-0.2096  	-0.2447  	0.28816  	0.30455  	-0.0692  	0.16971  	0.36876  	0.10178  	-0.0128  	-0.2209  	0.29574  	0.05904  	0.01659  	0.03059  	-0.0142  	-0.0952  	-0.0655  	0.04624  	-0.0025  	0.05879  	-0.0235  	0.00914  	0.01454  	-0.0044  	0.02881  	0.01571  	-0.0451  	0.03613  	0.00417  	-0.0343  	0.02904  	0.00251  	0.00505  	0.03959  	-0.0098  	-0.0074  	-0.0267  	0.03628  	-0.0031  	0.02322  	-0.2291  	
-0.5664  	-0.1751  	-0.3237  	0.33071  	-0.0041  	0.08351  	0.06058  	-0.8828  	0.18738  	0.09500  	0.46306  	0.38460  	-0.1129  	-0.8924  	-1.5661  	0.92561  	-0.1402  	0.38748  	-0.3028  	0.66701  	-0.1159  	-0.2691  	-0.8296  	0.35870  	-0.1826  	-0.1417  	-0.6140  	-0.0436  	-0.0960  	-0.2218  	-0.2305  	0.27320  	0.31223  	-0.0708  	0.20045  	0.35905  	0.09536  	-0.0369  	-0.2459  	0.27880  	0.04007  	0.02572  	-0.0058  	-0.0294  	-0.0824  	-0.0595  	0.05157  	-0.0157  	0.04412  	-0.0219  	0.00506  	0.01245  	-0.0077  	0.02468  	0.00865  	-0.0419  	0.04142  	0.00647  	-0.0408  	0.03206  	0.00544  	0.00702  	0.03688  	-0.0068  	-0.0074  	-0.0267  	0.03628  	-0.0031  	0.02322  	-0.2291  	
-0.3965  	-0.1484  	-0.1755  	0.32091  	-0.0800  	0.33449  	0.06190  	-0.8573  	0.20103  	0.05578  	0.35195  	0.34995  	-0.0527  	-0.8362  	-1.4839  	0.91744  	-0.0730  	0.36562  	-0.3066  	0.61806  	-0.1094  	-0.2144  	-0.6627  	0.36226  	-0.2100  	-0.1224  	-0.5802  	-0.0927  	-0.1031  	-0.2098  	-0.2193  	0.26452  	0.30760  	-0.0786  	0.13645  	0.31529  	0.11605  	-0.0230  	-0.2466  	0.29651  	0.06702  	0.00547  	0.04020  	-0.0285  	-0.0924  	-0.0651  	0.05621  	-0.0033  	0.04915  	-0.0270  	0.00090  	0.01425  	-0.0114  	0.02629  	0.00820  	-0.0469  	0.03477  	0.00072  	-0.0389  	0.03156  	0.00493  	0.00369  	0.03907  	-0.0087  	-0.0074  	-0.0267  	0.03628  	-0.0031  	0.02322  	-0.2291  	
-0.3966  	-0.0655  	-0.1359  	0.34800  	-0.0314  	0.29161  	0.11691  	-0.8740  	0.18979  	0.06875  	0.30755  	0.38493  	-0.0363  	-0.8419  	-1.5629  	0.94437  	-0.1290  	0.39672  	-0.2966  	0.66803  	-0.1871  	-0.1955  	-0.6962  	0.28977  	-0.2350  	-0.1465  	-0.6596  	0.01076  	-0.0223  	-0.2151  	-0.2149  	0.24517  	0.32202  	-0.0658  	0.07897  	0.34629  	0.08175  	-0.0341  	-0.1953  	0.28630  	0.10420  	0.00891  	0.04490  	-0.0146  	-0.0988  	-0.0671  	0.04944  	0.00792  	0.05906  	-0.0303  	0.00649  	0.00784  	-0.0086  	0.02003  	0.01152  	-0.0438  	0.03877  	0.00498  	-0.0404  	0.02870  	0.00715  	0.00821  	0.04366  	-0.0046  	-0.0074  	-0.0267  	0.03628  	-0.0031  	0.02322  	-0.2291  	
-0.5003  	-0.1409  	-0.2666  	0.35803  	-0.0143  	0.17725  	0.04111  	-0.8927  	0.19775  	0.09652  	0.36075  	0.40686  	-0.0941  	-0.9039  	-1.5787  	0.93325  	-0.1282  	0.43263  	-0.2760  	0.65867  	-0.1630  	-0.2626  	-0.7705  	0.31175  	-0.1873  	-0.1406  	-0.6056  	-0.0123  	-0.0535  	-0.2097  	-0.2331  	0.26375  	0.31232  	-0.0674  	0.14932  	0.37395  	0.07646  	-0.0407  	-0.2315  	0.29516  	0.05264  	0.02366  	0.01321  	-0.0281  	-0.0878  	-0.0569  	0.04971  	-0.0087  	0.04953  	-0.0346  	4.98600  	0.01113  	-0.0025  	0.02713  	0.01155  	-0.0448  	0.03505  	0.00247  	-0.0351  	0.02940  	0.00314  	0.00269  	0.03996  	-0.0073  	-0.0074  	-0.0267  	0.03628  	-0.0031  	0.02322  	-0.2291  	
-0.5023  	-0.1444  	-0.2351  	0.30101  	-0.0285  	0.22225  	0.07053  	-0.8545  	0.18168  	0.06027  	0.43285  	0.32815  	-0.1123  	-0.8851  	-1.5411  	0.89045  	-0.1016  	0.37635  	-0.2989  	0.63985  	-0.1017  	-0.2536  	-0.7184  	0.35936  	-0.1878  	-0.1434  	-0.5900  	-0.0848  	-0.1085  	-0.2095  	-0.2456  	0.27179  	0.29769  	-0.0748  	0.17302  	0.34462  	0.15404  	-0.0172  	-0.2522  	0.25982  	0.06711  	0.01315  	0.00144  	-0.0252  	-0.0926  	-0.0603  	0.05972  	-0.0209  	0.04865  	-0.0280  	0.00123  	0.01136  	-0.0021  	0.03064  	0.00742  	-0.0485  	0.03794  	0.00568  	-0.0393  	0.03521  	0.00306  	0.00234  	0.03700  	-0.0069  	-0.0074  	-0.0267  	0.03628  	-0.0031  	0.02322  	-0.2291  	
-0.2822  	-0.0697  	-0.0966  	0.53065  	-0.0320  	0.43181  	0.03879  	-0.7802  	0.21658  	-0.0120  	0.27351  	0.41809  	-0.0746  	-0.8059  	-1.3905  	0.96187  	-0.0957  	0.37628  	-0.2774  	0.60280  	-0.0511  	-0.1846  	-0.6728  	0.36355  	-0.2154  	-0.1380  	-0.5891  	-0.1138  	-0.1053  	-0.1973  	-0.2197  	0.27294  	0.30379  	-0.0838  	0.14291  	0.28724  	0.12285  	-0.0135  	-0.2455  	0.27703  	0.05689  	0.00070  	0.03808  	-0.0132  	-0.1023  	-0.0630  	0.04945  	-0.0060  	0.05343  	-0.0247  	0.00911  	0.01687  	-0.0065  	0.01830  	0.01084  	-0.0421  	0.04231  	0.00617  	-0.0380  	0.02859  	-0.0023  	-0.0002  	0.04200  	-0.0065  	-0.0074  	-0.0267  	0.03628  	-0.0031  	0.02322  	-0.2291  	
-0.2540  	-0.0455  	-0.1110  	0.53170  	0.00603  	0.43902  	0.06413  	-0.8306  	0.20622  	0.00286  	0.20568  	0.40319  	-0.0516  	-0.8504  	-1.4254  	0.96242  	-0.1069  	0.39484  	-0.2886  	0.64960  	-0.1449  	-0.1792  	-0.7027  	0.28314  	-0.2433  	-0.1338  	-0.6600  	-0.0147  	-0.0438  	-0.2095  	-0.2094  	0.26747  	0.32727  	-0.0688  	0.08939  	0.30537  	0.08668  	-0.0220  	-0.2097  	0.31175  	0.08349  	-0.0085  	0.05713  	-0.0107  	-0.1107  	-0.0630  	0.04278  	0.00030  	0.04585  	-0.0221  	0.00268  	0.01446  	-0.0112  	0.01989  	0.00766  	-0.0431  	0.03614  	0.00051  	-0.0404  	0.02587  	0.00236  	0.00718  	0.03469  	-0.0072  	-0.0074  	-0.0267  	0.03628  	-0.0031  	0.02322  	-0.2291  	
-0.1346  	-0.0198  	-0.0840  	0.56655  	0.06389  	0.45527  	0.05123  	-0.7974  	0.22523  	0.02680  	0.26626  	0.41999  	-0.0528  	-0.7790  	-1.4440  	1.06919  	-0.1525  	0.39963  	-0.2528  	0.61976  	-0.0663  	-0.2225  	-0.7857  	0.32298  	-0.2178  	-0.1806  	-0.6084  	-0.0928  	-0.1157  	-0.2013  	-0.2493  	0.29663  	0.33242  	-0.0654  	0.21954  	0.33143  	0.15504  	-0.0094  	-0.2491  	0.29521  	0.06334  	0.00568  	0.02562  	-0.0184  	-0.1009  	-0.0563  	0.04708  	-0.0007  	0.05238  	-0.0261  	0.00137  	0.01073  	-0.0054  	0.02729  	0.01188  	-0.0394  	0.03721  	0.00312  	-0.0377  	0.02964  	-0.0019  	0.00190  	0.03417  	-0.0133  	-0.0074  	-0.0267  	0.03628  	-0.0031  	0.02322  	-0.2291  	
-0.1185  	-0.0580  	-0.1111  	0.52795  	0.02088  	0.44385  	0.07651  	-0.8205  	0.20145  	0.02298  	0.33755  	0.39852  	-0.0725  	-0.8282  	-1.4992  	1.08702  	-0.1608  	0.39183  	-0.2782  	0.59296  	-0.0668  	-0.2362  	-0.7681  	0.35058  	-0.2232  	-0.1782  	-0.5484  	-0.1094  	-0.1596  	-0.1937  	-0.2368  	0.30976  	0.31891  	-0.0704  	0.25598  	0.34958  	0.16906  	-0.0012  	-0.2770  	0.27882  	0.01983  	0.03855  	0.01573  	-0.0308  	-0.0937  	-0.0585  	0.05327  	-0.0082  	0.05371  	-0.0260  	0.00586  	0.01304  	-0.0038  	0.02545  	0.01125  	-0.0430  	0.03990  	0.00790  	-0.0375  	0.02393  	-0.0046  	0.00156  	0.04771  	-0.0094  	-0.0074  	-0.0267  	0.03628  	-0.0031  	0.02322  	-0.2291  	
-0.1329  	-0.0628  	-0.0729  	0.57700  	0.02170  	0.42611  	0.08612  	-0.8228  	0.19092  	0.07353  	0.35434  	0.40253  	-0.0811  	-0.8230  	-1.5456  	1.11887  	-0.1757  	0.39301  	-0.2917  	0.59213  	-0.1056  	-0.2184  	-0.7699  	0.36435  	-0.2076  	-0.1790  	-0.5412  	-0.0957  	-0.1384  	-0.1817  	-0.2526  	0.31156  	0.30758  	-0.0748  	0.24148  	0.37536  	0.15336  	-0.0212  	-0.2800  	0.28206  	0.02122  	0.04350  	0.01276  	-0.0217  	-0.0943  	-0.0622  	0.04982  	-0.0042  	0.05982  	-0.0245  	0.01280  	0.01023  	-0.0034  	0.02694  	0.01190  	-0.0433  	0.04160  	0.00573  	-0.0390  	0.02705  	-0.0070  	0.00092  	0.04859  	-0.0064  	-0.0074  	-0.0267  	0.03628  	-0.0031  	0.02322  	-0.2291  	
-0.0527  	-0.0454  	-0.0134  	0.65268  	0.09932  	0.47553  	0.04175  	-0.7966  	0.19306  	0.04242  	0.36364  	0.43930  	-0.0993  	-0.8100  	-1.4457  	1.18070  	-0.1629  	0.32296  	-0.2479  	0.60029  	0.02202  	-0.2035  	-0.7833  	0.45274  	-0.2274  	-0.1852  	-0.4748  	-0.2262  	-0.2901  	-0.1987  	-0.2683  	0.34028  	0.30580  	-0.0950  	0.36296  	0.35182  	0.24724  	-0.0002  	-0.3458  	0.28111  	-0.0228  	0.06146  	-0.0088  	-0.0185  	-0.0867  	-0.0567  	0.04483  	0.00156  	0.05737  	-0.0218  	0.01116  	0.01189  	-0.0036  	0.02884  	0.01040  	-0.0436  	0.04480  	0.00646  	-0.0380  	0.02895  	-0.0103  	0.00311  	0.04109  	-0.0110  	-0.0074  	-0.0267  	0.03628  	-0.0031  	0.02322  	-0.2291  	
0.23862  	0.05217  	0.18887  	0.88378  	0.19030  	0.52037  	0.06975  	-0.6385  	0.23117  	0.00731  	0.20421  	0.44718  	0.08281  	-0.6493  	-1.0958  	1.06364  	-0.0455  	0.09614  	-0.2138  	0.26324  	0.11805  	-0.4043  	-1.0505  	0.51636  	-0.2805  	-0.0856  	-0.3717  	-0.3973  	-0.2048  	-0.1653  	-0.1601  	0.32000  	0.23454  	-0.2365  	0.32381  	0.24961  	0.18896  	0.00922  	-0.4506  	0.19947  	0.06416  	0.18929  	-0.1266  	0.06100  	-0.1733  	-0.0375  	0.02023  	0.02957  	0.06074  	-0.0486  	0.01260  	0.02287  	-0.0038  	0.04496  	0.00642  	-0.0270  	0.02206  	-0.0074  	-0.0382  	0.04265  	0.01802  	0.00051  	0.01785  	-0.0210  	-0.0074  	-0.0267  	0.03628  	-0.0031  	0.02322  	-0.2291  	
0.31213  	0.09764  	0.19804  	0.95675  	0.22162  	0.60619  	0.08610  	-0.6354  	0.20467  	0.06225  	-0.0671  	0.32631  	0.28965  	-0.3993  	-0.8471  	0.74218  	0.05593  	-0.0528  	-0.1360  	-0.0448  	0.02623  	-0.4822  	-1.1830  	0.38014  	-0.1355  	-0.0422  	-0.3203  	-0.4546  	0.06103  	-0.1092  	-0.0392  	0.19114  	0.13058  	-0.3552  	0.15305  	0.25498  	-0.0085  	-0.0349  	-0.4195  	0.17254  	0.09058  	0.27898  	-0.1699  	0.14661  	-0.2188  	-0.0204  	-0.0196  	0.08389  	0.05828  	-0.0548  	0.02100  	0.01929  	-0.0050  	0.05072  	0.02011  	-0.0257  	0.02713  	-0.0143  	-0.0365  	0.05027  	0.02148  	-0.0055  	0.01954  	-0.0149  	-0.0074  	-0.0267  	0.03628  	-0.0031  	0.02322  	-0.2291  	
0.00427  	0.03420  	-0.0174  	1.01715  	0.27319  	0.43299  	0.02952  	-0.6409  	0.14347  	-0.0132  	0.02419  	0.33101  	0.17025  	-0.6191  	-0.8277  	0.83390  	0.07335  	-0.0870  	-0.1522  	-0.0128  	0.11590  	-0.5802  	-1.2841  	0.48955  	-0.1732  	0.01285  	-0.3317  	-0.5074  	-0.0074  	-0.1261  	-0.0333  	0.22794  	0.10670  	-0.4124  	0.22294  	0.20764  	0.02031  	-0.0390  	-0.5024  	0.16846  	0.06880  	0.32226  	-0.2443  	0.15640  	-0.2328  	-0.0103  	-0.0159  	0.05010  	0.02837  	-0.0436  	0.01729  	0.01879  	-0.0075  	0.05866  	0.01618  	-0.0338  	0.03416  	-0.0196  	-0.0418  	0.04222  	0.00997  	-0.0042  	-0.0089  	-0.0173  	-0.0074  	-0.0267  	0.03628  	-0.0031  	0.02322  	-0.2291  	
-0.1771  	-0.0230  	-0.0004  	0.59931  	0.08051  	0.38166  	0.01751  	-0.7166  	0.13773  	-0.0753  	0.33054  	0.39322  	-0.0042  	-0.9341  	-1.2866  	0.94417  	0.03154  	0.03867  	-0.1477  	0.11028  	0.14571  	-0.6045  	-1.1960  	0.42056  	-0.3119  	0.00726  	-0.5010  	-0.3769  	-0.0491  	-0.2442  	-0.0610  	0.22182  	0.13746  	-0.3711  	0.15676  	0.25767  	0.07383  	-0.0007  	-0.4968  	0.16983  	0.12898  	0.26465  	-0.2139  	0.13522  	-0.2144  	-0.0275  	0.00539  	0.03070  	0.02182  	-0.0486  	0.02192  	0.02055  	-0.0080  	0.06040  	0.01532  	-0.0391  	0.03006  	-0.0189  	-0.0299  	0.04586  	0.00797  	-0.0014  	0.01397  	-0.0118  	-0.0074  	-0.0267  	0.03628  	-0.0031  	0.02322  	-0.2291  	
-0.1734  	-0.0628  	-0.0396  	0.58766  	0.01084  	0.37962  	0.03541  	-0.8221  	0.15696  	0.00908  	0.38980  	0.42613  	-0.0636  	-1.0110  	-1.5436  	1.05134  	-0.0503  	0.21039  	-0.1971  	0.35637  	-0.0614  	-0.4526  	-1.0257  	0.36783  	-0.2290  	-0.0743  	-0.5627  	-0.1749  	-0.0647  	-0.1978  	-0.1474  	0.25107  	0.18612  	-0.2387  	0.14246  	0.35347  	0.07499  	-0.0146  	-0.3677  	0.20370  	0.10739  	0.16020  	-0.1036  	0.04456  	-0.1537  	-0.0358  	0.01591  	0.02258  	0.04145  	-0.0332  	0.01778  	0.01919  	0.00168  	0.04340  	0.01194  	-0.0451  	0.03320  	-0.0045  	-0.0336  	0.03669  	-0.0078  	-0.0036  	0.03622  	-0.0060  	-0.0074  	-0.0267  	0.03628  	-0.0031  	0.02322  	-0.2291  	
-0.4194  	-0.1432  	-0.1951  	0.42329  	-0.0437  	0.30801  	0.08834  	-0.9164  	0.17164  	0.06860  	0.36646  	0.35540  	-0.1420  	-1.0188  	-1.6775  	1.03763  	-0.1312  	0.43239  	-0.2741  	0.67071  	-0.2003  	-0.2386  	-0.7910  	0.31013  	-0.1448  	-0.1619  	-0.6205  	0.03186  	-0.0562  	-0.1895  	-0.2333  	0.28861  	0.26503  	-0.0620  	0.13514  	0.42348  	0.09133  	-0.0265  	-0.2078  	0.28342  	0.06088  	0.01807  	0.02129  	-0.0020  	-0.0955  	-0.0656  	0.04483  	-0.0051  	0.05249  	-0.0175  	0.01473  	0.01504  	-0.0057  	0.02452  	0.01381  	-0.0435  	0.04095  	0.01005  	-0.0370  	0.02243  	0.00037  	0.00083  	0.04786  	-0.0072  	-0.0074  	-0.0267  	0.03628  	-0.0031  	0.02322  	-0.2291  	
-0.2871  	-0.1465  	-0.2202  	0.50527  	0.06298  	0.32558  	0.05827  	-0.7921  	0.19704  	-0.0008  	0.36246  	0.42511  	-0.0845  	-0.8365  	-1.3905  	1.02563  	-0.1154  	0.38655  	-0.2778  	0.64497  	-0.0232  	-0.2877  	-0.7689  	0.43217  	-0.2489  	-0.1573  	-0.5322  	-0.1044  	-0.1872  	-0.2313  	-0.2508  	0.30722  	0.31397  	-0.0793  	0.27453  	0.31160  	0.16175  	-0.0101  	-0.2730  	0.30955  	-0.0014  	0.02273  	-0.0111  	-0.0263  	-0.0860  	-0.0549  	0.04928  	-0.0152  	0.05120  	-0.0198  	0.00823  	0.01105  	-0.0066  	0.02482  	0.01156  	-0.0421  	0.03653  	0.00491  	-0.0295  	0.03238  	-0.0026  	-0.0003  	0.03774  	-0.0036  	-0.0074  	-0.0267  	0.03628  	-0.0031  	0.02322  	-0.2291  	
0.12490  	0.06404  	0.10960  	0.76241  	0.12675  	0.65270  	0.09217  	-0.6485  	0.25797  	-0.0189  	0.03506  	0.42615  	0.09285  	-0.4530  	-1.0264  	0.98835  	-0.0766  	0.28064  	-0.2825  	0.50583  	0.03103  	-0.1379  	-0.6647  	0.46663  	-0.1978  	-0.1757  	-0.4198  	-0.2699  	-0.2430  	-0.1650  	-0.2417  	0.29160  	0.34003  	-0.0751  	0.30982  	0.24059  	0.24130  	-0.0094  	-0.2506  	0.29038  	-0.0348  	0.02518  	0.04185  	-0.0035  	-0.1051  	-0.0539  	0.04311  	0.01029  	0.06776  	-0.0239  	0.00027  	0.01529  	-0.0044  	0.02639  	0.00599  	-0.0286  	0.02107  	-0.0047  	-0.0395  	0.03619  	0.00894  	0.00872  	0.02987  	-0.0124  	-0.0074  	-0.0267  	0.03628  	-0.0031  	0.02322  	-0.2291  	
0.22074  	0.07983  	0.18893  	0.73156  	0.04968  	0.62744  	0.07735  	-0.6368  	0.28906  	-0.0255  	0.10997  	0.37810  	0.11679  	-0.4146  	-1.0944  	1.01261  	-0.1005  	0.26198  	-0.2637  	0.50382  	0.12074  	-0.1512  	-0.6408  	0.41153  	-0.1776  	-0.1953  	-0.4137  	-0.3148  	-0.2710  	-0.1535  	-0.2330  	0.31487  	0.32566  	-0.0709  	0.30626  	0.23521  	0.27175  	0.01986  	-0.2613  	0.25170  	-0.0149  	0.01282  	0.04699  	-0.0052  	-0.1075  	-0.0558  	0.03633  	0.03488  	0.07490  	-0.0226  	0.00123  	0.01036  	-0.0024  	0.02902  	0.01385  	-0.0259  	0.02472  	0.00504  	-0.0353  	0.03401  	0.00808  	0.00604  	0.03603  	-0.0140  	-0.0074  	-0.0267  	0.03628  	-0.0031  	0.02322  	-0.2291  	
0.00075  	0.01061  	-0.0067  	0.76000  	0.13207  	0.51427  	0.07684  	-0.7559  	0.20327  	-0.0032  	0.13907  	0.37702  	0.00937  	-0.6197  	-1.1891  	0.97664  	-0.0942  	0.28092  	-0.2706  	0.51748  	0.09344  	-0.1810  	-0.6774  	0.44178  	-0.1144  	-0.1998  	-0.4097  	-0.3003  	-0.2679  	-0.1654  	-0.2659  	0.31043  	0.30379  	-0.0798  	0.32197  	0.22860  	0.26997  	0.01243  	-0.3000  	0.30328  	-0.0251  	0.03189  	0.03123  	-0.0147  	-0.1020  	-0.0537  	0.04434  	0.00576  	0.06267  	-0.0232  	-0.0061  	0.01076  	-0.0114  	0.02291  	0.00876  	-0.0351  	0.03716  	-0.0024  	-0.0420  	0.03096  	0.00692  	0.00456  	0.04437  	-0.0185  	-0.0074  	-0.0267  	0.03628  	-0.0031  	0.02322  	-0.2291  	
-0.3696  	-0.1057  	-0.1371  	0.34369  	-0.0929  	0.34883  	0.05838  	-0.8709  	0.16876  	0.02069  	0.35417  	0.33003  	-0.1093  	-0.9647  	-1.5166  	0.99896  	-0.1099  	0.41016  	-0.2433  	0.58385  	-0.0445  	-0.2101  	-0.6727  	0.35648  	-0.1972  	-0.1743  	-0.5649  	-0.1679  	-0.1586  	-0.2132  	-0.2497  	0.29076  	0.29557  	-0.0782  	0.17139  	0.31878  	0.18506  	0.00682  	-0.2652  	0.27852  	0.05465  	0.02425  	0.01409  	-0.0247  	-0.1047  	-0.0553  	0.05040  	-0.0094  	0.04219  	-0.0306  	-0.0015  	0.01297  	-0.0038  	0.03206  	0.00604  	-0.0446  	0.03886  	0.00540  	-0.0346  	0.02736  	0.00631  	-0.0004  	0.04086  	-0.0085  	-0.0074  	-0.0267  	0.03628  	-0.0031  	0.02322  	-0.2291  	
-0.4801  	-0.1181  	-0.1959  	0.33729  	-0.0726  	0.29994  	0.08093  	-0.8978  	0.17158  	0.04731  	0.31722  	0.30047  	-0.1321  	-0.9576  	-1.5731  	0.97347  	-0.1097  	0.41397  	-0.2696  	0.60096  	-0.1788  	-0.2104  	-0.7020  	0.31219  	-0.1642  	-0.1566  	-0.5853  	-0.0557  	-0.0629  	-0.1858  	-0.2385  	0.27649  	0.26982  	-0.0661  	0.10678  	0.36924  	0.11424  	-0.0192  	-0.2296  	0.28673  	0.07961  	0.02405  	0.02118  	-0.0139  	-0.0961  	-0.0592  	0.05178  	-0.0093  	0.04724  	-0.0292  	-0.0025  	0.01836  	-0.0031  	0.02979  	0.00770  	-0.0503  	0.03935  	0.00644  	-0.0363  	0.02499  	0.00472  	-0.0004  	0.04193  	-0.0056  	-0.0074  	-0.0267  	0.03628  	-0.0031  	0.02322  	-0.2291  	
-0.5509  	-0.1537  	-0.2787  	0.37433  	-0.0007  	0.22133  	0.10676  	-0.9050  	0.18529  	0.08401  	0.34384  	0.35580  	-0.0853  	-0.9082  	-1.6009  	0.92346  	-0.1435  	0.43487  	-0.3016  	0.67582  	-0.2396  	-0.2248  	-0.7822  	0.30204  	-0.1546  	-0.1443  	-0.6355  	0.06045  	-0.0166  	-0.1918  	-0.2293  	0.25976  	0.29660  	-0.0644  	0.11183  	0.38531  	0.04582  	-0.0561  	-0.1973  	0.28919  	0.06145  	0.02296  	0.01520  	-0.0266  	-0.0866  	-0.0597  	0.04200  	-0.0023  	0.04871  	-0.0276  	-0.0005  	0.01342  	-0.0054  	0.02140  	0.00783  	-0.0446  	0.03885  	-0.0002  	-0.0368  	0.02318  	0.00799  	-0.0023  	0.03754  	-0.0061  	-0.0074  	-0.0267  	0.03628  	-0.0031  	0.02322  	-0.2291  	
-0.5511  	-0.1903  	-0.3264  	0.46180  	0.11639  	0.10134  	0.06894  	-0.8391  	0.15829  	-0.0051  	0.51158  	0.46849  	-0.0769  	-0.7959  	-1.4447  	0.87416  	-0.1546  	0.39109  	-0.3408  	0.67979  	-0.0895  	-0.2470  	-0.8386  	0.44298  	-0.2320  	-0.1546  	-0.5861  	-0.0598  	-0.1591  	-0.2276  	-0.2414  	0.26535  	0.34027  	-0.0749  	0.25095  	0.32938  	0.12414  	-0.0373  	-0.2433  	0.28401  	-0.0146  	0.04173  	-0.0287  	-0.0538  	-0.0788  	-0.0596  	0.06254  	-0.0200  	0.04629  	-0.0147  	-0.0024  	0.01375  	-0.0069  	0.02479  	0.00673  	-0.0458  	0.03927  	0.00119  	-0.0445  	0.03276  	-0.0016  	-0.0024  	0.04076  	-0.0025  	-0.0074  	-0.0267  	0.03628  	-0.0031  	0.02322  	-0.2291  	
0.00947  	-0.0518  	-0.0516  	0.71787  	0.18946  	0.35379  	0.09350  	-0.7005  	0.20668  	-0.0200  	0.26628  	0.50943  	0.08658  	-0.5229  	-1.0897  	0.98451  	-0.1395  	0.34114  	-0.2851  	0.60531  	0.05503  	-0.2579  	-0.7366  	0.50577  	-0.3494  	-0.1530  	-0.5147  	-0.1588  	-0.2856  	-0.2118  	-0.2258  	0.31237  	0.35119  	-0.0879  	0.29885  	0.19921  	0.19345  	-0.0444  	-0.3016  	0.32620  	-0.0501  	0.05078  	-0.0154  	-0.0295  	-0.0843  	-0.0617  	0.05333  	0.01341  	0.06101  	-0.0123  	-0.0097  	0.00862  	-0.0065  	0.01992  	-0.0072  	-0.0456  	0.04123  	-0.0076  	-0.0390  	0.02382  	-8.0530  	0.01053  	0.02439  	-0.0176  	-0.0074  	-0.0267  	0.03628  	-0.0031  	0.02322  	-0.2291  	
0.32192  	0.08112  	0.19643  	0.78225  	0.13338  	0.72716  	0.14470  	-0.6595  	0.27920  	-0.0656  	-0.1600  	0.29156  	0.17508  	-0.2998  	-0.8796  	0.89165  	-0.0999  	0.23371  	-0.3060  	0.41529  	0.01732  	-0.0844  	-0.6462  	0.40062  	-0.1468  	-0.1744  	-0.3727  	-0.2844  	-0.1647  	-0.1362  	-0.2306  	0.28627  	0.34828  	-0.0684  	0.27688  	0.24023  	0.17805  	-0.0286  	-0.2320  	0.28667  	-0.0363  	0.03880  	0.04098  	-0.0084  	-0.1051  	-0.0591  	0.02934  	0.04369  	0.08950  	-0.0223  	0.00959  	0.00743  	-0.0078  	0.01898  	0.00914  	-0.0156  	0.03238  	-0.0037  	-0.0414  	0.02845  	0.00564  	0.01485  	0.04354  	-0.0170  	-0.0074  	-0.0267  	0.03628  	-0.0031  	0.02322  	-0.2291  	
0.13301  	0.07229  	0.05477  	1.07079  	0.26909  	0.58137  	0.15674  	-0.6912  	0.19928  	0.03191  	-0.1555  	0.18171  	0.18072  	-0.1957  	-0.7710  	0.80868  	-0.0807  	0.20909  	-0.3006  	0.43424  	-0.0397  	-0.0478  	-0.7809  	0.47819  	0.03611  	-0.2187  	-0.2175  	-0.3762  	-0.1116  	-0.0632  	-0.2369  	0.31429  	0.29095  	-0.0926  	0.35981  	0.26202  	0.18697  	-0.0425  	-0.2226  	0.33088  	-0.1119  	0.04798  	-0.0183  	-0.0121  	-0.0992  	-0.0531  	0.03811  	0.01025  	0.07750  	-0.0278  	0.01549  	0.01601  	-0.0117  	0.02157  	0.01071  	-0.0314  	0.02420  	-0.0058  	-0.0356  	0.04686  	0.00393  	0.01451  	0.03283  	-0.0231  	-0.0074  	-0.0267  	0.03628  	-0.0031  	0.02322  	-0.2291  	
-0.2821  	-0.0744  	-0.2589  	0.78898  	0.24837  	0.27891  	0.13295  	-0.8346  	0.20440  	0.02080  	0.21709  	0.52002  	0.00043  	-0.5873  	-1.1001  	0.92304  	-0.1589  	0.33621  	-0.3119  	0.66079  	-0.0294  	-0.1427  	-0.8147  	0.50425  	-0.2376  	-0.1727  	-0.5313  	-0.1584  	-0.1790  	-0.1860  	-0.2648  	0.29379  	0.32754  	-0.0558  	0.34222  	0.24496  	0.13965  	-0.0351  	-0.2945  	0.34966  	-0.0682  	0.05039  	-0.0439  	-0.0503  	-0.0959  	-0.0637  	0.04729  	-0.0047  	0.05289  	-0.0166  	0.02663  	0.01785  	-0.0127  	0.02784  	0.00697  	-0.0369  	0.03796  	-0.0002  	-0.0331  	0.03412  	0.00256  	0.00237  	0.02580  	-0.0181  	-0.0074  	-0.0267  	0.03628  	-0.0031  	0.02322  	-0.2291  	
-0.2629  	-0.0860  	-0.1018  	0.51823  	0.04934  	0.39320  	0.10442  	-0.8378  	0.21517  	-0.0008  	0.29128  	0.39639  	-0.0728  	-0.7823  	-1.3295  	1.01209  	-0.0942  	0.40616  	-0.2597  	0.63134  	-0.0112  	-0.1901  	-0.7088  	0.44992  	-0.2040  	-0.1733  	-0.5465  	-0.1801  	-0.2362  	-0.2247  	-0.2266  	0.29895  	0.34117  	-0.0845  	0.26497  	0.28420  	0.21508  	-0.0082  	-0.2828  	0.30552  	-0.0048  	0.02231  	-0.0004  	-0.0056  	-0.0877  	-0.0569  	0.05488  	-0.0093  	0.04521  	-0.0174  	-0.0002  	0.01412  	-0.0075  	0.02772  	0.01715  	-0.0380  	0.03301  	-0.0006  	-0.0335  	0.04133  	0.00595  	0.00662  	0.03836  	-0.0100  	-0.0074  	-0.0267  	0.03628  	-0.0031  	0.02322  	-0.2291  	
-0.4287  	-0.1607  	-0.1833  	0.30895  	-0.0649  	0.34521  	0.09065  	-0.9170  	0.15117  	0.07654  	0.30494  	0.32923  	-0.0888  	-0.9967  	-1.6341  	0.95042  	-0.1021  	0.46023  	-0.2776  	0.65533  	-0.2084  	-0.2411  	-0.7190  	0.29574  	-0.1797  	-0.1434  	-0.6534  	0.00449  	-0.0266  	-0.1961  	-0.2132  	0.27358  	0.27787  	-0.0690  	0.05190  	0.38772  	0.08288  	-0.0340  	-0.1985  	0.28939  	0.10516  	0.01443  	0.02231  	-0.0250  	-0.0876  	-0.0597  	0.05081  	-0.0092  	0.04117  	-0.0107  	0.00193  	0.01617  	-0.0033  	0.02108  	0.00911  	-0.0502  	0.04494  	0.00443  	-0.0346  	0.03247  	0.00444  	-0.0023  	0.04054  	-0.0035  	-0.0074  	-0.0267  	0.03628  	-0.0031  	0.02322  	-0.2291  	
-0.4978  	-0.1721  	-0.2356  	0.26663  	-0.1002  	0.24435  	0.07359  	-0.9359  	0.18980  	0.09494  	0.34449  	0.30362  	-0.1099  	-1.0001  	-1.6766  	0.93210  	-0.0838  	0.42580  	-0.2860  	0.60252  	-0.2249  	-0.2548  	-0.6948  	0.27069  	-0.1716  	-0.1356  	-0.6361  	-0.0133  	-0.0341  	-0.1841  	-0.2128  	0.28015  	0.27459  	-0.0736  	0.05889  	0.38267  	0.08835  	-0.0206  	-0.2118  	0.26354  	0.10194  	0.01738  	0.04319  	-0.0141  	-0.0946  	-0.0642  	0.04952  	-0.0001  	0.05070  	-0.0196  	-0.0002  	0.01151  	-0.0044  	0.02758  	0.01458  	-0.0472  	0.03612  	0.00721  	-0.0380  	0.02617  	0.00600  	0.00260  	0.04596  	-0.0021  	-0.0074  	-0.0267  	0.03628  	-0.0031  	0.02322  	-0.2291  	
-0.3394  	-0.0955  	-0.1842  	0.52739  	-0.0068  	0.38198  	0.03096  	-0.8252  	0.20310  	-0.0100  	0.24307  	0.38618  	-0.0905  	-0.8537  	-1.4142  	0.98858  	-0.0771  	0.36398  	-0.2863  	0.58003  	-0.1463  	-0.2203  	-0.6751  	0.36167  	-0.1976  	-0.1403  	-0.5630  	-0.0825  	-0.1168  	-0.1759  	-0.2232  	0.28037  	0.29852  	-0.0731  	0.14557  	0.31003  	0.12067  	-0.0263  	-0.2349  	0.29095  	0.04259  	0.01278  	0.03482  	-0.0167  	-0.0914  	-0.0580  	0.05784  	-0.0059  	0.05256  	-0.0201  	0.00292  	0.01465  	-0.0067  	0.03169  	0.00969  	-0.0431  	0.03974  	0.00356  	-0.0346  	0.02871  	0.00069  	0.00103  	0.03552  	-0.0095  	-0.0074  	-0.0267  	0.03628  	-0.0031  	0.02322  	-0.2291  	
-0.0370  	0.01653  	-0.0005  	0.69024  	0.07325  	0.54327  	0.02714  	-0.7664  	0.22597  	-0.0240  	0.15912  	0.45980  	-0.0262  	-0.7638  	-1.3282  	1.08441  	-0.1011  	0.34052  	-0.2421  	0.60256  	-0.0486  	-0.2018  	-0.7463  	0.38151  	-0.1674  	-0.1773  	-0.5082  	-0.1638  	-0.1861  	-0.1734  	-0.2553  	0.31064  	0.32764  	-0.0659  	0.24067  	0.31087  	0.19366  	0.01857  	-0.2615  	0.29085  	0.01648  	0.01475  	0.03165  	-0.0046  	-0.0982  	-0.0656  	0.04545  	0.00879  	0.06347  	-0.0301  	0.00420  	0.01230  	-0.0060  	0.02686  	0.01007  	-0.0265  	0.03151  	0.00325  	-0.0320  	0.02969  	0.00330  	0.00431  	0.03209  	-0.0121  	-0.0074  	-0.0267  	0.03628  	-0.0031  	0.02322  	-0.2291  	
-0.0379  	-0.0214  	-0.0225  	0.64989  	0.07553  	0.51472  	0.01038  	-0.8288  	0.19643  	0.01169  	0.27494  	0.45511  	-0.0738  	-0.8590  	-1.4752  	1.14054  	-0.1509  	0.34718  	-0.2430  	0.60690  	-0.0394  	-0.2141  	-0.7756  	0.39340  	-0.2043  	-0.1871  	-0.5140  	-0.1722  	-0.1875  	-0.1840  	-0.2616  	0.32195  	0.30085  	-0.0777  	0.25680  	0.35106  	0.19745  	0.01245  	-0.2772  	0.29971  	0.02097  	0.02416  	0.01978  	-0.0159  	-0.0958  	-0.0583  	0.04653  	-0.0013  	0.05600  	-0.0232  	0.01392  	0.01347  	-0.0069  	0.02102  	0.00764  	-0.0356  	0.04112  	0.00500  	-0.0378  	0.02830  	-0.0039  	0.00223  	0.04737  	-0.0104  	-0.0074  	-0.0267  	0.03628  	-0.0031  	0.02322  	-0.2291  	
-0.0438  	-0.0433  	-0.0091  	0.59847  	0.04594  	0.48272  	0.04443  	-0.8443  	0.20575  	0.06927  	0.37571  	0.44610  	-0.1086  	-0.8806  	-1.5561  	1.17139  	-0.1588  	0.37878  	-0.2507  	0.60567  	-0.0339  	-0.2327  	-0.7937  	0.38731  	-0.1914  	-0.1874  	-0.4974  	-0.1407  	-0.2101  	-0.1829  	-0.2674  	0.32670  	0.30183  	-0.0760  	0.28653  	0.38058  	0.22427  	-0.0010  	-0.2927  	0.29821  	0.00793  	0.03500  	0.01365  	-0.0175  	-0.0872  	-0.0539  	0.04565  	0.00128  	0.06180  	-0.0337  	0.02257  	0.01330  	0.00364  	0.03031  	0.01032  	-0.0370  	0.03847  	0.00305  	-0.0331  	0.03677  	-0.0068  	0.00209  	0.04327  	-0.0099  	-0.0074  	-0.0267  	0.03628  	-0.0031  	0.02322  	-0.2291  	
-0.1231  	-0.0788  	-0.0519  	0.56020  	0.03854  	0.44345  	0.10218  	-0.8752  	0.20374  	0.05035  	0.30302  	0.36931  	-0.0918  	-0.8886  	-1.5874  	1.13223  	-0.1502  	0.41869  	-0.2841  	0.63834  	-0.1421  	-0.2205  	-0.8121  	0.34279  	-0.1430  	-0.1856  	-0.5630  	-0.0316  	-0.0955  	-0.1716  	-0.2699  	0.30860  	0.28929  	-0.0725  	0.21848  	0.41723  	0.14536  	-0.0210  	-0.2468  	0.29122  	0.03234  	0.03739  	0.03211  	-0.0196  	-0.0878  	-0.0633  	0.04504  	0.00577  	0.06559  	-0.0289  	0.02178  	0.01105  	0.00034  	0.02672  	0.01948  	-0.0400  	0.04743  	0.00849  	-0.0395  	0.03212  	-0.0061  	-0.0049  	0.04556  	-0.0019  	-0.0074  	-0.0267  	0.03628  	-0.0031  	0.02322  	-0.2291  	
-0.2099  	-0.0809  	-0.1093  	0.55116  	0.03318  	0.45233  	0.06824  	-0.8978  	0.17213  	-0.0275  	0.24974  	0.33383  	-0.1387  	-0.9283  	-1.5302  	1.05763  	-0.0914  	0.37050  	-0.2640  	0.60637  	-0.1153  	-0.2503  	-0.7929  	0.38887  	-0.1241  	-0.1815  	-0.4942  	-0.0763  	-0.1322  	-0.1513  	-0.2835  	0.33779  	0.26566  	-0.0851  	0.22966  	0.41892  	0.17522  	-0.0123  	-0.2691  	0.28751  	0.02833  	0.02606  	0.01557  	-0.0152  	-0.0923  	-0.0580  	0.04663  	-0.0129  	0.05572  	-0.0277  	0.01564  	0.01383  	-0.0013  	0.02153  	0.01425  	-0.0389  	0.04744  	0.00969  	-0.0354  	0.02953  	-0.0051  	-0.0141  	0.04920  	-0.0074  	-0.0074  	-0.0267  	0.03628  	-0.0031  	0.02322  	-0.2291  	
-0.0738  	-0.0471  	-0.0510  	0.85340  	0.14532  	0.55718  	0.06578  	-0.8082  	0.18882  	-0.0835  	0.13399  	0.43106  	-0.0719  	-0.7756  	-1.2437  	1.08861  	-0.0998  	0.31471  	-0.2624  	0.62887  	-0.0733  	-0.1990  	-0.7977  	0.43501  	-0.0975  	-0.1745  	-0.4175  	-0.1253  	-0.1129  	-0.1075  	-0.3095  	0.33148  	0.28217  	-0.0581  	0.27377  	0.34379  	0.16409  	-0.0097  	-0.2683  	0.28206  	-0.0384  	0.04124  	0.01134  	-0.0198  	-0.0923  	-0.0547  	0.03681  	0.00774  	0.06670  	-0.0371  	0.01595  	0.01373  	0.00133  	0.02872  	0.00643  	-0.0323  	0.04120  	0.00397  	-0.0320  	0.04038  	-0.0023  	-0.0178  	0.03283  	-0.0155  	-0.0074  	-0.0267  	0.03628  	-0.0031  	0.02322  	-0.2291  	
0.08800  	-0.0111  	-0.0604  	1.06131  	0.32362  	0.54945  	0.11373  	-0.7763  	0.20033  	-0.0513  	-0.0313  	0.44568  	0.05275  	-0.5860  	-1.0094  	1.04734  	-0.1531  	0.36153  	-0.2947  	0.65243  	-0.1346  	-0.1571  	-0.8944  	0.37579  	-0.0067  	-0.2108  	-0.5013  	-0.0069  	-0.0275  	-0.0812  	-0.2904  	0.30760  	0.30226  	-0.0552  	0.28186  	0.32517  	0.08714  	-0.0533  	-0.2187  	0.33275  	-0.0484  	0.05085  	0.00635  	-0.0202  	-0.0991  	-0.0567  	0.03507  	0.01337  	0.07976  	-0.0444  	0.01907  	0.01146  	-0.0044  	0.02364  	0.00922  	-0.0290  	0.04431  	0.00227  	-0.0322  	0.03537  	-0.0051  	-0.0012  	0.03775  	-0.0153  	-0.0074  	-0.0267  	0.03628  	-0.0031  	0.02322  	-0.2291  	
0.11353  	0.01579  	-0.0733  	1.09370  	0.30103  	0.62264  	0.09831  	-0.7173  	0.22212  	-0.0704  	-0.0700  	0.39605  	0.06916  	-0.5006  	-0.8874  	0.97790  	-0.1519  	0.33644  	-0.2951  	0.63055  	-0.0790  	-0.1106  	-0.8616  	0.37120  	-0.0031  	-0.2186  	-0.4509  	-0.0936  	-0.0140  	-0.0643  	-0.3111  	0.29560  	0.30269  	-0.0479  	0.30053  	0.29840  	0.10035  	-0.0508  	-0.1994  	0.32439  	-0.0528  	0.04635  	-0.0019  	-0.0076  	-0.0902  	-0.0600  	0.03514  	0.01141  	0.07411  	-0.0366  	0.01596  	0.01396  	-0.0005  	0.03327  	0.01107  	-0.0262  	0.03497  	0.00348  	-0.0358  	0.03177  	0.00088  	0.00103  	0.03799  	-0.0181  	-0.0074  	-0.0267  	0.03628  	-0.0031  	0.02322  	-0.2291  	
0.09561  	0.01773  	-0.0995  	1.13339  	0.34786  	0.62091  	0.10575  	-0.7221  	0.24414  	-0.0742  	-0.1265  	0.40145  	0.10505  	-0.4786  	-0.9112  	0.96201  	-0.1633  	0.33933  	-0.3223  	0.63886  	-0.1217  	-0.0858  	-0.8743  	0.36389  	-0.0170  	-0.2159  	-0.4691  	-0.0174  	0.03399  	-0.0370  	-0.3181  	0.26933  	0.30756  	-0.0419  	0.27782  	0.28639  	0.06880  	-0.0697  	-0.1761  	0.33554  	-0.0725  	0.06069  	-0.0061  	-0.0226  	-0.0906  	-0.0633  	0.04013  	0.00863  	0.07549  	-0.0323  	0.01453  	0.00988  	-0.0077  	0.02957  	0.01439  	-0.0315  	0.04321  	0.00339  	-0.0314  	0.03330  	-0.0031  	0.00350  	0.04450  	-0.0149  	-0.0074  	-0.0267  	0.03628  	-0.0031  	0.02322  	-0.2291  	
-0.0627  	-0.0193  	-0.0930  	0.74651  	0.15308  	0.50636  	0.11324  	-0.7647  	0.22221  	0.00026  	0.13191  	0.45474  	0.02103  	-0.6624  	-1.3009  	1.03162  	-0.1747  	0.42960  	-0.3244  	0.67958  	-0.1462  	-0.1848  	-0.8446  	0.35774  	-0.1646  	-0.1655  	-0.6300  	-0.0175  	-0.0190  	-0.1837  	-0.2475  	0.27064  	0.33110  	-0.0504  	0.22679  	0.31589  	0.05665  	-0.0527  	-0.2083  	0.36146  	0.03928  	0.01556  	0.03197  	-0.0204  	-0.1043  	-0.0555  	0.05226  	0.01745  	0.05763  	-0.0058  	0.02421  	0.00780  	-0.0036  	0.02056  	0.01265  	-0.0391  	0.04033  	0.00073  	-0.0400  	0.03438  	-0.0058  	0.00784  	0.04247  	-0.0055  	-0.0074  	-0.0267  	0.03628  	-0.0031  	0.02322  	-0.2291  	
-0.1802  	-0.0525  	-0.1221  	0.65286  	0.08236  	0.40968  	0.05785  	-0.7296  	0.19985  	-0.0675  	0.28157  	0.43226  	-0.0037  	-0.8404  	-1.2908  	0.94802  	-0.0735  	0.24834  	-0.2469  	0.37804  	-0.0113  	-0.4405  	-1.0467  	0.38056  	-0.2970  	-0.0691  	-0.6043  	-0.1524  	-0.0051  	-0.2218  	-0.1338  	0.24556  	0.24367  	-0.2355  	0.14069  	0.28005  	-0.0073  	-0.0311  	-0.3634  	0.23218  	0.12881  	0.16513  	-0.1048  	0.06169  	-0.1505  	-0.0382  	0.02524  	0.00970  	0.03553  	-0.0353  	0.00987  	0.01458  	-0.0053  	0.03883  	0.01278  	-0.0416  	0.04107  	-0.0022  	-0.0314  	0.03315  	0.00194  	0.00554  	0.02244  	-0.0070  	-0.0074  	-0.0267  	0.03628  	-0.0031  	0.02322  	-0.2291  	
-0.2441  	-0.0651  	-0.0812  	0.62216  	0.05613  	0.33975  	0.02626  	-0.7246  	0.17115  	-0.0768  	0.29842  	0.43388  	0.01633  	-0.8703  	-1.2938  	0.88059  	0.01923  	0.10421  	-0.1783  	0.15366  	0.02547  	-0.6239  	-1.2351  	0.38049  	-0.3251  	0.02767  	-0.5782  	-0.2297  	0.07357  	-0.2309  	-0.0262  	0.21197  	0.14610  	-0.3709  	0.09103  	0.29467  	-0.0693  	-0.0330  	-0.4650  	0.14281  	0.18234  	0.27181  	-0.1907  	0.11754  	-0.1927  	-0.0214  	0.00477  	0.01927  	0.02179  	-0.0453  	0.01903  	0.01856  	-0.0023  	0.05136  	0.01855  	-0.0426  	0.03926  	-0.0143  	-0.0320  	0.04444  	0.00664  	0.00557  	0.00949  	-0.0058  	-0.0074  	-0.0267  	0.03628  	-0.0031  	0.02322  	-0.2291  	
-0.3159  	-0.0394  	-0.0730  	0.46897  	0.03170  	0.25918  	0.00811  	-0.7599  	0.15651  	0.03068  	0.31049  	0.43361  	0.06092  	-0.8702  	-1.4122  	0.86253  	0.04165  	0.07237  	-0.1451  	0.13677  	-0.0535  	-0.6900  	-1.2905  	0.33167  	-0.3006  	0.03716  	-0.6307  	-0.1997  	0.10517  	-0.2460  	0.00543  	0.17506  	0.12996  	-0.4009  	0.03605  	0.30803  	-0.1023  	-0.0387  	-0.4542  	0.14323  	0.21798  	0.27791  	-0.2140  	0.13521  	-0.2137  	-0.0158  	0.00335  	0.03860  	0.02021  	-0.0529  	0.02257  	0.02409  	-0.0060  	0.05474  	0.01936  	-0.0467  	0.02840  	-0.0178  	-0.0365  	0.04603  	0.01753  	-0.0014  	0.00700  	-0.0119  	-0.0074  	-0.0267  	0.03628  	-0.0031  	0.02322  	-0.2291  	
-0.3957  	-0.0832  	-0.1324  	0.34121  	-0.0464  	0.16214  	0.02813  	-0.7739  	0.14255  	0.07467  	0.43758  	0.41571  	0.02487  	-0.8736  	-1.4736  	0.83625  	0.03099  	0.11493  	-0.1730  	0.18675  	-0.0286  	-0.6558  	-1.2393  	0.34737  	-0.3127  	0.00556  	-0.6240  	-0.2200  	0.03800  	-0.2534  	-0.0160  	0.17891  	0.15502  	-0.3631  	0.06759  	0.29958  	-0.0577  	-0.0348  	-0.4610  	0.11966  	0.19613  	0.26707  	-0.1962  	0.11146  	-0.2041  	-0.0256  	0.00782  	0.02797  	0.02526  	-0.0424  	0.01794  	0.01859  	-0.0017  	0.05511  	0.02094  	-0.0490  	0.03780  	-0.0138  	-0.0350  	0.04210  	0.01305  	0.00320  	0.01785  	-0.0060  	-0.0074  	-0.0267  	0.03628  	-0.0031  	0.02322  	-0.2291  	
-0.6613  	-0.1869  	-0.3038  	0.23688  	-0.1099  	0.01329  	-0.0006  	-0.8532  	0.13639  	0.07600  	0.54607  	0.35359  	-0.0842  	-0.9818  	-1.5980  	0.84153  	-0.0428  	0.24563  	-0.2089  	0.36707  	-0.0331  	-0.4561  	-0.9567  	0.37813  	-0.3131  	-0.0421  	-0.6332  	-0.1995  	-0.0367  	-0.2481  	-0.0969  	0.21698  	0.19683  	-0.2442  	0.14315  	0.32737  	0.04601  	-0.0138  	-0.3897  	0.19488  	0.12179  	0.16639  	-0.1226  	0.03143  	-0.1478  	-0.0423  	0.03172  	0.00588  	0.02880  	-0.0346  	0.00397  	0.01750  	-0.0064  	0.04388  	0.01504  	-0.0470  	0.03749  	-0.0030  	-0.0376  	0.04194  	0.00728  	0.00069  	0.03014  	-0.0080  	-0.0074  	-0.0267  	0.03628  	-0.0031  	0.02322  	-0.2291  	
-0.6781  	-0.1847  	-0.3938  	0.17057  	-0.1215  	0.02364  	0.03803  	-0.9272  	0.14857  	0.13605  	0.51422  	0.34920  	-0.1133  	-0.9839  	-1.6694  	0.88056  	-0.1318  	0.44014  	-0.2862  	0.61573  	-0.1171  	-0.2350  	-0.6849  	0.32536  	-0.2764  	-0.1492  	-0.6290  	-0.0610  	-0.1045  	-0.2266  	-0.2088  	0.27044  	0.29604  	-0.0762  	0.14758  	0.35357  	0.10934  	-0.0154  	-0.2608  	0.28328  	0.05099  	0.01971  	0.00836  	-0.0502  	-0.0904  	-0.0642  	0.05389  	-0.0081  	0.04851  	-0.0171  	-0.0006  	0.00766  	-0.0134  	0.02807  	0.00983  	-0.0456  	0.04081  	0.00878  	-0.0412  	0.03040  	0.00016  	0.00375  	0.04640  	-0.0095  	-0.0074  	-0.0267  	0.03628  	-0.0031  	0.02322  	-0.2291  	
-0.7018  	-0.1613  	-0.3500  	0.12970  	-0.1220  	0.02259  	0.06341  	-0.9258  	0.15136  	0.14182  	0.49770  	0.35365  	-0.1208  	-1.0125  	-1.7154  	0.92694  	-0.1249  	0.45083  	-0.2900  	0.59867  	-0.1474  	-0.2311  	-0.6921  	0.29184  	-0.2960  	-0.1497  	-0.6538  	-0.0534  	-0.0797  	-0.2400  	-0.2041  	0.26284  	0.29389  	-0.0765  	0.08800  	0.36623  	0.09168  	-0.0241  	-0.2294  	0.27562  	0.07797  	0.01651  	0.02228  	-0.0467  	-0.0946  	-0.0622  	0.05082  	-0.0060  	0.04798  	-0.0147  	-0.0017  	0.01028  	-0.0148  	0.02592  	0.00931  	-0.0478  	0.03968  	0.01048  	-0.0452  	0.02549  	0.00118  	0.00899  	0.04656  	-0.0066  	-0.0074  	-0.0267  	0.03628  	-0.0031  	0.02322  	-0.2291  	
-0.6313  	-0.1500  	-0.3074  	0.22372  	-0.0637  	0.04779  	0.07147  	-0.8895  	0.16558  	0.13931  	0.48938  	0.36552  	-0.1073  	-0.9636  	-1.7004  	0.92843  	-0.1256  	0.43496  	-0.2946  	0.63464  	-0.1365  	-0.2316  	-0.7370  	0.33420  	-0.2855  	-0.1456  	-0.6567  	-0.0604  	-0.1109  	-0.2402  	-0.2135  	0.26541  	0.30308  	-0.0740  	0.11403  	0.34723  	0.10291  	-0.0344  	-0.2361  	0.25562  	0.07302  	0.02056  	0.00861  	-0.0534  	-0.0906  	-0.0589  	0.05116  	-0.0011  	0.04861  	-0.0186  	0.00100  	0.01507  	-0.0072  	0.02267  	0.00511  	-0.0475  	0.04023  	0.00578  	-0.0400  	0.02629  	0.00517  	0.00611  	0.04071  	-0.0082  	-0.0074  	-0.0267  	0.03628  	-0.0031  	0.02322  	-0.2291  	
-0.5999  	-0.1485  	-0.2861  	0.24754  	-0.0584  	0.09957  	0.07019  	-0.8881  	0.1845  	0.12793  	0.43037  	0.40545  	-0.1012  	-0.9662  	-1.6789  	0.95394  	-0.1347  	0.43714  	-0.2886  	0.63571  	-0.1673  	-0.2417  	-0.6896  	0.31271  	-0.2953  	-0.1294  	-0.6647  	-0.0526  	-0.0813  	-0.2345  	-0.1992  	0.25791  	0.30446  	-0.0646  	0.10788  	0.33324  	0.07545  	-0.0364  	-0.2235  	0.26873  	0.09102  	0.01577  	0.02874  	-0.0180  	-0.0874  	-0.0612  	0.04586  	-0.0045  	0.05575  	-0.0281  	0.00020  	0.01098  	-0.0060  	0.02006  	0.00717  	-0.0446  	0.03535  	0.00499  	-0.0364  	0.02549  	0.00912  	0.00495  	0.04922  	-0.0068  	-0.0074  	-0.0267  	0.03628  	-0.0031  	0.02322  	-0.2291  	
-0.3608  	-0.0939  	-0.1975  	0.47235  	0.01253  	0.24223  	0.04974  	-0.7879  	0.20088  	0.07017  	0.35739  	0.47922  	-0.0990  	-0.8213  	-1.4966  	1.00137  	-0.1284  	0.39662  	-0.2765  	0.63587  	-0.1001  	-0.2289  	-0.6813  	0.32987  	-0.3014  	-0.1478  	-0.6710  	-0.0697  	-0.0676  	-0.2085  	-0.2228  	0.27429  	0.32363  	-0.0695  	0.16326  	0.29698  	0.10749  	-0.0345  	-0.2411  	0.29120  	0.07309  	0.01555  	0.02946  	-0.0121  	-0.0852  	-0.0549  	0.05414  	-0.0077  	0.05913  	-0.0238  	0.00420  	0.00675  	-0.0061  	0.02598  	0.01016  	-0.0439  	0.04004  	0.00739  	-0.0423  	0.02882  	0.00275  	0.00419  	0.03782  	-0.0060  	-0.0074  	-0.0267  	0.03628  	-0.0031  	0.02322  	-0.2291  	
-0.5616  	-0.1468  	-0.2993  	0.31353  	-0.0056  	0.13475  	0.04784  	-0.8877  	0.17005  	0.14419  	0.37846  	0.44084  	-0.0919  	-0.9519  	-1.6832  	0.96819  	-0.1315  	0.46224  	-0.2754  	0.66314  	-0.2331  	-0.2418  	-0.7213  	0.25840  	-0.3287  	-0.1222  	-0.7673  	0.04727  	-0.0398  	-0.2440  	-0.1982  	0.25121  	0.31746  	-0.0650  	0.08838  	0.34602  	0.01616  	-0.0642  	-0.1767  	0.29128  	0.09248  	0.00086  	0.02645  	-0.0127  	-0.1000  	-0.0589  	0.04532  	0.00422  	0.05487  	-0.0293  	0.00318  	0.00868  	-0.0082  	0.02020  	0.01206  	-0.0473  	0.03545  	0.00905  	-0.0409  	0.02799  	0.00754  	0.00628  	0.04345  	-0.0080  	-0.0074  	-0.0267  	0.03628  	-0.0031  	0.02322  	-0.2291  	
-0.6407  	-0.1827  	-0.2847  	0.16377  	-0.0584  	0.03596  	0.08387  	-0.9211  	0.18225  	0.15411  	0.49667  	0.34081  	-0.1280  	-0.9654  	-1.7823  	0.93266  	-0.1303  	0.44175  	-0.3054  	0.66299  	-0.1829  	-0.2525  	-0.7849  	0.31452  	-0.2493  	-0.1215  	-0.7172  	-0.0194  	-0.0922  	-0.2463  	-0.2049  	0.25771  	0.32158  	-0.0695  	0.09449  	0.37231  	0.06906  	-0.0484  	-0.2118  	0.25962  	0.09417  	0.01971  	0.02458  	-0.0373  	-0.0912  	-0.0623  	0.04477  	0.00085  	0.05672  	-0.0254  	-0.0001  	0.01117  	-0.0036  	0.02472  	0.00907  	-0.0423  	0.03977  	0.00512  	-0.0351  	0.02984  	0.00838  	0.01028  	0.04288  	-0.0047  	-0.0074  	-0.0267  	0.03628  	-0.0031  	0.02322  	-0.2291  	
-0.4558  	-0.1568  	-0.1774  	0.20352  	-0.0747  	0.16708  	0.05793  	-0.7951  	0.23657  	0.14013  	0.51719  	0.40236  	-0.0459  	-0.7743  	-1.5277  	0.93592  	-0.0754  	0.34523  	-0.3146  	0.64504  	0.00645  	-0.2715  	-0.7136  	0.43023  	-0.2932  	-0.0869  	-0.5640  	-0.1664  	-0.2321  	-0.2695  	-0.1939  	0.25278  	0.33957  	-0.0742  	0.19413  	0.26706  	0.15335  	-0.0156  	-0.2829  	0.27117  	0.04980  	0.02710  	0.03119  	-0.0412  	-0.1030  	-0.0615  	0.05792  	-0.0027  	0.04637  	-0.0138  	-0.0058  	0.00861  	-0.0107  	0.03732  	0.00071  	-0.0492  	0.03194  	-0.0003  	-0.0430  	0.03215  	0.00253  	0.01155  	0.03083  	-0.0086  	-0.0074  	-0.0267  	0.03628  	-0.0031  	0.02322  	-0.2291  	
-0.2758  	-0.0686  	-0.0679  	0.34175  	-0.0736  	0.39698  	0.04975  	-0.8002  	0.19989  	0.08997  	0.27894  	0.40761  	-0.0218  	-0.7584  	-1.5531  	0.97497  	-0.0746  	0.36374  	-0.2689  	0.57858  	-0.1246  	-0.1818  	-0.6387  	0.35125  	-0.2291  	-0.1367  	-0.6366  	-0.1575  	-0.1317  	-0.2128  	-0.1689  	0.25037  	0.34497  	-0.0832  	0.08823  	0.26193  	0.14400  	-0.0101  	-0.2581  	0.26570  	0.11147  	-0.0086  	0.06504  	-0.0093  	-0.1188  	-0.0703  	0.05156  	0.01183  	0.04104  	-0.0256  	-0.0023  	0.00256  	-0.0120  	0.01716  	0.00760  	-0.0315  	0.04257  	0.00036  	-0.0483  	0.02538  	0.00727  	0.02034  	0.04175  	-0.0021  	-0.0074  	-0.0267  	0.03628  	-0.0031  	0.02322  	-0.2291  	
-0.2782  	-0.0435  	-0.0939  	0.49104  	-0.0130  	0.38287  	0.02136  	-0.8165  	0.20061  	0.01047  	0.29907  	0.39797  	-0.1031  	-0.8589  	-1.5326  	0.97664  	-0.0922  	0.36522  	-0.2455  	0.58162  	-0.0262  	-0.2145  	-0.6679  	0.38216  	-0.2461  	-0.1595  	-0.5245  	-0.1454  	-0.1592  	-0.2199  	-0.2453  	0.30041  	0.31424  	-0.0839  	0.16553  	0.31178  	0.17367  	0.00304  	-0.2797  	0.29144  	0.06567  	0.00408  	0.03475  	-0.0049  	-0.0957  	-0.0698  	0.04527  	-0.0069  	0.04749  	-0.0256  	0.00427  	0.01261  	-0.0134  	0.02617  	0.00567  	-0.0395  	0.04053  	0.00358  	-0.0362  	0.02328  	0.00036  	0.00902  	0.04437  	-0.0126  	-0.0074  	-0.0267  	0.03628  	-0.0031  	0.02322  	-0.2291  	
-0.2368  	-0.0831  	-0.1160  	0.47431  	-0.0257  	0.44803  	0.03309  	-0.8409  	0.18949  	-0.0037  	0.30600  	0.40118  	-0.1090  	-0.9203  	-1.5119  	1.03625  	-0.1226  	0.36398  	-0.2646  	0.60433  	-0.0914  	-0.2358  	-0.7030  	0.36377  	-0.2295  	-0.1498  	-0.5538  	-0.1220  	-0.1169  	-0.2155  	-0.2385  	0.31287  	0.30869  	-0.0766  	0.19686  	0.35138  	0.15707  	-0.0107  	-0.2680  	0.29111  	0.06137  	0.01828  	0.02733  	-0.0038  	-0.0968  	-0.0590  	0.05177  	-0.0042  	0.05119  	-0.0274  	0.00047  	0.01633  	-0.0073  	0.02911  	0.01344  	-0.0422  	0.03941  	0.00639  	-0.0403  	0.02284  	0.00275  	-0.0035  	0.04203  	-0.0102  	-0.0074  	-0.0267  	0.03628  	-0.0031  	0.02322  	-0.2291  	
-0.0910  	-0.0676  	-0.0435  	0.55721  	0.03821  	0.43955  	0.07761  	-0.8453  	0.20025  	0.08985  	0.29820  	0.41705  	-0.0727  	-0.9170  	-1.5941  	1.14711  	-0.1498  	0.41020  	-0.2597  	0.62919  	-0.1609  	-0.2354  	-0.8119  	0.35353  	-0.1938  	-0.1695  	-0.5683  	-0.0406  	-0.0946  	-0.1909  	-0.2633  	0.31562  	0.29978  	-0.0814  	0.21210  	0.39880  	0.12779  	-0.0352  	-0.2517  	0.31633  	0.05016  	0.03454  	0.02882  	-0.0081  	-0.0885  	-0.0604  	0.04482  	0.00646  	0.06504  	-0.0223  	0.01627  	0.01007  	-0.0005  	0.02358  	0.01703  	-0.0418  	0.04352  	0.00347  	-0.0391  	0.03037  	-0.0046  	-0.0010  	0.04080  	-0.0057  	-0.0074  	-0.0267  	0.03628  	-0.0031  	0.02322  	-0.2291  	
-0.1690  	-0.0606  	-0.0181  	0.47555  	-0.0168  	0.39229  	0.07233  	-0.8768  	0.19696  	0.11293  	0.37276  	0.39211  	-0.1074  	-0.9096  	-1.6746  	1.15493  	-0.1646  	0.43417  	-0.2696  	0.67513  	-0.1603  	-0.2360  	-0.8344  	0.33111  	-0.1875  	-0.1714  	-0.6084  	-0.0367  	-0.1182  	-0.2054  	-0.2529  	0.31324  	0.30850  	-0.0725  	0.20442  	0.40991  	0.13907  	-0.0273  	-0.2514  	0.29682  	0.04251  	0.02670  	0.03271  	-0.0208  	-0.0918  	-0.0612  	0.04447  	0.00741  	0.06768  	-0.0242  	0.01868  	0.01071  	-0.0019  	0.02817  	0.01642  	-0.0434  	0.04471  	0.00889  	-0.0397  	0.03156  	-0.0025  	-0.0013  	0.04516  	-0.0059  	-0.0074  	-0.0267  	0.03628  	-0.0031  	0.02322  	-0.2291  	
-0.3304  	-0.1154  	-0.1378  	0.49218  	0.00266  	0.34716  	0.04461  	-0.8785  	0.17460  	0.02981  	0.32768  	0.36764  	-0.1387  	-0.9210  	-1.5866  	1.05198  	-0.1161  	0.37482  	-0.2404  	0.61804  	-0.1200  	-0.2470  	-0.8098  	0.40680  	-0.1158  	-0.1730  	-0.5107  	-0.0702  	-0.1403  	-0.1623  	-0.2736  	0.32676  	0.27813  	-0.0794  	0.21519  	0.41943  	0.18412  	-0.0201  	-0.2703  	0.29049  	0.01883  	0.02303  	0.00676  	-0.0190  	-0.0923  	-0.0698  	0.04411  	-0.0094  	0.05407  	-0.0274  	0.01396  	0.01129  	-0.0039  	0.02244  	0.00966  	-0.0409  	0.04757  	0.00622  	-0.0336  	0.02910  	-0.0017  	-0.0065  	0.04363  	-0.0046  	-0.0074  	-0.0267  	0.03628  	-0.0031  	0.02322  	-0.2291  	
-0.1039  	-0.0475  	-0.0029  	0.60660  	0.07440  	0.50425  	0.01909  	-0.7717  	0.22905  	0.02128  	0.14942  	0.44482  	-0.0258  	-0.7131  	-1.2776  	0.99432  	-0.0921  	0.27626  	-0.2711  	0.51275  	-0.0184  	-0.1962  	-0.6671  	0.46512  	-0.1772  	-0.1792  	-0.4289  	-0.2625  	-0.2175  	-0.1660  	-0.2351  	0.31007  	0.32222  	-0.0724  	0.26016  	0.26051  	0.22464  	-0.0081  	-0.2954  	0.28687  	0.00223  	0.02112  	0.02212  	-0.0185  	-0.0941  	-0.0645  	0.05811  	-0.0069  	0.05810  	-0.0111  	0.00725  	0.01039  	-0.0061  	0.02376  	0.00106  	-0.0340  	0.03843  	0.00494  	-0.0291  	0.02681  	0.00380  	0.00121  	0.04144  	-0.0129  	-0.0074  	-0.0267  	0.03628  	-0.0031  	0.02322  	-0.2291  	
-0.2155  	0.00941  	-0.0495  	0.49012  	0.00388  	0.39427  	0.07797  	-0.7754  	0.20910  	0.04012  	0.18930  	0.42919  	0.01900  	-0.6482  	-1.3454  	0.93072  	-0.1041  	0.35823  	-0.2881  	0.55567  	-0.1044  	-0.1594  	-0.6729  	0.34254  	-0.2276  	-0.1535  	-0.5822  	-0.1144  	-0.0864  	-0.1924  	-0.2310  	0.24440  	0.32109  	-0.0753  	0.13310  	0.29669  	0.10472  	-0.0024  	-0.2410  	0.29661  	0.04530  	-0.0061  	0.04956  	-0.0204  	-0.1144  	-0.0684  	0.04334  	0.00753  	0.05467  	-0.0298  	0.01004  	0.01229  	-0.0114  	0.02176  	0.01106  	-0.0287  	0.03477  	0.00498  	-0.0352  	0.02758  	0.00762  	0.01610  	0.03430  	-0.0097  	-0.0074  	-0.0267  	0.03628  	-0.0031  	0.02322  	-0.2291  	
-0.2923  	-0.0473  	-0.1059  	0.53953  	-0.0004  	0.39738  	0.05933  	-0.8352  	0.22313  	0.03065  	0.21609  	0.36200  	-0.0802  	-0.8252  	-1.4363  	0.96906  	-0.0928  	0.38110  	-0.2395  	0.58411  	-0.0810  	-0.1933  	-0.7154  	0.31914  	-0.1764  	-0.1588  	-0.5552  	-0.1586  	-0.1258  	-0.1874  	-0.2486  	0.28792  	0.30721  	-0.0604  	0.18835  	0.31803  	0.15609  	0.00392  	-0.2567  	0.30140  	0.06507  	0.00221  	0.04150  	0.00259  	-0.1002  	-0.0632  	0.04654  	-0.0103  	0.05066  	-0.0316  	-0.0006  	0.01227  	-0.0048  	0.03147  	0.01073  	-0.0405  	0.03680  	0.00263  	-0.0371  	0.03127  	0.00059  	0.00714  	0.04212  	-0.0084  	-0.0074  	-0.0267  	0.03628  	-0.0031  	0.02322  	-0.2291  	
-0.3491  	-0.1009  	-0.1568  	0.45826  	-0.0454  	0.34031  	0.06616  	-0.8962  	0.18153  	-0.0009  	0.30118  	0.30750  	-0.1405  	-1.0076  	-1.4911  	1.00712  	-0.0930  	0.39832  	-0.2591  	0.61225  	-0.0943  	-0.2017  	-0.7119  	0.30495  	-0.1318  	-0.1574  	-0.5229  	-0.1225  	-0.1017  	-0.1736  	-0.2573  	0.31130  	0.26720  	-0.0758  	0.15638  	0.37267  	0.16196  	0.00998  	-0.2565  	0.28289  	0.06985  	0.01517  	0.01810  	-0.0103  	-0.0961  	-0.0633  	0.04880  	-0.0067  	0.04912  	-0.0371  	0.00779  	0.01835  	0.00319  	0.03491  	0.01168  	-0.0410  	0.03826  	0.00684  	-0.0324  	0.03363  	0.00147  	-0.0039  	0.04373  	-0.0081  	-0.0074  	-0.0267  	0.03628  	-0.0031  	0.02322  	-0.2291  	
-0.4539  	-0.1327  	-0.2010  	0.39962  	-0.0521  	0.31111  	0.08258  	-0.9382  	0.15993  	0.02164  	0.31626  	0.27754  	-0.1468  	-1.0192  	-1.5478  	0.97535  	-0.0878  	0.41993  	-0.2696  	0.60385  	-0.1517  	-0.2321  	-0.7267  	0.29205  	-0.1226  	-0.1591  	-0.5696  	-0.0538  	-0.0793  	-0.1756  	-0.2512  	0.29360  	0.25611  	-0.0732  	0.11225  	0.38727  	0.12476  	-0.0183  	-0.2382  	0.27210  	0.08234  	0.02494  	0.01360  	-0.0174  	-0.0868  	-0.0608  	0.04825  	-0.0121  	0.04285  	-0.0316  	-0.0002  	0.01621  	0.00557  	0.03150  	0.01211  	-0.0418  	0.04536  	0.00680  	-0.0318  	0.02939  	0.00392  	-0.0061  	0.04179  	-0.0029  	-0.0074  	-0.0267  	0.03628  	-0.0031  	0.02322  	-0.2291  	
-0.4839  	-0.1386  	-0.2528  	0.43146  	-0.0012  	0.26924  	0.07597  	-0.9189  	0.16356  	0.06421  	0.30984  	0.34597  	-0.1290  	-0.9772  	-1.5557  	0.95548  	-0.1212  	0.41385  	-0.2942  	0.62131  	-0.1934  	-0.2100  	-0.7401  	0.28706  	-0.1660  	-0.1517  	-0.6250  	-0.0191  	-0.0273  	-0.1801  	-0.2287  	0.26308  	0.27866  	-0.0642  	0.10330  	0.37337  	0.08700  	-0.0367  	-0.2224  	0.28886  	0.06385  	0.01930  	0.01781  	-0.0091  	-0.0880  	-0.0619  	0.04959  	-0.0129  	0.05300  	-0.0310  	-0.0013  	0.01463  	-0.0016  	0.02742  	0.00887  	-0.0452  	0.04002  	0.00143  	-0.0342  	0.02484  	0.00426  	0.00055  	0.04082  	-0.0043  	-0.0074  	-0.0267  	0.03628  	-0.0031  	0.02322  	-0.2291  	
-0.4473  	-0.1287  	-0.2509  	0.46707  	0.03161  	0.27627  	0.06669  	-0.8920  	0.16342  	0.06609  	0.30031  	0.41389  	-0.1107  	-0.9147  	-1.5369  	0.95121  	-0.1321  	0.40678  	-0.2957  	0.63385  	-0.1983  	-0.2149  	-0.7632  	0.29390  	-0.1537  	-0.1536  	-0.6184  	0.00769  	-0.0059  	-0.1760  	-0.2297  	0.26256  	0.28366  	-0.0705  	0.11680  	0.36813  	0.06767  	-0.0445  	-0.2096  	0.29862  	0.04741  	0.02533  	0.01232  	-0.0168  	-0.0841  	-0.0624  	0.05407  	-0.0059  	0.05048  	-0.0251  	0.00438  	0.01179  	-0.0041  	0.02463  	0.01157  	-0.0452  	0.04715  	0.00461  	-0.0362  	0.02593  	0.00314  	0.00082  	0.04078  	-0.0047  	-0.0074  	-0.0267  	0.03628  	-0.0031  	0.02322  	-0.2291  	
-0.3994  	-0.1218  	-0.2379  	0.51782  	0.04559  	0.33909  	0.04891  	-0.8676  	0.17863  	0.04145  	0.25224  	0.45793  	-0.0642  	-0.8862  	-1.4639  	0.96593  	-0.1122  	0.41486  	-0.2874  	0.64706  	-0.2197  	-0.2053  	-0.7422  	0.29481  	-0.1845  	-0.1416  	-0.6538  	0.03265  	0.01387  	-0.1725  	-0.2146  	0.25494  	0.29960  	-0.0641  	0.08993  	0.35446  	0.04155  	-0.0493  	-0.2034  	0.31675  	0.05815  	0.00636  	0.03542  	-0.0119  	-0.0920  	-0.0590  	0.05762  	0.00042  	0.04909  	-0.0243  	0.00770  	0.01047  	-0.0059  	0.02482  	0.01015  	-0.0457  	0.04464  	0.00277  	-0.0355  	0.03044  	0.00218  	-0.0023  	0.03755  	-0.0082  	-0.0074  	-0.0267  	0.03628  	-0.0031  	0.02322  	-0.2291  	
-0.1912  	-0.0711  	-0.1436  	0.73030  	0.15934  	0.44711  	0.07217  	-0.7646  	0.22210  	0.00843  	0.16389  	0.53452  	-0.0257  	-0.7507  	-1.3271  	1.03800  	-0.1370  	0.42958  	-0.2981  	0.68295  	-0.1842  	-0.2290  	-0.7936  	0.32978  	-0.2228  	-0.1570  	-0.6572  	0.04476  	-0.0246  	-0.1790  	-0.2411  	0.26364  	0.33454  	-0.0529  	0.16927  	0.32610  	0.01465  	-0.0579  	-0.1939  	0.32604  	0.03842  	0.00585  	0.02926  	-0.0105  	-0.0912  	-0.0606  	0.04965  	0.01070  	0.05291  	-0.0256  	0.00723  	0.00659  	-0.0070  	0.01757  	0.00740  	-0.0486  	0.04357  	0.00741  	-0.0341  	0.02795  	-0.0059  	-0.0051  	0.04443  	-0.0062  	-0.0074  	-0.0267  	0.03628  	-0.0031  	0.02322  	-0.2291  	
0.03806  	0.03723  	-0.0100  	0.96962  	0.24583  	0.60510  	0.07924  	-0.7053  	0.25416  	-0.0735  	0.04359  	0.53734  	0.05213  	-0.5572  	-1.0829  	1.07382  	-0.1309  	0.36104  	-0.2938  	0.68090  	-0.0802  	-0.2223  	-0.8312  	0.37970  	-0.1981  	-0.1828  	-0.5715  	-0.0574  	-0.1065  	-0.1562  	-0.2474  	0.28793  	0.35747  	-0.0552  	0.23818  	0.24707  	0.09158  	-0.0377  	-0.2150  	0.33196  	-0.0076  	0.02480  	0.02920  	-0.0198  	-0.0934  	-0.0581  	0.03704  	0.01972  	0.06260  	-0.0272  	0.01162  	0.00538  	-0.0107  	0.01523  	0.00340  	-0.0247  	0.04862  	-0.0005  	-0.0427  	0.02816  	0.00244  	0.00916  	0.03417  	-0.0118  	-0.0074  	-0.0267  	0.03628  	-0.0031  	0.02322  	-0.2291  	
0.15264  	0.05144  	0.02056  	1.03698  	0.23035  	0.73403  	0.09948  	-0.6602  	0.26130  	-0.0828  	0.00449  	0.44993  	0.06652  	-0.4376  	-0.9223  	1.05858  	-0.1193  	0.30993  	-0.2893  	0.60149  	0.01858  	-0.1103  	-0.7771  	0.38089  	-0.1020  	-0.2031  	-0.4826  	-0.1864  	-0.1142  	-0.1099  	-0.2997  	0.30077  	0.32485  	-0.0518  	0.29452  	0.24785  	0.14733  	-0.0192  	-0.2093  	0.29355  	-0.0436  	0.03265  	0.00803  	-0.0274  	-0.0890  	-0.0529  	0.03063  	0.02813  	0.06880  	-0.0325  	0.00953  	0.01449  	-0.0042  	0.02292  	0.00715  	-0.0255  	0.03192  	0.00135  	-0.0375  	0.02984  	0.00095  	-0.0018  	0.03447  	-0.0140  	-0.0074  	-0.0267  	0.03628  	-0.0031  	0.02322  	-0.2291  	
0.22020  	0.05021  	0.06896  	0.97173  	0.19413  	0.67817  	0.09370  	-0.6718  	0.28113  	-0.0618  	0.08490  	0.43775  	0.05244  	-0.4968  	-1.0563  	1.09575  	-0.1413  	0.35062  	-0.2861  	0.55961  	0.03959  	-0.1255  	-0.7493  	0.42972  	-0.1293  	-0.2048  	-0.5091  	-0.2001  	-0.1254  	-0.1455  	-0.2923  	0.30084  	0.32975  	-0.0721  	0.28958  	0.24775  	0.16854  	-0.0101  	-0.2377  	0.31038  	-0.0123  	0.02031  	0.03231  	-0.0219  	-0.0993  	-0.0595  	0.03795  	0.02025  	0.07269  	-0.0276  	0.01199  	0.01035  	-0.0018  	0.02380  	0.00879  	-0.0267  	0.03483  	0.00240  	-0.0376  	0.04058  	-0.0049  	-0.0024  	0.03025  	-0.0144  	-0.0074  	-0.0267  	0.03628  	-0.0031  	0.02322  	-0.2291  	
0.08749  	0.01117  	0.01163  	0.89084  	0.20065  	0.60726  	0.11156  	-0.7163  	0.25570  	-0.0313  	0.10279  	0.44307  	0.05182  	-0.5363  	-1.1491  	1.04327  	-0.1458  	0.34974  	-0.3177  	0.56656  	0.00645  	-0.1261  	-0.7524  	0.41216  	-0.1476  	-0.2049  	-0.4969  	-0.1534  	-0.1335  	-0.1682  	-0.2755  	0.28710  	0.33420  	-0.0754  	0.27765  	0.25587  	0.18434  	-0.0212  	-0.2524  	0.30684  	0.00732  	0.03078  	0.02250  	-0.0172  	-0.1071  	-0.0593  	0.05192  	0.01113  	0.06119  	-0.0271  	0.00855  	0.00987  	-0.0057  	0.02188  	0.00911  	-0.0342  	0.03479  	0.00285  	-0.0367  	0.03986  	0.00338  	-0.0004  	0.03743  	-0.0063  	-0.0074  	-0.0267  	0.03628  	-0.0031  	0.02322  	-0.2291  	
-0.2071  	-0.0385  	-0.0765  	0.57575  	0.07184  	0.43865  	0.13652  	-0.7964  	0.22399  	-0.0031  	0.26968  	0.38810  	-0.0348  	-0.7418  	-1.3558  	1.00497  	-0.1554  	0.37816  	-0.2947  	0.62908  	-0.0421  	-0.1693  	-0.7560  	0.41041  	-0.1501  	-0.1874  	-0.5117  	-0.1154  	-0.1398  	-0.1971  	-0.2471  	0.28681  	0.32797  	-0.0674  	0.25500  	0.32271  	0.17112  	-0.0125  	-0.2724  	0.32656  	0.00902  	0.02438  	0.01237  	-0.0061  	-0.0991  	-0.0662  	0.04893  	-0.0027  	0.06091  	-0.0278  	0.01377  	0.01122  	-0.0059  	0.03079  	0.01017  	-0.0389  	0.03763  	0.00316  	-0.0291  	0.03104  	-0.0050  	0.00409  	0.04109  	-0.0116  	-0.0074  	-0.0267  	0.03628  	-0.0031  	0.02322  	-0.2291  	
-0.3621  	-0.1094  	-0.1784  	0.46457  	-0.0120  	0.36892  	0.07122  	-0.8509  	0.15047  	-0.0144  	0.30459  	0.34543  	-0.1175  	-0.9200  	-1.4677  	0.96482  	-0.1254  	0.41988  	-0.2779  	0.61883  	-0.0903  	-0.2088  	-0.7312  	0.36370  	-0.1621  	-0.1822  	-0.5316  	-0.0895  	-0.0882  	-0.1959  	-0.2480  	0.28331  	0.28081  	-0.0757  	0.19855  	0.34282  	0.14682  	-0.0171  	-0.2426  	0.29511  	0.02805  	0.01876  	-0.0033  	-0.0150  	-0.0875  	-0.0617  	0.05137  	-0.0190  	0.04083  	-0.0217  	0.01124  	0.01416  	0.00195  	0.02187  	0.00888  	-0.0432  	0.04570  	0.00612  	-0.0373  	0.03395  	0.00223  	-0.0044  	0.04255  	-0.0031  	-0.0074  	-0.0267  	0.03628  	-0.0031  	0.02322  	-0.2291  	
-0.2635  	-0.0856  	-0.1493  	0.65385  	0.08132  	0.44946  	0.02929  	-0.8331  	0.20107  	-0.0519  	0.17006  	0.44528  	-0.0574  	-0.8049  	-1.3014  	0.96216  	-0.1049  	0.37452  	-0.3182  	0.60478  	-0.1392  	-0.1935  	-0.7218  	0.35668  	-0.1779  	-0.1532  	-0.5873  	-0.0231  	-0.0368  	-0.1527  	-0.2276  	0.27820  	0.30607  	-0.0598  	0.18362  	0.32271  	0.08077  	-0.0371  	-0.2367  	0.29233  	0.02185  	0.01131  	0.02936  	-0.0136  	-0.0944  	-0.0663  	0.05305  	-0.0073  	0.05359  	-0.0261  	0.00850  	0.00849  	-0.0045  	0.01652  	0.01022  	-0.0438  	0.04377  	0.00683  	-0.0383  	0.02772  	0.00089  	-0.0012  	0.04713  	-0.0023  	-0.0074  	-0.0267  	0.03628  	-0.0031  	0.02322  	-0.2291  	
0.02122  	0.04232  	0.03761  	0.70875  	0.09334  	0.55848  	0.07163  	-0.7506  	0.23465  	-0.0287  	0.21912  	0.49106  	-0.0302  	-0.6973  	-1.2998  	1.11738  	-0.1491  	0.34783  	-0.2653  	0.60195  	0.05645  	-0.2001  	-0.7884  	0.38608  	-0.2066  	-0.1879  	-0.5077  	-0.1987  	-0.2260  	-0.1946  	-0.2677  	0.31325  	0.33518  	-0.0663  	0.29455  	0.30489  	0.22499  	0.02344  	-0.2813  	0.28176  	0.02248  	0.03442  	0.00975  	-0.0139  	-0.0963  	-0.0629  	0.04603  	-0.0005  	0.05611  	-0.0286  	0.00355  	0.01303  	-0.0048  	0.02757  	0.00975  	-0.0322  	0.03367  	0.00556  	-0.0363  	0.03008  	0.00205  	0.00167  	0.03816  	-0.0132  	-0.0074  	-0.0267  	0.03628  	-0.0031  	0.02322  	-0.2291  	
0.02287  	0.00362  	0.03724  	0.69043  	0.09828  	0.53140  	0.06119  	-0.7588  	0.23094  	0.02696  	0.28115  	0.45630  	-0.0559  	-0.7584  	-1.3902  	1.14735  	-0.1669  	0.38003  	-0.2627  	0.60520  	0.01148  	-0.2092  	-0.8128  	0.40075  	-0.1921  	-0.2033  	-0.5128  	-0.1790  	-0.2027  	-0.1977  	-0.2738  	0.32236  	0.32898  	-0.0755  	0.31130  	0.32465  	0.20915  	-1.7341  	-0.2859  	0.30158  	0.01166  	0.02991  	0.01661  	-0.0159  	-0.0915  	-0.0620  	0.04915  	0.00343  	0.06168  	-0.0259  	0.00988  	0.01318  	-0.0013  	0.02607  	0.01171  	-0.0336  	0.03828  	0.00444  	-0.0399  	0.03505  	0.00155  	-0.0055  	0.03810  	-0.0078  	-0.0074  	-0.0267  	0.03628  	-0.0031  	0.02322  	-0.2291  	
8.18445  	-0.0376  	0.00531  	0.62939  	0.07905  	0.52647  	0.06543  	-0.8093  	0.22365  	0.06243  	0.32047  	0.41991  	-0.0791  	-0.8216  	-1.5188  	1.17386  	-0.1715  	0.39468  	-0.2709  	0.63730  	-0.0265  	-0.2225  	-0.8302  	0.38185  	-0.1549  	-0.2045  	-0.4929  	-0.1319  	-0.1943  	-0.1932  	-0.2725  	0.33305  	0.31846  	-0.0710  	0.29747  	0.36957  	0.20634  	-6.0193  	-0.2817  	0.29293  	-0.0031  	0.02981  	0.02427  	-0.0216  	-0.0897  	-0.0585  	0.04785  	0.00158  	0.06385  	-0.0295  	0.02176  	0.01152  	-0.0001  	0.02728  	0.01238  	-0.0339  	0.04258  	0.00470  	-0.0355  	0.03271  	-0.0041  	-0.0047  	0.04338  	-0.0051  	-0.0074  	-0.0267  	0.03628  	-0.0031  	0.02322  	-0.2291  	
-0.0970  	-0.0510  	-0.0238  	0.50472  	0.00070  	0.48164  	0.07328  	-0.8583  	0.20913  	0.06611  	0.33712  	0.40169  	-0.0920  	-0.8537  	-1.6316  	1.15872  	-0.1577  	0.41804  	-0.2701  	0.66498  	-0.0972  	-0.2283  	-0.8334  	0.33434  	-0.1481  	-0.1931  	-0.5655  	-0.0697  	-0.1309  	-0.2014  	-0.2565  	0.31098  	0.31176  	-0.0617  	0.23509  	0.40384  	0.17272  	-0.0145  	-0.2508  	0.28655  	0.04305  	0.02218  	0.03344  	-0.0261  	-0.0901  	-0.0567  	0.04399  	0.00568  	0.05772  	-0.0259  	0.01991  	0.01221  	-0.0029  	0.02878  	0.01418  	-0.0375  	0.04465  	0.00653  	-0.0390  	0.03366  	-0.0034  	-0.0016  	0.04019  	-0.0045  	-0.0074  	-0.0267  	0.03628  	-0.0031  	0.02322  	-0.2291  	
-0.2351  	-0.0620  	-0.1124  	0.46023  	-0.0051  	0.39656  	0.07593  	-0.8822  	0.19343  	0.09432  	0.29952  	0.37905  	-0.1355  	-0.8560  	-1.6391  	1.06074  	-0.1321  	0.41476  	-0.2714  	0.63940  	-0.1273  	-0.2486  	-0.7994  	0.33741  	-0.1322  	-0.1841  	-0.5773  	-0.0585  	-0.0870  	-0.1800  	-0.2626  	0.29941  	0.27843  	-0.0793  	0.20280  	0.40585  	0.13915  	-0.0217  	-0.2474  	0.30161  	0.05442  	0.02877  	0.01981  	-0.0146  	-0.0900  	-0.0584  	0.04080  	-0.0088  	0.04800  	-0.0332  	0.01650  	0.01559  	-0.0040  	0.02819  	0.01542  	-0.0406  	0.04804  	0.00550  	-0.0373  	0.02818  	0.00040  	0.00301  	0.04456  	-0.0060  	-0.0074  	-0.0267  	0.03628  	-0.0031  	0.02322  	-0.2291  	
-0.3689  	-0.1014  	-0.1524  	0.34072  	-0.1102  	0.36955  	0.05934  	-0.8766  	0.15242  	-0.0052  	0.35923  	0.29449  	-0.1469  	-0.9401  	-1.5287  	0.99287  	-0.1014  	0.35564  	-0.2455  	0.58157  	-0.0766  	-0.2236  	-0.7234  	0.39379  	-0.1193  	-0.1756  	-0.4897  	-0.1586  	-0.1408  	-0.1919  	-0.2536  	0.32951  	0.27521  	-0.0742  	0.19874  	0.38460  	0.21180  	0.01099  	-0.2755  	0.25888  	0.06143  	0.02140  	0.01512  	-0.0251  	-0.0893  	-0.0577  	0.04891  	-0.0206  	0.04810  	-0.0250  	0.00754  	0.01562  	0.00613  	0.03106  	0.01433  	-0.0424  	0.03687  	0.00559  	-0.0305  	0.02956  	0.00310  	-0.0037  	0.03900  	-0.0054  	-0.0074  	-0.0267  	0.03628  	-0.0031  	0.02322  	-0.2291  	
-0.1197  	-0.0626  	-0.1140  	0.57674  	0.10636  	0.43997  	0.03416  	-0.8061  	0.20171  	-0.0146  	0.26058  	0.37166  	-0.0648  	-0.8183  	-1.2194  	0.97846  	-0.1043  	0.24445  	-0.3078  	0.52577  	0.06494  	-0.1892  	-0.6517  	0.51650  	-0.2280  	-0.1576  	-0.3820  	-0.3264  	-0.3467  	-0.2132  	-0.2432  	0.35597  	0.31903  	-0.0931  	0.32881  	0.23571  	0.27509  	-0.0003  	-0.3537  	0.30893  	-0.0029  	0.03498  	-0.0057  	-0.0189  	-0.0957  	-0.0573  	0.05635  	-0.0170  	0.05390  	-0.0264  	-0.0071  	0.01052  	-0.0105  	0.02840  	-0.0002  	-0.0402  	0.02758  	0.00156  	-0.0410  	0.02457  	0.00632  	-0.0027  	0.03389  	-0.0179  	-0.0074  	-0.0267  	0.03628  	-0.0031  	0.02322  	-0.2291  	
0.14305  	0.02590  	0.10815  	0.72015  	0.10115  	0.61228  	0.05861  	-0.6446  	0.24353  	-0.0218  	0.07526  	0.35995  	0.08542  	-0.4786  	-1.1369  	1.02676  	-0.0965  	0.32090  	-0.2782  	0.47663  	0.01949  	-0.1573  	-0.6783  	0.40822  	-0.1537  	-0.1863  	-0.4535  	-0.2893  	-0.2158  	-0.1640  	-0.2310  	0.31143  	0.32556  	-0.0851  	0.29973  	0.24403  	0.21262  	-0.0097  	-0.2489  	0.28315  	-0.0100  	0.02331  	0.04724  	-0.0136  	-0.1179  	-0.0533  	0.04342  	0.01721  	0.06431  	-0.0205  	0.00119  	0.01459  	-0.0058  	0.02951  	0.00634  	-0.0293  	0.02572  	-0.0013  	-0.0408  	0.03200  	0.00606  	0.01245  	0.03894  	-0.0155  	-0.0074  	-0.0267  	0.03628  	-0.0031  	0.02322  	-0.2291  	
-0.0288  	0.02211  	-0.0163  	0.66855  	0.12563  	0.46655  	0.11001  	-0.7452  	0.20919  	0.04515  	0.21724  	0.36249  	0.04137  	-0.5128  	-1.2598  	0.95339  	-0.1488  	0.30593  	-0.2798  	0.56432  	-0.0007  	-0.1833  	-0.7473  	0.36428  	-0.0879  	-0.2013  	-0.4433  	-0.2771  	-0.2532  	-0.1675  	-0.2405  	0.29480  	0.34452  	-0.0719  	0.30169  	0.26352  	0.23490  	-0.0015  	-0.2630  	0.30367  	-0.0040  	0.04112  	0.02434  	-0.0195  	-0.0930  	-0.0615  	0.04027  	0.00022  	0.06089  	-0.0220  	-0.0001  	0.00683  	-0.0133  	0.03096  	0.00697  	-0.0364  	0.03606  	0.00411  	-0.0478  	0.02711  	0.00697  	0.00852  	0.04086  	-0.0138  	-0.0074  	-0.0267  	0.03628  	-0.0031  	0.02322  	-0.2291  	
-0.5073  	-0.1264  	-0.3002  	0.33577  	-0.0339  	0.20340  	0.05103  	-0.8761  	0.17066  	0.10033  	0.44577  	0.39017  	-0.1071  	-0.8855  	-1.5191  	0.85582  	-0.1265  	0.38056  	-0.2790  	0.61010  	-0.0518  	-0.2348  	-0.7543  	0.34839  	-0.2139  	-0.1563  	-0.5178  	-0.1134  	-0.1419  	-0.2054  	-0.2447  	0.29173  	0.30847  	-0.0675  	0.20714  	0.34888  	0.11622  	-0.0173  	-0.2518  	0.30041  	0.00891  	0.01799  	-0.0107  	-0.0428  	-0.0788  	-0.0636  	0.05538  	-0.0396  	0.03781  	-0.0161  	0.00472  	0.01057  	-0.0012  	0.03631  	0.00914  	-0.0432  	0.03432  	0.00100  	-0.0372  	0.03823  	0.00081  	0.00419  	0.03981  	-0.0084  	-0.0074  	-0.0267  	0.03628  	-0.0031  	0.02322  	-0.2291  	
-0.5340  	-0.1251  	-0.1990  	0.20245  	-0.1258  	0.20148  	0.05843  	-0.8455  	0.13125  	0.09607  	0.45717  	0.32110  	-0.0860  	-1.0345  	-1.6118  	0.82022  	-0.0204  	0.25312  	-0.2050  	0.36999  	-0.0878  	-0.4634  	-0.9527  	0.30468  	-0.2364  	-0.0433  	-0.6210  	-0.1263  	0.02905  	-0.2416  	-0.1130  	0.22388  	0.18398  	-0.2400  	0.02721  	0.35259  	0.02783  	-0.0160  	-0.3372  	0.19233  	0.16128  	0.14821  	-0.0961  	0.06223  	-0.1475  	-0.0363  	0.02691  	0.00226  	0.02419  	-0.0301  	0.00144  	0.01911  	-0.0007  	0.04701  	0.01328  	-0.0498  	0.03737  	-0.0039  	-0.0354  	0.04288  	0.00944  	-0.0043  	0.02265  	-0.0111  	-0.0074  	-0.0267  	0.03628  	-0.0031  	0.02322  	-0.2291  	
-0.5130  	-0.1066  	-0.1496  	0.32784  	-0.0844  	0.22950  	0.02310  	-0.7965  	0.15352  	0.02169  	0.37502  	0.36310  	-0.0338  	-1.0885  	-1.5239  	0.82960  	0.06227  	0.11119  	-0.1452  	0.14322  	-0.0956  	-0.6210  	-1.1208  	0.28562  	-0.3131  	0.05557  	-0.6476  	-0.1717  	0.14123  	-0.2443  	-0.0066  	0.18502  	0.11336  	-0.3710  	-0.0854  	0.31719  	-0.0829  	-0.0237  	-0.4104  	0.13492  	0.22949  	0.25217  	-0.1643  	0.13875  	-0.2056  	-0.0278  	0.00830  	0.03860  	0.02195  	-0.0472  	0.01517  	0.02263  	-0.0048  	0.05720  	0.02673  	-0.0492  	0.03059  	-0.0164  	-0.0355  	0.04289  	0.01564  	-0.0009  	0.01122  	-0.0026  	-0.0074  	-0.0267  	0.03628  	-0.0031  	0.02322  	-0.2291  	
-0.4457  	-0.1014  	-0.1591  	0.41170  	-0.0442  	0.20576  	-0.0124  	-0.7570  	0.14795  	0.01285  	0.35350  	0.40916  	-0.0155  	-1.1126  	-1.4452  	0.84815  	0.07687  	0.07701  	-0.1103  	0.07567  	-0.0478  	-0.6697  	-1.1840  	0.29295  	-0.3370  	0.05893  	-0.6275  	-0.2381  	0.12635  	-0.2316  	0.00346  	0.18455  	0.09684  	-0.4013  	-0.0575  	0.29329  	-0.0733  	-0.0215  	-0.4606  	0.12510  	0.23957  	0.27960  	-0.2008  	0.15510  	-0.2165  	-0.0169  	0.00281  	0.03986  	0.02676  	-0.0540  	0.01386  	0.02143  	-0.0043  	0.06168  	0.02692  	-0.0476  	0.03336  	-0.0169  	-0.0340  	0.04277  	0.01225  	-0.0062  	0.00564  	-0.0028  	-0.0074  	-0.0267  	0.03628  	-0.0031  	0.02322  	-0.2291  	
-0.4371  	-0.1027  	-0.1747  	0.50050  	0.02765  	0.18128  	0.01729  	-0.8031  	0.12420  	0.04467  	0.34195  	0.42522  	-0.0301  	-1.0843  	-1.4581  	0.84265  	0.03111  	0.10913  	-0.1403  	0.15580  	-0.1006  	-0.6272  	-1.2050  	0.27827  	-0.2843  	0.02397  	-0.6248  	-0.1708  	0.14669  	-0.2083  	-0.0201  	0.19087  	0.11677  	-0.3651  	-0.0137  	0.33427  	-0.1027  	-0.0327  	-0.4174  	0.14537  	0.21262  	0.26207  	-0.1992  	0.13321  	-0.1953  	-0.0258  	0.00340  	0.03399  	0.02801  	-0.0526  	0.01958  	0.02352  	0.00184  	0.05467  	0.02351  	-0.0477  	0.04126  	-0.0132  	-0.0323  	0.04590  	0.01409  	-0.0063  	0.01390  	-0.0010  	-0.0074  	-0.0267  	0.03628  	-0.0031  	0.02322  	-0.2291  	
-0.0963  	-0.0066  	-0.1255  	0.93561  	0.26855  	0.47990  	0.04898  	-0.7309  	0.16363  	-0.0726  	0.09708  	0.51681  	0.06393  	-0.7458  	-1.1296  	0.98852  	-0.0518  	0.20630  	-0.2331  	0.42742  	-0.1006  	-0.3918  	-1.1499  	0.35895  	-0.1179  	-0.0847  	-0.5343  	-0.0595  	0.09848  	-0.1141  	-0.1756  	0.22451  	0.20853  	-0.2068  	0.19043  	0.32661  	-0.0485  	-0.0565  	-0.3377  	0.27216  	0.04338  	0.16881  	-0.1318  	0.04389  	-0.1521  	-0.0356  	0.01787  	0.03277  	0.03857  	-0.0458  	0.02330  	0.01424  	-0.0012  	0.04071  	0.01010  	-0.0350  	0.04766  	-0.0081  	-0.0342  	0.04940  	0.00151  	-0.0085  	0.02186  	-0.0099  	-0.0074  	-0.0267  	0.03628  	-0.0031  	0.02322  	-0.2291  	
-0.0088  	0.03645  	-0.1345  	1.01675  	0.29020  	0.56804  	0.12165  	-0.7409  	0.21251  	-0.0771  	-0.0030  	0.50652  	0.04922  	-0.5923  	-1.0743  	1.03843  	-0.1735  	0.37631  	-0.3073  	0.70169  	-0.1754  	-0.1482  	-0.8925  	0.32218  	-0.0602  	-0.2004  	-0.5427  	0.06057  	0.01211  	-0.0829  	-0.2991  	0.27864  	0.31682  	-0.0445  	0.25564  	0.33547  	0.02385  	-0.0616  	-0.1937  	0.35963  	-0.0363  	0.03011  	-0.0025  	-0.0281  	-0.0973  	-0.0496  	0.02925  	0.02697  	0.06049  	-0.0324  	0.01950  	0.00793  	-0.0005  	0.02299  	-0.0012  	-0.0277  	0.04671  	-0.0001  	-0.0365  	0.03991  	-0.0048  	-0.0031  	0.03490  	-0.0173  	-0.0074  	-0.0267  	0.03628  	-0.0031  	0.02322  	-0.2291  	
0.09989  	0.01766  	-0.1265  	1.09549  	0.34989  	0.59347  	0.12391  	-0.7542  	0.21266  	-0.0559  	-0.0936  	0.41665  	0.07928  	-0.5392  	-0.9481  	1.00089  	-0.1714  	0.35756  	-0.2954  	0.64235  	-0.1842  	-0.0904  	-0.8985  	0.37046  	0.02011  	-0.2183  	-0.4919  	0.01815  	0.03613  	-0.0434  	-0.2933  	0.29080  	0.30867  	-0.0509  	0.27727  	0.31773  	0.04917  	-0.0664  	-0.1992  	0.33568  	-0.0506  	0.04699  	-0.0061  	-0.0214  	-0.1020  	-0.0540  	0.03888  	0.01465  	0.07648  	-0.0398  	0.00959  	0.01038  	-0.0003  	0.02615  	0.00544  	-0.0350  	0.04109  	0.00093  	-0.0332  	0.03402  	-0.0004  	-0.0035  	0.03487  	-0.0200  	-0.0074  	-0.0267  	0.03628  	-0.0031  	0.02322  	-0.2291  	
0.11754  	0.00416  	-0.0925  	1.15085  	0.33856  	0.64038  	0.08217  	-0.7456  	0.23148  	-0.0524  	-0.1103  	0.43282  	0.09832  	-0.5198  	-0.8819  	0.99637  	-0.1524  	0.37068  	-0.2999  	0.62199  	-0.1433  	-0.1007  	-0.8594  	0.34940  	-0.0223  	-0.2067  	-0.5214  	-0.0469  	0.02622  	-0.0605  	-0.2933  	0.27438  	0.30800  	-0.0494  	0.25121  	0.27992  	0.05790  	-0.0525  	-0.1808  	0.33067  	-0.0328  	0.02965  	0.01988  	-0.0135  	-0.0927  	-0.0581  	0.03969  	0.00930  	0.06866  	-0.0251  	0.00991  	0.01398  	-0.0016  	0.03359  	0.01604  	-0.0322  	0.03522  	-0.0039  	-0.0379  	0.03748  	-0.0032  	-0.0023  	0.03625  	-0.0159  	-0.0074  	-0.0267  	0.03628  	-0.0031  	0.02322  	-0.2291  	
0.05341  	0.00097  	-0.0610  	0.96822  	0.27065  	0.60254  	0.11139  	-0.7097  	0.21648  	-0.0878  	-0.0146  	0.43298  	0.04662  	-0.5994  	-1.0942  	1.04156  	-0.1477  	0.35506  	-0.3235  	0.56412  	-0.0739  	-0.1231  	-0.8155  	0.42414  	-0.1264  	-0.2069  	-0.4670  	-0.0640  	-0.0350  	-0.1384  	-0.3266  	0.29645  	0.31521  	-0.0690  	0.27471  	0.29452  	0.13597  	-0.0474  	-0.2366  	0.32861  	-0.0375  	0.05094  	0.01806  	-0.0012  	-0.1043  	-0.0640  	0.04711  	0.00544  	0.07333  	-0.0271  	0.00702  	0.01108  	-0.0093  	0.03053  	0.01401  	-0.0342  	0.04287  	0.00403  	-0.0330  	0.03116  	-0.0028  	0.00186  	0.04308  	-0.0087  	-0.0074  	-0.0267  	0.03628  	-0.0031  	0.02322  	-0.2291  	
-0.1902  	-0.0944  	-0.0916  	0.50537  	-0.0142  	0.42190  	0.10481  	-0.8788  	0.17947  	0.01933  	0.35007  	0.34134  	-0.0975  	-0.9050  	-1.5656  	1.05983  	-0.1680  	0.38795  	-0.2956  	0.65497  	-0.1488  	-0.2187  	-0.8167  	0.40688  	-0.1551  	-0.1649  	-0.5309  	-0.0666  	-0.1225  	-0.1977  	-0.2493  	0.30117  	0.28679  	-0.0795  	0.24849  	0.38559  	0.13494  	-0.0356  	-0.2586  	0.32677  	0.01698  	0.03852  	0.00922  	-0.0298  	-0.0911  	-0.0564  	0.04315  	-0.0007  	0.05739  	-0.0249  	0.02239  	0.01493  	-0.0027  	0.02491  	0.00667  	-0.0362  	0.04047  	0.00265  	-0.0359  	0.02664  	-0.0095  	0.00318  	0.05228  	-0.0075  	-0.0074  	-0.0267  	0.03628  	-0.0031  	0.02322  	-0.2291  	
-0.1707  	-0.0802  	-0.0899  	0.65698  	0.09020  	0.50275  	0.05121  	-0.8731  	0.18498  	-0.0314  	0.21573  	0.37333  	-0.1042  	-0.8804  	-1.4521  	1.08141  	-0.1117  	0.35707  	-0.2640  	0.60465  	-0.1160  	-0.2260  	-0.7861  	0.39275  	-0.1470  	-0.1805  	-0.4951  	-0.0863  	-0.1280  	-0.1421  	-0.2742  	0.33307  	0.28120  	-0.0805  	0.22822  	0.38554  	0.17456  	-0.0066  	-0.2714  	0.29700  	0.00491  	0.02889  	0.01124  	-0.0138  	-0.0943  	-0.0578  	0.04323  	0.00064  	0.05096  	-0.0332  	0.01314  	0.01200  	0.00090  	0.02217  	0.01369  	-0.0391  	0.04639  	0.00358  	-0.0329  	0.03163  	-0.0038  	-0.0147  	0.04310  	-0.0095  	-0.0074  	-0.0267  	0.03628  	-0.0031  	0.02322  	-0.2291  	
-0.0506  	-0.0077  	-0.0365  	0.67870  	0.08973  	0.52659  	0.09810  	-0.7834  	0.22938  	-0.0257  	0.14111  	0.43350  	-0.0177  	-0.7195  	-1.3410  	1.07405  	-0.1218  	0.39587  	-0.2619  	0.62385  	-0.0553  	-0.1970  	-0.7767  	0.36921  	-0.1610  	-0.1923  	-0.5182  	-0.1127  	-0.1066  	-0.1709  	-0.2668  	0.30452  	0.33605  	-0.0674  	0.23012  	0.31613  	0.13981  	-0.0039  	-0.2489  	0.32093  	0.01928  	0.02863  	0.02046  	-0.0120  	-0.0979  	-0.0622  	0.04588  	-0.0008  	0.06186  	-0.0320  	0.00584  	0.01486  	-0.0062  	0.02772  	0.01473  	-0.0299  	0.03948  	-0.0006  	-0.0339  	0.03180  	0.00909  	-0.0029  	0.03834  	-0.0118  	-0.0074  	-0.0267  	0.03628  	-0.0031  	0.02322  	-0.2291  	
-0.2388  	-0.0413  	-0.1352  	0.56876  	0.05900  	0.38817  	0.08662  	-0.8606  	0.20861  	0.02111  	0.18809  	0.38526  	-0.0252  	-0.7344  	-1.4257  	0.95634  	-0.1355  	0.42702  	-0.3000  	0.65271  	-0.2001  	-0.2011  	-0.7799  	0.31703  	-0.1318  	-0.1642  	-0.6023  	0.02245  	0.00954  	-0.1735  	-0.2521  	0.27472  	0.32977  	-0.0632  	0.17084  	0.36818  	0.03218  	-0.0545  	-0.2116  	0.32616  	0.03842  	0.02232  	0.03643  	-0.0268  	-0.0949  	-0.0672  	0.05025  	-0.0033  	0.05418  	-0.0325  	0.00916  	0.01201  	-0.0009  	0.02483  	0.01178  	-0.0377  	0.04132  	0.00091  	-0.0357  	0.03491  	0.00505  	0.00529  	0.03912  	-0.0032  	-0.0074  	-0.0267  	0.03628  	-0.0031  	0.02322  	-0.2291  	
-0.3207  	-0.0871  	-0.1510  	0.48708  	-0.0158  	0.40639  	0.07761  	-0.8578  	0.17997  	0.00411  	0.28429  	0.34077  	-0.0834  	-0.8537  	-1.4717  	0.96778  	-0.1233  	0.39673  	-0.2873  	0.61149  	-0.1046  	-0.1917  	-0.7348  	0.34204  	-0.1458  	-0.1737  	-0.5609  	-0.0898  	-0.0800  	-0.1928  	-0.2411  	0.29108  	0.28814  	-0.0738  	0.17702  	0.35356  	0.13639  	-0.0096  	-0.2414  	0.29493  	0.05832  	0.01389  	0.03208  	-0.0182  	-0.0921  	-0.0606  	0.05133  	-0.0157  	0.04851  	-0.0292  	0.01529  	0.01445  	-0.0027  	0.02697  	0.01400  	-0.0378  	0.04123  	0.00501  	-0.0365  	0.03241  	0.00412  	0.00201  	0.03971  	-0.0090  	-0.0074  	-0.0267  	0.03628  	-0.0031  	0.02322  	-0.2291  	
-0.4030  	-0.1174  	-0.1720  	0.42079  	-0.0701  	0.34964  	0.03669  	-0.8720  	0.16696  	-0.0198  	0.26824  	0.33714  	-0.1127  	-0.9478  	-1.4954  	0.95961  	-0.0845  	0.38914  	-0.2866  	0.58787  	-0.1786  	-0.1983  	-0.6711  	0.30672  	-0.1671  	-0.1500  	-0.5885  	-0.0362  	-0.0597  	-0.1820  	-0.2212  	0.28235  	0.27419  	-0.0628  	0.10487  	0.35951  	0.10952  	-0.0049  	-0.2401  	0.27881  	0.08070  	0.00994  	0.03739  	-0.0072  	-0.0931  	-0.0644  	0.05109  	-0.0151  	0.04865  	-0.0255  	-0.0024  	0.01625  	-0.0032  	0.03138  	0.01127  	-0.0453  	0.04196  	0.00262  	-0.0346  	0.02696  	0.00560  	0.00263  	0.04444  	-0.0085  	-0.0074  	-0.0267  	0.03628  	-0.0031  	0.02322  	-0.2291  	
-0.2711  	-0.0926  	-0.1609  	0.55112  	0.03337  	0.41258  	0.03822  	-0.8449  	0.19199  	-0.0172  	0.24301  	0.40347  	-0.0608  	-0.8660  	-1.4389  	0.99116  	-0.1189  	0.40472  	-0.2904  	0.63701  	-0.1475  	-0.2355  	-0.7513  	0.32407  	-0.1904  	-0.1529  	-0.5865  	-0.0015  	-0.0477  	-0.1856  	-0.2364  	0.29344  	0.31117  	-0.0681  	0.16734  	0.35660  	0.10181  	-0.0085  	-0.2556  	0.29016  	0.03737  	0.01725  	0.02830  	-0.0210  	-0.1034  	-0.0652  	0.04462  	-0.0040  	0.04849  	-0.0344  	0.00499  	0.01306  	-0.0021  	0.02497  	0.01324  	-0.0408  	0.04481  	0.00108  	-0.0338  	0.03001  	0.00155  	-0.0040  	0.04150  	-0.0051  	-0.0074  	-0.0267  	0.03628  	-0.0031  	0.02322  	-0.2291  	
-0.1582  	-0.0337  	-0.0630  	0.58266  	0.06501  	0.42999  	0.08050  	-0.8334  	0.21816  	0.03732  	0.24804  	0.44611  	-0.0499  	-0.7841  	-1.4781  	1.08754  	-0.1564  	0.43604  	-0.2902  	0.67313  	-0.1603  	-0.2307  	-0.8212  	0.29164  	-0.2242  	-0.1767  	-0.6513  	0.00367  	-0.0385  	-0.1937  	-0.2469  	0.28603  	0.33062  	-0.0532  	0.19116  	0.38818  	0.08448  	-0.0242  	-0.2301  	0.31757  	0.05749  	0.01887  	0.02199  	-0.0282  	-0.1077  	-0.0624  	0.04567  	0.00880  	0.05767  	-0.0273  	0.01022  	0.00997  	-0.0044  	0.02541  	0.01609  	-0.0369  	0.04138  	0.00457  	-0.0357  	0.03149  	-0.0028  	0.00056  	0.03955  	-0.0075  	-0.0074  	-0.0267  	0.03628  	-0.0031  	0.02322  	-0.2291  	
-0.1133  	-0.0691  	-0.0054  	0.49223  	-0.0184  	0.41225  	0.10627  	-0.8507  	0.19726  	0.11190  	0.28547  	0.38958  	-0.0483  	-0.8104  	-1.5674  	1.08307  	-0.1741  	0.46040  	-0.2886  	0.71920  	-0.2411  	-0.2480  	-0.8482  	0.27868  	-0.1892  	-0.1796  	-0.6718  	0.03265  	-0.0268  	-0.1874  	-0.2428  	0.28671  	0.32039  	-0.0637  	0.17312  	0.41765  	0.06789  	-0.0395  	-0.2173  	0.32781  	0.06427  	0.01525  	0.03228  	-0.0185  	-0.1084  	-0.0610  	0.05220  	0.01196  	0.05887  	-0.0309  	0.01933  	0.01372  	-0.0041  	0.02054  	0.01353  	-0.0413  	0.04133  	0.00817  	-0.0421  	0.02851  	0.00037  	-0.0026  	0.04887  	-0.0088  	-0.0074  	-0.0267  	0.03628  	-0.0031  	0.02322  	-0.2291  	
-0.3053  	-0.1029  	-0.1305  	0.38230  	-0.0886  	0.33033  	0.08793  	-0.8885  	0.17728  	0.09573  	0.34280  	0.31767  	-0.1032  	-0.8850  	-1.6293  	1.02336  	-0.1584  	0.39701  	-0.2829  	0.65266  	-0.1668  	-0.2513  	-0.7965  	0.34932  	-0.1555  	-0.1663  	-0.5846  	-0.0348  	-0.0361  	-0.1998  	-0.2318  	0.29191  	0.29516  	-0.0866  	0.18195  	0.42227  	0.12033  	-0.0413  	-0.2517  	0.30550  	0.05856  	0.02495  	0.01463  	-0.0138  	-0.0890  	-0.0563  	0.05077  	-0.0018  	0.04995  	-0.0215  	0.01341  	0.01359  	-0.0014  	0.02266  	0.01063  	-0.0434  	0.04289  	0.01018  	-0.0344  	0.02879  	-0.0020  	-0.0073  	0.04746  	-0.0040  	-0.0074  	-0.0267  	0.03628  	-0.0031  	0.02322  	-0.2291  	
-0.0383  	-0.0478  	-0.0803  	0.63814  	0.13323  	0.44479  	0.01250  	-0.7765  	0.19239  	-0.0746  	0.20017  	0.42095  	-0.0149  	-0.7088  	-1.1145  	0.98841  	-0.1002  	0.27906  	-0.3172  	0.51680  	0.05459  	-0.1742  	-0.6811  	0.51513  	-0.2451  	-0.1602  	-0.3675  	-0.3300  	-0.3389  	-0.1935  	-0.2467  	0.34775  	0.32008  	-0.0989  	0.36342  	0.22300  	0.28437  	0.00932  	-0.3687  	0.31510  	-0.0294  	0.04861  	5.96153  	-0.0318  	-0.1029  	-0.0626  	0.05259  	-0.0117  	0.06555  	-0.0360  	-0.0028  	0.01070  	-0.0140  	0.02500  	0.00350  	-0.0311  	0.02970  	-0.0127  	-0.0347  	0.02864  	0.00213  	0.00675  	0.03205  	-0.0162  	-0.0074  	-0.0267  	0.03628  	-0.0031  	0.02322  	-0.2291  	
0.21522  	0.06113  	0.11057  	0.73785  	0.08610  	0.65737  	0.12129  	-0.6830  	0.24875  	-0.0542  	0.06240  	0.36181  	0.07977  	-0.4341  	-1.0054  	0.96349  	-0.1103  	0.29997  	-0.3092  	0.45680  	0.07557  	-0.1336  	-0.6807  	0.50890  	-0.1588  	-0.1854  	-0.3803  	-0.3539  	-0.2742  	-0.1806  	-0.2260  	0.33017  	0.31809  	-0.0810  	0.36704  	0.22893  	0.26869  	-0.0027  	-0.2813  	0.29283  	-0.0334  	0.02786  	0.02790  	-0.0247  	-0.1069  	-0.0568  	0.03617  	0.01254  	0.06793  	-0.0212  	0.01172  	0.01388  	-0.0075  	0.02028  	0.00455  	-0.0204  	0.02410  	0.00018  	-0.0445  	0.03490  	0.00636  	0.01965  	0.03444  	-0.0125  	-0.0074  	-0.0267  	0.03628  	-0.0031  	0.02322  	-0.2291  	
0.20779  	0.05287  	0.14232  	0.77282  	0.06844  	0.63928  	0.09893  	-0.6432  	0.27533  	-0.0406  	0.10289  	0.32348  	0.10135  	-0.4450  	-1.1026  	1.00793  	-0.1230  	0.27981  	-0.2747  	0.47844  	0.08495  	-0.1407  	-0.6736  	0.41057  	-0.1439  	-0.1984  	-0.4113  	-0.3210  	-0.2395  	-0.1522  	-0.2461  	0.31113  	0.33578  	-0.0814  	0.32222  	0.23477  	0.24848  	0.00663  	-0.2561  	0.26301  	-0.0089  	0.03152  	0.04145  	-0.0102  	-0.1084  	-0.0567  	0.04080  	0.02962  	0.07446  	-0.0229  	0.00128  	0.01111  	-0.0014  	0.02838  	0.01249  	-0.0331  	0.02887  	-0.0002  	-0.0416  	0.03137  	0.00391  	0.01404  	0.03587  	-0.0155  	-0.0074  	-0.0267  	0.03628  	-0.0031  	0.02322  	-0.2291  	
-0.0483  	0.02247  	-0.0252  	0.57086  	-0.0042  	0.40510  	0.09859  	-0.7468  	0.24773  	0.06072  	0.25589  	0.31148  	-0.0196  	-0.5873  	-1.2716  	0.97389  	-0.1174  	0.30778  	-0.3070  	0.56523  	0.03404  	-0.1784  	-0.7517  	0.40735  	-0.1241  	-0.1925  	-0.4386  	-0.3159  	-0.2374  	-0.1629  	-0.2410  	0.31765  	0.33438  	-0.0728  	0.30486  	0.28266  	0.24667  	-0.0062  	-0.2811  	0.27784  	-0.0065  	0.03660  	0.01152  	-0.0228  	-0.1080  	-0.0549  	0.04560  	0.00205  	0.05446  	-0.0245  	0.00482  	0.01063  	-0.0102  	0.02477  	0.00589  	-0.0290  	0.02925  	0.00617  	-0.0296  	0.03164  	0.00750  	0.00675  	0.03847  	-0.0142  	-0.0074  	-0.0267  	0.03628  	-0.0031  	0.02322  	-0.2291  	
-0.2641  	-0.0646  	-0.1479  	0.55133  	0.06530  	0.38326  	0.10749  	-0.7991  	0.21780  	0.01090  	0.29863  	0.38353  	-0.0693  	-0.7614  	-1.4514  	0.97362  	-0.1263  	0.37546  	-0.2945  	0.60931  	-0.0461  	-0.2123  	-0.7653  	0.41552  	-0.1825  	-0.1806  	-0.5343  	-0.1238  	-0.1361  	-0.1774  	-0.2343  	0.27464  	0.31940  	-0.0739  	0.25123  	0.29500  	0.16557  	-0.0350  	-0.2528  	0.29750  	0.01324  	0.03829  	0.00227  	-0.0285  	-0.0902  	-0.0575  	0.04602  	-0.0083  	0.05373  	-0.0234  	0.00954  	0.01193  	-0.0052  	0.03029  	0.00846  	-0.0394  	0.04489  	0.00655  	-0.0370  	0.03362  	-0.0015  	-0.0063  	0.03543  	-0.0057  	-0.0074  	-0.0267  	0.03628  	-0.0031  	0.02322  	-0.2291  	
-0.3679  	-0.1036  	-0.1805  	0.48069  	0.04422  	0.29871  	0.09211  	-0.8331  	0.20417  	0.04492  	0.33788  	0.44924  	-0.0697  	-0.8046  	-1.5195  	0.92267  	-0.1515  	0.42327  	-0.3103  	0.68059  	-0.1413  	-0.2247  	-0.7807  	0.31873  	-0.1898  	-0.1605  	-0.6019  	-0.0108  	-0.0701  	-0.1891  	-0.2300  	0.25299  	0.31228  	-0.0627  	0.16686  	0.35539  	0.09452  	-0.0273  	-0.2170  	0.29291  	0.03028  	0.02003  	0.01913  	-0.0268  	-0.0879  	-0.0628  	0.05831  	-0.0066  	0.05230  	-0.0211  	0.01056  	0.00949  	-0.0046  	0.02643  	0.01530  	-0.0434  	0.03668  	0.00970  	-0.0379  	0.03378  	-0.0034  	-0.0018  	0.04521  	-0.0065  	-0.0074  	-0.0267  	0.03628  	-0.0031  	0.02322  	-0.2291  	
-0.5114  	-0.1306  	-0.2642  	0.29276  	-0.0295  	0.21599  	0.07529  	-0.8550  	0.17679  	0.08279  	0.42567  	0.35471  	-0.1275  	-0.9193  	-1.5703  	0.91408  	-0.1153  	0.40423  	-0.2708  	0.63003  	-0.1201  	-0.2433  	-0.7298  	0.33688  	-0.1655  	-0.1484  	-0.5680  	-0.0589  	-0.0859  	-0.2075  	-0.2314  	0.26522  	0.29661  	-0.0756  	0.15695  	0.34940  	0.12664  	-0.0266  	-0.2354  	0.28926  	0.05774  	0.01573  	0.00292  	-0.0113  	-0.0837  	-0.0562  	0.05088  	-0.0208  	0.04071  	-0.0193  	0.00383  	0.01032  	-0.0009  	0.02366  	0.00912  	-0.0457  	0.04031  	0.00790  	-0.0348  	0.03293  	0.00529  	0.00047  	0.03844  	-0.0105  	-0.0074  	-0.0267  	0.03628  	-0.0031  	0.02322  	-0.2291  	
-0.3927  	-0.1141  	-0.1849  	0.40668  	-0.0544  	0.37829  	0.05801  	-0.8409  	0.18362  	0.00746  	0.30630  	0.35138  	-0.0869  	-0.8891  	-1.5058  	0.93622  	-0.1017  	0.39358  	-0.2872  	0.61941  	-0.1641  	-0.1931  	-0.6906  	0.34541  	-0.1779  	-0.1508  	-0.5863  	-0.0483  	-0.0458  	-0.1883  	-0.2252  	0.27325  	0.29452  	-0.0780  	0.10423  	0.33513  	0.10425  	-0.0248  	-0.2343  	0.30154  	0.06747  	0.01973  	0.03796  	-0.0183  	-0.0941  	-0.0618  	0.05562  	-0.0054  	0.05405  	-0.0247  	0.00036  	0.01388  	-0.0114  	0.02998  	0.01224  	-0.0432  	0.04433  	-0.0007  	-0.0345  	0.03178  	0.00505  	-0.0012  	0.03607  	-0.0066  	-0.0074  	-0.0267  	0.03628  	-0.0031  	0.02322  	-0.2291  	
-0.1424  	-0.0430  	-0.0877  	0.66277  	0.10855  	0.46556  	0.08143  	-0.7796  	0.22115  	-0.0059  	0.19988  	0.46387  	0.00690  	-0.7049  	-1.2589  	0.97646  	-0.1331  	0.35527  	-0.3090  	0.62711  	-0.0843  	-0.1766  	-0.7431  	0.38522  	-0.2416  	-0.1470  	-0.5819  	-0.1009  	-0.1362  	-0.1974  	-0.2317  	0.29420  	0.34413  	-0.0652  	0.21295  	0.27523  	0.12613  	-0.0398  	-0.2372  	0.31431  	0.03648  	0.03520  	0.02865  	-0.0219  	-0.0920  	-0.0601  	0.05426  	0.00032  	0.05122  	-0.0194  	0.00619  	0.01344  	-0.0106  	0.02183  	0.00556  	-0.0453  	0.03849  	0.01154  	-0.0361  	0.02511  	0.00357  	0.00490  	0.03084  	-0.0122  	-0.0074  	-0.0267  	0.03628  	-0.0031  	0.02322  	-0.2291  	
0.16794  	0.03704  	0.10290  	0.72983  	0.03096  	0.59351  	0.07355  	-0.6518  	0.29369  	-0.0164  	0.20129  	0.48196  	0.05155  	-0.5482  	-1.2290  	1.06726  	-0.1103  	0.33900  	-0.3013  	0.56980  	0.04637  	-0.1780  	-0.7295  	0.36745  	-0.2343  	-0.1809  	-0.5626  	-0.1856  	-0.1902  	-0.2051  	-0.2341  	0.31156  	0.36611  	-0.0863  	0.25173  	0.24795  	0.18496  	0.01360  	-0.2495  	0.25712  	0.04904  	0.01002  	0.04610  	-0.0251  	-0.1061  	-0.0519  	0.05293  	0.01423  	0.06689  	-0.0223  	5.16072  	0.01303  	0.00126  	0.02933  	0.00769  	-0.0333  	0.02623  	0.00193  	-0.0403  	0.03124  	0.00536  	0.00738  	0.05010  	-0.0116  	-0.0074  	-0.0267  	0.03628  	-0.0031  	0.02322  	-0.2291  	
-0.2211  	-0.0653  	-0.1582  	0.66838  	0.12904  	0.34805  	0.11544  	-0.7548  	0.23172  	0.00502  	0.30755  	0.42981  	-0.0222  	-0.6113  	-1.3418  	0.96950  	-0.1276  	0.35248  	-0.3160  	0.64487  	-0.0695  	-0.1663  	-0.8050  	0.38772  	-0.1591  	-0.1742  	-0.5494  	-0.0958  	-0.1413  	-0.1803  	-0.2470  	0.27190  	0.32562  	-0.0654  	0.28705  	0.30144  	0.15758  	-0.0094  	-0.2564  	0.28393  	0.01780  	0.04657  	0.01086  	-0.0349  	-0.1011  	-0.0592  	0.05212  	-0.0061  	0.06052  	-0.0233  	-0.0016  	0.01548  	-0.0034  	0.03228  	0.01089  	-0.0458  	0.03912  	0.00045  	-0.0357  	0.03510  	-1.3832  	0.00154  	0.04443  	-0.0106  	-0.0074  	-0.0267  	0.03628  	-0.0031  	0.02322  	-0.2291  	
-0.2675  	-0.0660  	-0.2699  	0.80930  	0.19616  	0.40707  	0.05170  	-0.7748  	0.21488  	-0.0859  	0.23508  	0.52301  	-0.0594  	-0.7308  	-1.2402  	0.95964  	-0.1155  	0.37180  	-0.2885  	0.67695  	-0.0318  	-0.2009  	-0.8009  	0.38665  	-0.1853  	-0.1853  	-0.5455  	-0.0616  	-0.1153  	-0.1732  	-0.2762  	0.28797  	0.32023  	-0.0602  	0.25713  	0.28207  	0.11736  	-0.0277  	-0.2408  	0.28397  	-0.0422  	0.04582  	-0.0218  	-0.0495  	-0.0770  	-0.0547  	0.05160  	-0.0141  	0.05965  	-0.0283  	0.00531  	0.01442  	-0.0086  	0.02416  	0.00834  	-0.0366  	0.04071  	0.00055  	-0.0339  	0.03034  	-0.0053  	0.00470  	0.03992  	-0.0103  	-0.0074  	-0.0267  	0.03628  	-0.0031  	0.02322  	-0.2291  	
-0.1262  	-0.0294  	-0.0966  	0.74338  	0.10336  	0.47994  	0.06115  	-0.7497  	0.24314  	-0.0809  	0.12140  	0.46201  	-0.0217  	-0.6442  	-1.1697  	0.95845  	-0.1095  	0.38562  	-0.3077  	0.61484  	-0.0857  	-0.2021  	-0.7657  	0.35431  	-0.1867  	-0.1678  	-0.5880  	-0.0467  	-0.0786  	-0.1505  	-0.2637  	0.27364  	0.32802  	-0.0718  	0.20748  	0.27930  	0.10922  	-0.0314  	-0.2331  	0.28492  	-0.0038  	0.00797  	0.01922  	-0.0143  	-0.1061  	-0.0560  	0.05650  	0.00844  	0.06014  	-0.0349  	0.00909  	0.00971  	-0.0045  	0.02968  	0.00680  	-0.0365  	0.04467  	-0.0026  	-0.0353  	0.03511  	0.00127  	-0.0016  	0.03487  	-0.0062  	-0.0074  	-0.0267  	0.03628  	-0.0031  	0.02322  	-0.2291  	
-0.0060  	-0.0014  	0.00195  	0.71699  	0.11036  	0.52673  	0.09502  	-0.7179  	0.22788  	-0.0232  	0.15674  	0.42593  	-0.0071  	-0.6935  	-1.2375  	1.03683  	-0.1388  	0.38630  	-0.2987  	0.63349  	-0.0473  	-0.1713  	-0.7603  	0.33639  	-0.1504  	-0.1894  	-0.5589  	-0.1422  	-0.1293  	-0.1712  	-0.2621  	0.28458  	0.33802  	-0.0651  	0.22732  	0.27497  	0.16455  	0.00854  	-0.2305  	0.29102  	0.04271  	0.01023  	0.03639  	-0.0080  	-0.1015  	-0.0600  	0.04742  	0.01015  	0.06227  	-0.0376  	0.00954  	0.01048  	-0.0029  	0.02595  	0.00868  	-0.0325  	0.03970  	0.00800  	-0.0397  	0.02486  	0.00263  	-0.0009  	0.04139  	-0.0108  	-0.0074  	-0.0267  	0.03628  	-0.0031  	0.02322  	-0.2291  	
-0.2258  	-0.0693  	-0.1348  	0.60661  	0.04470  	0.46693  	0.05216  	-0.8288  	0.21121  	-0.0332  	0.22363  	0.39089  	-0.0821  	-0.8739  	-1.3684  	1.00709  	-0.1213  	0.37963  	-0.2658  	0.60573  	-0.0064  	-0.2090  	-0.6964  	0.38268  	-0.2031  	-0.1690  	-0.5410  	-0.1689  	-0.2155  	-0.1900  	-0.2493  	0.29823  	0.31651  	-0.0670  	0.22957  	0.27754  	0.16863  	0.00102  	-0.2714  	0.28977  	0.02700  	0.03027  	0.01672  	-0.0064  	-0.1015  	-0.0580  	0.04739  	-0.0162  	0.04710  	-0.0292  	0.01085  	0.01233  	-0.0028  	0.02555  	0.00583  	-0.0366  	0.04763  	0.00728  	-0.0388  	0.02734  	-0.0007  	0.00037  	0.04610  	-0.0088  	-0.0074  	-0.0267  	0.03628  	-0.0031  	0.02322  	-0.2291  	
-0.1454  	-0.1268  	-0.1006  	0.59610  	0.05322  	0.47018  	0.06088  	-0.8832  	0.16640  	-0.0155  	0.23730  	0.40886  	-0.1022  	-0.9360  	-1.4351  	1.09423  	-0.1185  	0.38266  	-0.2768  	0.62971  	-0.1300  	-0.2115  	-0.7530  	0.38335  	-0.1537  	-0.1722  	-0.5344  	-0.0740  	-0.1329  	-0.1804  	-0.2682  	0.31925  	0.27657  	-0.0755  	0.19914  	0.37940  	0.15634  	0.00224  	-0.2678  	0.31007  	0.02866  	0.01115  	0.01053  	-0.0059  	-0.1081  	-0.0520  	0.05017  	-0.0020  	0.05212  	-0.0217  	0.01490  	0.01661  	-0.0017  	0.02429  	0.01661  	-0.0406  	0.04376  	0.00674  	-0.0393  	0.02571  	0.00121  	-0.0075  	0.04378  	-0.0089  	-0.0074  	-0.0267  	0.03628  	-0.0031  	0.02322  	-0.2291  	
-0.0896  	-0.0830  	-0.0521  	0.66181  	0.12601  	0.41005  	0.10842  	-0.8763  	0.18906  	0.11176  	0.25895  	0.42681  	-0.0938  	-0.9448  	-1.5582  	1.18721  	-0.1639  	0.42819  	-0.2869  	0.66405  	-0.2394  	-0.2223  	-0.8639  	0.33626  	-0.1271  	-0.1852  	-0.5575  	0.00695  	-0.0590  	-0.1707  	-0.2895  	0.31963  	0.27330  	-0.0698  	0.20287  	0.43878  	0.07935  	-0.0208  	-0.2343  	0.32481  	0.04659  	0.02753  	0.02124  	-0.0085  	-0.0950  	-0.0609  	0.04590  	0.01050  	0.06554  	-0.0247  	0.01590  	0.01396  	0.00193  	0.02277  	0.01799  	-0.0444  	0.04558  	0.00572  	-0.0402  	0.03114  	-0.0061  	-0.0085  	0.04541  	-0.0101  	-0.0074  	-0.0267  	0.03628  	-0.0031  	0.02322  	-0.2291  	
-0.1541  	-0.0845  	-0.0569  	0.54049  	0.06987  	0.39351  	0.10433  	-0.9040  	0.19253  	0.12052  	0.26744  	0.36600  	-0.0966  	-0.9639  	-1.6317  	1.17103  	-0.1685  	0.47125  	-0.2913  	0.67452  	-0.2636  	-0.2217  	-0.8793  	0.29831  	-0.1097  	-0.1776  	-0.5985  	0.04904  	-0.0120  	-0.1632  	-0.2661  	0.32298  	0.28061  	-0.0602  	0.17052  	0.46281  	0.05302  	-0.0349  	-0.2181  	0.33315  	0.04340  	0.02293  	0.03446  	-0.0077  	-0.0972  	-0.0597  	0.04371  	0.00433  	0.06266  	-0.0289  	0.02517  	0.01229  	0.00033  	0.02456  	0.01789  	-0.0428  	0.04424  	0.00811  	-0.0333  	0.03204  	-0.0003  	-0.0074  	0.04435  	-0.0074  	-0.0074  	-0.0267  	0.03628  	-0.0031  	0.02322  	-0.2291  	
-0.3409  	-0.1103  	-0.1685  	0.44123  	-0.0174  	0.34004  	0.10686  	-0.9008  	0.16157  	0.09641  	0.24979  	0.33977  	-0.1118  	-0.9344  	-1.6366  	1.05744  	-0.1391  	0.43540  	-0.2913  	0.68633  	-0.2270  	-0.2270  	-0.8333  	0.34845  	-0.0841  	-0.1809  	-0.5814  	0.01353  	-0.0243  	-0.1603  	-0.2652  	0.30397  	0.27020  	-0.0691  	0.16431  	0.45677  	0.07892  	-0.0286  	-0.2254  	0.32467  	0.04550  	0.02923  	0.03078  	-0.0065  	-0.0925  	-0.0605  	0.04206  	-0.0147  	0.05581  	-0.0392  	0.01145  	0.01379  	-0.0068  	0.02437  	0.01551  	-0.0452  	0.04690  	0.00479  	-0.0344  	0.02641  	-0.0018  	-0.0058  	0.04111  	-0.0050  	-0.0074  	-0.0267  	0.03628  	-0.0031  	0.02322  	-0.2291  	
-0.4659  	-0.1582  	-0.2582  	0.33494  	-0.0597  	0.28368  	0.08564  	-0.9357  	0.14263  	0.03709  	0.31670  	0.29217  	-0.1010  	-0.9271  	-1.5381  	0.92344  	-0.1133  	0.42181  	-0.2985  	0.64686  	-0.1513  	-0.2284  	-0.7519  	0.35285  	-0.0988  	-0.1714  	-0.5596  	-0.0306  	-0.0799  	-0.1862  	-0.2481  	0.28443  	0.26803  	-0.0627  	0.18007  	0.40872  	0.11704  	-0.0223  	-0.2558  	0.26837  	0.03877  	0.03084  	-0.0022  	-0.0282  	-0.0860  	-0.0650  	0.04930  	-0.0222  	0.04609  	-0.0341  	0.00952  	0.01146  	-0.0012  	0.02588  	0.01187  	-0.0468  	0.04582  	0.00975  	-0.0353  	0.02497  	-0.0002  	-0.0062  	0.04859  	-0.0037  	-0.0074  	-0.0267  	0.03628  	-0.0031  	0.02322  	-0.2291  	
-0.5523  	-0.1462  	-0.2469  	0.29773  	-0.0405  	0.16317  	0.05663  	-0.8543  	0.16457  	0.07751  	0.45434  	0.38246  	-0.1116  	-0.8575  	-1.5108  	0.94165  	-0.1295  	0.36837  	-0.2881  	0.60124  	-0.0904  	-0.2394  	-0.7108  	0.38758  	-0.2231  	-0.1331  	-0.5634  	-0.1330  	-0.1375  	-0.2109  	-0.2080  	0.28196  	0.31106  	-0.0784  	0.19275  	0.33308  	0.16043  	-0.0113  	-0.2652  	0.26690  	0.04694  	0.03132  	0.00644  	-0.0250  	-0.0948  	-0.0581  	0.05559  	-0.0269  	0.04363  	-0.0256  	-0.0019  	0.01108  	-0.0031  	0.02407  	0.00649  	-0.0440  	0.03149  	0.00223  	-0.0420  	0.02830  	0.00659  	0.01222  	0.03720  	-0.0064  	-0.0074  	-0.0267  	0.03628  	-0.0031  	0.02322  	-0.2291  	
0.04991  	0.00327  	0.03136  	0.66848  	0.11971  	0.47334  	0.07471  	-0.7201  	0.23177  	0.01179  	0.24483  	0.45609  	0.06441  	-0.5497  	-1.1301  	0.98906  	-0.1320  	0.32158  	-0.2973  	0.55159  	0.04965  	-0.2349  	-0.6971  	0.46506  	-0.3004  	-0.1619  	-0.5240  	-0.2257  	-0.2826  	-0.2150  	-0.2018  	0.31248  	0.36592  	-0.0876  	0.30667  	0.20773  	0.23010  	-0.0311  	-0.2650  	0.29344  	0.00472  	0.03672  	0.02419  	-0.0421  	-0.0948  	-0.0549  	0.04087  	0.00116  	0.06112  	-0.0040  	0.00264  	0.00944  	-0.0137  	0.02031  	0.00395  	-0.0326  	0.03723  	-0.0061  	-0.0368  	0.03654  	0.00632  	0.01810  	0.03665  	-0.0166  	-0.0074  	-0.0267  	0.03628  	-0.0031  	0.02322  	-0.2291  	
0.18955  	0.05972  	0.15888  	0.68480  	0.05146  	0.63072  	0.08941  	-0.6523  	0.25862  	-0.0378  	0.10384  	0.39141  	0.05974  	-0.4452  	-1.0364  	0.99475  	-0.0956  	0.31590  	-0.2875  	0.51950  	0.08236  	-0.1550  	-0.6539  	0.41940  	-0.2382  	-0.1759  	-0.5127  	-0.2761  	-0.2504  	-0.1834  	-0.2298  	0.32446  	0.33434  	-0.0735  	0.27648  	0.21838  	0.24386  	0.00721  	-0.2703  	0.26761  	0.01620  	0.01386  	0.05462  	-0.0136  	-0.1089  	-0.0549  	0.04437  	0.02147  	0.06911  	-0.0240  	-0.0082  	0.01300  	-0.0066  	0.02227  	0.00675  	-0.0305  	0.02437  	-0.0036  	-0.0439  	0.03206  	0.00865  	0.01287  	0.03711  	-0.0156  	-0.0074  	-0.0267  	0.03628  	-0.0031  	0.02322  	-0.2291  	
0.21025  	0.09327  	0.12223  	0.78533  	0.06754  	0.67768  	0.07145  	-0.5933  	0.29081  	-0.1355  	0.22188  	0.39091  	0.01308  	-0.5296  	-1.0564  	1.07327  	-0.1034  	0.22134  	-0.2805  	0.49642  	0.21968  	-0.1350  	-0.6405  	0.49595  	-0.2051  	-0.1829  	-0.3425  	-0.4444  	-0.3295  	-0.1771  	-0.2443  	0.33861  	0.35835  	-0.0914  	0.37703  	0.19384  	0.32852  	0.04171  	-0.3412  	0.24446  	-0.0394  	0.03193  	0.03097  	-0.0084  	-0.1012  	-0.0574  	0.04582  	0.01077  	0.07446  	-0.0265  	-0.0033  	0.00989  	0.00105  	0.03363  	0.00284  	-0.0254  	0.02490  	-0.0011  	-0.0438  	0.03721  	5.64148  	0.00850  	0.03475  	-0.0166  	-0.0074  	-0.0267  	0.03628  	-0.0031  	0.02322  	-0.2291  	
0.21522  	0.09894  	0.20388  	0.85533  	0.12923  	0.68305  	0.06796  	-0.5292  	0.27990  	-0.1221  	0.23230  	0.47670  	0.05420  	-0.5824  	-1.0640  	1.10229  	-0.0364  	0.10288  	-0.2172  	0.27944  	0.25085  	-0.3973  	-0.9446  	0.41977  	-0.2910  	-0.0937  	-0.4459  	-0.4169  	-0.2125  	-0.2104  	-0.1544  	0.28349  	0.25434  	-0.2452  	0.24830  	0.18051  	0.20984  	0.03319  	-0.4080  	0.15580  	0.06543  	0.15907  	-0.0902  	0.08030  	-0.1557  	-0.0358  	0.01753  	0.03972  	0.05649  	-0.0330  	0.00240  	0.01811  	0.00251  	0.04493  	0.01559  	-0.0241  	0.02750  	-0.0068  	-0.0396  	0.04011  	0.01414  	-0.0003  	0.02401  	-0.0147  	-0.0074  	-0.0267  	0.03628  	-0.0031  	0.02322  	-0.2291  	
0.20626  	0.08965  	0.19319  	0.77729  	0.09243  	0.51477  	0.05451  	-0.5381  	0.25592  	-0.0659  	0.35571  	0.51338  	0.11217  	-0.6417  	-1.2147  	1.09339  	-0.0091  	0.02001  	-0.1404  	0.11995  	0.26072  	-0.5868  	-1.2649  	0.39943  	-0.2729  	-0.0314  	-0.4641  	-0.4041  	-0.0916  	-0.2126  	-0.0688  	0.24002  	0.18122  	-0.3764  	0.19650  	0.21655  	0.10107  	0.01781  	-0.4695  	0.12144  	0.12564  	0.27021  	-0.1882  	0.12957  	-0.2130  	-0.0248  	0.00103  	0.06019  	0.03876  	-0.0553  	0.01352  	0.02538  	-0.0003  	0.06844  	0.01824  	-0.0364  	0.02576  	-0.0173  	-0.0386  	0.04867  	0.00712  	-0.0052  	0.01324  	-0.0122  	-0.0074  	-0.0267  	0.03628  	-0.0031  	0.02322  	-0.2291  	
0.00779  	0.06493  	0.06475  	0.79766  	0.15667  	0.47005  	0.01476  	-0.5788  	0.20677  	-0.0624  	0.30684  	0.55190  	0.09080  	-0.7043  	-1.2285  	1.00926  	0.03432  	0.01676  	-0.1434  	0.08986  	0.20045  	-0.6423  	-1.2847  	0.42050  	-0.2922  	0.00504  	-0.4776  	-0.3562  	-0.0475  	-0.2263  	-0.0454  	0.19483  	0.15305  	-0.3994  	0.15808  	0.20689  	0.03942  	-0.0069  	-0.4741  	0.12864  	0.11553  	0.28065  	-0.2218  	0.13219  	-0.2129  	-0.0157  	-0.0021  	0.04366  	0.02927  	-0.0520  	0.02121  	0.01587  	-0.0049  	0.05533  	0.00859  	-0.0357  	0.02813  	-0.0226  	-0.0341  	0.05000  	0.01302  	-0.0112  	0.00466  	-0.0064  	-0.0074  	-0.0267  	0.03628  	-0.0031  	0.02322  	-0.2291  	
-0.2556  	-0.0256  	-0.0679  	0.66580  	0.09685  	0.34279  	0.04059  	-0.7198  	0.17314  	-0.0053  	0.29423  	0.47178  	0.02866  	-0.8520  	-1.2940  	0.87666  	0.01812  	0.12625  	-0.1595  	0.18137  	0.04651  	-0.6206  	-1.2687  	0.37145  	-0.2635  	-0.0079  	-0.5432  	-0.2312  	0.04603  	-0.2064  	-0.0214  	0.20212  	0.15653  	-0.3624  	0.10826  	0.28328  	-0.0254  	-0.0167  	-0.4409  	0.16113  	0.16050  	0.25591  	-0.1942  	0.12647  	-0.2019  	-0.0234  	0.00602  	0.03469  	0.02783  	-0.0505  	0.02738  	0.02283  	-0.0020  	0.05979  	0.02751  	-0.0425  	0.03163  	-0.0130  	-0.0333  	0.04990  	0.00728  	-0.0026  	0.01194  	-0.0077  	-0.0074  	-0.0267  	0.03628  	-0.0031  	0.02322  	-0.2291  	
-0.4512  	-0.1362  	-0.1639  	0.37102  	-0.0452  	0.26121  	0.05103  	-0.8130  	0.14464  	0.02373  	0.38741  	0.34650  	-0.0607  	-0.9799  	-1.5096  	0.86966  	-0.0100  	0.25594  	-0.2186  	0.40086  	-0.0242  	-0.4868  	-0.9835  	0.33172  	-0.2523  	-0.0586  	-0.6165  	-0.1697  	-0.0204  	-0.2367  	-0.1205  	0.22559  	0.19699  	-0.2317  	0.09187  	0.31061  	0.05402  	-0.0181  	-0.3582  	0.17908  	0.12356  	0.14952  	-0.1028  	0.06029  	-0.1483  	-0.0380  	0.02787  	0.00330  	0.02737  	-0.0392  	0.00456  	0.01957  	-0.0022  	0.04111  	0.01647  	-0.0479  	0.03586  	-0.0052  	-0.0405  	0.03273  	0.00808  	-0.0022  	0.03152  	-0.0035  	-0.0074  	-0.0267  	0.03628  	-0.0031  	0.02322  	-0.2291  	
-0.4768  	-0.1465  	-0.2395  	0.32775  	-0.0749  	0.29697  	0.04494  	-0.8883  	0.16397  	0.01780  	0.35946  	0.31942  	-0.1256  	-0.9653  	-1.5283  	0.97353  	-0.0853  	0.38121  	-0.2592  	0.59563  	-0.1169  	-0.2172  	-0.6573  	0.36059  	-0.1769  	-0.1434  	-0.5621  	-0.1213  	-0.1235  	-0.1981  	-0.2203  	0.28341  	0.28983  	-0.0722  	0.14853  	0.32668  	0.15650  	-0.0035  	-0.2641  	0.27344  	0.06842  	0.01719  	0.02297  	-0.0176  	-0.0959  	-0.0592  	0.05733  	-0.0194  	0.04044  	-0.0288  	-0.0088  	0.01479  	-0.0044  	0.03007  	0.00777  	-0.0455  	0.03610  	0.00429  	-0.0417  	0.02840  	0.00412  	0.00164  	0.04086  	-0.0088  	-0.0074  	-0.0267  	0.03628  	-0.0031  	0.02322  	-0.2291  	
-0.1778  	-0.0201  	-0.0290  	0.47918  	-0.0496  	0.38879  	0.06998  	-0.7673  	0.22661  	0.02814  	0.26205  	0.39861  	-0.0074  	-0.7300  	-1.4110  	0.99553  	-0.1103  	0.36751  	-0.2815  	0.62650  	-0.0864  	-0.1682  	-0.7164  	0.33402  	-0.2290  	-0.1727  	-0.5963  	-0.0767  	-0.1027  	-0.2246  	-0.2173  	0.25457  	0.35451  	-0.0735  	0.13226  	0.28675  	0.15016  	-0.0099  	-0.2190  	0.30095  	0.06194  	-0.0091  	0.02113  	-0.0201  	-0.1072  	-0.0623  	0.03848  	0.00415  	0.05006  	-0.0305  	-0.0031  	0.01209  	-0.0122  	0.02362  	0.01373  	-0.0305  	0.02964  	-0.0070  	-0.0455  	0.02882  	0.01680  	0.01553  	0.04050  	-0.0038  	-0.0074  	-0.0267  	0.03628  	-0.0031  	0.02322  	-0.2291  	
-0.3267  	-0.0809  	-0.1523  	0.44811  	0.02356  	0.30372  	0.13038  	-0.7963  	0.23524  	0.06892  	0.33035  	0.34295  	-0.0052  	-0.6660  	-1.4954  	0.92057  	-0.1289  	0.38661  	-0.2885  	0.64508  	-0.1076  	-0.2178  	-0.7686  	0.36667  	-0.1683  	-0.1738  	-0.5606  	-0.1214  	-0.1201  	-0.2062  	-0.2079  	0.23754  	0.34546  	-0.0682  	0.20892  	0.32216  	0.13493  	-0.0207  	-0.2659  	0.29284  	0.03385  	0.01417  	0.01213  	-0.0170  	-0.0920  	-0.0643  	0.05742  	-0.0090  	0.04807  	-0.0241  	0.00288  	0.00812  	-0.0135  	0.02611  	0.01282  	-0.0472  	0.03759  	0.00323  	-0.0401  	0.03648  	0.00065  	0.00579  	0.04799  	-0.0086  	-0.0074  	-0.0267  	0.03628  	-0.0031  	0.02322  	-0.2291  	
-0.4181  	-0.1164  	-0.2368  	0.47286  	0.09183  	0.26267  	0.06782  	-0.7638  	0.18596  	0.01451  	0.41223  	0.41131  	-0.0631  	-0.8003  	-1.3712  	0.95704  	-0.1272  	0.34652  	-0.2976  	0.64982  	0.03712  	-0.2568  	-0.7606  	0.42008  	-0.2543  	-0.1721  	-0.5155  	-0.1393  	-0.1977  	-0.2218  	-0.2689  	0.28466  	0.33722  	-0.0742  	0.28751  	0.28409  	0.17649  	-0.0269  	-0.2805  	0.30757  	0.00355  	0.04077  	-0.0392  	-0.0379  	-0.0915  	-0.0576  	0.05671  	-0.0166  	0.04492  	-0.0205  	0.00622  	0.01023  	-0.0161  	0.02961  	0.00719  	-0.0406  	0.04397  	0.00448  	-0.0355  	0.03060  	0.00018  	-0.0039  	0.04046  	-0.0105  	-0.0074  	-0.0267  	0.03628  	-0.0031  	0.02322  	-0.2291  	
-0.2489  	-0.0680  	-0.1330  	0.54481  	0.01823  	0.41698  	0.06466  	-0.7836  	0.23108  	-0.0653  	0.26899  	0.40494  	-0.0223  	-0.7505  	-1.3379  	0.92570  	-0.1103  	0.36271  	-0.2731  	0.59670  	-0.0595  	-0.2050  	-0.7146  	0.37531  	-0.2210  	-0.1606  	-0.5715  	-0.0970  	-0.1340  	-0.1777  	-0.2395  	0.27714  	0.31008  	-0.0859  	0.21373  	0.30166  	0.14750  	-0.0303  	-0.2332  	0.27713  	0.01069  	0.01299  	0.00570  	-0.0246  	-0.1002  	-0.0540  	0.05840  	-0.0047  	0.05353  	-0.0294  	0.00762  	0.01072  	-0.0094  	0.02391  	0.00891  	-0.0364  	0.03991  	0.00398  	-0.0370  	0.03630  	0.00301  	-9.7323  	0.03429  	-0.0058  	-0.0074  	-0.0267  	0.03628  	-0.0031  	0.02322  	-0.2291  	
-0.0695  	-0.0581  	-0.0071  	0.64045  	0.01916  	0.49834  	0.07597  	-0.7920  	0.21433  	0.01686  	0.20825  	0.40025  	-0.0398  	-0.8024  	-1.3994  	1.06419  	-0.1389  	0.43370  	-0.2771  	0.63804  	-0.1534  	-0.2097  	-0.7621  	0.31474  	-0.2077  	-0.1812  	-0.6398  	-0.0364  	-0.0772  	-0.1983  	-0.2546  	0.28809  	0.31877  	-0.0706  	0.16730  	0.33566  	0.11579  	-0.0155  	-0.2349  	0.32057  	0.05401  	-0.0003  	0.04405  	-0.0086  	-0.0938  	-0.0671  	0.04721  	0.00572  	0.06439  	-0.0318  	0.00976  	0.00721  	-0.0014  	0.02260  	0.00864  	-0.0389  	0.04306  	0.00363  	-0.0327  	0.03590  	-0.0005  	-0.0026  	0.03877  	-0.0048  	-0.0074  	-0.0267  	0.03628  	-0.0031  	0.02322  	-0.2291  	
-0.0193  	-0.0177  	0.02396  	0.58930  	0.05143  	0.48026  	0.08444  	-0.8149  	0.23013  	0.07742  	0.28062  	0.41753  	-0.0372  	-0.7879  	-1.5094  	1.15253  	-0.1879  	0.42175  	-0.2619  	0.69901  	-0.1309  	-0.2200  	-0.8587  	0.31257  	-0.1655  	-0.1898  	-0.6355  	-0.0150  	-0.0833  	-0.1902  	-0.2689  	0.28875  	0.33315  	-0.0614  	0.23384  	0.39032  	0.11948  	-0.0332  	-0.2380  	0.31807  	0.03574  	0.02327  	0.03457  	-0.0165  	-0.1009  	-0.0586  	0.04988  	0.01908  	0.05382  	-0.0342  	0.01711  	0.01267  	-0.0034  	0.02121  	0.01257  	-0.0396  	0.04409  	0.00270  	-0.0387  	0.02661  	-0.0007  	-0.0109  	0.04134  	-0.0094  	-0.0074  	-0.0267  	0.03628  	-0.0031  	0.02322  	-0.2291  	
-0.1278  	-0.0653  	-0.0511  	0.58832  	0.02585  	0.45072  	0.08439  	-0.8673  	0.18483  	0.07349  	0.28452  	0.37942  	-0.1044  	-0.8557  	-1.5219  	1.11705  	-0.1698  	0.41429  	-0.2690  	0.65215  	-0.1188  	-0.2228  	-0.8448  	0.35753  	-0.1293  	-0.2009  	-0.5426  	-0.0615  	-0.1098  	-0.1716  	-0.2568  	0.31513  	0.28601  	-0.0759  	0.24216  	0.40860  	0.14993  	-0.0299  	-0.2575  	0.29520  	0.01012  	0.02193  	0.02240  	-0.0175  	-0.0910  	-0.0641  	0.04008  	-4.5796  	0.06492  	-0.0253  	0.02099  	0.00862  	0.00300  	0.02190  	0.01445  	-0.0332  	0.04676  	0.00667  	-0.0371  	0.03418  	-0.0033  	-0.0089  	0.05197  	-0.0043  	-0.0074  	-0.0267  	0.03628  	-0.0031  	0.02322  	-0.2291  	
-0.2492  	-0.1009  	-0.1558  	0.50545  	-0.0047  	0.46847  	0.05997  	-0.8590  	0.16149  	-0.0493  	0.25457  	0.33813  	-0.1114  	-0.8649  	-1.4284  	1.02468  	-0.1327  	0.35573  	-0.2729  	0.56318  	-0.1000  	-0.1930  	-0.7444  	0.38330  	-0.1404  	-0.1868  	-0.4979  	-0.1236  	-0.1053  	-0.1737  	-0.2615  	0.32613  	0.27802  	-0.0733  	0.22574  	0.38266  	0.17151  	-0.0009  	-0.2715  	0.28695  	0.03981  	0.02558  	0.01871  	-0.0257  	-0.0951  	-0.0629  	0.04743  	-0.0141  	0.05040  	-0.0274  	0.00826  	0.01439  	0.00258  	0.02553  	0.01369  	-0.0437  	0.04619  	0.00879  	-0.0369  	0.02576  	-0.0009  	-0.0057  	0.05109  	-0.0020  	-0.0074  	-0.0267  	0.03628  	-0.0031  	0.02322  	-0.2291  	
-0.1414  	-0.0679  	-0.0849  	0.57218  	0.05063  	0.46875  	0.05815  	-0.8300  	0.17512  	-0.0494  	0.26536  	0.36472  	-0.1027  	-0.7911  	-1.3944  	1.07317  	-0.1601  	0.35319  	-0.2639  	0.55778  	-0.0219  	-0.1956  	-0.7668  	0.37374  	-0.1731  	-0.1936  	-0.4943  	-0.1858  	-0.1875  	-0.1662  	-0.2679  	0.33066  	0.29533  	-0.0704  	0.29960  	0.36151  	0.22123  	0.01161  	-0.2976  	0.27065  	0.00456  	0.03515  	0.01252  	-0.0319  	-0.0885  	-0.0623  	0.05070  	-0.0203  	0.05492  	-0.0373  	0.00618  	0.01478  	-0.0016  	0.02468  	0.01375  	-0.0395  	0.04299  	0.01126  	-0.0349  	0.02896  	-0.0032  	-0.0035  	0.04796  	-0.0078  	-0.0074  	-0.0267  	0.03628  	-0.0031  	0.02322  	-0.2291  	
-0.1283  	-0.0732  	-0.0649  	0.56739  	0.02885  	0.42409  	0.09059  	-0.8448  	0.19398  	0.06082  	0.33913  	0.44388  	-0.0838  	-0.8248  	-1.5520  	1.12099  	-0.1696  	0.41281  	-0.2920  	0.65234  	-0.1536  	-0.1993  	-0.8093  	0.34887  	-0.1979  	-0.1915  	-0.5939  	-0.0447  	-0.1125  	-0.1941  	-0.2665  	0.30792  	0.31093  	-0.0705  	0.23258  	0.39492  	0.13834  	-0.0271  	-0.2559  	0.29314  	0.03502  	0.03622  	0.01415  	-0.0310  	-0.0888  	-0.0639  	0.05387  	0.00313  	0.06539  	-0.0293  	0.01200  	0.01195  	-0.0027  	0.02306  	0.01311  	-0.0415  	0.04545  	0.00772  	-0.0387  	0.03008  	-0.0019  	-0.0018  	0.04695  	-0.0050  	-0.0074  	-0.0267  	0.03628  	-0.0031  	0.02322  	-0.2291  	
-0.1323  	-0.0481  	-0.0310  	0.48391  	-0.0410  	0.38780  	0.10624  	-0.8546  	0.18428  	0.10033  	0.30784  	0.34754  	-0.0836  	-0.8737  	-1.6077  	1.09297  	-0.1669  	0.45757  	-0.2878  	0.67216  	-0.1982  	-0.2441  	-0.8308  	0.30079  	-0.1583  	-0.1894  	-0.6377  	0.01221  	-0.0459  	-0.1878  	-0.2572  	0.30036  	0.29531  	-0.0758  	0.18165  	0.43334  	0.09857  	-0.0392  	-0.2322  	0.30685  	0.04946  	0.02015  	0.02789  	-0.0274  	-0.0996  	-0.0636  	0.04476  	0.00585  	0.06381  	-0.0309  	0.02103  	0.01026  	-0.0008  	0.02273  	0.01370  	-0.0452  	0.04709  	0.00774  	-0.0392  	0.03104  	-0.0022  	0.00413  	0.05253  	-0.0043  	-0.0074  	-0.0267  	0.03628  	-0.0031  	0.02322  	-0.2291  	
-0.4258  	-0.1057  	-0.1900  	0.44276  	-0.0008  	0.27251  	0.09604  	-0.8923  	0.17941  	0.08683  	0.31134  	0.36294  	-0.0960  	-0.8717  	-1.5785  	1.00237  	-0.1405  	0.41024  	-0.2792  	0.62635  	-0.1767  	-0.2317  	-0.8107  	0.34083  	-0.1184  	-0.1742  	-0.5618  	-0.0310  	-0.0263  	-0.1661  	-0.2532  	0.30484  	0.29609  	-0.0665  	0.17472  	0.42710  	0.11026  	-0.0197  	-0.2376  	0.31835  	0.04041  	0.02779  	0.01346  	-0.0258  	-0.0894  	-0.0683  	0.05250  	-0.0130  	0.05041  	-0.0372  	0.00896  	0.01159  	-0.0056  	0.02619  	0.01616  	-0.0470  	0.04789  	0.00689  	-0.0342  	0.02915  	0.00701  	-0.0047  	0.04435  	-0.0013  	-0.0074  	-0.0267  	0.03628  	-0.0031  	0.02322  	-0.2291  	
-0.4202  	-0.1453  	-0.2182  	0.30414  	-0.0978  	0.33431  	0.05442  	-0.8898  	0.16352  	0.01415  	0.32224  	0.30840  	-0.1422  	-0.8878  	-1.5113  	0.90056  	-0.1114  	0.38869  	-0.2883  	0.60740  	-0.1033  	-0.2212  	-0.6969  	0.35281  	-0.1505  	-0.1536  	-0.5431  	-0.0902  	-0.1028  	-0.1989  	-0.2448  	0.29487  	0.27535  	-0.0667  	0.17552  	0.37703  	0.13697  	-0.0071  	-0.2636  	0.26972  	0.05489  	0.02516  	0.01397  	-0.0213  	-0.0877  	-0.0617  	0.05226  	-0.0190  	0.04081  	-0.0229  	-0.0015  	0.01971  	0.00052  	0.02725  	0.00834  	-0.0481  	0.03923  	0.00936  	-0.0361  	0.02616  	0.00338  	-0.0067  	0.04530  	-0.0062  	-0.0074  	-0.0267  	0.03628  	-0.0031  	0.02322  	-0.2291  	
-0.3341  	-0.0899  	-0.1409  	0.45614  	-0.0037  	0.38748  	0.03560  	-0.8558  	0.17589  	-0.0349  	0.25622  	0.37963  	-0.1260  	-0.9027  	-1.4465  	0.98706  	-0.1037  	0.38185  	-0.2738  	0.56476  	-0.1333  	-0.1861  	-0.6615  	0.31539  	-0.1859  	-0.1556  	-0.5446  	-0.0722  	-0.0874  	-0.1915  	-0.2531  	0.29494  	0.28011  	-0.0684  	0.15686  	0.36208  	0.14744  	0.00212  	-0.2544  	0.28378  	0.06675  	0.02848  	0.01961  	-0.0101  	-0.0948  	-0.0622  	0.05043  	-0.0115  	0.04670  	-0.0248  	0.00466  	0.01645  	-0.0034  	0.02504  	0.00774  	-0.0436  	0.04075  	0.00774  	-0.0331  	0.02499  	0.00576  	0.00448  	0.04743  	-0.0075  	-0.0074  	-0.0267  	0.03628  	-0.0031  	0.02322  	-0.2291  	
-0.2809  	-0.0726  	-0.1321  	0.44265  	-0.0496  	0.34859  	0.04106  	-0.8657  	0.19243  	0.05376  	0.32441  	0.39546  	-0.0813  	-0.8946  	-1.5725  	1.04353  	-0.1295  	0.4046  	-0.2769  	0.63711  	-0.1519  	-0.2226  	-0.7277  	0.30324  	-0.2443  	-0.1554  	-0.6298  	-0.0380  	-0.0900  	-0.2100  	-0.2374  	0.28642  	0.32231  	-0.0715  	0.14707  	0.34464  	0.11757  	-0.0184  	-0.2476  	0.29155  	0.08576  	0.01916  	0.04432  	-0.0204  	-0.0954  	-0.0637  	0.04773  	-0.0036  	0.05040  	-0.0228  	0.00439  	0.01022  	-0.0036  	0.02616  	0.00850  	-0.0390  	0.03737  	0.00202  	-0.0361  	0.02900  	0.00261  	0.00723  	0.03548  	-0.0037  	-0.0074  	-0.0267  	0.03628  	-0.0031  	0.02322  	-0.2291  	
-0.3738  	-0.1539  	-0.2298  	0.52771  	0.08782  	0.23477  	0.07627  	-0.8928  	0.17537  	0.07739  	0.38759  	0.46966  	-0.0897  	-0.9175  	-1.5593  	1.01386  	-0.1601  	0.44379  	-0.3101  	0.70483  	-0.2103  	-0.2505  	-0.8572  	0.30790  	-0.1941  	-0.1572  	-0.6721  	0.05817  	-0.0308  	-0.2095  	-0.2472  	0.27764  	0.30364  	-0.0713  	0.17576  	0.37765  	0.04077  	-0.0383  	-0.1837  	0.31401  	0.03979  	0.02546  	0.02446  	-0.0245  	-0.0949  	-0.0706  	0.05028  	0.01130  	0.05126  	-0.0262  	0.01503  	0.01555  	-0.0060  	0.02503  	0.01732  	-0.0410  	0.04197  	0.00598  	-0.0396  	0.02919  	0.00390  	-0.0008  	0.04649  	-0.0098  	-0.0074  	-0.0267  	0.03628  	-0.0031  	0.02322  	-0.2291  	
-0.3883  	-0.1404  	-0.2962  	0.50706  	0.10373  	0.19846  	0.06592  	-0.8405  	0.18482  	0.08328  	0.37146  	0.44701  	-0.0618  	-0.7994  	-1.5167  	0.94068  	-0.1472  	0.42552  	-0.3277  	0.69536  	-0.1629  	-0.2336  	-0.8314  	0.32784  	-0.2022  	-0.1457  	-0.6451  	0.01950  	-0.0222  	-0.1976  	-0.2353  	0.25589  	0.32405  	-0.0690  	0.18003  	0.34906  	0.04996  	-0.0519  	-0.2152  	0.30157  	0.00697  	0.02913  	0.00273  	-0.0349  	-0.0868  	-0.0596  	0.05336  	-0.0046  	0.05697  	-0.0245  	0.00914  	0.00919  	-0.0112  	0.01971  	0.01105  	-0.0389  	0.03773  	0.00181  	-0.0372  	0.02907  	-0.0004  	0.00435  	0.03801  	-0.0094  	-0.0074  	-0.0267  	0.03628  	-0.0031  	0.02322  	-0.2291  	
-0.1466  	-0.0740  	-0.1971  	0.86931  	0.29638  	0.40982  	0.06564  	-0.7648  	0.20846  	0.00763  	0.16978  	0.58932  	0.01632  	-0.6064  	-1.1438  	1.04434  	-0.1445  	0.38132  	-0.3066  	0.71231  	-0.1417  	-0.2393  	-0.8661  	0.39380  	-0.1531  	-0.1715  	-0.5779  	0.01940  	-0.0537  	-0.1356  	-0.2635  	0.26509  	0.33097  	-0.0601  	0.28768  	0.30906  	0.06243  	-0.0607  	-0.2347  	0.33454  	-0.0590  	0.05006  	-0.0156  	-0.0388  	-0.0725  	-0.0583  	0.04791  	-0.0118  	0.06437  	-0.0348  	0.01327  	0.00673  	-0.0124  	0.02126  	0.00697  	-0.0378  	0.04210  	0.00144  	-0.0296  	0.03872  	-0.0051  	0.00030  	0.03647  	-0.0148  	-0.0074  	-0.0267  	0.03628  	-0.0031  	0.02322  	-0.2291  	
-0.0478  	0.00922  	-0.0342  	0.83907  	0.18623  	0.54879  	0.06568  	-0.7200  	0.24738  	-0.0578  	0.05748  	0.48714  	0.05441  	-0.5149  	-1.0519  	0.99803  	-0.1185  	0.32045  	-0.3046  	0.65043  	-0.0499  	-0.1804  	-0.7762  	0.43408  	-0.2000  	-0.1822  	-0.5223  	-0.1278  	-0.1684  	-0.1602  	-0.2501  	0.28913  	0.33504  	-0.0700  	0.28999  	0.24826  	0.15514  	-0.0433  	-0.2364  	0.29987  	-0.0174  	0.01307  	-0.0002  	-0.0094  	-0.0954  	-0.0647  	0.04044  	0.00591  	0.06246  	-0.0279  	0.00913  	0.01351  	-0.0097  	0.01785  	0.00388  	-0.0291  	0.03697  	0.00235  	-0.0369  	0.02812  	0.00406  	0.01157  	0.03152  	-0.0077  	-0.0074  	-0.0267  	0.03628  	-0.0031  	0.02322  	-0.2291  	
0.21236  	0.08545  	0.13972  	0.83183  	0.10268  	0.66750  	0.08794  	-0.6345  	0.29623  	-0.0833  	0.10748  	0.38560  	0.03310  	-0.4435  	-0.9757  	1.04627  	-0.1208  	0.28201  	-0.2832  	0.50253  	0.13834  	-0.1191  	-0.6773  	0.45856  	-0.1887  	-0.1987  	-0.4206  	-0.3268  	-0.2638  	-0.1596  	-0.2564  	0.32976  	0.34558  	-0.0745  	0.35492  	0.20929  	0.24835  	0.01327  	-0.2861  	0.26973  	-0.0350  	0.03649  	0.01824  	-0.0155  	-0.1043  	-0.0602  	0.04136  	0.02548  	0.07931  	-0.0217  	-0.0017  	0.01111  	-0.0023  	0.03364  	0.00899  	-0.0223  	0.02659  	0.00208  	-0.0402  	0.03950  	0.00444  	0.01111  	0.03575  	-0.0194  	-0.0074  	-0.0267  	0.03628  	-0.0031  	0.02322  	-0.2291  	
0.13210  	0.09381  	0.12523  	0.72006  	0.02106  	0.57851  	0.06701  	-0.6234  	0.29452  	-0.0733  	0.28529  	0.40487  	-0.0131  	-0.5554  	-1.0971  	1.09462  	-0.1033  	0.26860  	-0.2679  	0.51947  	0.20093  	-0.1550  	-0.6562  	0.48009  	-0.2179  	-0.1735  	-0.4244  	-0.3654  	-0.3309  	-0.2071  	-0.2581  	0.32698  	0.34445  	-0.0766  	0.32686  	0.19546  	0.31741  	0.04203  	-0.3010  	0.24190  	-0.0159  	0.02138  	0.01417  	-0.0047  	-0.1032  	-0.0523  	0.04308  	0.00972  	0.06128  	-0.0149  	-0.0011  	0.01477  	-0.0008  	0.03384  	0.00640  	-0.0293  	0.02845  	0.00603  	-0.0375  	0.03455  	0.00424  	0.01293  	0.03547  	-0.0147  	-0.0074  	-0.0267  	0.03628  	-0.0031  	0.02322  	-0.2291  	
0.19982  	0.10207  	0.14599  	0.71846  	0.02914  	0.63139  	0.10510  	-0.6085  	0.29094  	-0.0810  	0.30652  	0.43356  	-0.0036  	-0.5549  	-1.1932  	1.13783  	-0.1415  	0.27002  	-0.2716  	0.52081  	0.22483  	-0.1734  	-0.6864  	0.47132  	-0.2040  	-0.2211  	-0.3669  	-0.3635  	-0.3458  	-0.2138  	-0.2643  	0.34771  	0.34593  	-0.0752  	0.37003  	0.22309  	0.36411  	0.05597  	-0.3218  	0.22993  	-0.0261  	0.02791  	0.01144  	-0.0138  	-0.1043  	-0.0603  	0.04051  	0.01157  	0.06412  	-0.0166  	0.00157  	0.01196  	-0.0008  	0.03265  	0.00883  	-0.0217  	0.02987  	0.00287  	-0.0400  	0.03416  	0.00940  	0.00687  	0.04306  	-0.0108  	-0.0074  	-0.0267  	0.03628  	-0.0031  	0.02322  	-0.2291  	
0.04215  	0.04538  	0.05372  	0.69106  	0.08254  	0.53193  	0.09926  	-0.6726  	0.28542  	-0.0062  	0.29955  	0.50507  	0.02110  	-0.6009  	-1.3834  	1.18226  	-0.1709  	0.37879  	-0.2837  	0.61588  	0.05129  	-0.2374  	-0.8191  	0.36389  	-0.2107  	-0.2001  	-0.5574  	-0.1509  	-0.1802  	-0.1948  	-0.2534  	0.30097  	0.37321  	-0.0662  	0.30270  	0.27718  	0.20621  	0.01607  	-0.2611  	0.27965  	0.04201  	0.01709  	0.03077  	-0.0340  	-0.1024  	-0.0617  	0.04974  	0.00880  	0.06058  	-0.0227  	0.00420  	0.01348  	-0.0054  	0.02599  	0.01049  	-0.0348  	0.03243  	0.00179  	-0.0417  	0.02829  	0.00484  	0.00426  	0.04702  	-0.0067  	-0.0074  	-0.0267  	0.03628  	-0.0031  	0.02322  	-0.2291  	
-0.2257  	-0.0772  	-0.1385  	0.51744  	0.02196  	0.34105  	0.07379  	-0.8256  	0.22487  	0.07424  	0.33700  	0.43283  	-0.0430  	-0.7324  	-1.5469  	1.02194  	-0.1638  	0.40735  	-0.2928  	0.65705  	-0.1451  	-0.2350  	-0.8123  	0.33489  	-0.1776  	-0.1667  	-0.6073  	-0.0484  	-0.0993  	-0.1990  	-0.2434  	0.28429  	0.34529  	-0.0707  	0.21649  	0.33918  	0.11988  	-0.0330  	-0.2276  	0.31564  	0.07116  	0.01787  	0.03343  	-0.0117  	-0.0950  	-0.0592  	0.05273  	0.01032  	0.04915  	-0.0258  	0.00556  	0.01402  	-0.0090  	0.02620  	0.00751  	-0.0376  	0.03491  	-0.0063  	-0.0443  	0.03059  	0.00315  	0.00888  	0.03558  	-0.0053  	-0.0074  	-0.0267  	0.03628  	-0.0031  	0.02322  	-0.2291  	
-0.3795  	-0.1319  	-0.2520  	0.39450  	-0.0259  	0.22215  	0.08691  	-0.8723  	0.19508  	0.09726  	0.38127  	0.39210  	-0.0936  	-0.8194  	-1.5717  	0.95448  	-0.1483  	0.44054  	-0.2965  	0.67582  	-0.1037  	-0.2555  	-0.7905  	0.37277  	-0.1705  	-0.1818  	-0.5903  	-0.0850  	-0.1063  	-0.1995  	-0.2445  	0.27147  	0.30778  	-0.0573  	0.20915  	0.33648  	0.12223  	-0.0280  	-0.2429  	0.29815  	0.02158  	0.03129  	0.00784  	-0.0253  	-0.0932  	-0.0563  	0.04826  	0.00236  	0.04914  	-0.0224  	0.00885  	0.00950  	-0.0034  	0.02883  	0.00785  	-0.0428  	0.04275  	0.00460  	-0.0358  	0.02982  	0.00133  	-0.0001  	0.04372  	-0.0088  	-0.0074  	-0.0267  	0.03628  	-0.0031  	0.02322  	-0.2291  	
-0.5991  	-0.1739  	-0.3607  	0.29786  	-0.0400  	0.10077  	0.06357  	-0.9045  	0.15646  	0.08497  	0.46207  	0.36455  	-0.1164  	-0.9383  	-1.6134  	0.92524  	-0.1470  	0.42754  	-0.2931  	0.62464  	-0.1448  	-0.2388  	-0.7125  	0.35295  	-0.2460  	-0.1461  	-0.6375  	-0.0432  	-0.0538  	-0.2200  	-0.2282  	0.26231  	0.29449  	-0.0732  	0.18548  	0.35773  	0.10675  	-0.0291  	-0.2522  	0.29374  	0.03315  	0.03909  	-0.0015  	-0.0372  	-0.0911  	-0.0613  	0.05720  	-0.0152  	0.04849  	-0.0216  	0.00322  	0.01106  	-0.0094  	0.02573  	0.00649  	-0.0464  	0.04243  	0.00912  	-0.0406  	0.02512  	0.00292  	0.00619  	0.04188  	-0.0059  	-0.0074  	-0.0267  	0.03628  	-0.0031  	0.02322  	-0.2291  	
-0.6230  	-0.1401  	-0.3612  	0.25884  	-0.0640  	0.08816  	0.04941  	-0.8991  	0.16613  	0.10582  	0.47995  	0.35988  	-0.1254  	-0.9880  	-1.6517  	0.93761  	-0.1365  	0.42055  	-0.2886  	0.61984  	-0.1402  	-0.2175  	-0.7118  	0.30031  	-0.2865  	-0.1411  	-0.6527  	0.00842  	-0.0571  	-0.2309  	-0.2152  	0.26507  	0.30084  	-0.0731  	0.11253  	0.35377  	0.08757  	-0.0339  	-0.2298  	0.28224  	0.04820  	0.02733  	0.01301  	-0.0468  	-0.0969  	-0.0619  	0.05133  	-0.0039  	0.04341  	-0.0141  	-0.0016  	0.01483  	-0.0095  	0.02400  	0.00633  	-0.0492  	0.03476  	0.00710  	-0.0392  	0.02455  	0.00271  	0.00985  	0.03697  	-0.0052  	-0.0074  	-0.0267  	0.03628  	-0.0031  	0.02322  	-0.2291  	
-0.6357  	-0.1478  	-0.3579  	0.28459  	-0.0507  	0.09008  	0.05507  	-0.9072  	0.16539  	0.09990  	0.46617  	0.37681  	-0.1077  	-0.9806  	-1.6462  	0.95280  	-0.1249  	0.42732  	-0.2903  	0.64219  	-0.1592  	-0.2164  	-0.7202  	0.30511  	-0.2941  	-0.1325  	-0.6743  	0.00701  	-0.0753  	-0.2369  	-0.2108  	0.26182  	0.30636  	-0.0687  	0.10534  	0.35257  	0.07316  	-0.0393  	-0.2267  	0.26931  	0.05764  	0.02457  	0.01712  	-0.0498  	-0.0948  	-0.0611  	0.05146  	0.00032  	0.04467  	-0.0163  	-0.0012  	0.01592  	-0.0082  	0.02410  	0.00671  	-0.0493  	0.03194  	0.00491  	-0.0384  	0.02583  	0.00512  	0.01242  	0.03900  	-0.0051  	-0.0074  	-0.0267  	0.03628  	-0.0031  	0.02322  	-0.2291  	
-0.7085  	-0.1673  	-0.3658  	0.20040  	-0.0499  	0.02468  	0.06170  	-0.9178  	0.16403  	0.12669  	0.53253  	0.37649  	-0.1106  	-0.9928  	-1.6811  	0.93979  	-0.1132  	0.43197  	-0.2934  	0.65592  	-0.1136  	-0.2680  	-0.7602  	0.31889  	-0.3232  	-0.1366  	-0.6743  	-0.0421  	-0.1140  	-0.2325  	-0.1977  	0.26529  	0.32624  	-0.0730  	0.13162  	0.33916  	0.08297  	-0.0338  	-0.2482  	0.25892  	0.05930  	0.02466  	0.01433  	-0.0528  	-0.0885  	-0.0603  	0.04601  	0.00046  	0.04009  	-0.0096  	-0.0046  	0.01353  	-0.0083  	0.02566  	0.00870  	-0.0513  	0.04171  	0.00550  	-0.0423  	0.02959  	0.00635  	0.01295  	0.04603  	-0.0082  	-0.0074  	-0.0267  	0.03628  	-0.0031  	0.02322  	-0.2291  	
-0.4623  	-0.1100  	-0.2901  	0.37797  	0.03680  	0.12043  	0.05653  	-0.8093  	0.17854  	0.10419  	0.55798  	0.44707  	-0.0596  	-0.8453  	-1.5473  	0.98203  	-0.1399  	0.40146  	-0.3124  	0.69388  	-0.0574  	-0.2815  	-0.8273  	0.40336  	-0.2908  	-0.1320  	-0.6125  	-0.0655  	-0.1416  	-0.2083  	-0.2144  	0.27751  	0.35357  	-0.0705  	0.23550  	0.30034  	0.12817  	-0.0524  	-0.2557  	0.28305  	0.02197  	0.04696  	-0.0245  	-0.0630  	-0.0811  	-0.0547  	0.04526  	-0.0074  	0.04662  	-0.0090  	0.01021  	0.01173  	-0.0129  	0.01941  	0.00172  	-0.0435  	0.04119  	0.00314  	-0.0386  	0.02575  	0.00094  	0.01018  	0.02973  	-0.0093  	-0.0074  	-0.0267  	0.03628  	-0.0031  	0.02322  	-0.2291  	
0.13505  	0.02684  	0.03324  	0.84307  	0.19236  	0.57205  	0.12786  	-0.6877  	0.23236  	-0.0272  	-0.0517  	0.38500  	0.16625  	-0.3294  	-0.9517  	0.90959  	-0.1145  	0.30263  	-0.3314  	0.57681  	-0.0668  	-0.1138  	-0.7860  	0.43493  	-0.1141  	-0.1800  	-0.4719  	-0.1892  	-0.0848  	-0.1288  	-0.2484  	0.26872  	0.34616  	-0.0489  	0.24823  	0.23018  	0.10198  	-0.0521  	-0.1753  	0.33176  	-0.0304  	0.05769  	0.01977  	-0.0101  	-0.1012  	-0.0661  	0.05189  	0.02844  	0.08047  	-0.0402  	-0.0018  	0.01273  	-0.0154  	0.02095  	0.00332  	-0.0354  	0.03037  	0.00506  	-0.0436  	0.02436  	0.00323  	0.00144  	0.02623  	-0.0118  	-0.0074  	-0.0267  	0.03628  	-0.0031  	0.02322  	-0.2291  	
0.16605  	0.07841  	-0.0235  	1.29473  	0.42095  	0.66839  	0.14936  	-0.6937  	0.20816  	-0.0604  	-0.2641  	0.39131  	0.20998  	-0.2607  	-0.7825  	0.89049  	-0.1219  	0.29915  	-0.3276  	0.52600  	-0.1611  	-0.0681  	-0.8133  	0.32287  	0.03687  	-0.2156  	-0.3885  	-0.1514  	0.04287  	-0.0241  	-0.2784  	0.25918  	0.31348  	-0.0617  	0.27011  	0.28445  	0.05941  	-0.0721  	-0.1403  	0.33428  	-0.0834  	0.05330  	0.01696  	-0.0151  	-0.0975  	-0.0549  	0.03548  	0.03312  	0.08119  	-0.0390  	0.01180  	0.00940  	-0.0022  	0.01794  	0.00849  	-0.0170  	0.03354  	-0.0033  	-0.0374  	0.04089  	0.00782  	0.00675  	0.04042  	-0.0179  	-0.0074  	-0.0267  	0.03628  	-0.0031  	0.02322  	-0.2291  	
0.01676  	0.00484  	-0.1285  	1.12298  	0.41950  	0.46803  	0.13074  	-0.7710  	0.20560  	0.00175  	-0.0989  	0.35295  	0.12294  	-0.3667  	-0.8439  	0.89607  	-0.1337  	0.23994  	-0.3153  	0.55069  	-0.1073  	-0.1097  	-0.8098  	0.44826  	-0.0215  	-0.1942  	-0.3201  	-0.1915  	-0.1085  	-0.0587  	-0.2599  	0.28216  	0.30289  	-0.0648  	0.36769  	0.26434  	0.13390  	-0.0723  	-0.2431  	0.33751  	-0.1024  	0.08919  	-0.0219  	-0.0176  	-0.0923  	-0.0559  	0.03864  	0.01571  	0.07128  	-0.0344  	0.00458  	0.00713  	-0.0133  	0.02149  	0.00521  	-0.0224  	0.04305  	-7.6694  	-0.0286  	0.02800  	-0.0022  	0.00691  	0.01835  	-0.0244  	-0.0074  	-0.0267  	0.03628  	-0.0031  	0.02322  	-0.2291  	
-0.1660  	-0.0731  	-0.1100  	0.64725  	0.12883  	0.41706  	0.11797  	-0.8210  	0.22366  	-0.0952  	0.24270  	0.43319  	-0.0351  	-0.8114  	-1.2208  	1.05130  	-0.1315  	0.37559  	-0.2640  	0.63096  	0.01554  	-0.2103  	-0.7555  	0.44882  	-0.2415  	-0.1710  	-0.5029  	-0.1611  	-0.2386  	-0.2147  	-0.2449  	0.32764  	0.35552  	-0.0829  	0.27952  	0.25760  	0.23479  	-0.0146  	-0.2817  	0.29798  	0.01113  	0.03472  	-0.0287  	-0.0107  	-0.1012  	-0.0522  	0.04657  	-0.0121  	0.05327  	-0.0197  	0.00330  	0.00759  	-0.0156  	0.02786  	0.01011  	-0.0246  	0.03703  	-0.0001  	-0.0287  	0.03056  	0.00456  	-0.0010  	0.02429  	-0.0166  	-0.0074  	-0.0267  	0.03628  	-0.0031  	0.02322  	-0.2291  	
0.01833  	-0.0231  	0.02697  	0.60168  	0.03963  	0.52183  	0.07624  	-0.8071  	0.24416  	-0.0314  	0.28447  	0.37717  	-0.0487  	-0.7528  	-1.2832  	1.03877  	-0.1112  	0.30074  	-0.2406  	0.54037  	0.05442  	-0.1652  	-0.6802  	0.45845  	-0.1769  	-0.1940  	-0.4415  	-0.2983  	-0.3070  	-0.1863  	-0.2534  	0.33409  	0.29848  	-0.0801  	0.30184  	0.30132  	0.28650  	0.03089  	-0.3120  	0.26475  	0.02779  	0.04378  	0.00309  	-0.0188  	-0.1017  	-0.0542  	0.03741  	-0.0016  	0.05544  	-0.0177  	-0.0038  	0.01422  	0.00140  	0.02751  	0.00764  	-0.0334  	0.03138  	0.00643  	-0.0355  	0.02632  	0.00642  	-0.0030  	0.04420  	-0.0201  	-0.0074  	-0.0267  	0.03628  	-0.0031  	0.02322  	-0.2291  	
0.18665  	0.04251  	0.11715  	0.73582  	0.04519  	0.54937  	0.10671  	-0.6703  	0.26665  	-0.0053  	0.32828  	0.40690  	-0.0124  	-0.6114  	-1.3681  	1.14087  	-0.1581  	0.30977  	-0.2766  	0.58067  	0.10537  	-0.1604  	-0.7718  	0.41978  	-0.0810  	-0.2298  	-0.3807  	-0.2884  	-0.2838  	-0.1648  	-0.2745  	0.33993  	0.32078  	-0.0907  	0.33383  	0.31648  	0.28008  	0.02461  	-0.2907  	0.25684  	-0.0208  	0.03672  	0.02804  	-0.0229  	-0.0967  	-0.0609  	0.03591  	0.02425  	0.07430  	-0.0138  	0.01413  	0.01134  	0.00176  	0.03280  	0.00847  	-0.0213  	0.03773  	0.00279  	-0.0368  	0.03469  	-1.1869  	0.00503  	0.05009  	-0.0136  	-0.0074  	-0.0267  	0.03628  	-0.0031  	0.02322  	-0.2291  	
0.07284  	0.00596  	0.02831  	0.60985  	0.04090  	0.44342  	0.14248  	-0.7578  	0.23653  	0.10322  	0.30943  	0.36192  	0.00069  	-0.6944  	-1.5513  	1.10294  	-0.1859  	0.39606  	-0.2947  	0.66057  	-0.1035  	-0.2169  	-0.8585  	0.35954  	-0.0802  	-0.2108  	-0.5344  	-0.1193  	-0.1451  	-0.1815  	-0.2720  	0.28535  	0.32812  	-0.0801  	0.27560  	0.39196  	0.14341  	-0.0214  	-0.2385  	0.28783  	-0.0076  	0.03870  	0.03015  	-0.0268  	-0.0898  	-0.0633  	0.04638  	0.01869  	0.07390  	-0.0171  	0.01801  	0.01184  	-0.0018  	0.02406  	0.00508  	-0.0382  	0.04069  	0.00546  	-0.0368  	0.03024  	-0.0081  	0.00640  	0.05280  	-0.0161  	-0.0074  	-0.0267  	0.03628  	-0.0031  	0.02322  	-0.2291  	
-0.2716  	-0.0912  	-0.1635  	0.46583  	0.03190  	0.26637  	0.09952  	-0.8356  	0.19663  	0.10742  	0.42856  	0.35988  	-0.0624  	-0.7388  	-1.6238  	1.01456  	-0.1764  	0.37157  	-0.3152  	0.66678  	-0.1143  	-0.1970  	-0.8527  	0.39586  	-0.1195  	-0.1652  	-0.5439  	-0.0734  	-0.0971  	-0.1892  	-0.2497  	0.27062  	0.30605  	-0.0731  	0.24476  	0.40153  	0.13153  	-0.0318  	-0.2433  	0.30623  	0.00272  	0.03731  	0.00844  	-0.0392  	-0.0971  	-0.0647  	0.04692  	0.00252  	0.04842  	-0.0336  	0.01465  	0.01177  	-0.0083  	0.01797  	0.00889  	-0.0404  	0.04803  	0.00112  	-0.0389  	0.02204  	0.00339  	-0.0012  	0.04435  	-0.0069  	-0.0074  	-0.0267  	0.03628  	-0.0031  	0.02322  	-0.2291  	
-0.3195  	-0.1651  	-0.2928  	0.64764  	0.12730  	0.25037  	0.09085  	-0.8814  	0.17154  	0.05018  	0.36846  	0.43092  	-0.0978  	-0.8388  	-1.4959  	0.97670  	-0.1553  	0.40888  	-0.2870  	0.68813  	-0.1209  	-0.2236  	-0.8559  	0.37094  	-0.1223  	-0.1744  	-0.5887  	-0.0222  	-0.0751  	-0.1656  	-0.2829  	0.28227  	0.28651  	-0.0744  	0.20187  	0.39010  	0.11568  	-0.0401  	-0.2541  	0.30399  	-0.0220  	0.04278  	-0.0193  	-0.0359  	-0.0728  	-0.0592  	0.04506  	-0.0071  	0.04960  	-0.0258  	0.01077  	0.01027  	-0.0010  	0.02625  	0.01427  	-0.0428  	0.05321  	0.00616  	-0.0346  	0.02881  	-0.0050  	-0.0101  	0.04475  	-0.0007  	-0.0074  	-0.0267  	0.03628  	-0.0031  	0.02322  	-0.2291  	
-0.2633  	-0.0893  	-0.2690  	0.82085  	0.20779  	0.35170  	0.06140  	-0.7749  	0.21502  	-0.0224  	0.29205  	0.57919  	-0.0398  	-0.6472  	-1.2287  	0.96963  	-0.1537  	0.34623  	-0.3020  	0.68891  	-0.0707  	-0.2157  	-0.8295  	0.38375  	-0.2225  	-0.1747  	-0.6047  	-0.0199  	-0.0934  	-0.1520  	-0.2771  	0.27824  	0.32960  	-0.0542  	0.27382  	0.28571  	0.08760  	-0.0440  	-0.2426  	0.31292  	-0.0609  	0.04617  	-0.0202  	-0.0504  	-0.0788  	-0.0528  	0.05490  	-0.0113  	0.05791  	-0.0261  	0.01538  	0.00727  	-0.0101  	0.02539  	0.00416  	-0.0333  	0.04257  	-0.0027  	-0.0374  	0.03328  	-0.0033  	-0.0026  	0.03769  	-0.0124  	-0.0074  	-0.0267  	0.03628  	-0.0031  	0.02322  	-0.2291  	
-0.0563  	0.02894  	-0.0598  	0.85337  	0.17373  	0.56499  	0.06813  	-0.7310  	0.23368  	-0.0802  	0.04647  	0.51662  	0.04704  	-0.5196  	-1.0117  	0.97684  	-0.1226  	0.34043  	-0.2976  	0.63926  	-0.0660  	-0.1463  	-0.7674  	0.40372  	-0.1490  	-0.1748  	-0.5439  	-0.0669  	-0.0977  	-0.1410  	-0.2680  	0.27368  	0.33525  	-0.0658  	0.24765  	0.25559  	0.11321  	-0.0440  	-0.2180  	0.31322  	-0.0124  	0.01514  	0.01057  	-0.0288  	-0.0928  	-0.0629  	0.05100  	0.00560  	0.06090  	-0.0286  	0.01114  	0.01204  	-0.0095  	0.01653  	0.00092  	-0.0353  	0.04395  	0.00111  	-0.0337  	0.02634  	-0.0022  	0.00252  	0.03570  	-0.0098  	-0.0074  	-0.0267  	0.03628  	-0.0031  	0.02322  	-0.2291  	
0.13682  	0.05187  	0.07463  	0.85055  	0.15046  	0.60410  	0.08977  	-0.7115  	0.28396  	-0.0383  	0.09282  	0.44051  	0.05750  	-0.5547  	-1.1132  	1.06668  	-0.1172  	0.34496  	-0.2914  	0.60758  	0.02222  	-0.1758  	-0.7850  	0.39336  	-0.1473  	-0.1918  	-0.5304  	-0.1662  	-0.1212  	-0.1437  	-0.2747  	0.31022  	0.35634  	-0.0644  	0.29083  	0.25164  	0.16548  	-0.0097  	-0.2292  	0.29614  	0.00126  	0.03106  	0.01928  	-0.0217  	-0.0938  	-0.0602  	0.04409  	0.00764  	0.06715  	-0.0293  	0.00933  	0.01029  	-0.0027  	0.02544  	0.00631  	-0.0280  	0.04201  	0.00178  	-0.0391  	0.03179  	0.00178  	0.00542  	0.03788  	-0.0098  	-0.0074  	-0.0267  	0.03628  	-0.0031  	0.02322  	-0.2291  	
0.06717  	0.00613  	0.02285  	0.81916  	0.17165  	0.59219  	0.11942  	-0.6866  	0.26461  	-0.0087  	0.14839  	0.45719  	0.01056  	-0.6198  	-1.2208  	1.11901  	-0.1528  	0.39673  	-0.2967  	0.65069  	-0.0300  	-0.2130  	-0.7901  	0.35499  	-0.1428  	-0.1978  	-0.5827  	-0.1092  	-0.0666  	-0.1656  	-0.2870  	0.29951  	0.34836  	-0.0746  	0.24785  	0.27180  	0.14773  	-0.0038  	-0.2211  	0.30659  	0.03823  	0.01252  	0.03089  	-0.0142  	-0.0954  	-0.0578  	0.04458  	0.00015  	0.06642  	-0.0293  	0.00911  	0.00600  	-0.0067  	0.01770  	0.01015  	-0.0356  	0.03823  	0.00230  	-0.0367  	0.02820  	-0.0025  	0.00546  	0.04568  	-0.0129  	-0.0074  	-0.0267  	0.03628  	-0.0031  	0.02322  	-0.2291  	
-0.0601  	-0.0117  	-0.0622  	0.76621  	0.14478  	0.47663  	0.09510  	-0.7316  	0.21453  	-0.0320  	0.20272  	0.42280  	-0.0121  	-0.6124  	-1.2116  	1.05933  	-0.1219  	0.33942  	-0.2728  	0.56127  	0.02388  	-0.1810  	-0.7620  	0.44365  	-0.1092  	-0.1845  	-0.4520  	-0.1952  	-0.1793  	-0.1613  	-0.2906  	0.31969  	0.31773  	-0.0782  	0.30126  	0.28527  	0.21773  	-0.0038  	-0.2748  	0.29922  	-0.0326  	0.03373  	0.00212  	-0.0184  	-0.0905  	-0.0522  	0.04181  	-0.0068  	0.05588  	-0.0233  	0.00375  	0.00752  	-0.0101  	0.02051  	0.00398  	-0.0352  	0.03380  	0.00189  	-0.0294  	0.02403  	0.00125  	0.00250  	0.03280  	-0.0146  	-0.0074  	-0.0267  	0.03628  	-0.0031  	0.02322  	-0.2291  	
-0.2094  	-0.0457  	-0.1382  	0.76190  	0.18961  	0.46407  	0.08333  	-0.8018  	0.21183  	-0.0674  	0.19534  	0.47509  	-0.0481  	-0.7351  	-1.2404  	1.02138  	-0.1244  	0.35705  	-0.2849  	0.59003  	-0.0493  	-0.1613  	-0.7564  	0.45477  	-0.1810  	-0.1677  	-0.5126  	-0.0949  	-0.1567  	-0.1669  	-0.2601  	0.30787  	0.32093  	-0.0806  	0.26271  	0.29498  	0.16735  	-0.0248  	-0.2626  	0.29587  	-0.0547  	0.04771  	-0.0071  	-0.0278  	-0.0847  	-0.0603  	0.04944  	-0.0106  	0.05638  	-0.0245  	0.00316  	0.00923  	-0.0093  	0.02769  	0.00523  	-0.0430  	0.04496  	0.00380  	-0.0294  	0.03177  	-0.0006  	-0.0060  	0.03450  	-0.0115  	-0.0074  	-0.0267  	0.03628  	-0.0031  	0.02322  	-0.2291  	
-0.2018  	-0.0596  	-0.1240  	0.66898  	0.09123  	0.48886  	0.03404  	-0.8139  	0.20959  	-0.0471  	0.22059  	0.48164  	-0.0871  	-0.7846  	-1.2911  	0.99341  	-0.1087  	0.35852  	-0.2865  	0.60961  	-0.0450  	-0.1943  	-0.7161  	0.39764  	-0.1884  	-0.1767  	-0.5271  	-0.1250  	-0.1651  	-0.1651  	-0.2385  	0.29652  	0.30232  	-0.0750  	0.22468  	0.30162  	0.14878  	-0.0327  	-0.2524  	0.28132  	0.00925  	0.02918  	0.00854  	-0.0225  	-0.0923  	-0.0519  	0.05200  	-0.0152  	0.05002  	-0.0199  	0.00016  	0.01088  	-0.0068  	0.02533  	0.00354  	-0.0421  	0.04022  	0.01019  	-0.0351  	0.02237  	-0.0054  	-0.0002  	0.04027  	-0.0123  	-0.0074  	-0.0267  	0.03628  	-0.0031  	0.02322  	-0.2291  	
-0.0444  	-0.0061  	-0.0535  	0.87498  	0.20282  	0.57015  	0.04764  	-0.7557  	0.23005  	-0.0632  	0.10125  	0.49758  	-0.0158  	-0.5977  	-1.0861  	1.02487  	-0.0983  	0.29477  	-0.2846  	0.58039  	-0.0173  	-0.1943  	-0.7197  	0.47739  	-0.2295  	-0.1597  	-0.4777  	-0.1872  	-0.2275  	-0.1831  	-0.2638  	0.31122  	0.33735  	-0.0684  	0.28940  	0.24019  	0.19547  	-0.0069  	-0.2744  	0.28136  	-0.0342  	0.02533  	0.01896  	-0.0142  	-0.1011  	-0.0571  	0.05229  	-0.0001  	0.06841  	-0.0199  	0.00519  	0.01081  	-0.0092  	0.02478  	0.00802  	-0.0370  	0.02995  	0.00576  	-0.0328  	0.02970  	0.00361  	0.00121  	0.02836  	-0.0131  	-0.0074  	-0.0267  	0.03628  	-0.0031  	0.02322  	-0.2291  	
0.14001  	0.08483  	0.14210  	0.77568  	0.10770  	0.64137  	0.07599  	-0.6343  	0.27919  	-0.0464  	0.17060  	0.47426  	0.02437  	-0.4992  	-1.1321  	1.12160  	-0.1040  	0.31706  	-0.2684  	0.58560  	0.12072  	-0.1573  	-0.7183  	0.40593  	-0.1953  	-0.1799  	-0.4829  	-0.2568  	-0.2291  	-0.1707  	-0.2502  	0.30914  	0.34850  	-0.0776  	0.26607  	0.23853  	0.23873  	0.01398  	-0.2604  	0.25688  	-0.0138  	0.02991  	0.02039  	-0.0184  	-0.0963  	-0.0523  	0.04406  	0.01632  	0.06216  	-0.0207  	-0.0019  	0.01481  	-0.0010  	0.02429  	0.00279  	-0.0266  	0.03046  	0.00302  	-0.0379  	0.03195  	0.00786  	-0.0015  	0.03575  	-0.0142  	-0.0074  	-0.0267  	0.03628  	-0.0031  	0.02322  	-0.2291  	
0.11726  	0.07057  	0.08009  	0.75699  	0.10498  	0.56699  	0.10772  	-0.6806  	0.27691  	-0.0203  	0.23063  	0.47363  	0.00300  	-0.5577  	-1.2205  	1.11625  	-0.1350  	0.32982  	-0.2730  	0.59964  	0.07423  	-0.1614  	-0.7535  	0.37950  	-0.2062  	-0.1816  	-0.5118  	-0.1950  	-0.1696  	-0.1872  	-0.2569  	0.30054  	0.36664  	-0.0661  	0.28466  	0.26103  	0.21339  	0.00943  	-0.2434  	0.28827  	0.02283  	0.01423  	0.02145  	-0.0141  	-0.1018  	-0.0571  	0.04920  	0.01661  	0.05768  	-0.0312  	0.00114  	0.01263  	-0.0029  	0.03017  	0.00500  	-0.0333  	0.03197  	0.00359  	-0.0377  	0.03442  	-0.0006  	0.00658  	0.03875  	-0.0143  	-0.0074  	-0.0267  	0.03628  	-0.0031  	0.02322  	-0.2291  	
-0.0283  	0.01600  	-0.0234  	0.75158  	0.11715  	0.57686  	0.05389  	-0.7178  	0.24683  	-0.0295  	0.25772  	0.52179  	-0.0333  	-0.6929  	-1.3266  	1.13078  	-0.1190  	0.34604  	-0.2660  	0.61434  	0.03693  	-0.2333  	-0.7489  	0.38177  	-0.2210  	-0.1865  	-0.5334  	-0.1564  	-0.1957  	-0.1948  	-0.2666  	0.30910  	0.34492  	-0.0591  	0.25717  	0.24313  	0.20594  	0.00897  	-0.2578  	0.28058  	0.01621  	-0.0012  	0.02062  	-0.0219  	-0.0947  	-0.0609  	0.04735  	0.00386  	0.05973  	-0.0270  	0.00854  	0.00856  	-0.0065  	0.02108  	-0.0012  	-0.0315  	0.03277  	-0.0031  	-0.0356  	0.03116  	0.00467  	-0.0059  	0.03873  	-0.0111  	-0.0074  	-0.0267  	0.03628  	-0.0031  	0.02322  	-0.2291  	
-0.4313  	-0.1453  	-0.1836  	0.38962  	-0.0381  	0.31987  	0.08827  	-0.8668  	0.17407  	0.04614  	0.35784  	0.35133  	-0.1138  	-0.9257  	-1.5569  	0.98158  	-0.1154  	0.42490  	-0.2883  	0.64661  	-0.1266  	-0.2363  	-0.7471  	0.32466  	-0.1792  	-0.1622  	-0.6052  	-0.0515  	-0.0663  	-0.2022  	-0.2499  	0.27829  	0.28187  	-0.0717  	0.15256  	0.36276  	0.11990  	-0.0160  	-0.2271  	0.27931  	0.05454  	0.02397  	0.01874  	-0.0190  	-0.0898  	-0.0595  	0.05234  	-0.0156  	0.04907  	-0.0298  	0.00292  	0.01530  	0.00084  	0.02734  	0.01194  	-0.0469  	0.04096  	0.00821  	-0.0383  	0.02716  	0.00394  	0.00234  	0.04055  	-0.0054  	-0.0074  	-0.0267  	0.03628  	-0.0031  	0.02322  	-0.2291  	
-0.3962  	-0.1169  	-0.2220  	0.54818  	0.02096  	0.34552  	0.03429  	-0.8795  	0.17593  	-0.0174  	0.29695  	0.39153  	-0.1092  	-0.8805  	-1.3845  	0.97957  	-0.1012  	0.36118  	-0.2863  	0.57091  	-0.1028  	-0.1926  	-0.6892  	0.36207  	-0.1728  	-0.1579  	-0.5400  	-0.1141  	-0.1187  	-0.1796  	-0.2394  	0.28890  	0.28934  	-0.0695  	0.19172  	0.32774  	0.14397  	-0.0174  	-0.2508  	0.28448  	0.02995  	0.03494  	0.00921  	-0.0244  	-0.0858  	-0.0589  	0.05315  	-0.0201  	0.04553  	-0.0236  	0.00504  	0.01405  	-0.0038  	0.03066  	0.00987  	-0.0402  	0.04332  	0.00521  	-0.0310  	0.03096  	0.00392  	0.00423  	0.04342  	-0.0048  	-0.0074  	-0.0267  	0.03628  	-0.0031  	0.02322  	-0.2291  	
-0.1983  	-0.0621  	-0.0826  	0.60863  	0.04968  	0.45389  	0.02982  	-0.7594  	0.23058  	-0.0501  	0.24155  	0.46072  	-0.0492  	-0.7541  	-1.3278  	0.97734  	-0.1038  	0.34108  	-0.2919  	0.60002  	-0.0463  	-0.2044  	-0.6955  	0.38495  	-0.2621  	-0.1471  	-0.5771  	-0.0935  	-0.1336  	-0.2018  	-0.2348  	0.28978  	0.33516  	-0.0755  	0.21596  	0.27165  	0.15176  	-0.0216  	-0.2577  	0.27928  	0.03998  	0.01132  	0.02822  	-0.0206  	-0.0981  	-0.0602  	0.05313  	-0.0070  	0.04824  	-0.0229  	0.00473  	0.00882  	-0.0116  	0.01899  	0.00413  	-0.0439  	0.04276  	0.00044  	-0.0411  	0.02698  	0.00376  	0.00516  	0.03799  	-0.0037  	-0.0074  	-0.0267  	0.03628  	-0.0031  	0.02322  	-0.2291  	
-0.0192  	0.03105  	-0.0019  	0.66893  	0.06697  	0.50570  	0.07960  	-0.7764  	0.22864  	-0.0248  	0.19757  	0.45930  	-0.0164  	-0.6736  	-1.2961  	1.03825  	-0.1243  	0.38025  	-0.2668  	0.60299  	-0.0326  	-0.1932  	-0.7685  	0.34020  	-0.2133  	-0.1809  	-0.5886  	-0.1058  	-0.1265  	-0.1967  	-0.2500  	0.29262  	0.33925  	-0.0553  	0.22559  	0.29125  	0.16228  	0.00182  	-0.2382  	0.30461  	0.05582  	0.01636  	0.03990  	-0.0132  	-0.1045  	-0.0554  	0.04965  	0.00707  	0.05217  	-0.0275  	0.00251  	0.01183  	-0.0079  	0.02578  	0.00831  	-0.0325  	0.03639  	0.00203  	-0.0372  	0.02814  	0.00293  	0.00862  	0.03441  	-0.0105  	-0.0074  	-0.0267  	0.03628  	-0.0031  	0.02322  	-0.2291  	
-0.0047  	0.01191  	0.01964  	0.64700  	0.04564  	0.49506  	0.11262  	-0.7575  	0.27174  	-0.0060  	0.21733  	0.46298  	0.02571  	-0.6719  	-1.3149  	1.06517  	-0.1471  	0.42375  	-0.2887  	0.64097  	-0.0670  	-0.1979  	-0.8071  	0.29325  	-0.1921  	-0.1751  	-0.6395  	-0.0732  	-0.0902  	-0.1892  	-0.2538  	0.28301  	0.36406  	-0.0708  	0.22399  	0.30771  	0.11287  	-0.0149  	-0.2177  	0.29312  	0.05267  	0.02260  	0.03799  	-0.0248  	-0.1083  	-0.0678  	0.05044  	0.01229  	0.06275  	-0.0277  	0.01250  	0.00701  	0.00251  	0.02714  	0.00953  	-0.0319  	0.03924  	0.00424  	-0.0387  	0.02951  	0.00849  	0.00561  	0.04271  	-0.0030  	-0.0074  	-0.0267  	0.03628  	-0.0031  	0.02322  	-0.2291  	
-0.0501  	0.00670  	-0.0547  	0.74759  	0.14591  	0.45789  	0.10246  	-0.7859  	0.20371  	-0.0092  	0.20133  	0.38244  	-0.0072  	-0.6513  	-1.2390  	1.02783  	-0.1237  	0.26492  	-0.2893  	0.55380  	-0.0005  	-0.1300  	-0.7914  	0.49464  	-0.0858  	-0.1959  	-0.3787  	-0.2457  	-0.2299  	-0.1457  	-0.2711  	0.32882  	0.27321  	-0.0695  	0.33004  	0.30523  	0.24618  	-0.0127  	-0.3041  	0.30313  	-0.0633  	0.03844  	-0.0077  	-0.0130  	-0.1037  	-0.0578  	0.04376  	0.01102  	0.06609  	-0.0327  	0.00466  	0.01774  	-0.0090  	0.02749  	0.00430  	-0.0438  	0.03501  	0.00133  	-0.0300  	0.03739  	0.00352  	-0.0109  	0.03520  	-0.0154  	-0.0074  	-0.0267  	0.03628  	-0.0031  	0.02322  	-0.2291  	
0.06811  	-0.0080  	-0.0489  	0.97744  	0.28119  	0.58957  	0.08708  	-0.7157  	0.21422  	-0.0739  	-0.0126  	0.47794  	0.05526  	-0.5065  	-1.0192  	1.03389  	-0.1215  	0.26223  	-0.3040  	0.57334  	-0.0534  	-0.1449  	-0.7753  	0.44713  	-0.1467  	-0.1928  	-0.4265  	-0.1842  	-0.1719  	-0.1244  	-0.2985  	0.30663  	0.31296  	-0.0515  	0.30542  	0.27275  	0.16950  	-0.0264  	-0.2640  	0.30786  	-0.0781  	0.04749  	0.01425  	-0.0149  	-0.0927  	-0.0568  	0.03367  	0.02214  	0.07332  	-0.0288  	0.00845  	0.00661  	-0.0109  	0.01976  	0.00238  	-0.0268  	0.04462  	0.00161  	-0.0411  	0.02669  	0.00385  	0.00096  	0.04232  	-0.0061  	-0.0074  	-0.0267  	0.03628  	-0.0031  	0.02322  	-0.2291  	
0.10934  	0.05223  	-0.0161  	1.11756  	0.31265  	0.66285  	0.10396  	-0.7093  	0.23314  	-0.0849  	-0.0562  	0.43118  	0.08427  	-0.4148  	-0.8683  	1.00424  	-0.1164  	0.30296  	-0.3242  	0.61436  	-0.0358  	-0.1230  	-0.8016  	0.38101  	-0.0530  	-0.1903  	-0.4460  	-0.1696  	-0.0945  	-0.0867  	-0.3035  	0.30065  	0.33390  	-0.0596  	0.32135  	0.27678  	0.13163  	-0.0387  	-0.2154  	0.31057  	-0.0741  	0.04838  	0.00851  	-0.0292  	-0.0883  	-0.0543  	0.03865  	0.02649  	0.07113  	-0.0299  	0.01237  	0.00927  	-0.0064  	0.02112  	0.00777  	-0.0217  	0.03395  	0.00230  	-0.0385  	0.03295  	-0.0026  	-0.0033  	0.03148  	-0.0139  	-0.0074  	-0.0267  	0.03628  	-0.0031  	0.02322  	-0.2291  	
0.12900  	0.02603  	0.02055  	1.01300  	0.27373  	0.65963  	0.10229  	-0.7195  	0.25601  	-0.0924  	0.01637  	0.44882  	0.05534  	-0.5221  	-1.0764  	1.04859  	-0.1259  	0.31886  	-0.3116  	0.58188  	0.01562  	-0.1125  	-0.7620  	0.44556  	-0.1305  	-0.2146  	-0.4637  	-0.1686  	-0.1340  	-0.1398  	-0.2987  	0.30050  	0.31884  	-0.0676  	0.28584  	0.24433  	0.18483  	-0.0064  	-0.2312  	0.31960  	-0.0302  	0.03145  	0.02391  	-0.0061  	-0.1008  	-0.0579  	0.04319  	0.02182  	0.07612  	-0.0278  	0.00817  	0.00963  	-0.0061  	0.02357  	0.01083  	-0.0333  	0.03100  	-0.0043  	-0.0297  	0.03807  	-0.0011  	0.00307  	0.03498  	-0.0079  	-0.0074  	-0.0267  	0.03628  	-0.0031  	0.02322  	-0.2291  	
-0.0666  	-0.0397  	-0.0867  	0.89746  	0.20389  	0.59334  	0.07906  	-0.7868  	0.19073  	-0.1089  	0.09483  	0.48805  	-0.0083  	-0.6378  	-1.1325  	0.99305  	-0.1042  	0.32660  	-0.2934  	0.54210  	-0.0363  	-0.1510  	-0.7717  	0.48652  	-0.1671  	-0.1761  	-0.4333  	-0.1631  	-0.1825  	-0.1376  	-0.2638  	0.32765  	0.28239  	-0.0958  	0.29200  	0.28922  	0.21079  	-0.0212  	-0.2567  	0.30269  	-0.0608  	0.04786  	-0.0187  	-0.0219  	-0.0856  	-0.0581  	0.03401  	0.00025  	0.05749  	-0.0105  	0.00716  	0.01021  	-0.0043  	0.02336  	0.01095  	-0.0408  	0.04689  	0.00722  	-0.0280  	0.03094  	-0.0031  	0.00134  	0.02901  	-0.0116  	-0.0074  	-0.0267  	0.03628  	-0.0031  	0.02322  	-0.2291  	
0.15720  	0.03291  	0.04049  	0.88150  	0.19208  	0.63463  	0.08461  	-0.7318  	0.21513  	-0.0845  	0.01923  	0.33045  	0.08268  	-0.4441  	-0.8757  	0.97671  	-0.1305  	0.25707  	-0.2912  	0.51773  	0.10042  	-0.1094  	-0.7038  	0.53326  	-0.1571  	-0.2141  	-0.3559  	-0.3386  	-0.2614  	-0.1547  	-0.2737  	0.34701  	0.29249  	-0.0816  	0.39932  	0.23231  	0.24615  	-0.0187  	-0.3035  	0.32831  	-0.0798  	0.05587  	-0.0112  	-0.0174  	-0.0973  	-0.0591  	0.04093  	0.00476  	0.06780  	-0.0322  	0.00867  	0.01269  	-0.0068  	0.02487  	0.00585  	-0.0249  	0.03575  	-0.0040  	-0.0403  	0.03329  	0.00545  	0.01141  	0.03218  	-0.0162  	-0.0074  	-0.0267  	0.03628  	-0.0031  	0.02322  	-0.2291  	
0.28418  	0.04764  	0.18488  	0.79697  	0.07414  	0.63624  	0.10469  	-0.6293  	0.26952  	-0.0596  	0.15263  	0.32642  	0.05897  	-0.4428  	-1.0604  	1.05257  	-0.1316  	0.26620  	-0.2727  	0.48075  	0.15185  	-0.1325  	-0.6943  	0.45182  	-0.1456  	-0.2174  	-0.3440  	-0.3933  	-0.2718  	-0.1588  	-0.2553  	0.34518  	0.33064  	-0.0805  	0.38160  	0.25664  	0.28745  	0.02342  	-0.2924  	0.26806  	-0.0676  	0.04391  	0.01496  	-0.0218  	-0.0996  	-0.0611  	0.03756  	0.02563  	0.07867  	-0.0265  	0.00931  	0.01117  	-0.0046  	0.02713  	0.01565  	-0.0230  	0.02870  	0.00629  	-0.0380  	0.03829  	0.00430  	0.00390  	0.04749  	-0.0134  	-0.0074  	-0.0267  	0.03628  	-0.0031  	0.02322  	-0.2291  	
0.30048  	0.05003  	0.22811  	0.82692  	0.09897  	0.68832  	0.15365  	-0.6479  	0.27226  	0.00754  	0.03265  	0.30326  	0.09887  	-0.4337  	-1.0637  	1.02516  	-0.1030  	0.28103  	-0.2710  	0.43345  	0.06254  	-0.0840  	-0.6762  	0.40307  	-0.0703  	-0.2154  	-0.3619  	-0.3569  	-0.2273  	-0.1435  	-0.2576  	0.31573  	0.30997  	-0.0701  	0.29190  	0.25858  	0.24239  	-0.0005  	-0.2570  	0.29869  	-0.0443  	0.02733  	0.03291  	0.00072  	-0.1015  	-0.0645  	0.03373  	0.03719  	0.08743  	-0.0280  	0.01196  	0.00939  	-0.0050  	0.02838  	0.01368  	-0.0230  	0.02985  	0.00605  	-0.0423  	0.03308  	0.00501  	0.00214  	0.04379  	-0.0176  	-0.0074  	-0.0267  	0.03628  	-0.0031  	0.02322  	-0.2291  	
0.22793  	0.07405  	0.16704  	0.80980  	0.19758  	0.55410  	0.14050  	-0.6553  	0.24651  	0.05077  	0.02299  	0.29973  	0.14293  	-0.4373  	-0.9539  	0.86293  	-0.0250  	0.07909  	-0.2124  	0.25750  	0.12518  	-0.3196  	-1.0040  	0.41692  	-0.0895  	-0.1368  	-0.3293  	-0.4171  	-0.0900  	-0.1432  	-0.1639  	0.25788  	0.20165  	-0.2381  	0.26973  	0.25791  	0.11804  	-0.0234  	-0.3689  	0.26295  	0.02754  	0.18405  	-0.1096  	0.06391  	-0.1581  	-0.0372  	0.00792  	0.05138  	0.06825  	-0.0423  	0.02298  	0.01858  	-0.0059  	0.04390  	0.01455  	-0.0283  	0.02989  	-0.0092  	-0.0399  	0.04543  	0.00612  	-0.0005  	0.02094  	-0.0177  	-0.0074  	-0.0267  	0.03628  	-0.0031  	0.02322  	-0.2291  	
0.08569  	0.04273  	0.01014  	1.04241  	0.27484  	0.51824  	0.04532  	-0.6112  	0.18914  	-0.0832  	0.05533  	0.44786  	0.15985  	-0.5547  	-0.8518  	0.87252  	0.06961  	-0.0122  	-0.1639  	0.08473  	0.12981  	-0.4779  	-1.2375  	0.46303  	-0.2000  	-0.0188  	-0.3428  	-0.3925  	-0.0191  	-0.1332  	-0.0822  	0.23632  	0.13425  	-0.3771  	0.21063  	0.21556  	0.03363  	-0.0342  	-0.4622  	0.17194  	0.06287  	0.28855  	-0.2265  	0.13725  	-0.2090  	-0.0198  	-0.0120  	0.05333  	0.04450  	-0.0418  	0.02808  	0.02083  	-0.0072  	0.05392  	0.02278  	-0.0318  	0.02697  	-0.0176  	-0.0289  	0.05076  	0.01094  	-0.0029  	-0.0017  	-0.0159  	-0.0074  	-0.0267  	0.03628  	-0.0031  	0.02322  	-0.2291  	
-0.0521  	-0.0142  	-0.0117  	0.93214  	0.22527  	0.50117  	0.03269  	-0.6409  	0.17753  	-0.1336  	0.14949  	0.52644  	0.11394  	-0.7354  	-1.0696  	0.89411  	0.07477  	0.03686  	-0.1391  	0.06813  	0.09735  	-0.6323  	-1.2607  	0.41523  	-0.3046  	0.01700  	-0.5244  	-0.2851  	0.03463  	-0.2157  	-0.0276  	0.19806  	0.13299  	-0.4003  	0.12536  	0.22365  	-0.0250  	-0.0372  	-0.4744  	0.14381  	0.11225  	0.28505  	-0.2109  	0.14022  	-0.2072  	-0.0183  	0.00504  	0.05142  	0.02708  	-0.0389  	0.01819  	0.02004  	-0.0071  	0.05664  	0.02147  	-0.0427  	0.03318  	-0.0212  	-0.0420  	0.04542  	0.01238  	-0.0108  	0.00248  	-0.0089  	-0.0074  	-0.0267  	0.03628  	-0.0031  	0.02322  	-0.2291  	
-0.0570  	0.02057  	-0.0510  	0.81500  	0.19298  	0.40908  	0.06594  	-0.6430  	0.20504  	-0.0958  	0.21889  	0.53998  	0.14836  	-0.6839  	-1.1564  	0.89338  	-0.0029  	0.07783  	-0.1991  	0.17006  	0.06691  	-0.5749  	-1.2642  	0.36736  	-0.3158  	0.00894  	-0.5791  	-0.2076  	0.06677  	-0.2103  	-0.0297  	0.17917  	0.18731  	-0.3731  	0.14232  	0.23556  	-0.0612  	-0.0495  	-0.4329  	0.17356  	0.15068  	0.26527  	-0.1907  	0.11274  	-0.2027  	-0.0262  	0.01304  	0.04287  	0.02770  	-0.0546  	0.02666  	0.01792  	-0.0085  	0.05226  	0.01276  	-0.0413  	0.03648  	-0.0226  	-0.0386  	0.05160  	0.01050  	-0.0033  	-0.0007  	-0.0053  	-0.0074  	-0.0267  	0.03628  	-0.0031  	0.02322  	-0.2291  	
-0.2917  	-0.0795  	-0.1783  	0.64253  	0.14817  	0.30591  	0.07381  	-0.7313  	0.19610  	-0.0420  	0.29475  	0.49557  	0.01768  	-0.7412  	-1.3319  	0.91102  	-0.0582  	0.25349  	-0.2448  	0.39925  	-0.0050  	-0.4778  	-1.0700  	0.39575  	-0.2730  	-0.0762  	-0.5708  	-0.1197  	-0.0314  	-0.2026  	-0.1154  	0.23174  	0.23822  	-0.2350  	0.18707  	0.27084  	0.03293  	-0.0517  	-0.3530  	0.20663  	0.07656  	0.16938  	-0.1280  	0.03527  	-0.1448  	-0.0385  	0.02958  	0.00592  	0.04224  	-0.0330  	0.01758  	0.01561  	-0.0064  	0.04020  	0.01472  	-0.0433  	0.04215  	-0.0098  	-0.0356  	0.04460  	0.00287  	-0.0026  	0.02352  	-0.0059  	-0.0074  	-0.0267  	0.03628  	-0.0031  	0.02322  	-0.2291  	
-0.1983  	-0.0860  	-0.0845  	0.63327  	0.10598  	0.50455  	0.04067  	-0.7782  	0.22753  	-0.0744  	0.24074  	0.44166  	-0.0554  	-0.7217  	-1.2196  	1.00460  	-0.1110  	0.31318  	-0.3003  	0.58076  	0.03524  	-0.1735  	-0.6808  	0.46095  	-0.2386  	-0.1535  	-0.5155  	-0.2218  	-0.2290  	-0.2005  	-0.2397  	0.28273  	0.32545  	-0.0826  	0.27785  	0.24577  	0.21480  	-0.0262  	-0.2827  	0.28308  	-0.0234  	0.05305  	-0.0170  	-0.0270  	-0.0924  	-0.0569  	0.05813  	-0.0099  	0.04626  	-0.0133  	0.00298  	0.01340  	-0.0080  	0.02508  	0.00665  	-0.0378  	0.04417  	0.00045  	-0.0392  	0.02530  	0.00582  	-0.0031  	0.03687  	-0.0091  	-0.0074  	-0.0267  	0.03628  	-0.0031  	0.02322  	-0.2291  	
-0.2526  	-0.0861  	-0.1278  	0.51807  	0.04166  	0.38896  	0.08894  	-0.8401  	0.20036  	0.04776  	0.22176  	0.41820  	-0.0405  	-0.8116  	-1.4428  	0.97108  	-0.1401  	0.40756  	-0.3076  	0.62966  	-0.1941  	-0.2013  	-0.7215  	0.30241  	-0.2318  	-0.1517  	-0.6579  	-0.0168  	-0.0300  	-0.1874  	-0.2129  	0.25998  	0.32709  	-0.0631  	0.10985  	0.33084  	0.05421  	-0.0333  	-0.2188  	0.31265  	0.09436  	-0.0029  	0.04104  	-0.0052  	-0.1025  	-0.0615  	0.05201  	-0.0015  	0.04971  	-0.0245  	0.00182  	0.01154  	-0.0074  	0.02040  	0.00866  	-0.0461  	0.03502  	0.00657  	-0.0407  	0.02352  	0.00426  	0.00320  	0.03847  	-0.0054  	-0.0074  	-0.0267  	0.03628  	-0.0031  	0.02322  	-0.2291  	
-0.1920  	-0.0659  	-0.1182  	0.68782  	0.12746  	0.43780  	0.05291  	-0.8368  	0.20327  	-0.0191  	0.22152  	0.41615  	-0.0516  	-0.8337  	-1.3712  	1.03725  	-0.1311  	0.39184  	-0.2820  	0.68004  	-0.1655  	-0.1922  	-0.8153  	0.33347  	-0.1406  	-0.1757  	-0.5943  	0.01069  	-0.0585  	-0.1592  	-0.2673  	0.30286  	0.32056  	-0.0502  	0.19008  	0.34637  	0.08700  	-0.0364  	-0.2187  	0.31064  	0.03247  	0.02382  	0.02286  	-0.0173  	-0.1004  	-0.0612  	0.05076  	0.00989  	0.05525  	-0.0262  	0.00395  	0.01324  	-0.0058  	0.03059  	0.00499  	-0.0390  	0.03990  	0.00608  	-0.0338  	0.03169  	-0.0013  	-0.0091  	0.04071  	-0.0107  	-0.0074  	-0.0267  	0.03628  	-0.0031  	0.02322  	-0.2291  	
-0.0605  	-0.0328  	-0.1280  	0.97530  	0.29369  	0.54220  	0.05704  	-0.7787  	0.18651  	-0.0290  	0.09188  	0.48413  	0.01531  	-0.6846  	-1.1461  	1.07944  	-0.1404  	0.35142  	-0.2904  	0.65792  	-0.1325  	-0.1840  	-0.8837  	0.42296  	-0.0760  	-0.1896  	-0.5045  	-0.0667  	-0.0832  	-0.1162  	-0.2707  	0.28733  	0.29596  	-0.0544  	0.29836  	0.32980  	0.11504  	-0.0462  	-0.2448  	0.31368  	-0.0499  	0.04528  	-0.0092  	-0.0268  	-0.0957  	-0.0510  	0.03619  	0.00589  	0.06304  	-0.0192  	0.01561  	0.01033  	-0.0038  	0.02092  	0.00587  	-0.0335  	0.04400  	0.00583  	-0.0323  	0.03618  	-0.0027  	-0.0119  	0.03413  	-0.0141  	-0.0074  	-0.0267  	0.03628  	-0.0031  	0.02322  	-0.2291  	
0.10704  	-0.0045  	-0.0568  	1.06981  	0.35418  	0.63333  	0.09665  	-0.7188  	0.23015  	-0.0533  	-0.1000  	0.46416  	0.10655  	-0.4716  	-0.8848  	0.99549  	-0.1609  	0.29117  	-0.2989  	0.61958  	-0.0867  	-0.1184  	-0.8441  	0.41970  	-0.0947  	-0.1952  	-0.4274  	-0.1224  	-0.1158  	-0.0949  	-0.2939  	0.30225  	0.33977  	-0.0435  	0.33948  	0.28843  	0.11849  	-0.0558  	-0.2262  	0.33704  	-0.0903  	0.05232  	0.00236  	-0.0169  	-0.0996  	-0.0616  	0.04668  	0.01978  	0.08333  	-0.0294  	0.00575  	0.00720  	-0.0066  	0.03093  	0.00826  	-0.0347  	0.03872  	0.00083  	-0.0380  	0.03142  	-0.0013  	-0.0057  	0.04374  	-0.0102  	-0.0074  	-0.0267  	0.03628  	-0.0031  	0.02322  	-0.2291  	
0.25080  	0.07465  	0.06340  	1.06475  	0.26199  	0.70016  	0.13893  	-0.6859  	0.26832  	-0.0589  	-0.0868  	0.40628  	0.09783  	-0.3589  	-0.8759  	0.99125  	-0.1353  	0.29660  	-0.3124  	0.58332  	-0.0273  	-0.0999  	-0.8225  	0.38463  	-0.0811  	-0.2244  	-0.4334  	-0.1617  	-0.0939  	-0.1005  	-0.3075  	0.29541  	0.32921  	-0.0565  	0.34165  	0.27073  	0.12079  	-0.0387  	-0.2284  	0.33479  	-0.0545  	0.05576  	-0.0032  	-0.0309  	-0.1018  	-0.0547  	0.03433  	0.03309  	0.08246  	-0.0327  	0.01535  	0.00912  	-0.0076  	0.02644  	0.00812  	-0.0234  	0.03781  	-0.0005  	-0.0383  	0.03379  	-0.0004  	0.00635  	0.04045  	-0.0210  	-0.0074  	-0.0267  	0.03628  	-0.0031  	0.02322  	-0.2291  	
0.22692  	0.05699  	0.03378  	1.06249  	0.25761  	0.65782  	0.12774  	-0.6831  	0.27596  	-0.0682  	-0.0519  	0.37481  	0.09318  	-0.3748  	-0.9237  	0.99680  	-0.1342  	0.30085  	-0.3050  	0.56853  	0.00058  	-0.0904  	-0.7713  	0.40934  	-0.0776  	-0.2218  	-0.4390  	-0.1800  	-0.0740  	-0.0904  	-0.3133  	0.29183  	0.30957  	-0.0426  	0.30445  	0.26307  	0.15646  	-0.0352  	-0.2220  	0.32461  	-0.0586  	0.04538  	0.01587  	-0.0270  	-0.1006  	-0.0516  	0.03423  	0.02055  	0.07892  	-0.0307  	0.01391  	0.01093  	-0.0035  	0.02243  	0.00562  	-0.0271  	0.03339  	0.00254  	-0.0320  	0.03296  	-0.0014  	-0.0041  	0.02982  	-0.0190  	-0.0074  	-0.0267  	0.03628  	-0.0031  	0.02322  	-0.2291  	
-0.0325  	-0.0726  	-0.1157  	0.90625  	0.24226  	0.47782  	0.13530  	-0.7861  	0.24027  	-0.0128  	0.09590  	0.50350  	0.06996  	-0.5221  	-1.1948  	1.05235  	-0.1688  	0.39111  	-0.3262  	0.67977  	-0.0663  	-0.1734  	-0.8344  	0.38546  	-0.1782  	-0.1795  	-0.5866  	-0.0190  	-0.0583  	-0.1563  	-0.2369  	0.25537  	0.32908  	-0.0514  	0.27957  	0.31020  	0.09912  	-0.0612  	-0.2024  	0.33571  	-0.0117  	0.02558  	0.01783  	-0.0335  	-0.1001  	-0.0562  	0.04845  	0.01872  	0.05832  	-0.0276  	0.01166  	0.00683  	-0.0094  	0.01552  	0.00391  	-0.0303  	0.04562  	0.00563  	-0.0390  	0.02730  	0.00923  	-0.0014  	0.03739  	-0.0085  	-0.0074  	-0.0267  	0.03628  	-0.0031  	0.02322  	-0.2291  	
-0.2213  	-0.1008  	-0.1117  	0.50035  	0.08929  	0.33898  	0.10693  	-0.8257  	0.21015  	0.03671  	0.28695  	0.40377  	-0.0278  	-0.7713  	-1.4450  	0.96587  	-0.1552  	0.43534  	-0.3028  	0.66653  	-0.0669  	-0.2240  	-0.7703  	0.38601  	-0.2039  	-0.1673  	-0.5758  	-0.0353  	-0.1400  	-0.1998  	-0.2271  	0.28060  	0.32883  	-0.0700  	0.22487  	0.32773  	0.11111  	-0.0333  	-0.2364  	0.30556  	0.02154  	0.02940  	0.00836  	-0.0214  	-0.0961  	-0.0598  	0.05148  	-0.0066  	0.06090  	-0.0242  	0.00695  	0.01067  	-0.0001  	0.02383  	0.00753  	-0.0460  	0.04275  	0.00582  	-0.0378  	0.03030  	-0.0016  	-0.0037  	0.03358  	-0.0083  	-0.0074  	-0.0267  	0.03628  	-0.0031  	0.02322  	-0.2291  	
-0.3258  	-0.1413  	-0.1498  	0.34986  	-0.0856  	0.41602  	0.06124  	-0.8628  	0.17533  	-0.0166  	0.31348  	0.32202  	-0.1055  	-0.9231  	-1.4709  	0.96006  	-0.0981  	0.38892  	-0.2686  	0.58739  	-0.0736  	-0.1864  	-0.6463  	0.38127  	-0.1710  	-0.1597  	-0.5458  	-0.1326  	-0.1464  	-0.2106  	-0.2310  	0.28417  	0.28616  	-0.0756  	0.17430  	0.31719  	0.17484  	0.00668  	-0.2559  	0.29963  	0.05547  	0.00715  	0.01585  	-0.0094  	-0.0940  	-0.0594  	0.05777  	-0.0192  	0.03932  	-0.0201  	0.00233  	0.01329  	-0.0031  	0.02483  	0.01002  	-0.0423  	0.04017  	0.00324  	-0.0402  	0.02882  	0.00442  	-0.0015  	0.04227  	-0.0014  	-0.0074  	-0.0267  	0.03628  	-0.0031  	0.02322  	-0.2291  	
-0.1326  	-0.0463  	-0.0513  	0.61762  	0.01962  	0.50530  	0.05011  	-0.7833  	0.22230  	-0.0711  	0.22415  	0.39036  	-0.0505  	-0.7377  	-1.2693  	0.99093  	-0.1034  	0.31566  	-0.2742  	0.53394  	0.01718  	-0.1803  	-0.6724  	0.42187  	-0.2038  	-0.1601  	-0.4880  	-0.2286  	-0.2033  	-0.1945  	-0.2523  	0.32380  	0.31948  	-0.0794  	0.26362  	0.26587  	0.24364  	-0.0007  	-0.2899  	0.27844  	0.02505  	0.03074  	0.01517  	-0.0125  	-0.0951  	-0.0578  	0.04528  	-0.0046  	0.04980  	-0.0199  	-0.0033  	0.01600  	-0.0026  	0.02630  	0.00963  	-0.0378  	0.03243  	0.00306  	-0.0329  	0.03537  	0.00362  	0.00336  	0.03713  	-0.0074  	-0.0074  	-0.0267  	0.03628  	-0.0031  	0.02322  	-0.2291  	
-0.0857  	-0.0182  	-0.0756  	0.73164  	0.11457  	0.48768  	0.07640  	-0.7984  	0.23105  	-0.0105  	0.13833  	0.48797  	0.00071  	-0.7171  	-1.2737  	1.02707  	-0.1412  	0.41077  	-0.2987  	0.63756  	-0.1289  	-0.1998  	-0.7828  	0.31548  	-0.2166  	-0.1623  	-0.6528  	-0.0132  	-0.0596  	-0.1850  	-0.2307  	0.28020  	0.33650  	-0.0550  	0.18421  	0.29716  	0.07641  	-0.0239  	-0.2060  	0.32751  	0.06347  	0.00435  	0.04682  	-0.0202  	-0.1025  	-0.0570  	0.05245  	0.01321  	0.05005  	-0.0274  	0.00981  	0.01180  	-0.0079  	0.02187  	0.01031  	-0.0438  	0.03624  	0.00799  	-0.0332  	0.02528  	-0.0056  	0.00515  	0.03787  	-0.0071  	-0.0074  	-0.0267  	0.03628  	-0.0031  	0.02322  	-0.2291  	
0.07785  	-0.0215  	-0.0134  	0.86233  	0.21712  	0.58266  	0.11693  	-0.7684  	0.24189  	-0.0128  	0.17169  	0.47516  	0.02272  	-0.6793  	-1.3124  	1.14398  	-0.1678  	0.38166  	-0.3028  	0.68903  	-0.0710  	-0.2279  	-0.8845  	0.36395  	-0.1219  	-0.1982  	-0.5243  	-0.0267  	-0.1106  	-0.1547  	-0.2979  	0.32389  	0.33322  	-0.0618  	0.28418  	0.33191  	0.12032  	-0.0045  	-0.2266  	0.33443  	-0.0186  	0.02298  	0.03291  	-0.0163  	-0.0911  	-0.0649  	0.03328  	0.01238  	0.06544  	-0.0269  	0.02740  	0.01245  	-0.0069  	0.02745  	0.01313  	-0.0309  	0.04943  	0.00096  	-0.0365  	0.03768  	-0.0055  	-0.0076  	0.04989  	-0.0082  	-0.0074  	-0.0267  	0.03628  	-0.0031  	0.02322  	-0.2291  	
0.11089  	0.00683  	-0.0900  	1.03983  	0.28172  	0.59095  	0.05965  	-0.7734  	0.20023  	0.00192  	0.03740  	0.48031  	0.05658  	-0.5406  	-1.0041  	0.97677  	-0.1545  	0.29199  	-0.2898  	0.59081  	-0.0632  	-0.1073  	-0.8598  	0.45516  	-0.1202  	-0.2069  	-0.4210  	-0.1412  	-0.1718  	-0.1168  	-0.2688  	0.31979  	0.31388  	-0.0609  	0.34635  	0.27451  	0.14885  	-0.0411  	-0.2387  	0.33761  	-0.0601  	0.05041  	-0.0287  	-0.0078  	-0.1004  	-0.0538  	0.02744  	0.00773  	0.05754  	-0.0127  	0.01507  	0.00814  	-0.0087  	0.03337  	0.00778  	-0.0341  	0.03991  	0.00809  	-0.0368  	0.02750  	0.00109  	0.00209  	0.03915  	-0.0182  	-0.0074  	-0.0267  	0.03628  	-0.0031  	0.02322  	-0.2291  	
0.14865  	0.00603  	-0.0230  	1.09463  	0.35327  	0.61535  	0.10976  	-0.7250  	0.21139  	-0.0686  	-0.1043  	0.37696  	0.11105  	-0.3825  	-0.8223  	0.91035  	-0.1715  	0.27565  	-0.3098  	0.54475  	-0.0917  	-0.0981  	-0.8023  	0.43317  	-0.0846  	-0.2184  	-0.3495  	-0.1523  	-0.1049  	-0.0779  	-0.3202  	0.31713  	0.31866  	-0.0467  	0.37209  	0.29625  	0.10499  	-0.0677  	-0.2472  	0.35455  	-0.1219  	0.08093  	-0.0051  	-0.0293  	-0.0946  	-0.0608  	0.04759  	0.01865  	0.08729  	-0.0365  	0.00515  	0.00941  	-0.0114  	0.02453  	0.00976  	-0.0334  	0.04502  	5.34601  	-0.0301  	0.02769  	-0.0024  	-0.0063  	0.03543  	-0.0249  	-0.0074  	-0.0267  	0.03628  	-0.0031  	0.02322  	-0.2291  	
0.21638  	0.05536  	0.01532  	1.08875  	0.31696  	0.70307  	0.14432  	-0.6734  	0.25512  	-0.0230  	-0.1182  	0.34575  	0.10499  	-0.3468  	-0.9342  	0.94148  	-0.1467  	0.30613  	-0.3207  	0.53776  	-0.0991  	-0.0988  	-0.8337  	0.36605  	-0.0545  	-0.2213  	-0.4112  	-0.1354  	0.02058  	-0.0648  	-0.3146  	0.28862  	0.30995  	-0.0609  	0.30808  	0.30295  	0.09053  	-0.0522  	-0.2075  	0.37070  	-0.0580  	0.06061  	0.00332  	-0.0138  	-0.0940  	-0.0553  	0.03421  	0.03522  	0.08165  	-0.0230  	0.01349  	0.01017  	-0.0055  	0.02558  	0.01425  	-0.0218  	0.03331  	-0.0025  	-0.0348  	0.03677  	-0.0008  	0.00475  	0.02673  	-0.0177  	-0.0074  	-0.0267  	0.03628  	-0.0031  	0.02322  	-0.2291  	
0.12189  	0.05181  	-0.1311  	1.17181  	0.34134  	0.55501  	0.10535  	-0.7075  	0.23314  	-0.0704  	-0.0415  	0.44332  	0.11775  	-0.3711  	-0.9499  	0.94549  	-0.1600  	0.31169  	-0.3284  	0.61736  	-0.1101  	-0.1213  	-0.9528  	0.39392  	0.00744  	-0.2328  	-0.4545  	-0.0548  	0.02433  	-0.0554  	-0.3291  	0.27741  	0.31517  	-0.0538  	0.32621  	0.31030  	0.06962  	-0.0718  	-0.1997  	0.34145  	-0.1055  	0.06696  	-0.0253  	-0.0280  	-0.0768  	-0.0572  	0.03847  	0.01077  	0.08265  	-0.0368  	0.01609  	0.01128  	-0.0103  	0.02646  	0.00671  	-0.0330  	0.04239  	0.00963  	-0.0249  	0.02936  	-0.0043  	0.00800  	0.03776  	-0.0193  	-0.0074  	-0.0267  	0.03628  	-0.0031  	0.02322  	-0.2291  	
0.03613  	0.03097  	-0.2043  	1.25370  	0.48372  	0.52506  	0.12176  	-0.7348  	0.21448  	-0.0679  	-0.0842  	0.51203  	0.10990  	-0.3249  	-0.8804  	0.99488  	-0.1717  	0.34470  	-0.3132  	0.67655  	-0.2231  	-0.1577  	-1.0089  	0.37667  	0.03007  	-0.2059  	-0.5178  	0.11723  	0.09553  	-0.0263  	-0.3330  	0.27131  	0.31547  	-0.0466  	0.31389  	0.31618  	-0.0040  	-0.1024  	-0.1622  	0.36150  	-0.1092  	0.06502  	-0.0443  	-0.0587  	-0.0803  	-0.0533  	0.03719  	0.00673  	0.06557  	-0.0391  	0.02325  	0.00615  	-0.0075  	0.01731  	0.00839  	-0.0244  	0.04336  	0.00863  	-0.0272  	0.02990  	0.00123  	-0.0020  	0.02974  	-0.0229  	-0.0074  	-0.0267  	0.03628  	-0.0031  	0.02322  	-0.2291  	
0.03229  	0.02501  	-0.1726  	1.22584  	0.47074  	0.53471  	0.13631  	-0.7290  	0.20862  	-0.0501  	-0.0987  	0.49538  	0.12789  	-0.3032  	-0.8909  	1.00172  	-0.1728  	0.37910  	-0.3242  	0.71059  	-0.2356  	-0.1676  	-1.0442  	0.38299  	0.01608  	-0.2152  	-0.5574  	0.12478  	0.11743  	-0.0376  	-0.3284  	0.26338  	0.32320  	-0.0368  	0.29328  	0.32312  	-0.0113  	-0.0961  	-0.1425  	0.38866  	-0.0903  	0.05997  	-0.0457  	-0.0449  	-0.0711  	-0.0589  	0.03429  	0.00194  	0.06035  	-0.0387  	0.01919  	0.00860  	-0.0130  	0.01849  	0.01360  	-0.0279  	0.03925  	0.00608  	-0.0341  	0.03243  	0.00230  	0.00266  	0.03590  	-0.0161  	-0.0074  	-0.0267  	0.03628  	-0.0031  	0.02322  	-0.2291  	
0.10576  	0.05124  	-0.1784  	1.33171  	0.50336  	0.57105  	0.13765  	-0.7168  	0.22646  	-0.0972  	-0.1417  	0.46721  	0.14242  	-0.2620  	-0.7968  	0.95919  	-0.1903  	0.35382  	-0.3337  	0.68166  	-0.2453  	-0.1406  	-1.0357  	0.40113  	0.06355  	-0.2338  	-0.5419  	0.12307  	0.15652  	-0.0173  	-0.3521  	0.25296  	0.31051  	-0.0404  	0.31248  	0.33334  	-0.0292  	-0.1106  	-0.1444  	0.40739  	-0.1086  	0.06848  	-0.0508  	-0.0434  	-0.0754  	-0.0604  	0.03618  	0.00488  	0.06551  	-0.0473  	0.01774  	0.00041  	-0.0106  	0.01507  	0.00690  	-0.0297  	0.04896  	0.00643  	-0.0330  	0.03177  	0.00207  	-0.0021  	0.03315  	-0.0132  	-0.0074  	-0.0267  	0.03628  	-0.0031  	0.02322  	-0.2291  	
0.10580  	0.05738  	-0.2037  	1.41361  	0.53508  	0.61228  	0.12470  	-0.7128  	0.23267  	-0.1299  	-0.1811  	0.44172  	0.13549  	-0.2548  	-0.7228  	0.94059  	-0.1909  	0.32908  	-0.3240  	0.66637  	-0.2398  	-0.1439  	-1.0068  	0.39033  	0.07373  	-0.2292  	-0.5349  	0.10132  	0.18980  	0.00566  	-0.3735  	0.25305  	0.29671  	-0.0352  	0.33330  	0.33548  	-0.0341  	-0.1047  	-0.1434  	0.40602  	-0.1248  	0.07142  	-0.0521  	-0.0352  	-0.0757  	-0.0590  	0.03050  	0.00247  	0.06371  	-0.0443  	0.01927  	0.00040  	-0.0033  	0.01768  	0.00671  	-0.0273  	0.04775  	0.00358  	-0.0363  	0.03490  	0.00363  	0.00105  	0.02590  	-0.0105  	-0.0074  	-0.0267  	0.03628  	-0.0031  	0.02322  	-0.2291  	
0.14427  	0.05103  	-0.2004  	1.51573  	0.56390  	0.62138  	0.13774  	-0.7178  	0.25717  	-0.1378  	-0.2187  	0.42106  	0.13662  	-0.2622  	-0.7040  	0.89479  	-0.2089  	0.31824  	-0.3339  	0.66081  	-0.2554  	-0.1415  	-0.9979  	0.37676  	0.06030  	-0.2159  	-0.5649  	0.10950  	0.23491  	0.01962  	-0.3945  	0.24669  	0.29916  	-0.0433  	0.32479  	0.34480  	-0.0640  	-0.0978  	-0.1332  	0.38958  	-0.1220  	0.06798  	-0.0560  	-0.0136  	-0.0782  	-0.0576  	0.02026  	-0.0031  	0.07348  	-0.0347  	0.01647  	0.00270  	0.00172  	0.01807  	0.00677  	-0.0338  	0.04483  	-0.0008  	-0.0392  	0.03686  	-0.0008  	0.00405  	0.02305  	-0.0072  	-0.0074  	-0.0267  	0.03628  	-0.0031  	0.02322  	-0.2291  	
0.14877  	0.03983  	-0.1800  	1.58748  	0.59732  	0.61493  	0.12463  	-0.7662  	0.25302  	-0.1532  	-0.2869  	0.45843  	0.14073  	-0.2486  	-0.6786  	0.86784  	-0.1996  	0.32068  	-0.3636  	0.68425  	-0.2986  	-0.1246  	-0.9808  	0.37899  	0.02229  	-0.2063  	-0.6202  	0.16753  	0.26590  	0.02427  	-0.3953  	0.24445  	0.30965  	-0.0383  	0.29040  	0.33842  	-0.0969  	-0.1015  	-0.1181  	0.39239  	-0.1000  	0.05865  	-0.0441  	-0.0082  	-0.0821  	-0.0605  	0.02842  	-0.0028  	0.07451  	-0.0270  	0.01608  	0.00553  	0.00019  	0.01940  	0.00531  	-0.0354  	0.03976  	0.00018  	-0.0438  	0.03931  	4.08394  	-0.0071  	0.02293  	-0.0034  	-0.0074  	-0.0267  	0.03628  	-0.0031  	0.02322  	-0.2291  	
0.03688  	0.03168  	-0.1710  	1.36838  	0.49527  	0.58863  	0.10174  	-0.7537  	0.23197  	-0.1153  	-0.2544  	0.51908  	0.16669  	-0.3579  	-0.8615  	0.97246  	-0.1895  	0.37828  	-0.3655  	0.70716  	-0.2536  	-0.0561  	-0.9233  	0.35053  	-0.0263  	-0.1919  	-0.5996  	0.14401  	0.17718  	-0.0334  	-0.3320  	0.23734  	0.33043  	-0.0190  	0.23009  	0.34798  	-0.0866  	-0.1046  	-0.1457  	0.35122  	-0.0597  	0.05109  	-0.0115  	-0.0267  	-0.0921  	-0.0658  	0.04552  	0.02951  	0.08185  	-0.0466  	0.01143  	0.00662  	0.00121  	0.01927  	0.00290  	-0.0328  	0.05125  	0.00052  	-0.0380  	0.02756  	0.00294  	-0.0064  	0.03581  	-0.0061  	-0.0074  	-0.0267  	0.03628  	-0.0031  	0.02322  	-0.2291  	
-0.0500  	-0.0177  	-0.1505  	0.99314  	0.32186  	0.54461  	0.12071  	-0.8001  	0.22767  	-0.0563  	-0.0694  	0.51923  	0.10087  	-0.5881  	-1.1207  	1.02193  	-0.1660  	0.41364  	-0.3501  	0.69183  	-0.1905  	-0.1425  	-0.8626  	0.37304  	-0.1481  	-0.1659  	-0.5845  	0.07876  	0.02170  	-0.1157  	-0.3070  	0.26704  	0.32794  	-0.0183  	0.22264  	0.33222  	0.00609  	-0.0711  	-0.1832  	0.36176  	-0.0375  	0.04323  	0.00883  	-0.0270  	-0.0962  	-0.0662  	0.04500  	0.03716  	0.06925  	-0.0361  	0.01224  	0.00540  	-0.0017  	0.02180  	0.01167  	-0.0336  	0.04442  	0.01140  	-0.0312  	0.02660  	0.00291  	-0.0127  	0.03774  	-0.0090  	-0.0074  	-0.0267  	0.03628  	-0.0031  	0.02322  	-0.2291  	
-0.0942  	-0.0434  	-0.0397  	0.74028  	0.14945  	0.58595  	0.10748  	-0.7790  	0.19488  	-0.1156  	0.08076  	0.45653  	-0.0258  	-0.7006  	-1.1666  	0.99369  	-0.0962  	0.37401  	-0.2906  	0.60199  	-0.0067  	-0.1730  	-0.7239  	0.43805  	-0.1784  	-0.1673  	-0.4749  	-0.1369  	-0.1673  	-0.1767  	-0.2873  	0.30447  	0.32474  	-0.0651  	0.24526  	0.28026  	0.17529  	-0.0275  	-0.2966  	0.29402  	-0.0499  	0.03882  	0.01595  	-0.0075  	-0.0964  	-0.0655  	0.04193  	-0.0005  	0.06029  	-0.0245  	0.00842  	0.01239  	-0.0039  	0.02315  	0.01265  	-0.0373  	0.04318  	0.00313  	-0.0369  	0.03063  	-0.0048  	0.00359  	0.04824  	-0.0099  	-0.0074  	-0.0267  	0.03628  	-0.0031  	0.02322  	-0.2291  	
0.19468  	0.05696  	0.11671  	0.85179  	0.12168  	0.68300  	0.10484  	-0.6794  	0.23891  	-0.0536  	0.08236  	0.29812  	0.04158  	-0.4919  	-0.9771  	0.99179  	-0.1221  	0.28583  	-0.2869  	0.53122  	0.07477  	-0.1320  	-0.7239  	0.43331  	-0.0766  	-0.2043  	-0.3758  	-0.3307  	-0.2115  	-0.1611  	-0.2862  	0.32931  	0.29365  	-0.0734  	0.34054  	0.25989  	0.26199  	0.00873  	-0.2647  	0.31132  	-0.0260  	0.03425  	0.00785  	-0.0105  	-0.0998  	-0.0561  	0.03748  	0.01456  	0.07530  	-0.0241  	0.00830  	0.01443  	-0.0037  	0.02889  	0.01315  	-0.0208  	0.03308  	-0.0015  	-0.0436  	0.03934  	0.00895  	0.01095  	0.03883  	-0.0194  	-0.0074  	-0.0267  	0.03628  	-0.0031  	0.02322  	-0.2291  	
0.26394  	0.07955  	0.17333  	0.81356  	0.13185  	0.64144  	0.16400  	-0.7090  	0.25288  	0.01242  	-0.0151  	0.24891  	0.11436  	-0.4057  	-1.0586  	0.93804  	-0.1282  	0.26275  	-0.2988  	0.49898  	0.00911  	-0.0822  	-0.7500  	0.42705  	-0.0037  	-0.2269  	-0.3810  	-0.2920  	-0.1329  	-0.1116  	-0.2630  	0.30056  	0.30273  	-0.0687  	0.27452  	0.26648  	0.18607  	-0.0276  	-0.2092  	0.32891  	-0.0153  	0.03662  	0.03920  	-0.0069  	-0.1109  	-0.0574  	0.02449  	0.04778  	0.08359  	-0.0309  	0.01639  	0.01124  	-0.0074  	0.02346  	0.00361  	-0.0215  	0.02950  	-0.0017  	-0.0405  	0.03491  	-0.0002  	0.00414  	0.03704  	-0.0200  	-0.0074  	-0.0267  	0.03628  	-0.0031  	0.02322  	-0.2291  	
0.14687  	0.04887  	-0.0062  	1.00544  	0.26055  	0.56010  	0.16236  	-0.7333  	0.23255  	0.02064  	-0.0680  	0.33347  	0.08940  	-0.4101  	-0.9312  	0.89958  	-0.1162  	0.25652  	-0.3047  	0.55750  	-0.0830  	-0.0489  	-0.7524  	0.42823  	0.03899  	-0.2178  	-0.3603  	-0.2151  	-0.0958  	-0.0728  	-0.3095  	0.29854  	0.30011  	-0.0634  	0.28863  	0.28468  	0.14080  	-0.0461  	-0.2030  	0.34268  	-0.0715  	0.06606  	0.01108  	-0.0134  	-0.0959  	-0.0618  	0.03676  	0.03316  	0.08027  	-0.0340  	0.01338  	0.00949  	-0.0108  	0.02369  	0.00558  	-0.0321  	0.03511  	0.00137  	-0.0344  	0.03164  	-0.0031  	0.00025  	0.03279  	-0.0178  	-0.0074  	-0.0267  	0.03628  	-0.0031  	0.02322  	-0.2291  	
0.04754  	-0.0068  	-0.1027  	1.15590  	0.36849  	0.60297  	0.07733  	-0.7434  	0.22324  	-0.0680  	-0.0561  	0.55949  	0.08491  	-0.4898  	-0.9361  	1.02242  	-0.1196  	0.29639  	-0.2734  	0.58147  	-0.0794  	-0.0912  	-0.7646  	0.38578  	-0.1040  	-0.1951  	-0.4396  	-0.1054  	-0.1064  	-0.1040  	-0.2791  	0.29155  	0.31573  	-0.0562  	0.28946  	0.24596  	0.10601  	-0.0322  	-0.2125  	0.34079  	-0.0596  	0.04079  	-0.0021  	-0.0058  	-0.1030  	-0.0618  	0.03148  	0.00532  	0.06951  	-0.0290  	0.01444  	0.00661  	-0.0069  	0.02237  	0.00673  	-0.0271  	0.04417  	0.00176  	-0.0348  	0.02703  	0.00093  	0.01328  	0.03783  	-0.0162  	-0.0074  	-0.0267  	0.03628  	-0.0031  	0.02322  	-0.2291  	
-0.0717  	-0.0193  	-0.0857  	0.87740  	0.22706  	0.55268  	0.11921  	-0.7956  	0.16367  	-0.0381  	0.08595  	0.52798  	-0.0306  	-0.6785  	-1.1964  	1.08719  	-0.1065  	0.36992  	-0.2589  	0.60232  	-0.0559  	-0.1308  	-0.7913  	0.40743  	-0.1414  	-0.1845  	-0.5176  	-0.0969  	-0.1140  	-0.1608  	-0.2830  	0.30400  	0.30526  	-0.0583  	0.22013  	0.30858  	0.17949  	-0.0155  	-0.2610  	0.32085  	-0.0259  	0.03424  	0.00372  	-0.0203  	-0.0975  	-0.0571  	0.03722  	0.01730  	0.06511  	-0.0260  	0.01350  	0.00814  	-0.0148  	0.01762  	0.00360  	-0.0269  	0.05099  	0.00796  	-0.0304  	0.02726  	-0.0020  	-0.0024  	0.03836  	-0.0136  	-0.0074  	-0.0267  	0.03628  	-0.0031  	0.02322  	-0.2291  	
-0.1088  	-0.0637  	-0.0455  	0.63410  	0.10113  	0.44277  	0.07432  	-0.8891  	0.16484  	-0.0238  	0.25273  	0.45364  	-0.0735  	-0.8839  	-1.4349  	1.10630  	-0.1718  	0.36217  	-0.2812  	0.61303  	-0.0902  	-0.1926  	-0.7863  	0.39098  	-0.1745  	-0.1857  	-0.4847  	-0.1460  	-0.1631  	-0.1752  	-0.2803  	0.33882  	0.29877  	-0.0671  	0.23753  	0.34994  	0.17966  	0.00680  	-0.2849  	0.30165  	0.01373  	0.03392  	0.00664  	-0.0144  	-0.1069  	-0.0632  	0.04442  	0.00189  	0.05949  	-0.0311  	0.01513  	0.01740  	-0.0064  	0.02682  	0.00680  	-0.0372  	0.04848  	0.01080  	-0.0259  	0.02696  	-0.0021  	-0.0066  	0.04917  	-0.0170  	-0.0074  	-0.0267  	0.03628  	-0.0031  	0.02322  	-0.2291  	
-0.1562  	-0.0970  	-0.0710  	0.56730  	0.04840  	0.41303  	0.07163  	-0.9150  	0.16669  	0.05182  	0.34060  	0.39020  	-0.1322  	-0.9519  	-1.6024  	1.14961  	-0.1364  	0.38748  	-0.2642  	0.64624  	-0.1366  	-0.2713  	-0.8215  	0.37969  	-0.1033  	-0.1842  	-0.5178  	-0.0539  	-0.1435  	-0.1572  	-0.2706  	0.33708  	0.28345  	-0.0847  	0.22490  	0.41816  	0.15970  	-0.0190  	-0.2495  	0.30521  	-0.0013  	0.03167  	0.01147  	-0.0124  	-0.0943  	-0.0494  	0.04007  	0.00899  	0.05818  	-0.0285  	0.02482  	0.01271  	0.00334  	0.02819  	0.01078  	-0.0373  	0.03905  	0.00506  	-0.0355  	0.03762  	-0.0078  	-0.0083  	0.04993  	-0.0092  	-0.0074  	-0.0267  	0.03628  	-0.0031  	0.02322  	-0.2291  	
-0.3943  	-0.1453  	-0.1981  	0.47754  	-0.0103  	0.29640  	0.10447  	-0.9083  	0.18034  	0.03513  	0.36368  	0.34296  	-0.1414  	-0.9518  	-1.5974  	1.01002  	-0.1246  	0.42878  	-0.2751  	0.63853  	-0.1809  	-0.2340  	-0.8169  	0.35199  	-0.1196  	-0.1635  	-0.5536  	0.01204  	-0.0562  	-0.1839  	-0.2528  	0.29906  	0.27597  	-0.0631  	0.16979  	0.43663  	0.10401  	-0.0288  	-0.2311  	0.28611  	0.04548  	0.01956  	0.01774  	-0.0066  	-0.0927  	-0.0737  	0.04528  	-0.0040  	0.05776  	-0.0310  	0.01483  	0.01005  	0.00105  	0.02763  	0.01944  	-0.0438  	0.04416  	0.01073  	-0.0317  	0.03036  	0.00197  	-0.0024  	0.04469  	-0.0052  	-0.0074  	-0.0267  	0.03628  	-0.0031  	0.02322  	-0.2291  	
-0.4578  	-0.1691  	-0.2468  	0.39335  	-0.0369  	0.32398  	0.06095  	-0.8924  	0.16883  	0.05528  	0.35647  	0.33471  	-0.1162  	-0.8892  	-1.5522  	0.94214  	-0.1153  	0.40980  	-0.2893  	0.62390  	-0.1516  	-0.2465  	-0.7033  	0.35422  	-0.1803  	-0.1532  	-0.6073  	-0.0653  	-0.0513  	-0.1985  	-0.2271  	0.27363  	0.27979  	-0.0696  	0.13822  	0.35227  	0.09793  	-0.0274  	-0.2394  	0.27300  	0.05939  	0.00969  	0.01832  	-0.0128  	-0.0818  	-0.0614  	0.04610  	-0.0160  	0.04708  	-0.0320  	0.00300  	0.01417  	-0.0042  	0.01847  	0.01014  	-0.0449  	0.04163  	0.00388  	-0.0332  	0.02244  	0.00765  	-0.0033  	0.04010  	-0.0070  	-0.0074  	-0.0267  	0.03628  	-0.0031  	0.02322  	-0.2291  	
-0.3375  	-0.1046  	-0.1565  	0.50678  	0.03038  	0.38238  	0.07166  	-0.8591  	0.19137  	-0.0036  	0.23045  	0.39877  	-0.0876  	-0.8560  	-1.4456  	0.97686  	-0.1115  	0.39468  	-0.2944  	0.59062  	-0.1801  	-0.2008  	-0.7006  	0.30363  	-0.1876  	-0.1478  	-0.5900  	-0.0195  	-0.0448  	-0.1751  	-0.2467  	0.27877  	0.29801  	-0.0642  	0.12670  	0.34048  	0.08988  	-0.0179  	-0.2354  	0.29065  	0.06066  	0.03017  	0.02762  	-0.0177  	-0.0920  	-0.0630  	0.04886  	-0.0079  	0.05319  	-0.0292  	0.00424  	0.01898  	-0.0061  	0.02573  	0.00912  	-0.0442  	0.04459  	0.00344  	-0.0340  	0.02142  	0.00549  	0.00465  	0.04478  	-0.0080  	-0.0074  	-0.0267  	0.03628  	-0.0031  	0.02322  	-0.2291  	
-0.2826  	-0.0588  	-0.1326  	0.51310  	0.06131  	0.37060  	0.06003  	-0.8340  	0.19784  	0.01185  	0.20090  	0.47852  	-0.0339  	-0.7849  	-1.4401  	0.96499  	-0.1357  	0.41345  	-0.2893  	0.60279  	-0.2118  	-0.1722  	-0.7088  	0.31084  	-0.2287  	-0.1457  	-0.6604  	0.01049  	-0.0343  	-0.1832  	-0.2209  	0.25766  	0.33409  	-0.0593  	0.12446  	0.32822  	0.06648  	-0.0327  	-0.2130  	0.30477  	0.08396  	0.01451  	0.03387  	-0.0065  	-0.1058  	-0.0587  	0.05328  	-0.0024  	0.04835  	-0.0262  	0.00170  	0.01293  	-0.0096  	0.02214  	0.00866  	-0.0456  	0.04073  	0.00920  	-0.0390  	0.01895  	0.00506  	0.00624  	0.03935  	-0.0083  	-0.0074  	-0.0267  	0.03628  	-0.0031  	0.02322  	-0.2291  	
-0.2430  	-0.0560  	-0.1154  	0.53408  	0.07360  	0.38053  	0.11843  	-0.7945  	0.22372  	0.01970  	0.28733  	0.36426  	-0.0484  	-0.7295  	-1.4804  	0.98441  	-0.1424  	0.38791  	-0.2854  	0.66327  	-0.0822  	-0.1928  	-0.8032  	0.39479  	-0.1560  	-0.1712  	-0.5215  	-0.1130  	-0.1147  	-0.1944  	-0.2483  	0.28378  	0.31999  	-0.0695  	0.25061  	0.35102  	0.15789  	-0.0149  	-0.2515  	0.31071  	0.03202  	0.02283  	0.02598  	-0.0042  	-0.0955  	-0.0587  	0.05892  	0.00997  	0.05527  	-0.0281  	0.00230  	0.01643  	-0.0066  	0.03058  	0.01150  	-0.0465  	0.03609  	0.00814  	-0.0365  	0.03243  	-0.0040  	0.00167  	0.03885  	-0.0129  	-0.0074  	-0.0267  	0.03628  	-0.0031  	0.02322  	-0.2291  	
-0.5109  	-0.2018  	-0.3811  	0.39278  	0.00422  	0.18535  	0.06264  	-0.9113  	0.14736  	0.05229  	0.41794  	0.40478  	-0.0788  	-0.9141  	-1.6041  	0.91932  	-0.1340  	0.43950  	-0.2920  	0.70004  	-0.1291  	-0.2400  	-0.8002  	0.36640  	-0.1817  	-0.1583  	-0.5912  	-0.0310  	-0.0867  	-0.2103  	-0.2371  	0.27156  	0.29226  	-0.0756  	0.21698  	0.35785  	0.08308  	-0.0509  	-0.2235  	0.29673  	-0.0105  	0.04402  	-0.0152  	-0.0435  	-0.0766  	-0.0542  	0.04648  	-0.0013  	0.05608  	-0.0231  	0.01601  	0.01253  	-0.0097  	0.02269  	0.01003  	-0.0407  	0.04612  	0.00894  	-0.0367  	0.02777  	0.00250  	-0.0076  	0.04493  	-0.0100  	-0.0074  	-0.0267  	0.03628  	-0.0031  	0.02322  	-0.2291  	
-0.5257  	-0.1885  	-0.3786  	0.50714  	0.11855  	0.13142  	0.08343  	-0.8657  	0.15910  	0.07107  	0.43413  	0.45829  	-0.0649  	-0.8513  	-1.5334  	0.92436  	-0.1628  	0.41998  	-0.3136  	0.69291  	-0.1416  	-0.2229  	-0.8349  	0.38887  	-0.2306  	-0.1501  	-0.6372  	0.01428  	-0.0751  	-0.2021  	-0.2417  	0.26577  	0.31489  	-0.0606  	0.21698  	0.32895  	0.06663  	-0.0551  	-0.2140  	0.31121  	-0.0220  	0.04233  	-0.0323  	-0.0647  	-0.0852  	-0.0592  	0.05889  	-0.0026  	0.06236  	-0.0157  	0.01261  	0.01192  	-0.0078  	0.02485  	0.00626  	-0.0463  	0.04099  	0.00502  	-0.0400  	0.02743  	-0.0033  	-0.0051  	0.04211  	-0.0127  	-0.0074  	-0.0267  	0.03628  	-0.0031  	0.02322  	-0.2291  	
-0.5150  	-0.1321  	-0.3494  	0.58212  	0.18511  	0.13058  	0.09253  	-0.8230  	0.19539  	0.06134  	0.42983  	0.52365  	-0.0432  	-0.7960  	-1.4797  	0.94720  	-0.1726  	0.42583  	-0.3303  	0.76051  	-0.1435  	-0.2433  	-0.8816  	0.37064  	-0.2517  	-0.1395  	-0.6695  	0.06643  	-0.0612  	-0.1973  	-0.2281  	0.24414  	0.36264  	-0.0492  	0.22825  	0.33555  	0.04197  	-0.0749  	-0.2066  	0.31215  	-0.0181  	0.05790  	-0.0296  	-0.0718  	-0.0869  	-0.0551  	0.06688  	0.00226  	0.05832  	-0.0201  	0.01117  	0.01176  	-0.0112  	0.02562  	0.00639  	-0.0473  	0.04606  	0.00936  	-0.0417  	0.02738  	-0.0025  	-0.0043  	0.03855  	-0.0148  	-0.0074  	-0.0267  	0.03628  	-0.0031  	0.02322  	-0.2291  	
-0.4572  	-0.1448  	-0.3772  	0.62639  	0.20919  	0.09729  	0.09215  	-0.8263  	0.18230  	0.08665  	0.43840  	0.51806  	-0.0248  	-0.7757  	-1.4843  	0.94457  	-0.1938  	0.43440  	-0.3306  	0.78094  	-0.1533  	-0.2635  	-0.9203  	0.36209  	-0.2374  	-0.1353  	-0.7077  	0.09549  	-0.0196  	-0.2000  	-0.2399  	0.23773  	0.36615  	-0.0449  	0.23616  	0.34342  	0.02882  	-0.0808  	-0.2237  	0.32017  	-0.0133  	0.04697  	-0.0315  	-0.0657  	-0.0823  	-0.0566  	0.06942  	-0.0076  	0.05871  	-0.0240  	0.00925  	0.01071  	-0.0097  	0.02555  	0.00586  	-0.0457  	0.04729  	0.00439  	-0.0387  	0.03391  	0.00094  	-0.0021  	0.03578  	-0.0176  	-0.0074  	-0.0267  	0.03628  	-0.0031  	0.02322  	-0.2291  	
-0.2615  	-0.1118  	-0.3535  	0.86133  	0.27651  	0.31020  	0.10407  	-0.7611  	0.19209  	0.05556  	0.32896  	0.65414  	0.00300  	-0.6608  	-1.2631  	0.97748  	-0.1865  	0.42731  	-0.3222  	0.79651  	-0.1871  	-0.2474  	-0.9393  	0.35664  	-0.1787  	-0.1546  	-0.7169  	0.14105  	0.01521  	-0.1734  	-0.2529  	0.25046  	0.36559  	-0.0517  	0.24789  	0.32115  	-0.0418  	-0.0720  	-0.2029  	0.33876  	-0.0300  	0.03714  	-0.0207  	-0.0528  	-0.0893  	-0.0551  	0.06348  	0.00037  	0.05713  	-0.0294  	0.01698  	0.00820  	-0.0180  	0.01463  	0.00689  	-0.0446  	0.04411  	0.00445  	-0.0466  	0.02820  	-0.0050  	-0.0091  	0.04187  	-0.0140  	-0.0074  	-0.0267  	0.03628  	-0.0031  	0.02322  	-0.2291  	
-0.1277  	-0.0613  	-0.2043  	0.92490  	0.29183  	0.44058  	0.09919  	-0.7590  	0.20151  	-0.0247  	0.15004  	0.61198  	0.04351  	-0.5619  	-1.1851  	1.02311  	-0.1671  	0.41804  	-0.3172  	0.71963  	-0.2150  	-0.1899  	-0.9081  	0.34217  	-0.1571  	-0.1551  	-0.6729  	0.08491  	0.03369  	-0.1220  	-0.2744  	0.26178  	0.32830  	-0.0469  	0.23771  	0.33032  	0.00085  	-0.0705  	-0.1637  	0.34746  	-0.0326  	0.03484  	0.00680  	-0.0255  	-0.0880  	-0.0592  	0.04611  	0.02128  	0.06037  	-0.0325  	0.01037  	0.00424  	-0.0124  	0.02367  	0.00815  	-0.0367  	0.04397  	-0.0039  	-0.0321  	0.03295  	-0.0098  	-0.0047  	0.03287  	-0.0078  	-0.0074  	-0.0267  	0.03628  	-0.0031  	0.02322  	-0.2291  	
-0.0542  	-0.0030  	-0.1485  	0.98927  	0.29412  	0.52479  	0.11036  	-0.7553  	0.23556  	-0.0832  	-0.0207  	0.56950  	0.08068  	-0.4870  	-1.0611  	1.00962  	-0.1593  	0.42174  	-0.3188  	0.71538  	-0.2002  	-0.1698  	-0.8888  	0.32571  	-0.1140  	-0.1524  	-0.6335  	0.11310  	0.07934  	-0.0954  	-0.2867  	0.26298  	0.34357  	-0.0505  	0.19113  	0.30840  	-0.0118  	-0.0844  	-0.1336  	0.35444  	-0.0282  	0.03070  	0.01263  	-0.0255  	-0.0859  	-0.0571  	0.05442  	0.02847  	0.06206  	-0.0336  	0.01215  	0.01145  	-0.0064  	0.02233  	0.00843  	-0.0363  	0.04056  	-0.0013  	-0.0296  	0.03140  	-0.0017  	-0.0076  	0.02953  	-0.0122  	-0.0074  	-0.0267  	0.03628  	-0.0031  	0.02322  	-0.2291  	
-0.0111  	0.01356  	-0.1258  	1.07814  	0.30653  	0.56063  	0.10105  	-0.7257  	0.24550  	-0.0846  	-0.0576  	0.51196  	0.10900  	-0.4640  	-0.9474  	0.99383  	-0.1511  	0.37879  	-0.3140  	0.70944  	-0.1434  	-0.1288  	-0.8831  	0.34438  	-0.0646  	-0.1802  	-0.5940  	0.09484  	0.06173  	-0.0847  	-0.2940  	0.26005  	0.33253  	-0.0382  	0.19708  	0.28980  	0.00913  	-0.0812  	-0.1559  	0.35128  	-0.0437  	0.04023  	-0.0065  	-0.0404  	-0.0947  	-0.0600  	0.04252  	0.01231  	0.06274  	-0.0367  	0.01875  	0.01183  	-0.0104  	0.01574  	0.00687  	-0.0279  	0.04761  	0.00502  	-0.0339  	0.02844  	0.00110  	-0.0036  	0.03566  	-0.0133  	-0.0074  	-0.0267  	0.03628  	-0.0031  	0.02322  	-0.2291  	
0.09349  	0.04720  	-0.0298  	1.07037  	0.26460  	0.67216  	0.07755  	-0.7110  	0.25031  	-0.0788  	-0.0135  	0.47234  	0.08714  	-0.4778  	-0.9230  	1.01252  	-0.1374  	0.33489  	-0.3215  	0.64726  	-0.0332  	-0.1036  	-0.7938  	0.37786  	-0.0813  	-0.1984  	-0.5175  	-0.0893  	-0.0349  	-0.1061  	-0.2859  	0.28349  	0.32102  	-0.0673  	0.26713  	0.25767  	0.09356  	-0.0526  	-0.2006  	0.32840  	-0.0211  	0.03372  	0.01207  	-0.0382  	-0.0943  	-0.0533  	0.03994  	0.01666  	0.06512  	-0.0306  	0.01356  	0.00981  	-0.0070  	0.01766  	0.00204  	-0.0280  	0.03944  	0.00227  	-0.0350  	0.03581  	-0.0008  	-0.0015  	0.03312  	-0.0137  	-0.0074  	-0.0267  	0.03628  	-0.0031  	0.02322  	-0.2291  	
-0.0796  	-0.0312  	-0.0883  	0.92268  	0.24233  	0.49828  	0.11037  	-0.7527  	0.23869  	-0.0290  	0.08575  	0.52558  	0.04552  	-0.5691  	-1.1532  	1.03812  	-0.1278  	0.38070  	-0.2990  	0.60057  	-0.0504  	-0.1656  	-0.7932  	0.41479  	-0.1585  	-0.1854  	-0.5212  	-0.0470  	-0.1050  	-0.1494  	-0.2777  	0.27380  	0.33129  	-0.0599  	0.26469  	0.27265  	0.11435  	-0.0519  	-0.2242  	0.32948  	-0.0348  	0.03382  	0.00610  	-0.0242  	-0.0945  	-0.0608  	0.03901  	-0.0014  	0.05829  	-0.0277  	0.00212  	0.00826  	-0.0100  	0.02957  	0.00857  	-0.0374  	0.04104  	0.00240  	-0.0291  	0.03294  	0.00335  	0.00728  	0.03022  	-0.0099  	-0.0074  	-0.0267  	0.03628  	-0.0031  	0.02322  	-0.2291  	
-0.2781  	-0.0577  	-0.1448  	0.54466  	0.10523  	0.38217  	0.08137  	-0.8248  	0.20766  	0.00747  	0.24482  	0.43171  	-0.0522  	-0.7920  	-1.3193  	0.99220  	-0.1279  	0.41660  	-0.2782  	0.65851  	-0.0363  	-0.1909  	-0.7480  	0.44254  	-0.1955  	-0.1645  	-0.5707  	-0.0719  	-0.1753  	-0.2128  	-0.2370  	0.29829  	0.31531  	-0.0722  	0.24813  	0.30733  	0.16007  	-0.0344  	-0.2602  	0.31238  	-0.0032  	0.03461  	-0.0126  	-0.0201  	-0.0954  	-0.0539  	0.04694  	-0.0096  	0.04792  	-0.0140  	0.00818  	0.00859  	-0.0052  	0.02560  	0.00986  	-0.0427  	0.04985  	0.00735  	-0.0340  	0.02974  	0.00028  	0.00283  	0.03633  	-0.0045  	-0.0074  	-0.0267  	0.03628  	-0.0031  	0.02322  	-0.2291  	
-0.2846  	-0.1193  	-0.1066  	0.54811  	0.01515  	0.44384  	0.06782  	-0.8677  	0.17484  	-0.0161  	0.24693  	0.35686  	-0.0901  	-0.8872  	-1.4239  	1.00207  	-0.1305  	0.40164  	-0.2760  	0.62365  	-0.1000  	-0.1971  	-0.7261  	0.38102  	-0.1724  	-0.1603  	-0.5352  	-0.0987  	-0.1350  	-0.1865  	-0.2611  	0.30734  	0.29656  	-0.0738  	0.19023  	0.35279  	0.14742  	-0.0142  	-0.2656  	0.30307  	0.03315  	0.01858  	0.01001  	-0.0116  	-0.0978  	-0.0606  	0.04876  	-0.0196  	0.04329  	-0.0291  	0.00840  	0.01315  	-0.0017  	0.02392  	0.00979  	-0.0384  	0.04323  	0.00564  	-0.0335  	0.03168  	-0.0024  	0.00148  	0.03928  	-0.0071  	-0.0074  	-0.0267  	0.03628  	-0.0031  	0.02322  	-0.2291  	
-0.0864  	-0.1064  	-0.0845  	0.75716  	0.14567  	0.43341  	0.07770  	-0.9075  	0.17939  	0.04075  	0.19512  	0.45409  	-0.0657  	-0.8989  	-1.4343  	1.13116  	-0.1528  	0.39343  	-0.2665  	0.63734  	-0.1829  	-0.2060  	-0.8189  	0.37364  	-0.1288  	-0.1906  	-0.5409  	-0.0399  	-0.1059  	-0.1250  	-0.2771  	0.32173  	0.27068  	-0.0820  	0.21424  	0.41292  	0.13031  	-0.0247  	-0.2814  	0.30828  	0.01712  	0.02107  	0.00474  	-0.0136  	-0.0996  	-0.0545  	0.04778  	-0.0046  	0.06075  	-0.0316  	0.01875  	0.01282  	-0.0031  	0.02314  	0.01060  	-0.0361  	0.04726  	0.00889  	-0.0356  	0.02985  	-0.0051  	-0.0103  	0.04376  	-0.0169  	-0.0074  	-0.0267  	0.03628  	-0.0031  	0.02322  	-0.2291  	
-0.0479  	-0.0623  	-0.0320  	0.71474  	0.14447  	0.43166  	0.09348  	-0.8516  	0.19214  	0.10705  	0.22828  	0.42928  	-0.0618  	-0.8900  	-1.4916  	1.18160  	-0.1662  	0.41006  	-0.2672  	0.65731  	-0.2017  	-0.1987  	-0.8709  	0.36176  	-0.0948  	-0.1964  	-0.5185  	-0.0002  	-0.0740  	-0.1466  	-0.2915  	0.32794  	0.28584  	-0.0879  	0.22261  	0.43039  	0.09740  	-0.0264  	-0.2399  	0.30851  	0.01531  	0.03384  	0.01956  	-0.0039  	-0.0981  	-0.0655  	0.04652  	0.00914  	0.06656  	-0.0378  	0.02194  	0.00947  	0.00155  	0.01850  	0.01469  	-0.0392  	0.05096  	0.00527  	-0.0351  	0.03150  	-0.0004  	-0.0060  	0.04706  	-0.0056  	-0.0074  	-0.0267  	0.03628  	-0.0031  	0.02322  	-0.2291  	
-0.1678  	-0.0680  	-0.0978  	0.57690  	0.08261  	0.42145  	0.08741  	-0.8705  	0.16773  	0.09870  	0.24381  	0.38697  	-0.1048  	-0.9416  	-1.6366  	1.15191  	-0.1572  	0.42807  	-0.2485  	0.65621  	-0.2310  	-0.2096  	-0.8810  	0.33058  	-0.0191  	-0.2052  	-0.4930  	0.01243  	-0.0451  	-0.1169  	-0.2942  	0.32702  	0.25945  	-0.0798  	0.17676  	0.48489  	0.09557  	-0.0176  	-0.2150  	0.30546  	0.01184  	0.02184  	0.02737  	-0.0036  	-0.0921  	-0.0656  	0.03498  	0.00614  	0.06938  	-0.0361  	0.01940  	0.00990  	0.00359  	0.02556  	0.01605  	-0.0378  	0.04387  	0.00736  	-0.0346  	0.03191  	0.00021  	-0.0138  	0.05395  	-0.0101  	-0.0074  	-0.0267  	0.03628  	-0.0031  	0.02322  	-0.2291  	
-0.3574  	-0.1324  	-0.2082  	0.55187  	0.05674  	0.33093  	0.05819  	-0.8984  	0.13541  	0.02780  	0.20519  	0.35035  	-0.1191  	-0.9266  	-1.5663  	1.01775  	-0.1109  	0.39518  	-0.2625  	0.61946  	-0.2258  	-0.2343  	-0.8375  	0.41755  	-0.0177  	-0.1876  	-0.4499  	-0.0214  	-0.0813  	-0.1247  	-0.2845  	0.32520  	0.24639  	-0.0804  	0.19923  	0.45678  	0.11806  	-0.0254  	-0.2357  	0.32039  	-0.0099  	0.02113  	-0.0032  	-0.0121  	-0.0961  	-0.0744  	0.04320  	-0.0122  	0.06521  	-0.0294  	0.02911  	0.01449  	-0.0055  	0.02145  	0.01305  	-0.0396  	0.05152  	0.00857  	-0.0352  	0.02654  	-0.0033  	-0.0116  	0.04938  	-0.0064  	-0.0074  	-0.0267  	0.03628  	-0.0031  	0.02322  	-0.2291  	
-0.2341  	-0.1122  	-0.1819  	0.57374  	0.06905  	0.40093  	0.01719  	-0.8063  	0.20309  	-0.0544  	0.27569  	0.43712  	-0.0654  	-0.7667  	-1.2571  	0.95682  	-0.0975  	0.31340  	-0.3037  	0.58326  	0.01933  	-0.2559  	-0.7018  	0.45125  	-0.2084  	-0.1744  	-0.4323  	-0.1913  	-0.2360  	-0.1857  	-0.2629  	0.30994  	0.29027  	-0.0900  	0.30109  	0.28010  	0.22281  	-0.0184  	-0.2983  	0.29109  	-0.0295  	0.03408  	-0.0216  	-0.0404  	-0.0791  	-0.0562  	0.05208  	-0.0246  	0.05168  	-0.0255  	0.00667  	0.01205  	-0.0092  	0.02439  	0.00357  	-0.0391  	0.03642  	0.00545  	-0.0271  	0.02725  	0.00233  	-0.0042  	0.03863  	-0.0096  	-0.0074  	-0.0267  	0.03628  	-0.0031  	0.02322  	-0.2291  	
0.05693  	0.07152  	0.09449  	0.57425  	-0.0288  	0.58444  	0.06175  	-0.6319  	0.25833  	-0.0068  	0.16588  	0.38413  	0.04787  	-0.5673  	-1.1863  	1.01292  	-0.0632  	0.29486  	-0.2833  	0.51430  	0.06081  	-0.1744  	-0.6637  	0.41100  	-0.2176  	-0.1920  	-0.4404  	-0.2248  	-0.2544  	-0.1871  	-0.2173  	0.29182  	0.34224  	-0.0766  	0.29452  	0.22276  	0.26201  	0.00724  	-0.2864  	0.23794  	0.01075  	0.00550  	0.05480  	-0.0302  	-0.1175  	-0.0528  	0.04228  	0.00156  	0.05880  	-0.0177  	-0.0047  	0.01142  	-0.0042  	0.02676  	0.00673  	-0.0297  	0.02962  	-0.0013  	-0.0307  	0.04237  	0.00275  	0.01677  	0.04322  	-0.0166  	-0.0074  	-0.0267  	0.03628  	-0.0031  	0.02322  	-0.2291  	
0.00472  	0.07104  	0.08320  	0.71847  	0.08067  	0.53035  	0.08828  	-0.7094  	0.23979  	-0.0185  	0.23281  	0.40489  	0.01129  	-0.5707  	-1.2033  	0.94934  	-0.1122  	0.29497  	-0.2824  	0.54685  	0.08281  	-0.1633  	-0.6509  	0.42679  	-0.2152  	-0.1740  	-0.4745  	-0.2645  	-0.2498  	-0.1925  	-0.2498  	0.28736  	0.35469  	-0.0745  	0.28904  	0.22963  	0.25259  	0.00346  	-0.2661  	0.28070  	0.00782  	0.01174  	0.04063  	-0.0009  	-0.0939  	-0.0609  	0.04497  	0.00171  	0.06449  	-0.0207  	0.00339  	0.00612  	-0.0044  	0.02989  	0.00446  	-0.0321  	0.03827  	0.00269  	-0.0407  	0.03447  	0.00029  	0.02328  	0.04253  	-0.0181  	-0.0074  	-0.0267  	0.03628  	-0.0031  	0.02322  	-0.2291  	
-0.2366  	-0.0972  	-0.0877  	0.56870  	0.04642  	0.44032  	0.02886  	-0.8764  	0.17436  	-0.0302  	0.33472  	0.43275  	-0.1108  	-0.9517  	-1.4912  	1.07335  	-0.1472  	0.34915  	-0.2400  	0.59980  	-0.0102  	-0.2042  	-0.6907  	0.41085  	-0.2338  	-0.1692  	-0.4870  	-0.2120  	-0.2324  	-0.1981  	-0.2654  	0.31847  	0.29033  	-0.0690  	0.24675  	0.35020  	0.22179  	0.01555  	-0.3026  	0.27830  	0.00689  	0.03888  	0.00586  	-0.0135  	-0.0956  	-0.0663  	0.04717  	-0.0058  	0.04436  	-0.0257  	0.00651  	0.01263  	-0.0024  	0.02972  	0.00492  	-0.0373  	0.03942  	0.00671  	-0.0307  	0.02171  	0.00117  	0.00334  	0.04134  	-0.0130  	-0.0074  	-0.0267  	0.03628  	-0.0031  	0.02322  	-0.2291  	
-0.1565  	-0.0790  	-0.1053  	0.57320  	0.01505  	0.45642  	0.03829  	-0.8899  	0.18549  	0.01601  	0.30180  	0.39499  	-0.0926  	-0.9490  	-1.5745  	1.13162  	-0.1357  	0.36360  	-0.2541  	0.60737  	-0.1337  	-0.2407  	-0.7645  	0.35747  	-0.1632  	-0.1698  	-0.5423  	-0.0606  	-0.1406  	-0.1465  	-0.2563  	0.32475  	0.29163  	-0.0758  	0.21717  	0.38150  	0.16422  	-0.0171  	-0.2627  	0.28828  	0.01818  	0.03842  	0.01463  	-0.0186  	-0.0916  	-0.0470  	0.03938  	-0.0047  	0.05364  	-0.0282  	0.01552  	0.01784  	0.00246  	0.02585  	0.00907  	-0.0362  	0.03671  	0.00709  	-0.0323  	0.02810  	-0.0070  	-0.0073  	0.04080  	-0.0091  	-0.0074  	-0.0267  	0.03628  	-0.0031  	0.02322  	-0.2291  	
-0.1251  	-0.0948  	-0.0867  	0.69221  	0.10919  	0.50377  	0.04583  	-0.8323  	0.19043  	-0.0155  	0.29003  	0.43752  	-0.1060  	-0.8940  	-1.4477  	1.13781  	-0.1293  	0.33442  	-0.2624  	0.64351  	-0.0591  	-0.2491  	-0.8155  	0.42503  	-0.1784  	-0.1794  	-0.4860  	-0.1044  	-0.2006  	-0.1615  	-0.2785  	0.35390  	0.29735  	-0.0832  	0.26965  	0.38016  	0.19787  	-0.0062  	-0.2969  	0.29791  	-0.0283  	0.03807  	0.00057  	-0.0056  	-0.0874  	-0.0595  	0.04695  	0.00232  	0.05715  	-0.0366  	0.01937  	0.00706  	-0.0029  	0.01948  	0.00564  	-0.0316  	0.05172  	0.00350  	-0.0333  	0.03166  	-0.0038  	-0.0109  	0.04219  	-0.0084  	-0.0074  	-0.0267  	0.03628  	-0.0031  	0.02322  	-0.2291  	
-0.0358  	-0.0205  	-0.0362  	0.74734  	0.12523  	0.47008  	0.06525  	-0.7635  	0.22427  	0.02188  	0.18034  	0.43808  	-0.0165  	-0.6925  	-1.2006  	1.04099  	-0.0876  	0.29175  	-0.2509  	0.56012  	-0.0128  	-0.1841  	-0.7246  	0.46511  	-0.1719  	-0.1857  	-0.4480  	-0.2257  	-0.2211  	-0.1773  	-0.2539  	0.33089  	0.31401  	-0.0717  	0.28851  	0.27670  	0.22720  	0.00657  	-0.3082  	0.30780  	-0.0237  	0.02285  	0.00876  	-0.0280  	-0.0954  	-0.0518  	0.05182  	-0.0040  	0.05971  	-0.0317  	0.00360  	0.01289  	-0.0041  	0.02503  	0.00592  	-0.0329  	0.03097  	-0.0006  	-0.0283  	0.03854  	0.00212  	0.00901  	0.04315  	-0.0143  	-0.0074  	-0.0267  	0.03628  	-0.0031  	0.02322  	-0.2291  	
0.14532  	0.04379  	0.08628  	0.72979  	0.05831  	0.63063  	0.08868  	-0.6795  	0.26354  	-0.0177  	0.17390  	0.43738  	0.04006  	-0.5691  	-1.2286  	1.06511  	-0.1095  	0.32857  	-0.2810  	0.54031  	0.01485  	-0.1543  	-0.7397  	0.40009  	-0.1586  	-0.1932  	-0.4691  	-0.1969  	-0.1742  	-0.1690  	-0.2558  	0.30864  	0.33086  	-0.0896  	0.26018  	0.28606  	0.19096  	-0.0011  	-0.2459  	0.28413  	0.00014  	0.03148  	0.03919  	-0.0368  	-0.1119  	-0.0565  	0.03917  	0.02076  	0.07221  	-0.0218  	0.00226  	0.01474  	-0.0033  	0.03046  	0.00748  	-0.0263  	0.02948  	-0.0014  	-0.0374  	0.03507  	0.00445  	0.00156  	0.04710  	-0.0118  	-0.0074  	-0.0267  	0.03628  	-0.0031  	0.02322  	-0.2291  	
-0.1641  	-0.0379  	-0.1295  	0.56451  	0.09500  	0.25435  	0.12656  	-0.7562  	0.20424  	0.10269  	0.35513  	0.32024  	-0.0058  	-0.5752  	-1.3617  	0.91460  	-0.1278  	0.34119  	-0.2694  	0.61921  	0.03293  	-0.2005  	-0.8046  	0.52796  	-0.1159  	-0.1731  	-0.5064  	-0.3042  	-0.2875  	-0.2086  	-0.2388  	0.28605  	0.31836  	-0.0791  	0.34472  	0.30430  	0.19925  	0.00073  	-0.2909  	0.29499  	0.00110  	0.04726  	-0.0206  	-0.0319  	-0.0928  	-0.0580  	0.05076  	-0.0251  	0.05808  	-0.0094  	-0.0174  	0.00919  	-0.0139  	0.03080  	0.00104  	-0.0552  	0.03525  	-0.0018  	-0.0412  	0.04219  	0.00046  	0.00257  	0.03376  	-0.0183  	-0.0074  	-0.0267  	0.03628  	-0.0031  	0.02322  	-0.2291  	
-0.5841  	-0.1526  	-0.3157  	0.32102  	0.02732  	0.09573  	0.06546  	-0.8830  	0.16462  	0.09274  	0.51061  	0.36886  	-0.1145  	-0.8920  	-1.5065  	0.86452  	-0.1336  	0.38364  	-0.2969  	0.66620  	-0.0066  	-0.2859  	-0.7766  	0.41897  	-0.2197  	-0.1553  	-0.5177  	-0.1393  	-0.2100  	-0.2138  	-0.2196  	0.27404  	0.32457  	-0.0655  	0.27804  	0.32087  	0.17126  	-0.0105  	-0.2766  	0.28931  	0.01268  	0.02286  	-0.0371  	-0.0437  	-0.0831  	-0.0603  	0.05024  	-0.0377  	0.03998  	-0.0274  	0.00050  	0.01017  	-0.0106  	0.02716  	0.00712  	-0.0386  	0.03645  	0.00803  	-0.0449  	0.02714  	0.00286  	-0.0057  	0.04496  	-0.0127  	-0.0074  	-0.0267  	0.03628  	-0.0031  	0.02322  	-0.2291  	
-0.5983  	-0.1725  	-0.2204  	0.08879  	-0.1691  	0.13343  	0.07302  	-0.8789  	0.15238  	0.15343  	0.53856  	0.28875  	-0.1358  	-0.9386  	-1.6361  	0.88773  	-0.0793  	0.39633  	-0.2940  	0.62922  	-0.0853  	-0.2197  	-0.6859  	0.36583  	-0.1969  	-0.1350  	-0.5987  	-0.1027  	-0.1438  	-0.2427  	-0.2142  	0.26894  	0.30723  	-0.0824  	0.14638  	0.35031  	0.14857  	-0.0176  	-0.2331  	0.24602  	0.05645  	0.03413  	-0.0105  	-0.0369  	-0.0906  	-0.0496  	0.05012  	-0.0235  	0.04543  	-0.0250  	-0.0046  	0.01396  	-0.0052  	0.02380  	0.00896  	-0.0472  	0.03446  	0.00884  	-0.0362  	0.03282  	0.00452  	0.00440  	0.03868  	-0.0079  	-0.0074  	-0.0267  	0.03628  	-0.0031  	0.02322  	-0.2291  	
-0.5023  	-0.1525  	-0.1869  	0.24367  	-0.1345  	0.28414  	0.07507  	-0.9243  	0.17778  	0.06120  	0.39984  	0.32657  	-0.1320  	-0.9933  	-1.6477  	0.97846  	-0.0997  	0.41055  	-0.2790  	0.60489  	-0.1544  	-0.2134  	-0.6721  	0.33486  	-0.1964  	-0.1224  	-0.5965  	-0.0586  	-0.0650  	-0.2146  	-0.1894  	0.27614  	0.29892  	-0.0779  	0.07576  	0.35137  	0.09414  	-0.0365  	-0.2311  	0.28510  	0.09173  	0.01634  	0.03958  	-0.0167  	-0.0860  	-0.0616  	0.04385  	-0.0095  	0.03798  	-0.0234  	-0.0054  	0.01254  	-0.0004  	0.02340  	0.00923  	-0.0423  	0.03416  	0.00024  	-0.0383  	0.03247  	0.00676  	0.00508  	0.04167  	-0.0014  	-0.0074  	-0.0267  	0.03628  	-0.0031  	0.02322  	-0.2291  	
-0.3151  	-0.0960  	-0.1320  	0.42181  	-0.0395  	0.36834  	0.06038  	-0.8910  	0.17752  	0.06276  	0.26072  	0.40979  	-0.0860  	-0.9910  	-1.5999  	1.03644  	-0.1092  	0.41204  	-0.2911  	0.65250  	-0.1974  	-0.2294  	-0.7299  	0.28626  	-0.2002  	-0.1271  	-0.6343  	0.01062  	-0.0644  	-0.2018  	-0.2078  	0.28673  	0.31118  	-0.0588  	0.09883  	0.35598  	0.08413  	-0.0330  	-0.2015  	0.30916  	0.08950  	0.01505  	0.04871  	-0.0111  	-0.0944  	-0.0641  	0.04504  	-0.0022  	0.05117  	-0.0259  	0.00482  	0.01147  	-0.0073  	0.02305  	0.01258  	-0.0468  	0.04185  	0.00745  	-0.0404  	0.02218  	-0.0003  	0.01131  	0.04872  	-0.0031  	-0.0074  	-0.0267  	0.03628  	-0.0031  	0.02322  	-0.2291  	
-0.3211  	-0.0876  	-0.1137  	0.41613  	-0.0584  	0.32425  	0.07296  	-0.8707  	0.19425  	0.07785  	0.31870  	0.33529  	-0.0803  	-0.8852  	-1.6026  	1.01367  	-0.1382  	0.44339  	-0.2718  	0.69537  	-0.1900  	-0.2426  	-0.7770  	0.28535  	-0.1764  	-0.1632  	-0.6664  	0.01255  	-0.0407  	-0.1902  	-0.2437  	0.29181  	0.31460  	-0.0727  	0.13063  	0.38045  	0.10503  	-0.0248  	-0.2289  	0.30534  	0.08532  	0.01296  	0.03990  	-0.0066  	-0.0924  	-0.0562  	0.04951  	8.17142  	0.05217  	-0.0413  	0.00707  	0.01259  	-0.0026  	0.02929  	0.01243  	-0.0439  	0.04350  	0.00523  	-0.0386  	0.03070  	0.00548  	-0.0015  	0.04460  	-0.0054  	-0.0074  	-0.0267  	0.03628  	-0.0031  	0.02322  	-0.2291  	
-0.4249  	-0.1680  	-0.2309  	0.37570  	-0.0400  	0.27316  	0.05310  	-0.8180  	0.17883  	0.04773  	0.46931  	0.36674  	-0.1092  	-0.8837  	-1.5208  	0.98026  	-0.1281  	0.38566  	-0.2655  	0.65131  	-0.0596  	-0.2612  	-0.8059  	0.44268  	-0.1853  	-0.1518  	-0.5445  	-0.1018  	-0.1842  	-0.2290  	-0.2358  	0.30956  	0.30340  	-0.0850  	0.24032  	0.35958  	0.16991  	-0.0139  	-0.2808  	0.28368  	0.02029  	0.03471  	-0.0179  	-0.0339  	-0.0869  	-0.0529  	0.05189  	-0.0211  	0.05294  	-0.0108  	0.00559  	0.01680  	-0.0004  	0.02944  	0.01032  	-0.0413  	0.03193  	0.00405  	-0.0348  	0.03243  	-0.0003  	-0.0031  	0.03347  	-0.0079  	-0.0074  	-0.0267  	0.03628  	-0.0031  	0.02322  	-0.2291  	
0.10395  	-0.0273  	0.04053  	0.73935  	0.20536  	0.43359  	0.03724  	-0.6187  	0.16143  	-0.0708  	0.29337  	0.43444  	0.10807  	-0.6310  	-0.9933  	0.97447  	-0.0262  	0.17475  	-0.2170  	0.30946  	0.13037  	-0.4812  	-1.0042  	0.48856  	-0.3834  	-0.0562  	-0.4504  	-0.3160  	-0.2205  	-0.2357  	-0.1040  	0.27041  	0.26289  	-0.2443  	0.26510  	0.19158  	0.16457  	-0.0042  	-0.4327  	0.19374  	0.04628  	0.16001  	-0.1130  	0.05286  	-0.1537  	-0.0266  	0.01912  	0.02667  	0.04208  	-0.0346  	0.00132  	0.01667  	-0.0109  	0.03850  	0.00747  	-0.0400  	0.03405  	-0.0243  	-0.0318  	0.03571  	0.00836  	0.00180  	0.01221  	-0.0231  	-0.0074  	-0.0267  	0.03628  	-0.0031  	0.02322  	-0.2291  	
0.23896  	0.08443  	0.19404  	0.97112  	0.19722  	0.57731  	0.07353  	-0.5867  	0.21130  	-0.0557  	-0.0415  	0.44650  	0.20717  	-0.4726  	-0.8498  	0.89292  	0.02986  	0.02739  	-0.1484  	0.03754  	0.05880  	-0.5525  	-1.2136  	0.40512  	-0.2762  	-0.0045  	-0.4862  	-0.3903  	-0.0257  	-0.1734  	-0.0508  	0.21817  	0.14925  	-0.3647  	0.17612  	0.21028  	-0.0216  	-0.0275  	-0.4523  	0.16550  	0.09796  	0.27614  	-0.1839  	0.13536  	-0.2183  	-0.0198  	-0.0059  	0.07082  	0.05089  	-0.0484  	0.01765  	0.02090  	-0.0107  	0.05771  	0.02622  	-0.0321  	0.02879  	-0.0190  	-0.0378  	0.04303  	0.00694  	0.00885  	0.00497  	-0.0209  	-0.0074  	-0.0267  	0.03628  	-0.0031  	0.02322  	-0.2291  	
0.16903  	0.09532  	0.15951  	1.15622  	0.30775  	0.60107  	0.08049  	-0.5830  	0.18551  	-0.1073  	-0.0134  	0.43230  	0.19771  	-0.4745  	-0.7828  	0.85294  	0.08097  	-0.0633  	-0.1714  	-0.0036  	0.15762  	-0.5725  	-1.2417  	0.38893  	-0.1910  	-0.0124  	-0.3920  	-0.4237  	0.03734  	-0.1346  	-0.0468  	0.19797  	0.12650  	-0.3980  	0.19965  	0.20645  	0.01080  	-0.0214  	-0.4473  	0.13523  	0.11143  	0.30563  	-0.2089  	0.14759  	-0.2196  	-0.0139  	-0.0198  	0.05976  	0.04917  	-0.0589  	0.02103  	0.01988  	0.00182  	0.05840  	0.01957  	-0.0239  	0.03100  	-0.0238  	-0.0377  	0.05113  	0.01260  	-0.0005  	0.01190  	-0.0192  	-0.0074  	-0.0267  	0.03628  	-0.0031  	0.02322  	-0.2291  	
-0.1201  	-0.0372  	-0.0608  	0.72883  	0.19377  	0.32126  	0.06471  	-0.7366  	0.17568  	-0.0493  	0.32610  	0.49314  	0.05971  	-0.8015  	-1.1595  	0.92511  	0.00956  	0.07934  	-0.1740  	0.17618  	0.12817  	-0.6418  	-1.2156  	0.43405  	-0.3582  	0.00704  	-0.5673  	-0.3175  	-0.0548  	-0.2169  	-0.0210  	0.19522  	0.15221  	-0.3699  	0.16193  	0.24020  	0.02165  	-0.0199  	-0.4545  	0.13328  	0.17576  	0.25402  	-0.2269  	0.10457  	-0.1946  	-0.0093  	0.00512  	0.03283  	0.02744  	-0.0471  	0.01819  	0.01344  	-0.0013  	0.04697  	0.01191  	-0.0370  	0.04050  	-0.0102  	-0.0269  	0.04158  	0.00757  	-0.0130  	0.00266  	-0.0212  	-0.0074  	-0.0267  	0.03628  	-0.0031  	0.02322  	-0.2291  	
-0.3250  	-0.1056  	-0.1099  	0.43165  	0.01921  	0.32531  	0.05751  	-0.7802  	0.16934  	0.01165  	0.33763  	0.39766  	-0.0412  	-0.9175  	-1.4325  	0.91429  	-0.0342  	0.26869  	-0.2161  	0.38640  	0.01142  	-0.4619  	-0.9874  	0.39033  	-0.2602  	-0.0765  	-0.5635  	-0.1788  	-0.0499  	-0.2230  	-0.1258  	0.23328  	0.20330  	-0.2316  	0.15314  	0.28905  	0.05096  	-0.0209  	-0.3722  	0.22580  	0.11677  	0.14584  	-0.1216  	0.05573  	-0.1569  	-0.0359  	0.02893  	0.00441  	0.03595  	-0.0385  	0.00818  	0.01721  	-0.0024  	0.03625  	0.01099  	-0.0486  	0.03610  	-0.0039  	-0.0376  	0.03832  	0.00542  	-0.0045  	0.02543  	-0.0108  	-0.0074  	-0.0267  	0.03628  	-0.0031  	0.02322  	-0.2291  	
-0.3353  	-0.1381  	-0.1774  	0.55353  	0.02951  	0.40441  	0.04444  	-0.8575  	0.20833  	-0.0132  	0.26484  	0.40059  	-0.0780  	-0.8677  	-1.3919  	0.99033  	-0.0962  	0.37197  	-0.2934  	0.61897  	-0.1239  	-0.2326  	-0.6963  	0.35216  	-0.2140  	-0.1440  	-0.5754  	-0.0682  	-0.1093  	-0.1785  	-0.2175  	0.27775  	0.29768  	-0.0659  	0.17257  	0.32304  	0.11464  	-0.0277  	-0.2378  	0.28643  	0.03409  	0.01632  	0.02818  	-0.0193  	-0.0891  	-0.0608  	0.05592  	-0.0046  	0.05114  	-0.0231  	0.00614  	0.01152  	-0.0083  	0.03065  	0.01173  	-0.0396  	0.04241  	0.00168  	-0.0316  	0.03073  	0.00192  	-0.0028  	0.03863  	-0.0047  	-0.0074  	-0.0267  	0.03628  	-0.0031  	0.02322  	-0.2291  	
-0.1069  	-0.0062  	-0.0641  	0.69945  	0.11057  	0.52081  	0.06921  	-0.7420  	0.24530  	-0.0428  	0.09928  	0.47323  	0.02247  	-0.6825  	-1.2922  	1.00121  	-0.1036  	0.36408  	-0.2900  	0.62790  	-0.0990  	-0.2105  	-0.7257  	0.35095  	-0.2029  	-0.1588  	-0.5886  	-0.0324  	-0.0748  	-0.1820  	-0.2423  	0.26847  	0.34349  	-0.0664  	0.18868  	0.27420  	0.10291  	-0.0251  	-0.2502  	0.30489  	0.05424  	-0.0029  	0.04684  	-0.0014  	-0.1014  	-0.0704  	0.05485  	0.00947  	0.05726  	-0.0234  	0.00709  	0.00697  	-0.0082  	0.02418  	0.01083  	-0.0349  	0.03964  	-0.0009  	-0.0324  	0.02611  	0.00409  	0.00318  	0.03182  	-0.0122  	-0.0074  	-0.0267  	0.03628  	-0.0031  	0.02322  	-0.2291  	
-0.2461  	-0.0338  	-0.0940  	0.57329  	0.03742  	0.44296  	0.03619  	-0.8020  	0.21333  	-0.0232  	0.17234  	0.43293  	-0.0374  	-0.8112  	-1.4083  	0.94252  	-0.1071  	0.39226  	-0.2863  	0.60111  	-0.1469  	-0.1688  	-0.7040  	0.32102  	-0.2200  	-0.1435  	-0.6088  	-0.0436  	-0.0697  	-0.1862  	-0.2400  	0.27706  	0.32269  	-0.0708  	0.11677  	0.31033  	0.08769  	-0.0241  	-0.2168  	0.30437  	0.08785  	0.00613  	0.05021  	-0.0003  	-0.1019  	-0.0650  	0.04989  	-0.0017  	0.05636  	-0.0275  	-0.0037  	0.01216  	-0.0056  	0.02548  	0.00662  	-0.0425  	0.03724  	0.00767  	-0.0378  	0.02219  	0.00293  	-0.0027  	0.03619  	-0.0069  	-0.0074  	-0.0267  	0.03628  	-0.0031  	0.02322  	-0.2291  	
-0.1905  	-0.0768  	-0.1264  	0.64209  	0.03820  	0.50451  	0.01484  	-0.8010  	0.20089  	-0.0727  	0.21827  	0.42674  	-0.0920  	-0.8332  	-1.3099  	0.98862  	-0.1031  	0.35156  	-0.2657  	0.59648  	-0.0377  	-0.1968  	-0.6941  	0.38013  	-0.1954  	-0.1545  	-0.5401  	-0.1393  	-0.1781  	-0.1845  	-0.2570  	0.31435  	0.31741  	-0.0753  	0.22534  	0.28382  	0.19414  	0.00454  	-0.2676  	0.27401  	0.01400  	0.02055  	0.02513  	-0.0052  	-0.0938  	-0.0618  	0.05347  	-0.0169  	0.05206  	-0.0238  	-0.0021  	0.01158  	-0.0059  	0.02337  	0.00879  	-0.0414  	0.04013  	0.00543  	-0.0420  	0.02529  	-0.0018  	0.00108  	0.04017  	-0.0073  	-0.0074  	-0.0267  	0.03628  	-0.0031  	0.02322  	-0.2291  	
-0.0927  	-0.0484  	-0.0513  	0.61086  	0.03807  	0.50956  	0.07212  	-0.7959  	0.21841  	-0.0088  	0.23280  	0.39375  	-0.0485  	-0.7826  	-1.3687  	1.04967  	-0.1457  	0.39089  	-0.2907  	0.60747  	-0.0749  	-0.2106  	-0.7661  	0.35023  	-0.2201  	-0.1657  	-0.5812  	-0.0915  	-0.1269  	-0.1967  	-0.2459  	0.30667  	0.32892  	-0.0657  	0.23053  	0.32667  	0.14320  	-0.0158  	-0.2449  	0.29624  	0.02754  	0.02124  	0.03465  	-0.0193  	-0.0966  	-0.0641  	0.05461  	-0.0033  	0.05466  	-0.0294  	0.00727  	0.00787  	-0.0040  	0.02176  	0.00796  	-0.0417  	0.04377  	0.00303  	-0.0384  	0.02995  	-0.0036  	0.00227  	0.04398  	-0.0059  	-0.0074  	-0.0267  	0.03628  	-0.0031  	0.02322  	-0.2291  	
0.00511  	-0.0270  	0.00055  	0.62634  	0.06849  	0.51763  	0.09017  	-0.8288  	0.23554  	0.02845  	0.24199  	0.42561  	-0.0313  	-0.7860  	-1.4543  	1.10184  	-0.1706  	0.41057  	-0.2943  	0.64846  	-0.1080  	-0.2214  	-0.8232  	0.33993  	-0.2146  	-0.1742  	-0.6102  	-0.0417  	-0.1180  	-0.2088  	-0.2618  	0.30412  	0.33130  	-0.0643  	0.24356  	0.36007  	0.13419  	-0.0179  	-0.2336  	0.31002  	0.04873  	0.03145  	0.03955  	-0.0148  	-0.0947  	-0.0658  	0.05048  	0.00473  	0.05846  	-0.0222  	0.02092  	0.01034  	-0.0010  	0.02460  	0.01164  	-0.0369  	0.04520  	0.00436  	-0.0388  	0.03465  	-0.0056  	0.00364  	0.03937  	-0.0034  	-0.0074  	-0.0267  	0.03628  	-0.0031  	0.02322  	-0.2291  	
0.04330  	-0.0279  	-0.0032  	0.69754  	0.11086  	0.55696  	0.08690  	-0.8020  	0.23852  	0.02422  	0.24451  	0.43756  	-0.0279  	-0.7523  	-1.4115  	1.13805  	-0.1613  	0.40704  	-0.2710  	0.69635  	-0.0866  	-0.2505  	-0.8582  	0.34573  	-0.1667  	-0.1959  	-0.5844  	-0.0129  	-0.1122  	-0.1886  	-0.2869  	0.31487  	0.32264  	-0.0542  	0.26070  	0.35200  	0.13140  	-0.0184  	-0.2474  	0.31621  	0.03160  	0.01304  	0.03020  	-0.0178  	-0.0931  	-0.0597  	0.04879  	0.00485  	0.05675  	-0.0360  	0.01510  	0.01386  	-0.0060  	0.02609  	0.01325  	-0.0397  	0.04418  	0.00425  	-0.0420  	0.03047  	-0.0040  	-0.0068  	0.03944  	-0.0155  	-0.0074  	-0.0267  	0.03628  	-0.0031  	0.02322  	-0.2291  	
0.02442  	0.00211  	-0.0037  	0.80032  	0.17005  	0.57034  	0.09412  	-0.7667  	0.24430  	-0.0227  	0.10998  	0.40276  	-0.0220  	-0.6806  	-1.3311  	1.11640  	-0.1448  	0.38740  	-0.2863  	0.65042  	-0.0672  	-0.2452  	-0.8367  	0.35651  	-0.0959  	-0.1928  	-0.5297  	-0.0699  	-0.0829  	-0.1422  	-0.2836  	0.31112  	0.30113  	-0.0634  	0.26989  	0.33680  	0.13557  	-0.0199  	-0.2203  	0.31143  	-0.0075  	0.02729  	0.02528  	-0.0215  	-0.1019  	-0.0604  	0.03639  	0.00334  	0.05729  	-0.0263  	0.01878  	0.00919  	-0.0067  	0.02312  	0.01413  	-0.0374  	0.04838  	0.00631  	-0.0350  	0.03250  	-0.0067  	-0.0051  	0.05050  	-0.0100  	-0.0074  	-0.0267  	0.03628  	-0.0031  	0.02322  	-0.2291  	
0.05146  	-0.0034  	-0.0835  	1.06535  	0.26349  	0.65887  	0.07710  	-0.7382  	0.22583  	-0.1153  	-0.0350  	0.43364  	0.03625  	-0.5691  	-1.0231  	0.99501  	-0.1080  	0.32327  	-0.2983  	0.56902  	-0.0326  	-0.1455  	-0.7686  	0.36328  	-0.0779  	-0.2121  	-0.4327  	-0.1021  	-0.0703  	-0.0750  	-0.3058  	0.30437  	0.31186  	-0.0622  	0.27958  	0.26034  	0.13623  	-0.0255  	-0.2197  	0.30661  	-0.0583  	0.04022  	0.00379  	-0.0195  	-0.0915  	-0.0575  	0.03872  	0.01223  	0.07612  	-0.0297  	0.01563  	0.01228  	-0.0051  	0.02502  	0.00847  	-0.0321  	0.03855  	0.00397  	-0.0334  	0.02889  	-0.0067  	-0.0003  	0.04594  	-0.0132  	-0.0074  	-0.0267  	0.03628  	-0.0031  	0.02322  	-0.2291  	
0.04589  	0.02247  	-0.0110  	0.88384  	0.16049  	0.65418  	0.10190  	-0.7252  	0.24807  	-0.1201  	0.10174  	0.43621  	-0.0268  	-0.6516  	-1.1402  	1.06987  	-0.1264  	0.36180  	-0.3014  	0.57217  	0.04204  	-0.1811  	-0.7657  	0.41958  	-0.1562  	-0.1971  	-0.4643  	-0.2000  	-0.1774  	-0.1618  	-0.2762  	0.33270  	0.32303  	-0.0642  	0.31525  	0.27059  	0.21073  	0.00557  	-0.2599  	0.30762  	-0.0393  	0.03617  	0.00400  	-0.0261  	-0.0994  	-0.0597  	0.03608  	-0.0020  	0.06681  	-0.0234  	0.01389  	0.00878  	-0.0045  	0.02379  	0.00811  	-0.0308  	0.03869  	0.00481  	-0.0290  	0.02953  	-0.0031  	0.00465  	0.03613  	-0.0117  	-0.0074  	-0.0267  	0.03628  	-0.0031  	0.02322  	-0.2291  	
0.08706  	0.01747  	0.04517  	0.81307  	0.15135  	0.60016  	0.10208  	-0.7360  	0.22776  	-0.0426  	0.21448  	0.45332  	-0.0553  	-0.7120  	-1.2976  	1.17545  	-0.1662  	0.36949  	-0.2854  	0.58302  	0.02954  	-0.1769  	-0.8051  	0.42509  	-0.1430  	-0.2132  	-0.4578  	-0.1873  	-0.1989  	-0.1662  	-0.2840  	0.34279  	0.32031  	-0.0678  	0.32626  	0.30647  	0.22953  	0.00730  	-0.2835  	0.30671  	-0.0288  	0.03654  	0.01262  	-0.0171  	-0.1005  	-0.0559  	0.03972  	0.00975  	0.06825  	-0.0294  	0.01538  	0.01232  	-0.0023  	0.02592  	0.01472  	-0.0307  	0.03835  	0.00300  	-0.0335  	0.03268  	-0.0015  	-0.0048  	0.03666  	-0.0134  	-0.0074  	-0.0267  	0.03628  	-0.0031  	0.02322  	-0.2291  	
0.09675  	-0.0431  	0.04199  	0.76596  	0.12071  	0.56197  	0.11173  	-0.7703  	0.22357  	0.03238  	0.25417  	0.43274  	-0.0687  	-0.7842  	-1.3870  	1.14376  	-0.1437  	0.36643  	-0.2780  	0.62162  	-0.0079  	-0.1875  	-0.8072  	0.42694  	-0.1144  	-0.2256  	-0.4447  	-0.1449  	-0.1838  	-0.1620  	-0.2928  	0.35565  	0.31334  	-0.0769  	0.28804  	0.33837  	0.20883  	-0.0104  	-0.2675  	0.32250  	-0.0135  	0.03285  	0.01528  	-0.0138  	-0.0935  	-0.0578  	0.04072  	0.01580  	0.07189  	-0.0295  	0.01954  	0.01284  	-0.0018  	0.02262  	0.01033  	-0.0338  	0.04386  	0.00199  	-0.0361  	0.03302  	-0.0015  	-0.0081  	0.04429  	-0.0079  	-0.0074  	-0.0267  	0.03628  	-0.0031  	0.02322  	-0.2291  	
0.05705  	-0.0634  	0.03319  	0.73254  	0.08590  	0.56611  	0.09690  	-0.7708  	0.20645  	-0.0185  	0.25601  	0.39788  	-0.0614  	-0.7834  	-1.4044  	1.15117  	-0.1325  	0.35642  	-0.2600  	0.61800  	0.00629  	-0.1894  	-0.7798  	0.44823  	-0.0860  	-0.2209  	-0.4372  	-0.1875  	-0.1957  	-0.1536  	-0.2808  	0.35513  	0.30226  	-0.0772  	0.30560  	0.34534  	0.22844  	0.01143  	-0.2767  	0.28976  	-0.0106  	0.02564  	0.02893  	-0.0105  	-0.0921  	-0.0585  	0.04224  	0.01422  	0.06537  	-0.0371  	0.01429  	0.01094  	-0.0052  	0.02061  	0.01163  	-0.0342  	0.04437  	0.00672  	-0.0383  	0.03276  	-0.0022  	-0.0160  	0.04279  	-0.0098  	-0.0074  	-0.0267  	0.03628  	-0.0031  	0.02322  	-0.2291  	
-0.0633  	-0.0620  	0.01041  	0.74904  	0.06453  	0.55576  	0.07811  	-0.7777  	0.19148  	-0.0997  	0.21446  	0.34788  	-0.1009  	-0.7632  	-1.3036  	1.06474  	-0.1347  	0.33169  	-0.2644  	0.56651  	0.04557  	-0.1879  	-0.7534  	0.44445  	-0.1202  	-0.2105  	-0.4376  	-0.2303  	-0.2160  	-0.1564  	-0.2955  	0.36447  	0.29738  	-0.0736  	0.32448  	0.33655  	0.25691  	0.02932  	-0.2909  	0.27159  	-0.0160  	0.01941  	0.00076  	-0.0227  	-0.0928  	-0.0564  	0.04012  	-0.0065  	0.05854  	-0.0305  	0.01061  	0.01278  	-0.0011  	0.02844  	0.01089  	-0.0355  	0.04130  	0.00635  	-0.0353  	0.03289  	-0.0070  	-0.0090  	0.03600  	-0.0130  	-0.0074  	-0.0267  	0.03628  	-0.0031  	0.02322  	-0.2291  	
0.04399  	-0.0699  	0.02078  	0.73224  	0.06611  	0.53178  	0.07813  	-0.7910  	0.19098  	0.01432  	0.33554  	0.39760  	-0.0785  	-0.8034  	-1.4461  	1.17082  	-0.1737  	0.37098  	-0.2668  	0.62481  	0.00352  	-0.2046  	-0.8241  	0.42656  	-0.1322  	-0.2268  	-0.4974  	-0.1729  	-0.2144  	-0.1735  	-0.2939  	0.35147  	0.29718  	-0.0914  	0.31456  	0.36286  	0.23295  	0.01058  	-0.2996  	0.29768  	-0.0114  	0.01629  	0.00582  	-0.0292  	-0.0862  	-0.0597  	0.04197  	0.00229  	0.06222  	-0.0337  	0.02017  	0.01050  	0.00205  	0.02001  	0.01006  	-0.0321  	0.04567  	0.00429  	-0.0378  	0.03629  	-0.0024  	-0.0141  	0.04299  	-0.0073  	-0.0074  	-0.0267  	0.03628  	-0.0031  	0.02322  	-0.2291  	
-0.0134  	-0.0651  	-0.0111  	0.58806  	0.03922  	0.48392  	0.08994  	-0.8437  	0.21917  	0.04565  	0.32132  	0.39041  	-0.0642  	-0.8151  	-1.5752  	1.14630  	-0.1837  	0.41871  	-0.2733  	0.69915  	-0.0894  	-0.2274  	-0.8529  	0.36008  	-0.1245  	-0.2022  	-0.5810  	-0.0481  	-0.1423  	-0.1829  	-0.2756  	0.31798  	0.30546  	-0.0633  	0.26356  	0.40207  	0.17515  	-0.0142  	-0.2651  	0.30889  	0.02108  	0.02691  	0.02980  	-0.0303  	-0.0948  	-0.0595  	0.04626  	0.00438  	0.06035  	-0.0325  	0.02417  	0.01234  	-0.0029  	0.02229  	0.01256  	-0.0364  	0.04485  	0.00611  	-0.0385  	0.03353  	-0.0021  	-0.0076  	0.03885  	-0.0100  	-0.0074  	-0.0267  	0.03628  	-0.0031  	0.02322  	-0.2291  	
-0.1550  	-0.0705  	-0.0787  	0.52220  	0.03219  	0.43283  	0.10704  	-0.8442  	0.20532  	0.08732  	0.29598  	0.38051  	-0.0885  	-0.8187  	-1.6135  	1.09199  	-0.1739  	0.43143  	-0.2849  	0.69896  	-0.1253  	-0.2502  	-0.8402  	0.35656  	-0.0803  	-0.2004  	-0.5709  	-0.0129  	-0.0875  	-0.1793  	-0.2738  	0.30068  	0.29062  	-0.0773  	0.21613  	0.41049  	0.13556  	-0.0219  	-0.2431  	0.32232  	0.03627  	0.02378  	0.02149  	-0.0251  	-0.0926  	-0.0625  	0.04157  	0.00154  	0.05985  	-0.0319  	0.02127  	0.01437  	-0.0004  	0.02328  	0.01564  	-0.0394  	0.04608  	0.00457  	-0.0403  	0.03464  	-0.0009  	9.77665  	0.04536  	-0.0103  	-0.0074  	-0.0267  	0.03628  	-0.0031  	0.02322  	-0.2291  	
-0.3952  	-0.1337  	-0.2419  	0.51789  	0.05658  	0.29805  	0.09726  	-0.8896  	0.18391  	0.00621  	0.30608  	0.37874  	-0.1026  	-0.8241  	-1.4663  	0.94886  	-0.1258  	0.41613  	-0.2930  	0.62525  	-0.1034  	-0.2335  	-0.7957  	0.40267  	-0.1055  	-0.1749  	-0.5396  	-0.0579  	-0.0972  	-0.1784  	-0.2601  	0.30205  	0.28171  	-0.0783  	0.23276  	0.36975  	0.13176  	-0.0172  	-0.2534  	0.30194  	0.01359  	0.02835  	0.00072  	-0.0291  	-0.0923  	-0.0621  	0.05497  	-0.0151  	0.05071  	-0.0253  	0.01298  	0.01402  	-0.0029  	0.02902  	0.01861  	-0.0436  	0.04375  	0.01142  	-0.0415  	0.03378  	-0.0010  	-0.0048  	0.04851  	-0.0063  	-0.0074  	-0.0267  	0.03628  	-0.0031  	0.02322  	-0.2291  	
-0.3118  	-0.1142  	-0.1436  	0.41886  	-0.0208  	0.39594  	0.06026  	-0.8543  	0.20196  	-0.0275  	0.27518  	0.34657  	-0.0735  	-0.8403  	-1.4255  	0.91915  	-0.1062  	0.36269  	-0.2983  	0.60966  	-0.0657  	-0.1991  	-0.6928  	0.35289  	-0.1547  	-0.1654  	-0.5400  	-0.1252  	-0.1414  	-0.1997  	-0.2478  	0.27711  	0.29428  	-0.0704  	0.18573  	0.31157  	0.16061  	-0.0078  	-0.2607  	0.29575  	0.02118  	0.01519  	-0.0027  	-0.0301  	-0.0945  	-0.0552  	0.06078  	-0.0110  	0.04538  	-0.0269  	0.00724  	0.01340  	-0.0071  	0.02939  	0.00571  	-0.0444  	0.04313  	0.00434  	-0.0359  	0.03525  	0.00250  	-0.0081  	0.04067  	-0.0081  	-0.0074  	-0.0267  	0.03628  	-0.0031  	0.02322  	-0.2291  	
-0.3685  	-0.0818  	-0.0955  	0.43999  	-0.0645  	0.38684  	0.05773  	-0.8378  	0.18766  	-0.0051  	0.28824  	0.33062  	-0.1178  	-0.8392  	-1.4845  	0.93893  	-0.0788  	0.37210  	-0.2721  	0.55657  	-0.0622  	-0.1914  	-0.6511  	0.35969  	-0.2002  	-0.1610  	-0.5341  	-0.1729  	-0.1454  	-0.1861  	-0.2362  	0.28268  	0.27502  	-0.0869  	0.15662  	0.31820  	0.18260  	0.00392  	-0.2746  	0.26075  	0.08090  	0.01087  	0.02758  	-0.0052  	-0.0919  	-0.0650  	0.05235  	-0.0133  	0.04349  	-0.0218  	-0.0029  	0.01467  	-0.0090  	0.02490  	0.00802  	-0.0426  	0.03878  	0.00608  	-0.0409  	0.02676  	-0.0013  	0.00237  	0.04455  	-0.0135  	-0.0074  	-0.0267  	0.03628  	-0.0031  	0.02322  	-0.2291  	
-0.2289  	-0.0866  	-0.1085  	0.54600  	0.02697  	0.46034  	0.04366  	-0.8496  	0.19205  	-0.0035  	0.24775  	0.38728  	-0.0894  	-0.8544  	-1.4523  	1.02261  	-0.1256  	0.37585  	-0.2581  	0.60639  	-0.0997  	-0.2204  	-0.7341  	0.36058  	-0.1891  	-0.1592  	-0.5270  	-0.1106  	-0.1319  	-0.1977  	-0.2456  	0.31378  	0.31108  	-0.0682  	0.19859  	0.34479  	0.16009  	-0.0147  	-0.2613  	0.29472  	0.04614  	0.02028  	0.02925  	-0.0130  	-0.1009  	-0.0613  	0.04712  	-0.0002  	0.04558  	-0.0270  	0.00335  	0.01321  	-0.0083  	0.02471  	0.00687  	-0.0403  	0.04257  	0.00493  	-0.0410  	0.02596  	0.00314  	0.00054  	0.04351  	-0.0108  	-0.0074  	-0.0267  	0.03628  	-0.0031  	0.02322  	-0.2291  	
-0.0047  	-0.0264  	-0.0132  	0.56156  	0.04749  	0.51307  	0.07365  	-0.8315  	0.21978  	0.03529  	0.30046  	0.39668  	-0.0928  	-0.8216  	-1.4886  	1.15690  	-0.1658  	0.38005  	-0.2522  	0.59977  	-0.0385  	-0.2098  	-0.7629  	0.39729  	-0.2037  	-0.1849  	-0.5131  	-0.1518  	-0.1932  	-0.2163  	-0.2684  	0.32851  	0.32263  	-0.0755  	0.28152  	0.34764  	0.21285  	-0.0015  	-0.2952  	0.30950  	0.02225  	0.03142  	0.02007  	-0.0059  	-0.0874  	-0.0603  	0.04875  	0.00238  	0.05903  	-0.0209  	0.01172  	0.01022  	-0.0045  	0.02714  	0.00950  	-0.0378  	0.03889  	0.00347  	-0.0385  	0.03301  	-0.0008  	-0.0049  	0.04248  	-0.0076  	-0.0074  	-0.0267  	0.03628  	-0.0031  	0.02322  	-0.2291  	
-0.0199  	-0.0438  	0.00555  	0.64877  	0.07991  	0.49969  	0.08573  	-0.8368  	0.21537  	0.07670  	0.27918  	0.41191  	-0.0719  	-0.8366  	-1.5255  	1.15308  	-0.1609  	0.39326  	-0.2552  	0.65991  	-0.1037  	-0.2271  	-0.8317  	0.36291  	-0.1127  	-0.2059  	-0.5270  	-0.0630  	-0.1325  	-0.1728  	-0.2835  	0.31109  	0.29435  	-0.0729  	0.25909  	0.39529  	0.16299  	-0.0138  	-0.2599  	0.30836  	0.01491  	0.03017  	0.02779  	-0.0145  	-0.0923  	-0.0619  	0.04531  	0.01340  	0.06238  	-0.0247  	0.02058  	0.01189  	-0.0040  	0.02406  	0.01202  	-0.0331  	0.04463  	0.00344  	-0.0394  	0.03265  	-0.0034  	-0.0086  	0.04495  	-0.0074  	-0.0074  	-0.0267  	0.03628  	-0.0031  	0.02322  	-0.2291  	
-0.1192  	-0.0917  	-0.0847  	0.59253  	0.04939  	0.50654  	0.05470  	-0.8093  	0.19386  	-0.0478  	0.32495  	0.41584  	-0.0947  	-0.8317  	-1.4449  	1.13045  	-0.1518  	0.34133  	-0.2531  	0.64149  	-0.0211  	-0.2548  	-0.8218  	0.45918  	-0.1815  	-0.1918  	-0.4919  	-0.1497  	-0.2343  	-0.1916  	-0.2800  	0.34195  	0.31098  	-0.0817  	0.32293  	0.35506  	0.21908  	-0.0023  	-0.3136  	0.27528  	-0.0211  	0.04128  	0.00676  	-0.0278  	-0.0946  	-0.0575  	0.04701  	0.01101  	0.06170  	-0.0250  	0.01251  	0.01276  	-0.0050  	0.02569  	0.01272  	-0.0417  	0.04576  	0.00759  	-0.0341  	0.02981  	-0.0093  	-0.0060  	0.04505  	-0.0104  	-0.0074  	-0.0267  	0.03628  	-0.0031  	0.02322  	-0.2291  	
0.10179  	0.04640  	0.02782  	0.91467  	0.22183  	0.58912  	0.08778  	-0.7346  	0.19163  	-0.0550  	0.08906  	0.47675  	0.04661  	-0.5020  	-0.9753  	1.04469  	-0.1298  	0.30980  	-0.2903  	0.57725  	0.02946  	-0.1583  	-0.7981  	0.52647  	-0.2389  	-0.1707  	-0.4110  	-0.2269  	-0.2630  	-0.2029  	-0.2728  	0.33112  	0.33230  	-0.0883  	0.36594  	0.27606  	0.22288  	-0.0251  	-0.2901  	0.33132  	-0.0529  	0.04204  	-0.0018  	-0.0216  	-0.0915  	-0.0468  	0.03403  	0.00833  	0.07049  	-0.0199  	0.00467  	0.00630  	-0.0132  	0.01979  	0.00422  	-0.0318  	0.03666  	-0.0024  	-0.0350  	0.03345  	-0.0016  	0.00184  	0.02429  	-0.0180  	-0.0074  	-0.0267  	0.03628  	-0.0031  	0.02322  	-0.2291  	
0.28692  	0.05707  	0.16563  	0.87936  	0.13159  	0.66693  	0.12260  	-0.6980  	0.25281  	-0.0007  	0.01819  	0.38320  	0.11079  	-0.4006  	-0.9486  	0.97162  	-0.1436  	0.29411  	-0.3040  	0.53744  	0.01204  	-0.1167  	-0.7320  	0.42503  	-0.1592  	-0.1913  	-0.4551  	-0.2765  	-0.1933  	-0.1586  	-0.2586  	0.31766  	0.33879  	-0.0699  	0.31605  	0.26712  	0.20931  	-0.0025  	-0.2395  	0.30475  	-0.0389  	0.03085  	0.02130  	-0.0198  	-0.1025  	-0.0569  	0.02870  	0.03579  	0.07107  	-0.0272  	0.01359  	0.01077  	-0.0056  	0.01962  	0.00843  	-0.0258  	0.02939  	-0.0019  	-0.0409  	0.03924  	0.00580  	-0.0014  	0.03514  	-0.0132  	-0.0074  	-0.0267  	0.03628  	-0.0031  	0.02322  	-0.2291  	
0.24635  	0.03583  	0.15505  	0.91628  	0.10912  	0.65714  	0.15687  	-0.6830  	0.27701  	0.00430  	0.03221  	0.29381  	0.10450  	-0.4038  	-0.9493  	0.97226  	-0.0907  	0.27491  	-0.3076  	0.50483  	0.07102  	-0.0984  	-0.6772  	0.42000  	-0.1170  	-0.2020  	-0.4041  	-0.3108  	-0.1929  	-0.1490  	-0.2717  	0.30833  	0.30560  	-0.0580  	0.29798  	0.23541  	0.23077  	0.00351  	-0.2600  	0.28609  	-0.0145  	0.03988  	0.03063  	-0.0219  	-0.1008  	-0.0579  	0.03214  	0.03759  	0.08720  	-0.0241  	0.01094  	0.01150  	-0.0046  	0.02943  	0.01144  	-0.0218  	0.03005  	0.00629  	-0.0360  	0.03660  	0.00677  	-0.0012  	0.03630  	-0.0199  	-0.0074  	-0.0267  	0.03628  	-0.0031  	0.02322  	-0.2291  	
0.20834  	0.02179  	0.02025  	0.88498  	0.13095  	0.59448  	0.14130  	-0.6719  	0.22964  	-0.0457  	-0.0085  	0.27728  	0.03381  	-0.4884  	-0.9462  	0.91590  	-0.0774  	0.21522  	-0.2837  	0.47215  	0.06180  	-0.0459  	-0.7042  	0.47495  	-0.0751  	-0.2127  	-0.2758  	-0.3485  	-0.2009  	-0.1018  	-0.3096  	0.32968  	0.28283  	-0.0730  	0.32273  	0.25286  	0.21997  	-0.0109  	-0.2829  	0.32511  	-0.0902  	0.06323  	0.00603  	-0.0134  	-0.0936  	-0.0588  	0.03465  	0.03388  	0.08620  	-0.0281  	0.00310  	0.01418  	-0.0097  	0.02920  	0.00798  	-0.0383  	0.03716  	-0.0050  	-0.0354  	0.02841  	-0.0001  	-0.0140  	0.03295  	-0.0185  	-0.0074  	-0.0267  	0.03628  	-0.0031  	0.02322  	-0.2291  	
0.22923  	0.02873  	0.04269  	0.99644  	0.20507  	0.69103  	0.13120  	-0.6738  	0.26745  	-0.0823  	0.05248  	0.37407  	0.06751  	-0.4496  	-0.9685  	1.03546  	-0.1366  	0.26439  	-0.3012  	0.54511  	0.06437  	-0.1127  	-0.7440  	0.44440  	-0.1193  	-0.2154  	-0.3824  	-0.2842  	-0.1841  	-0.1180  	-0.2983  	0.32950  	0.30389  	-0.0637  	0.34242  	0.23921  	0.20355  	-0.0093  	-0.2715  	0.31989  	-0.0617  	0.05629  	0.00328  	-0.0199  	-0.0933  	-0.0578  	0.03909  	0.02299  	0.07951  	-0.0269  	0.00891  	0.01215  	-0.0082  	0.02757  	0.01155  	-0.0260  	0.03336  	0.00057  	-0.0371  	0.03255  	0.00183  	0.00249  	0.03378  	-0.0198  	-0.0074  	-0.0267  	0.03628  	-0.0031  	0.02322  	-0.2291  	
0.36228  	0.04318  	0.16771  	0.92677  	0.16648  	0.64820  	0.16840  	-0.7046  	0.28477  	0.05578  	-0.0094  	0.22088  	0.15767  	-0.3518  	-1.0282  	0.97875  	-0.1228  	0.29658  	-0.2941  	0.47890  	-0.0277  	-0.0932  	-0.7496  	0.41169  	-0.0111  	-0.2210  	-0.4115  	-0.3004  	-0.1238  	-0.0870  	-0.2695  	0.30685  	0.29682  	-0.0788  	0.24774  	0.28235  	0.13969  	-0.0290  	-0.2274  	0.34983  	-0.0101  	0.05002  	0.03484  	-0.0189  	-0.1130  	-0.0539  	0.02594  	0.03754  	0.08607  	-0.0363  	0.00400  	0.01514  	-0.0034  	0.02826  	0.01417  	-0.0261  	0.03166  	0.00134  	-0.0370  	0.03653  	-7.7647  	0.00052  	0.03490  	-0.0236  	-0.0074  	-0.0267  	0.03628  	-0.0031  	0.02322  	-0.2291  	
0.10376  	0.03218  	0.02020  	0.74518  	0.12278  	0.45821  	0.17264  	-0.6767  	0.22763  	0.05432  	0.18534  	0.26808  	0.13862  	-0.3463  	-1.1223  	0.93844  	-0.1383  	0.30532  	-0.2887  	0.60218  	-0.0354  	-0.0972  	-0.8568  	0.47049  	-0.0453  	-0.2285  	-0.3999  	-0.3102  	-0.2096  	-0.1119  	-0.2549  	0.31043  	0.32171  	-0.0727  	0.30832  	0.26699  	0.20074  	-0.0301  	-0.2639  	0.34118  	-0.0194  	0.03543  	0.00247  	-0.0257  	-0.0967  	-0.0577  	0.03997  	0.01292  	0.06837  	-0.0300  	-0.0043  	0.01238  	-0.0124  	0.02330  	0.00364  	-0.0398  	0.02890  	-0.0042  	-0.0473  	0.03333  	0.00430  	0.01233  	0.03520  	-0.0212  	-0.0074  	-0.0267  	0.03628  	-0.0031  	0.02322  	-0.2291  	
-0.2539  	-0.1151  	-0.2144  	0.77360  	0.23858  	0.27937  	0.11010  	-0.8009  	0.19828  	0.05404  	0.30251  	0.43069  	-0.0005  	-0.5413  	-1.2370  	0.96513  	-0.1432  	0.33867  	-0.3181  	0.65513  	0.02589  	-0.1940  	-0.8777  	0.52728  	-0.2029  	-0.1995  	-0.4766  	-0.1811  	-0.1873  	-0.1791  	-0.2523  	0.30020  	0.32624  	-0.0789  	0.35992  	0.29840  	0.17678  	-0.0579  	-0.3214  	0.34754  	-0.0498  	0.04726  	-0.0697  	-0.0460  	-0.0926  	-0.0538  	0.05126  	-0.0111  	0.06276  	-0.0286  	0.02429  	0.01322  	-0.0174  	0.02611  	0.01591  	-0.0274  	0.02669  	-0.0009  	-0.0236  	0.03672  	0.00545  	-0.0065  	0.02505  	-0.0235  	-0.0074  	-0.0267  	0.03628  	-0.0031  	0.02322  	-0.2291  	
-0.3185  	-0.1291  	-0.2937  	0.78948  	0.28303  	0.24111  	0.11792  	-0.8688  	0.16734  	0.02181  	0.38417  	0.60049  	-0.0492  	-0.7463  	-1.3155  	0.97150  	-0.1770  	0.41634  	-0.3417  	0.75520  	-0.0574  	-0.2600  	-0.8928  	0.39648  	-0.2072  	-0.1621  	-0.6241  	0.02291  	-0.1335  	-0.1913  	-0.2441  	0.26220  	0.34008  	-0.0631  	0.29103  	0.30373  	0.06478  	-0.0766  	-0.2605  	0.30772  	-0.0640  	0.05605  	-0.0417  	-0.0828  	-0.0776  	-0.0575  	0.05236  	-0.0038  	0.05215  	-0.0177  	0.03169  	0.01007  	-0.0096  	0.01655  	0.00040  	-0.0304  	0.04434  	-0.0073  	-0.0417  	0.03947  	-0.0066  	-0.0020  	0.03568  	-0.0184  	-0.0074  	-0.0267  	0.03628  	-0.0031  	0.02322  	-0.2291  	
-0.1255  	-0.0312  	-0.1840  	0.93570  	0.28055  	0.44807  	0.08808  	-0.7416  	0.22666  	-0.0812  	0.02302  	0.49179  	0.08137  	-0.4457  	-1.0044  	0.99109  	-0.1633  	0.39952  	-0.3202  	0.68106  	-0.1489  	-0.1906  	-0.8984  	0.37057  	-0.1217  	-0.1817  	-0.5902  	0.01182  	-0.0050  	-0.1156  	-0.2684  	0.26675  	0.32458  	-0.0677  	0.25162  	0.27848  	0.03604  	-0.0856  	-0.1900  	0.37032  	-0.0383  	0.03685  	-0.0114  	-0.0324  	-0.0882  	-0.0617  	0.04922  	-0.0019  	0.05847  	-0.0216  	0.02330  	0.01205  	-0.0219  	0.02469  	0.01359  	-0.0285  	0.03596  	0.00236  	-0.0322  	0.03761  	0.00407  	0.00252  	0.03373  	-0.0194  	-0.0074  	-0.0267  	0.03628  	-0.0031  	0.02322  	-0.2291  	
-0.0192  	0.06127  	-0.1679  	1.16573  	0.36049  	0.55441  	0.10469  	-0.7301  	0.24858  	-0.0790  	-0.0925  	0.45653  	0.12791  	-0.3649  	-0.8766  	0.88818  	-0.1356  	0.35294  	-0.3143  	0.68658  	-0.1652  	-0.1552  	-0.8989  	0.35713  	-0.0632  	-0.1884  	-0.5267  	0.01059  	0.02395  	-0.0866  	-0.2888  	0.25345  	0.31474  	-0.0332  	0.23719  	0.27201  	0.01016  	-0.0713  	-0.1607  	0.36145  	-0.0654  	0.03387  	-0.0196  	-0.0399  	-0.0835  	-0.0596  	0.03481  	-0.0034  	0.06715  	-0.0206  	0.01474  	0.01106  	-0.0164  	0.02185  	0.01019  	-0.0289  	0.03829  	0.00922  	-0.0344  	0.03043  	0.00725  	0.00553  	0.03645  	-0.0174  	-0.0074  	-0.0267  	0.03628  	-0.0031  	0.02322  	-0.2291  	
0.00317  	0.00799  	-0.1544  	1.14535  	0.40473  	0.50154  	0.09309  	-0.7388  	0.23759  	-0.1009  	-0.0363  	0.52709  	0.12868  	-0.3941  	-0.9799  	0.99430  	-0.1324  	0.33937  	-0.2986  	0.60907  	-0.0819  	-0.1306  	-0.8506  	0.40651  	-0.0881  	-0.1909  	-0.4359  	-0.0171  	-0.0518  	-0.0850  	-0.2897  	0.26586  	0.33503  	-0.0471  	0.34054  	0.25722  	0.09883  	-0.0763  	-0.2101  	0.32143  	-0.0690  	0.05695  	-0.0116  	-0.0364  	-0.0990  	-0.0554  	0.04090  	0.02142  	0.06259  	-0.0295  	0.01384  	0.01049  	-0.0067  	0.02193  	0.00665  	-0.0230  	0.03613  	0.00012  	-0.0252  	0.03491  	0.00100  	0.01014  	0.02840  	-0.0202  	-0.0074  	-0.0267  	0.03628  	-0.0031  	0.02322  	-0.2291  	
-0.1691  	-0.0656  	-0.2325  	0.77361  	0.24954  	0.31703  	0.12689  	-0.8428  	0.22938  	0.01158  	0.14238  	0.56615  	0.01386  	-0.6561  	-1.2701  	0.99706  	-0.1715  	0.43689  	-0.3188  	0.70361  	-0.1419  	-0.1945  	-0.8576  	0.40191  	-0.2005  	-0.1761  	-0.6242  	0.02722  	-0.0932  	-0.1742  	-0.2373  	0.28458  	0.34046  	-0.0435  	0.25103  	0.32070  	0.05274  	-0.0407  	-0.2243  	0.33556  	-0.0327  	0.03191  	-0.0043  	-0.0308  	-0.0997  	-0.0586  	0.05549  	0.01808  	0.06152  	-0.0221  	0.01598  	0.00728  	-0.0154  	0.02141  	0.00186  	-0.0408  	0.04583  	0.00549  	-0.0307  	0.02291  	0.00478  	0.00312  	0.04164  	-0.0194  	-0.0074  	-0.0267  	0.03628  	-0.0031  	0.02322  	-0.2291  	
-0.2567  	-0.0626  	-0.1361  	0.54781  	0.13370  	0.36691  	0.10380  	-0.8387  	0.20057  	0.01812  	0.21772  	0.42922  	-0.0603  	-0.7972  	-1.3763  	0.97673  	-0.1378  	0.44476  	-0.2880  	0.66929  	-0.0892  	-0.2117  	-0.7769  	0.40025  	-0.1656  	-0.1798  	-0.5532  	-0.0386  	-0.1352  	-0.1853  	-0.2479  	0.29421  	0.30944  	-0.0653  	0.22349  	0.32070  	0.13112  	-0.0351  	-0.2603  	0.29649  	-0.0070  	0.03200  	0.00817  	-0.0180  	-0.0899  	-0.0506  	0.05547  	-0.0146  	0.05847  	-0.0183  	0.00777  	0.00836  	-0.0054  	0.02517  	0.00974  	-0.0438  	0.04362  	0.00560  	-0.0324  	0.03267  	-0.0028  	-0.0032  	0.03189  	-0.0088  	-0.0074  	-0.0267  	0.03628  	-0.0031  	0.02322  	-0.2291  	
-0.2530  	-0.1169  	-0.1210  	0.60301  	0.02272  	0.48078  	0.03301  	-0.8424  	0.20075  	-0.0458  	0.19360  	0.38007  	-0.1023  	-0.8926  	-1.3290  	0.97847  	-0.1017  	0.38173  	-0.2766  	0.62332  	-0.0594  	-0.2079  	-0.6792  	0.37178  	-0.1590  	-0.1472  	-0.5395  	-0.1423  	-0.1726  	-0.1836  	-0.2347  	0.28583  	0.29540  	-0.0617  	0.18598  	0.30599  	0.16376  	2.23945  	-0.2700  	0.27337  	0.03028  	0.01343  	0.03222  	-0.0022  	-0.0934  	-0.0637  	0.05654  	-0.0185  	0.04721  	-0.0263  	0.00324  	0.01498  	-0.0051  	0.02148  	0.01265  	-0.0445  	0.04162  	0.00865  	-0.0407  	0.02797  	-0.0037  	-0.0025  	0.04738  	-0.0040  	-0.0074  	-0.0267  	0.03628  	-0.0031  	0.02322  	-0.2291  	
-0.2020  	-0.0603  	-0.0567  	0.64504  	0.00333  	0.44943  	0.00802  	-0.7422  	0.19191  	-0.0690  	0.23270  	0.41083  	-0.0250  	-0.8859  	-1.2725  	0.86645  	-0.0102  	0.21501  	-0.2204  	0.34100  	-0.0049  	-0.4301  	-0.9487  	0.31666  	-0.2809  	-0.0360  	-0.5858  	-0.1674  	-0.0260  	-0.2127  	-0.1111  	0.23832  	0.22189  	-0.2358  	0.10163  	0.26533  	0.05151  	-0.0077  	-0.3662  	0.20641  	0.13257  	0.13289  	-0.0684  	0.07427  	-0.1611  	-0.0512  	0.02347  	0.01129  	0.03702  	-0.0334  	0.01293  	0.01896  	-0.0041  	0.04257  	0.01842  	-0.0404  	0.03655  	-0.0095  	-0.0390  	0.03643  	0.00419  	0.00413  	0.02555  	-0.0037  	-0.0074  	-0.0267  	0.03628  	-0.0031  	0.02322  	-0.2291  	
-0.1553  	0.00278  	-0.0108  	0.56811  	0.00625  	0.34673  	-0.0121  	-0.7143  	0.17223  	-0.0351  	0.32654  	0.42997  	0.02084  	-0.8979  	-1.3820  	0.95224  	0.03162  	0.12802  	-0.1325  	0.16730  	0.01636  	-0.6294  	-1.2225  	0.29489  	-0.3340  	0.01584  	-0.6555  	-0.1970  	0.07644  	-0.2441  	-0.0328  	0.20829  	0.17564  	-0.3686  	0.05603  	0.27582  	-0.0331  	-0.0258  	-0.4453  	0.13764  	0.21170  	0.24042  	-0.1716  	0.12685  	-0.2055  	-0.0191  	0.00345  	0.02909  	0.02037  	-0.0471  	0.01266  	0.01930  	-0.0009  	0.05617  	0.02131  	-0.0424  	0.02874  	-0.0188  	-0.0412  	0.04943  	0.00830  	0.00205  	0.00528  	-0.0099  	-0.0074  	-0.0267  	0.03628  	-0.0031  	0.02322  	-0.2291  	
-0.1488  	0.01651  	-0.0011  	0.43067  	-0.0502  	0.30492  	0.01866  	-0.6956  	0.20214  	0.10288  	0.35469  	0.40331  	0.09123  	-0.8349  	-1.5217  	0.97091  	0.01233  	0.09198  	-0.1345  	0.14628  	-0.0277  	-0.7416  	-1.3511  	0.31186  	-0.2696  	0.01595  	-0.6266  	-0.2342  	0.02831  	-0.2390  	0.00623  	0.19150  	0.15932  	-0.4009  	0.06102  	0.30523  	-0.0459  	-0.0216  	-0.4468  	0.12694  	0.23382  	0.28165  	-0.1855  	0.13419  	-0.2159  	-0.0174  	0.00766  	0.04897  	0.02477  	-0.0537  	0.01276  	0.02001  	0.00075  	0.06481  	0.02100  	-0.0500  	0.02467  	-0.0222  	-0.0425  	0.04892  	0.00960  	-0.0022  	0.01918  	-0.0034  	-0.0074  	-0.0267  	0.03628  	-0.0031  	0.02322  	-0.2291  	
-0.4082  	-0.0796  	-0.1006  	0.47649  	0.00174  	0.17501  	0.04801  	-0.7308  	0.17781  	0.04653  	0.52783  	0.41787  	0.02970  	-0.7858  	-1.4455  	0.85017  	0.04956  	0.10348  	-0.1574  	0.19940  	0.10926  	-0.6489  	-1.2846  	0.48882  	-0.2797  	0.00274  	-0.5574  	-0.3291  	-0.0871  	-0.2600  	0.00457  	0.18553  	0.18548  	-0.3681  	0.18918  	0.26321  	0.03707  	-0.0240  	-0.4938  	0.12907  	0.13635  	0.26962  	-0.2312  	0.08642  	-0.1988  	-0.0258  	0.00383  	0.02828  	0.01578  	-0.0443  	0.01285  	0.01729  	0.00059  	0.05805  	0.01611  	-0.0384  	0.02738  	-0.0261  	-0.0348  	0.06335  	0.01118  	0.00959  	0.00901  	-0.0074  	-0.0074  	-0.0267  	0.03628  	-0.0031  	0.02322  	-0.2291  	
-0.6021  	-0.1690  	-0.2360  	0.15677  	-0.1265  	0.04182  	0.00886  	-0.7796  	0.14554  	0.07053  	0.61887  	0.33051  	-0.1148  	-0.9554  	-1.5460  	0.79261  	-0.0116  	0.16221  	-0.2080  	0.36719  	0.07889  	-0.4756  	-0.9658  	0.43328  	-0.2735  	-0.0372  	-0.5186  	-0.2400  	-0.1239  	-0.2491  	-0.1267  	0.23747  	0.20760  	-0.2536  	0.14735  	0.28235  	0.11487  	-0.0190  	-0.4114  	0.16893  	0.08803  	0.15301  	-0.1497  	0.04159  	-0.1388  	-0.0268  	0.02810  	-0.0211  	0.02980  	-0.0266  	0.00891  	0.01717  	-0.0038  	0.03838  	0.00748  	-0.0468  	0.02515  	-0.0042  	-0.0394  	0.04342  	0.00780  	0.00103  	0.01290  	-0.0105  	-0.0074  	-0.0267  	0.03628  	-0.0031  	0.02322  	-0.2291  	
-0.4136  	-0.1302  	-0.1929  	0.32242  	-0.0427  	0.26074  	0.05046  	-0.7956  	0.20629  	0.07024  	0.42415  	0.40437  	-0.0297  	-0.7892  	-1.5023  	0.92323  	-0.0965  	0.36982  	-0.2960  	0.67085  	-0.0351  	-0.2504  	-0.7291  	0.40439  	-0.2324  	-0.1407  	-0.5454  	-0.1493  	-0.1790  	-0.2266  	-0.2226  	0.25968  	0.32650  	-0.0908  	0.20304  	0.32373  	0.11241  	-0.0418  	-0.2440  	0.30056  	0.01218  	0.03758  	-0.0004  	-0.0388  	-0.0905  	-0.0551  	0.06036  	-0.0099  	0.04991  	-0.0193  	0.00983  	0.00844  	-0.0140  	0.02886  	0.00445  	-0.0468  	0.04367  	0.00550  	-0.0403  	0.03245  	0.00355  	0.00129  	0.03140  	-0.0133  	-0.0074  	-0.0267  	0.03628  	-0.0031  	0.02322  	-0.2291  	
-0.0491  	0.00394  	-0.0102  	0.81613  	0.16229  	0.53882  	0.08826  	-0.6984  	0.27383  	-0.0647  	0.06911  	0.52797  	0.08644  	-0.5438  	-1.1888  	1.06201  	-0.1485  	0.38734  	-0.3056  	0.65934  	-0.1162  	-0.1795  	-0.8084  	0.40247  	-0.2229  	-0.1632  	-0.6477  	-0.0537  	-0.1005  	-0.1747  	-0.2122  	0.26906  	0.36010  	-0.0614  	0.19802  	0.24654  	0.07008  	-0.0550  	-0.1936  	0.32947  	0.01716  	0.02235  	0.04029  	-0.0211  	-0.1158  	-0.0667  	0.04615  	0.02955  	0.05537  	-0.0193  	0.01527  	0.01340  	-0.0143  	0.02256  	0.00591  	-0.0349  	0.04682  	-0.0029  	-0.0368  	0.02484  	0.00521  	0.00299  	0.03123  	-0.0129  	-0.0074  	-0.0267  	0.03628  	-0.0031  	0.02322  	-0.2291  	
0.04476  	0.00791  	-0.0226  	0.96802  	0.24649  	0.56897  	0.09104  	-0.7644  	0.23794  	-0.0395  	0.02642  	0.46551  	0.07363  	-0.5413  	-1.0982  	1.02861  	-0.1340  	0.35252  	-0.3121  	0.66094  	-0.1258  	-0.1880  	-0.8366  	0.40144  	-0.1224  	-0.1845  	-0.5385  	-0.0733  	-0.0822  	-0.1330  	-0.2475  	0.29989  	0.34984  	-0.0485  	0.24815  	0.27187  	0.08615  	-0.0364  	-0.2045  	0.32205  	-0.0093  	0.02908  	0.02482  	-0.0180  	-0.0983  	-0.0596  	0.04264  	0.01410  	0.06260  	-0.0322  	0.01499  	0.01558  	-0.0095  	0.02352  	0.00286  	-0.0324  	0.03451  	0.00337  	-0.0398  	0.02702  	0.00491  	0.00672  	0.03860  	-0.0149  	-0.0074  	-0.0267  	0.03628  	-0.0031  	0.02322  	-0.2291  	
0.12641  	0.03093  	-0.0270  	1.04594  	0.29262  	0.68970  	0.06410  	-0.7031  	0.23645  	-0.1221  	-0.0723  	0.42035  	0.05444  	-0.4943  	-0.9131  	0.99009  	-0.0845  	0.23024  	-0.2937  	0.51583  	-0.0031  	-0.1084  	-0.7057  	0.46858  	-0.1374  	-0.1991  	-0.3539  	-0.2646  	-0.1908  	-0.1059  	-0.3112  	0.31291  	0.32095  	-0.0647  	0.33912  	0.23501  	0.18383  	-0.0183  	-0.2556  	0.32828  	-0.0911  	0.04428  	0.00713  	-0.0125  	-0.1026  	-0.0580  	0.04144  	0.02950  	0.08244  	-0.0293  	0.00325  	0.00701  	-0.0087  	0.02727  	0.00601  	-0.0235  	0.03749  	5.79817  	-0.0323  	0.03668  	-0.0028  	-0.0001  	0.03832  	-0.0142  	-0.0074  	-0.0267  	0.03628  	-0.0031  	0.02322  	-0.2291  	
0.21995  	0.11825  	0.18718  	0.77510  	0.04094  	0.66877  	0.09622  	-0.6379  	0.27825  	-0.0697  	0.19489  	0.41518  	0.00933  	-0.5130  	-1.1049  	1.08132  	-0.1256  	0.28113  	-0.2811  	0.50611  	0.15419  	-0.1738  	-0.7000  	0.46064  	-0.2024  	-0.2089  	-0.3928  	-0.3493  	-0.3101  	-0.1770  	-0.2913  	0.34716  	0.32945  	-0.0869  	0.36976  	0.21104  	0.28563  	0.03168  	-0.3010  	0.25195  	-0.0521  	0.02673  	0.01298  	-0.0188  	-0.0986  	-0.0540  	0.03202  	0.02028  	0.07561  	-0.0144  	0.00443  	0.01019  	-0.0009  	0.02351  	0.00897  	-0.0218  	0.03196  	-0.0016  	-0.0443  	0.03515  	-0.0012  	0.00226  	0.03662  	-0.0141  	-0.0074  	-0.0267  	0.03628  	-0.0031  	0.02322  	-0.2291  	
0.23543  	0.08848  	0.19116  	0.72839  	0.06050  	0.62155  	0.12627  	-0.6353  	0.29302  	-0.0286  	0.28198  	0.41831  	0.00227  	-0.5092  	-1.2597  	1.18452  	-0.1423  	0.27583  	-0.2797  	0.55933  	0.16822  	-0.1911  	-0.7443  	0.42561  	-0.1368  	-0.2094  	-0.4217  	-0.3061  	-0.2751  	-0.1774  	-0.2714  	0.33603  	0.33525  	-0.0845  	0.32021  	0.23326  	0.28900  	0.01490  	-0.2557  	0.24664  	-0.0308  	0.03189  	0.03743  	-0.0050  	-0.1040  	-0.0594  	0.04200  	0.03325  	0.07644  	-0.0259  	0.00066  	0.01718  	-0.0005  	0.03464  	0.00797  	-0.0309  	0.02907  	0.00155  	-0.0402  	0.03537  	-0.0008  	0.00197  	0.04467  	-0.0120  	-0.0074  	-0.0267  	0.03628  	-0.0031  	0.02322  	-0.2291  	
0.11524  	0.01828  	-0.0188  	0.98268  	0.21196  	0.55999  	0.09255  	-0.7107  	0.25932  	-0.0322  	0.12799  	0.47091  	0.07373  	-0.4850  	-1.1413  	1.13528  	-0.1571  	0.30467  	-0.3034  	0.65488  	-0.0026  	-0.1959  	-0.8965  	0.40244  	-0.0249  	-0.2250  	-0.4704  	-0.1222  	-0.0838  	-0.0909  	-0.3064  	0.30755  	0.33753  	-0.0690  	0.32047  	0.27395  	0.14880  	-0.0427  	-0.2195  	0.30431  	-0.0555  	0.05150  	0.01469  	-0.0136  	-0.0878  	-0.0558  	0.03902  	0.01093  	0.07768  	-0.0343  	0.01694  	0.00700  	-0.0094  	0.03001  	0.01012  	-0.0269  	0.03545  	0.00681  	-0.0292  	0.03135  	-0.0041  	0.00547  	0.03617  	-0.0193  	-0.0074  	-0.0267  	0.03628  	-0.0031  	0.02322  	-0.2291  	
-0.0178  	0.01233  	-0.1907  	1.23706  	0.44526  	0.51490  	0.11148  	-0.7382  	0.23181  	-0.0323  	-0.0064  	0.52369  	0.12746  	-0.3177  	-0.9662  	1.01250  	-0.1700  	0.30588  	-0.3213  	0.66343  	-0.1782  	-0.1572  	-0.9630  	0.39910  	-0.0308  	-0.2062  	-0.5071  	0.01481  	0.04115  	-0.0357  	-0.3281  	0.27144  	0.30558  	-0.0485  	0.30529  	0.29970  	0.02581  	-0.0796  	-0.2045  	0.32844  	-0.0883  	0.06171  	-0.0242  	-0.0573  	-0.0810  	-0.0609  	0.03854  	-0.0109  	0.07308  	-0.0295  	0.01710  	0.00876  	-0.0090  	0.01841  	0.00917  	-0.0357  	0.04080  	0.00732  	-0.0348  	0.02830  	-0.0030  	0.00198  	0.04184  	-0.0095  	-0.0074  	-0.0267  	0.03628  	-0.0031  	0.02322  	-0.2291  	
-0.0806  	0.01732  	-0.2626  	1.27974  	0.44432  	0.49583  	0.09284  	-0.6909  	0.24403  	-0.0837  	-0.0709  	0.51863  	0.15310  	-0.2775  	-0.8973  	0.96648  	-0.1371  	0.31402  	-0.3020  	0.64758  	-0.1913  	-0.1301  	-0.9386  	0.36741  	-0.0350  	-0.1798  	-0.5128  	-0.0242  	0.01055  	-0.0434  	-0.2949  	0.25021  	0.32375  	-0.0349  	0.29315  	0.26660  	0.01870  	-0.0803  	-0.1823  	0.34481  	-0.0939  	0.06535  	-0.0149  	-0.0486  	-0.0942  	-0.0559  	0.04012  	-0.0052  	0.06402  	-0.0292  	0.00057  	0.01432  	-0.0167  	0.02092  	0.00211  	-0.0289  	0.03345  	0.00338  	-0.0309  	0.02826  	0.00032  	0.01182  	0.02975  	-0.0276  	-0.0074  	-0.0267  	0.03628  	-0.0031  	0.02322  	-0.2291  	
-0.1455  	-0.0325  	-0.1962  	0.90429  	0.27238  	0.43321  	0.10203  	-0.8059  	0.24952  	-0.0165  	0.03875  	0.58289  	0.06307  	-0.5696  	-1.1984  	1.04890  	-0.1430  	0.38455  	-0.3085  	0.66478  	-0.1319  	-0.1612  	-0.8560  	0.40944  	-0.1618  	-0.1661  	-0.5499  	0.02130  	-0.0537  	-0.1291  	-0.2804  	0.26067  	0.34275  	-0.0304  	0.25821  	0.31024  	0.07387  	-0.0658  	-0.2020  	0.34825  	-0.0689  	0.04882  	-0.0214  	-0.0349  	-0.1047  	-0.0562  	0.04642  	0.01763  	0.06140  	-0.0277  	0.00840  	0.00654  	-0.0117  	0.03162  	0.00888  	-0.0308  	0.03475  	0.00481  	-0.0258  	0.02935  	0.00242  	0.00151  	0.02622  	-0.0138  	-0.0074  	-0.0267  	0.03628  	-0.0031  	0.02322  	-0.2291  	
-0.2661  	-0.0934  	-0.1160  	0.49103  	0.07364  	0.36914  	0.11309  	-0.8355  	0.21754  	0.04278  	0.27710  	0.41531  	-0.0682  	-0.8339  	-1.4452  	0.99898  	-0.1759  	0.43911  	-0.2738  	0.65158  	-0.0792  	-0.2146  	-0.7740  	0.38168  	-0.1776  	-0.1790  	-0.5843  	-0.0682  	-0.1207  	-0.1901  	-0.2402  	0.28502  	0.30786  	-0.0578  	0.21216  	0.32198  	0.12418  	-0.0285  	-0.2528  	0.3238  	0.01870  	0.01561  	0.00477  	-0.0123  	-0.0947  	-0.0545  	0.04871  	-0.0200  	0.05990  	-0.0345  	0.00881  	0.00800  	-0.0070  	0.02663  	0.00395  	-0.0427  	0.04119  	0.00656  	-0.0335  	0.03392  	-0.0031  	-0.0049  	0.03470  	-0.0110  	-0.0074  	-0.0267  	0.03628  	-0.0031  	0.02322  	-0.2291  	
-0.3157  	-0.1388  	-0.1543  	0.43383  	-0.0152  	0.42981  	0.06621  	-0.8644  	0.19556  	-0.0132  	0.29564  	0.36597  	-0.1024  	-0.9421  	-1.4359  	0.96977  	-0.1100  	0.41326  	-0.2552  	0.61913  	-0.0773  	-0.2095  	-0.6793  	0.37078  	-0.1770  	-0.1679  	-0.5716  	-0.0943  	-0.1332  	-0.1966  	-0.2315  	0.28112  	0.28588  	-0.0704  	0.19052  	0.31789  	0.14568  	-0.0192  	-0.2572  	0.31255  	0.05007  	0.00803  	0.00651  	-0.0188  	-0.0940  	-0.0590  	0.05651  	-0.0148  	0.04611  	-0.0225  	0.00776  	0.01078  	-0.0063  	0.02415  	0.00678  	-0.0377  	0.04224  	-0.0001  	-0.0387  	0.03397  	0.00188  	-0.0067  	0.04159  	-0.0030  	-0.0074  	-0.0267  	0.03628  	-0.0031  	0.02322  	-0.2291  	
-0.3079  	-0.1097  	-0.1476  	0.47911  	-0.0177  	0.40734  	0.07362  	-0.9023  	0.19218  	0.00446  	0.22675  	0.34914  	-0.1019  	-0.9345  	-1.5007  	0.96617  	-0.1101  	0.41417  	-0.2863  	0.62715  	-0.1723  	-0.2014  	-0.7092  	0.31732  	-0.1788  	-0.1417  	-0.6009  	-0.0412  	-0.0528  	-0.1907  	-0.2253  	0.27643  	0.28328  	-0.0634  	0.09883  	0.36640  	0.09576  	-0.0184  	-0.2282  	0.31168  	0.08912  	0.00848  	0.03917  	-0.0029  	-0.0935  	-0.0663  	0.05026  	-0.0100  	0.04980  	-0.0243  	0.00099  	0.01271  	-0.0040  	0.02646  	0.01182  	-0.0491  	0.04092  	0.00800  	-0.0381  	0.02702  	-0.0005  	0.00404  	0.04384  	-0.0044  	-0.0074  	-0.0267  	0.03628  	-0.0031  	0.02322  	-0.2291  	
-0.3864  	-0.0916  	-0.1308  	0.39170  	-0.0538  	0.34802  	0.08184  	-0.8603  	0.18550  	0.05435  	0.27141  	0.38353  	-0.0571  	-0.8680  	-1.5833  	0.97130  	-0.1236  	0.45218  	-0.2942  	0.64405  	-0.2283  	-0.2307  	-0.7408  	0.29266  	-0.1953  	-0.1628  	-0.6437  	-0.0266  	-0.0279  	-0.1991  	-0.2266  	0.25686  	0.29447  	-0.0651  	0.09299  	0.38132  	0.06919  	-0.0161  	-0.1975  	0.29852  	0.09267  	0.01124  	0.04064  	-0.0085  	-0.1036  	-0.0645  	0.05280  	0.00275  	0.04703  	-0.0215  	0.00502  	0.01628  	-0.0065  	0.02513  	0.01276  	-0.0463  	0.03496  	0.00473  	-0.0392  	0.02481  	0.00367  	0.00619  	0.04070  	-0.0067  	-0.0074  	-0.0267  	0.03628  	-0.0031  	0.02322  	-0.2291  	
-0.4563  	-0.1560  	-0.1950  	0.28504  	-0.0909  	0.31261  	0.07105  	-0.8866  	0.15835  	0.04752  	0.34076  	0.30782  	-0.1226  	-0.9721  	-1.6185  	0.96116  	-0.1055  	0.41857  	-0.2607  	0.60483  	-0.1283  	-0.2411  	-0.7096  	0.32397  	-0.1612  	-0.1565  	-0.5681  	-0.0809  	-0.0954  	-0.2100  	-0.2437  	0.28025  	0.28095  	-0.0752  	0.13494  	0.35834  	0.14308  	-0.0195  	-0.2422  	0.26588  	0.06899  	0.01669  	0.02347  	-0.0144  	-0.0885  	-0.0583  	0.05279  	-0.0146  	0.04151  	-0.0241  	0.00326  	0.01283  	-0.0014  	0.02548  	0.01188  	-0.0475  	0.04007  	0.00770  	-0.0417  	0.02715  	-0.0004  	-0.0030  	0.03907  	-0.0048  	-0.0074  	-0.0267  	0.03628  	-0.0031  	0.02322  	-0.2291  	
-0.5165  	-0.1453  	-0.2371  	0.27182  	-0.0949  	0.26173  	0.05567  	-0.8946  	0.16506  	0.05475  	0.40288  	0.28831  	-0.1444  	-0.9838  	-1.5900  	0.94252  	-0.1076  	0.38136  	-0.2720  	0.60661  	-0.1371  	-0.2246  	-0.6727  	0.34873  	-0.1713  	-0.1349  	-0.5839  	-0.0820  	-0.1011  	-0.2041  	-0.2153  	0.27076  	0.28872  	-0.0721  	0.13090  	0.35588  	0.14799  	-0.0105  	-0.2517  	0.27011  	0.07521  	0.01186  	0.02563  	-0.0077  	-0.0901  	-0.0597  	0.05173  	-0.0228  	0.04335  	-0.0250  	-0.0036  	0.01184  	-0.0036  	0.02748  	0.00662  	-0.0451  	0.03437  	0.00741  	-0.0388  	0.02904  	0.00554  	0.00217  	0.04282  	-0.0060  	-0.0074  	-0.0267  	0.03628  	-0.0031  	0.02322  	-0.2291  	
-0.3279  	-0.1165  	-0.1325  	0.48125  	-0.0251  	0.36510  	0.08999  	-0.8733  	0.19160  	0.02928  	0.26081  	0.39015  	-0.0855  	-0.8959  	-1.5144  	1.02307  	-0.1068  	0.39310  	-0.2791  	0.61630  	-0.1880  	-0.1976  	-0.7385  	0.33423  	-0.1718  	-0.1449  	-0.5723  	-0.0119  	-0.0749  	-0.1813  	-0.2340  	0.30038  	0.29251  	-0.0627  	0.12012  	0.37143  	0.09813  	-0.0245  	-0.2392  	0.30526  	0.06088  	0.01122  	0.02029  	-0.0196  	-0.1028  	-0.0672  	0.05073  	0.00056  	0.05289  	-0.0252  	0.00395  	0.01401  	-0.0039  	0.02601  	0.01186  	-0.0456  	0.03938  	0.00492  	-0.0372  	0.02752  	0.00083  	0.00750  	0.04473  	-0.0075  	-0.0074  	-0.0267  	0.03628  	-0.0031  	0.02322  	-0.2291  	
-0.0793  	-0.0559  	-0.0947  	0.67983  	0.09683  	0.52433  	0.06166  	-0.7663  	0.22302  	-0.0160  	0.26915  	0.46724  	-0.0344  	-0.8082  	-1.4378  	1.13421  	-0.1380  	0.37841  	-0.2551  	0.68594  	-0.0922  	-0.2271  	-0.8283  	0.38670  	-0.2177  	-0.1722  	-0.5588  	-0.0543  	-0.1331  	-0.1932  	-0.2674  	0.32666  	0.34163  	-0.0735  	0.24400  	0.34212  	0.12729  	0.00316  	-0.2555  	0.30407  	0.02914  	0.01563  	0.03361  	-0.0228  	-0.0978  	-0.0565  	0.04928  	0.00380  	0.05579  	-0.0297  	0.01423  	0.01072  	-0.0091  	0.02355  	0.00898  	-0.0378  	0.04469  	0.00173  	-0.0322  	0.03274  	-0.0076  	-0.0030  	0.04057  	-0.0100  	-0.0074  	-0.0267  	0.03628  	-0.0031  	0.02322  	-0.2291  	
0.10460  	0.01538  	-0.0089  	0.94764  	0.28593  	0.56354  	0.08944  	-0.7475  	0.21998  	-0.0241  	0.04224  	0.49607  	0.04639  	-0.6066  	-1.1439  	1.08622  	-0.1582  	0.34014  	-0.3012  	0.61966  	-0.0727  	-0.2118  	-0.8618  	0.43398  	-0.1767  	-0.2134  	-0.5216  	-0.1226  	-0.1618  	-0.1682  	-0.2609  	0.31539  	0.32915  	-0.0716  	0.30041  	0.27728  	0.14074  	-0.0222  	-0.2347  	0.33669  	-0.0308  	0.03577  	0.01624  	-0.0254  	-0.1020  	-0.0529  	0.03806  	0.01955  	0.07937  	-0.0218  	0.01915  	0.00660  	-0.0072  	0.02422  	0.00880  	-0.0319  	0.04418  	0.00774  	-0.0338  	0.02795  	-0.0063  	0.00533  	0.04389  	-0.0066  	-0.0074  	-0.0267  	0.03628  	-0.0031  	0.02322  	-0.2291  	
0.18056  	0.06238  	0.04709  	0.92439  	0.20052  	0.64386  	0.12756  	-0.6995  	0.27290  	-0.0205  	0.07884  	0.38705  	0.08548  	-0.4342  	-1.0302  	1.04303  	-0.1514  	0.30452  	-0.2940  	0.55880  	-0.0034  	-0.1248  	-0.7881  	0.37760  	-0.0987  	-0.2088  	-0.4554  	-0.2258  	-0.1548  	-0.1168  	-0.2909  	0.29012  	0.34834  	-0.0629  	0.33168  	0.26567  	0.17138  	-0.0210  	-0.2460  	0.30781  	-0.0216  	0.04116  	0.01578  	-0.0187  	-0.1093  	-0.0546  	0.03409  	0.02019  	0.07445  	-0.0331  	0.01061  	0.01252  	9.94754  	0.03111  	0.00657  	-0.0226  	0.02800  	0.00229  	-0.0411  	0.03367  	0.00456  	0.00555  	0.03232  	-0.0170  	-0.0074  	-0.0267  	0.03628  	-0.0031  	0.02322  	-0.2291  	
0.04307  	0.04137  	-0.0029  	0.80690  	0.15012  	0.56633  	0.10359  	-0.7216  	0.25313  	-0.0329  	0.16124  	0.42907  	0.03729  	-0.5454  	-1.1728  	1.00463  	-0.1321  	0.34745  	-0.3127  	0.56748  	0.03501  	-0.1564  	-0.7500  	0.41774  	-0.1419  	-0.1929  	-0.4855  	-0.1920  	-0.1790  	-0.1802  	-0.2528  	0.29221  	0.33908  	-0.0751  	0.28457  	0.25346  	0.20069  	-0.0230  	-0.2520  	0.31398  	-0.0062  	0.02921  	0.02045  	-0.0235  	-0.1063  	-0.0596  	0.04862  	0.00218  	0.05525  	-0.0266  	0.01054  	0.00869  	-0.0075  	0.02092  	0.00391  	-0.0293  	0.03580  	0.00032  	-0.0376  	0.03655  	0.00335  	0.00468  	0.03110  	-0.0056  	-0.0074  	-0.0267  	0.03628  	-0.0031  	0.02322  	-0.2291  	
-0.2526  	-0.0568  	-0.0944  	0.57050  	0.07206  	0.45328  	0.09268  	-0.8179  	0.19990  	-0.0255  	0.29501  	0.38244  	-0.0873  	-0.8243  	-1.3452  	1.04368  	-0.1441  	0.37246  	-0.3057  	0.62348  	0.00104  	-0.1777  	-0.7438  	0.43498  	-0.2102  	-0.1777  	-0.5245  	-0.1529  	-0.1652  	-0.2008  	-0.2470  	0.30314  	0.30842  	-0.0780  	0.24507  	0.29760  	0.20150  	-0.0117  	-0.2794  	0.30967  	0.01342  	0.03244  	0.00101  	-0.0328  	-0.1048  	-0.0557  	0.04836  	-0.0113  	0.04808  	-0.0278  	0.01041  	0.01418  	-0.0059  	0.02461  	0.00750  	-0.0377  	0.04231  	0.00450  	-0.0380  	0.02925  	2.96067  	0.00160  	0.03958  	-0.0080  	-0.0074  	-0.0267  	0.03628  	-0.0031  	0.02322  	-0.2291  	
-0.1618  	-0.1016  	-0.1120  	0.67839  	0.08291  	0.41721  	0.05193  	-0.9082  	0.15695  	0.01154  	0.24565  	0.42869  	-0.0892  	-0.9387  	-1.4797  	1.10250  	-0.1369  	0.37558  	-0.2887  	0.62386  	-0.1648  	-0.2158  	-0.7916  	0.36393  	-0.1454  	-0.1702  	-0.5390  	-0.0380  	-0.1331  	-0.1537  	-0.2745  	0.32965  	0.27625  	-0.0700  	0.19612  	0.40051  	0.13271  	-0.0055  	-0.2590  	0.29949  	0.02537  	0.02642  	0.01026  	-0.0169  	-0.1018  	-0.0581  	0.04385  	-0.0019  	0.05510  	-0.0320  	0.01596  	0.01841  	-0.0016  	0.02904  	0.01267  	-0.0407  	0.04582  	0.00574  	-0.0306  	0.02463  	-0.0076  	-0.0090  	0.04510  	-0.0081  	-0.0074  	-0.0267  	0.03628  	-0.0031  	0.02322  	-0.2291  	
-0.1068  	-0.0733  	-0.0788  	0.71951  	0.12801  	0.40906  	0.09547  	-0.8809  	0.18934  	0.08774  	0.22156  	0.45661  	-0.0799  	-0.9135  	-1.5504  	1.13809  	-0.1474  	0.42045  	-0.2712  	0.64215  	-0.2341  	-0.2194  	-0.8496  	0.35051  	-0.1017  	-0.1955  	-0.5618  	0.00437  	-0.0702  	-0.1366  	-0.2845  	0.32095  	0.26475  	-0.0809  	0.19322  	0.44119  	0.08590  	-0.0268  	-0.2376  	0.30427  	0.03425  	0.02631  	0.02592  	-0.0159  	-0.0989  	-0.0598  	0.03898  	0.00838  	0.06915  	-0.0301  	0.02063  	0.01343  	0.00256  	0.02502  	0.01446  	-0.0427  	0.05078  	0.00897  	-0.0306  	0.02936  	-0.0092  	-0.0068  	0.04514  	-0.0114  	-0.0074  	-0.0267  	0.03628  	-0.0031  	0.02322  	-0.2291  	
-0.2298  	-0.0717  	-0.1282  	0.56078  	0.04367  	0.43994  	0.07848  	-0.9070  	0.16839  	0.00038  	0.18551  	0.34676  	-0.1220  	-0.9330  	-1.5472  	1.05432  	-0.0941  	0.40126  	-0.2735  	0.64325  	-0.1993  	-0.2430  	-0.8152  	0.35064  	-0.0579  	-0.1898  	-0.5363  	0.00195  	-0.0440  	-0.1333  	-0.2852  	0.32521  	0.24621  	-0.0679  	0.16907  	0.44579  	0.11078  	-0.0217  	-0.2249  	0.29618  	0.03004  	0.01567  	0.02459  	-0.0129  	-0.0957  	-0.0590  	0.03940  	-0.0054  	0.05445  	-0.0335  	0.01594  	0.01137  	-0.0024  	0.02863  	0.01652  	-0.0391  	0.05004  	0.00738  	-0.0323  	0.02425  	-0.0033  	-0.0141  	0.04983  	-0.0048  	-0.0074  	-0.0267  	0.03628  	-0.0031  	0.02322  	-0.2291  	
-0.2638  	-0.1000  	-0.1434  	0.64348  	0.05814  	0.46421  	0.04686  	-0.8999  	0.16520  	-0.0594  	0.16778  	0.32657  	-0.1066  	-0.9034  	-1.4102  	0.98639  	-0.0886  	0.36211  	-0.2731  	0.60625  	-0.1328  	-0.2201  	-0.7680  	0.39440  	-0.0816  	-0.1776  	-0.4895  	-0.0475  	-0.0909  	-0.1423  	-0.2766  	0.33914  	0.26043  	-0.0698  	0.20353  	0.39102  	0.14751  	-0.0130  	-0.2506  	0.28164  	0.00926  	0.02821  	0.01279  	-0.0136  	-0.0923  	-0.0684  	0.04261  	-0.0144  	0.05613  	-0.0348  	0.01307  	0.00957  	0.00294  	0.02584  	0.00937  	-0.0353  	0.05044  	0.00758  	-0.0302  	0.03111  	-0.0012  	-0.0127  	0.04796  	-0.0039  	-0.0074  	-0.0267  	0.03628  	-0.0031  	0.02322  	-0.2291  	
-0.1606  	-0.0785  	-0.1162  	0.68995  	0.07441  	0.49672  	0.03460  	-0.7909  	0.20647  	-0.0885  	0.20026  	0.40012  	-0.0690  	-0.7829  	-1.2427  	0.96343  	-0.0997  	0.33142  	-0.2932  	0.57433  	-0.0389  	-0.1720  	-0.7118  	0.40259  	-0.1965  	-0.1579  	-0.5197  	-0.1327  	-0.1620  	-0.1824  	-0.2621  	0.30348  	0.31849  	-0.0732  	0.24945  	0.29734  	0.17795  	-0.0116  	-0.2782  	0.26260  	0.01054  	0.02611  	0.01972  	-0.0270  	-0.0932  	-0.0595  	0.05354  	-0.0175  	0.05607  	-0.0256  	0.00422  	0.00876  	-0.0049  	0.02079  	0.00689  	-0.0412  	0.04424  	0.00712  	-0.0402  	0.02707  	-0.0020  	-0.0018  	0.04005  	-0.0029  	-0.0074  	-0.0267  	0.03628  	-0.0031  	0.02322  	-0.2291  	
-0.0839  	0.00455  	-0.0518  	0.66733  	0.09305  	0.46811  	0.09509  	-0.7772  	0.23157  	-0.0154  	0.21354  	0.42696  	-0.0169  	-0.6682  	-1.3201  	1.04329  	-0.1511  	0.38208  	-0.2842  	0.63073  	-0.0834  	-0.1851  	-0.7698  	0.34427  	-0.2097  	-0.1733  	-0.5990  	-0.0803  	-0.0938  	-0.1903  	-0.2461  	0.28573  	0.34127  	-0.0591  	0.23083  	0.29986  	0.13851  	-0.0044  	-0.2431  	0.30696  	0.04376  	0.02094  	0.02492  	-0.0141  	-0.1034  	-0.0551  	0.05302  	-0.0024  	0.04904  	-0.0214  	-0.0064  	0.01349  	-0.0037  	0.02738  	0.01300  	-0.0384  	0.03244  	-0.0033  	-0.0406  	0.02763  	0.00707  	0.01149  	0.04087  	-0.0100  	-0.0074  	-0.0267  	0.03628  	-0.0031  	0.02322  	-0.2291  	
-0.2361  	-0.0569  	-0.1527  	0.52209  	0.07689  	0.31089  	0.07496  	-0.8710  	0.22242  	0.08292  	0.21224  	0.45444  	-0.0003  	-0.7189  	-1.4387  	0.97474  	-0.1714  	0.43345  	-0.2956  	0.65254  	-0.2673  	-0.1901  	-0.7687  	0.27468  	-0.1994  	-0.1558  	-0.7055  	0.09320  	0.02142  	-0.1810  	-0.2093  	0.26137  	0.33896  	-0.0519  	0.11995  	0.36185  	0.00860  	-0.0660  	-0.1973  	0.33967  	0.08249  	0.00900  	0.03952  	-0.0231  	-0.1022  	-0.0554  	0.05376  	0.00504  	0.05619  	-0.0216  	0.00337  	0.01020  	-0.0109  	0.02135  	0.00863  	-0.0389  	0.03301  	0.00105  	-0.0370  	0.02392  	0.00653  	0.01619  	0.03498  	-0.0074  	-0.0074  	-0.0267  	0.03628  	-0.0031  	0.02322  	-0.2291  	
-0.3907  	-0.1276  	-0.2385  	0.40863  	0.00115  	0.24536  	0.06460  	-0.8707  	0.18530  	0.07714  	0.31888  	0.38190  	-0.0845  	-0.8006  	-1.4925  	0.93777  	-0.1599  	0.42762  	-0.2952  	0.65425  	-0.1792  	-0.2316  	-0.7668  	0.32898  	-0.1842  	-0.1619  	-0.6197  	-0.0088  	-0.0595  	-0.1879  	-0.2240  	0.26887  	0.30962  	-0.0544  	0.17557  	0.35012  	0.06954  	-0.0526  	-0.2250  	0.29950  	0.04255  	0.02118  	0.01888  	-0.0222  	-0.0989  	-0.0560  	0.04823  	-0.0055  	0.04777  	-0.0226  	0.00599  	0.01357  	-0.0051  	0.02349  	0.00748  	-0.0479  	0.03845  	0.00669  	-0.0344  	0.03076  	0.00346  	0.00197  	0.04383  	-0.0076  	-0.0074  	-0.0267  	0.03628  	-0.0031  	0.02322  	-0.2291  	
-0.5136  	-0.1632  	-0.2649  	0.30581  	-0.0390  	0.12174  	0.06780  	-0.8994  	0.16637  	0.07134  	0.41716  	0.34520  	-0.1292  	-0.8980  	-1.5708  	0.93313  	-0.1559  	0.42132  	-0.2835  	0.64894  	-0.1859  	-0.2476  	-0.7347  	0.32844  	-0.1900  	-0.1504  	-0.6513  	-0.0536  	-0.0642  	-0.1949  	-0.1979  	0.26764  	0.30466  	-0.0741  	0.19450  	0.36466  	0.12747  	-0.0435  	-0.2454  	0.27885  	0.05446  	0.02792  	0.01316  	-0.0170  	-0.0901  	-0.0619  	0.04945  	-0.0139  	0.04891  	-0.0325  	-0.0010  	0.01305  	-0.0074  	0.02569  	0.00824  	-0.0424  	0.04197  	0.00906  	-0.0415  	0.03274  	0.00539  	0.00819  	0.04210  	-0.0093  	-0.0074  	-0.0267  	0.03628  	-0.0031  	0.02322  	-0.2291  	
-0.6250  	-0.1594  	-0.3452  	0.26199  	-0.0785  	0.06805  	0.05344  	-0.9136  	0.16854  	0.08908  	0.46191  	0.36811  	-0.1193  	-0.9418  	-1.5962  	0.91645  	-0.1381  	0.42703  	-0.2918  	0.63053  	-0.1562  	-0.2360  	-0.6973  	0.32739  	-0.2561  	-0.1449  	-0.6470  	-0.0637  	-0.0750  	-0.2239  	-0.2184  	0.25641  	0.30118  	-0.0688  	0.15816  	0.35669  	0.10734  	-0.0252  	-0.2542  	0.28661  	0.06230  	0.03039  	0.00381  	-0.0407  	-0.0919  	-0.0630  	0.05607  	-0.0091  	0.04962  	-0.0241  	0.00010  	0.01228  	-0.0110  	0.02836  	0.00701  	-0.0433  	0.04194  	0.00669  	-0.0423  	0.02986  	0.00443  	0.00561  	0.04713  	-0.0065  	-0.0074  	-0.0267  	0.03628  	-0.0031  	0.02322  	-0.2291  	
-0.6636  	-0.1574  	-0.3757  	0.20577  	-0.1022  	0.04826  	0.05157  	-0.9234  	0.14934  	0.10807  	0.49460  	0.37162  	-0.1161  	-0.9890  	-1.6291  	0.92354  	-0.1355  	0.43579  	-0.2903  	0.62454  	-0.1568  	-0.2365  	-0.6805  	0.29243  	-0.2936  	-0.1420  	-0.6567  	-0.0363  	-0.0641  	-0.2388  	-0.2073  	0.25479  	0.30342  	-0.0711  	0.10594  	0.35758  	0.08921  	-0.0251  	-0.2461  	0.28338  	0.06082  	0.02569  	0.01231  	-0.0440  	-0.0906  	-0.0618  	0.05267  	-0.0089  	0.04801  	-0.0190  	-0.0036  	0.01150  	-0.0138  	0.02504  	0.00886  	-0.0463  	0.03819  	0.00815  	-0.0403  	0.02678  	0.00429  	0.00900  	0.04619  	-0.0068  	-0.0074  	-0.0267  	0.03628  	-0.0031  	0.02322  	-0.2291  	
-0.7027  	-0.1529  	-0.3565  	0.16109  	-0.1064  	0.04399  	0.04729  	-0.9109  	0.15142  	0.14327  	0.50144  	0.35869  	-0.1174  	-0.9971  	-1.6797  	0.93167  	-0.1175  	0.42837  	-0.2905  	0.61886  	-0.1497  	-0.2269  	-0.7172  	0.30676  	-0.2919  	-0.1406  	-0.6445  	-0.0373  	-0.0912  	-0.2434  	-0.1985  	0.26782  	0.30698  	-0.0768  	0.08656  	0.35681  	0.08749  	-0.0299  	-0.2303  	0.26171  	0.06964  	0.01559  	0.01514  	-0.0533  	-0.0875  	-0.0615  	0.05165  	-0.0036  	0.04003  	-0.0084  	-0.0058  	0.01464  	-0.0062  	0.02455  	0.00934  	-0.0520  	0.03830  	0.00780  	-0.0409  	0.02683  	0.00435  	0.01048  	0.04540  	-0.0052  	-0.0074  	-0.0267  	0.03628  	-0.0031  	0.02322  	-0.2291  	
-0.6273  	-0.1514  	-0.3047  	0.23591  	-0.0467  	0.06898  	0.05996  	-0.8929  	0.17281  	0.12549  	0.48357  	0.39616  	-0.1040  	-0.9446  	-1.6897  	0.94460  	-0.1249  	0.44458  	-0.2954  	0.65939  	-0.1438  	-0.2496  	-0.7350  	0.33477  	-0.2892  	-0.1380  	-0.6734  	-0.0422  	-0.1082  	-0.2500  	-0.2103  	0.25689  	0.31783  	-0.0680  	0.11679  	0.33965  	0.07463  	-0.0387  	-0.2280  	0.25592  	0.06875  	0.01790  	0.01297  	-0.0411  	-0.0887  	-0.0590  	0.04729  	-0.0053  	0.05018  	-0.0223  	0.00093  	0.01270  	-0.0037  	0.02079  	0.00449  	-0.0477  	0.03784  	0.00627  	-0.0370  	0.02577  	0.00847  	0.00601  	0.04678  	-0.0048  	-0.0074  	-0.0267  	0.03628  	-0.0031  	0.02322  	-0.2291  	
-0.5194  	-0.1302  	-0.2571  	0.31934  	-0.0166  	0.17456  	0.05116  	-0.8516  	0.19261  	0.09360  	0.41081  	0.45055  	-0.0947  	-0.8908  	-1.5899  	0.96432  	-0.1286  	0.42590  	-0.2801  	0.63308  	-0.1397  	-0.2511  	-0.6833  	0.33369  	-0.3064  	-0.1280  	-0.6656  	-0.0449  	-0.0787  	-0.2261  	-0.2107  	0.25983  	0.31725  	-0.0695  	0.13433  	0.32288  	0.07669  	-0.0397  	-0.2307  	0.26809  	0.07828  	0.01757  	0.02550  	-0.0198  	-0.0871  	-0.0574  	0.04822  	-0.0073  	0.06231  	-0.0300  	-0.0027  	0.00836  	-0.0017  	0.01985  	0.00875  	-0.0467  	0.03526  	0.00597  	-0.0355  	0.02322  	0.00852  	0.00494  	0.04409  	-0.0080  	-0.0074  	-0.0267  	0.03628  	-0.0031  	0.02322  	-0.2291  	
-0.3385  	-0.0997  	-0.1700  	0.43300  	-0.0220  	0.29553  	0.04108  	-0.8238  	0.20163  	0.04615  	0.36851  	0.44122  	-0.0911  	-0.8407  	-1.5315  	1.00529  	-0.1051  	0.39545  	-0.2889  	0.61256  	-0.1060  	-0.2303  	-0.6848  	0.33665  	-0.2817  	-0.1386  	-0.6592  	-0.0723  	-0.0926  	-0.2212  	-0.2241  	0.28399  	0.31810  	-0.0756  	0.13650  	0.30132  	0.11928  	-0.0235  	-0.2304  	0.27453  	0.07400  	0.01139  	0.03490  	-0.0159  	-0.0888  	-0.0564  	0.05321  	-0.0108  	0.05543  	-0.0219  	-0.0035  	0.01224  	0.00043  	0.02660  	0.01065  	-0.0479  	0.03572  	0.00494  	-0.0370  	0.02948  	0.00476  	0.00333  	0.03633  	-0.0077  	-0.0074  	-0.0267  	0.03628  	-0.0031  	0.02322  	-0.2291  	
-0.3655  	-0.1197  	-0.1746  	0.39160  	-0.0641  	0.31429  	0.05573  	-0.8703  	0.19305  	0.05113  	0.29775  	0.38923  	-0.0821  	-0.8737  	-1.5949  	0.97799  	-0.0854  	0.41799  	-0.2874  	0.61791  	-0.1776  	-0.2173  	-0.7203  	0.29327  	-0.2424  	-0.1326  	-0.6776  	-0.0096  	-0.0563  	-0.2157  	-0.2087  	0.28071  	0.30700  	-0.0683  	0.08446  	0.32779  	0.07888  	-0.0242  	-0.2001  	0.28149  	0.09725  	-0.0006  	0.05201  	-0.0078  	-0.0987  	-0.0606  	0.05537  	-0.0044  	0.05582  	-0.0228  	0.00251  	0.01107  	-0.0030  	0.02775  	0.00943  	-0.0468  	0.03755  	0.00657  	-0.0377  	0.03319  	0.00807  	0.00590  	0.04201  	-0.0079  	-0.0074  	-0.0267  	0.03628  	-0.0031  	0.02322  	-0.2291  	
-0.3224  	-0.1106  	-0.1536  	0.45056  	-0.0378  	0.31157  	0.03873  	-0.8694  	0.19978  	0.04822  	0.30716  	0.38662  	-0.0720  	-0.8860  	-1.5853  	0.99739  	-0.1039  	0.41277  	-0.2808  	0.62078  	-0.1634  	-0.2470  	-0.7206  	0.31445  	-0.2538  	-0.1489  	-0.6427  	0.00741  	-0.0620  	-0.2056  	-0.2237  	0.28860  	0.31316  	-0.0670  	0.13999  	0.33923  	0.09930  	-0.0198  	-0.2397  	0.29634  	0.08104  	0.00917  	0.04316  	-0.0183  	-0.0961  	-0.0639  	0.05369  	0.00723  	0.04790  	-0.0134  	0.00181  	0.01389  	-0.0079  	0.02526  	0.00579  	-0.0453  	0.04122  	0.00362  	-0.0383  	0.02585  	0.00249  	0.00203  	0.04443  	-0.0088  	-0.0074  	-0.0267  	0.03628  	-0.0031  	0.02322  	-0.2291  	
-0.1855  	-0.0511  	-0.0703  	0.51797  	0.00999  	0.38678  	0.08391  	-0.8154  	0.21528  	0.04693  	0.29263  	0.38965  	-0.0750  	-0.8659  	-1.4710  	1.05947  	-0.1527  	0.39079  	-0.2952  	0.60530  	-0.1332  	-0.2384  	-0.7381  	0.30795  	-0.2506  	-0.1638  	-0.5954  	-0.0508  	-0.0932  	-0.2192  	-0.2358  	0.30880  	0.31594  	-0.0719  	0.18463  	0.35358  	0.12276  	-0.0161  	-0.2521  	0.29603  	0.06944  	0.02485  	0.02543  	-0.0105  	-0.0972  	-0.0626  	0.05439  	0.00081  	0.05635  	-0.0294  	0.00687  	0.01025  	-0.0069  	0.02534  	0.01037  	-0.0439  	0.04301  	0.00299  	-0.0416  	0.02618  	0.00180  	0.00476  	0.04930  	-0.0020  	-0.0074  	-0.0267  	0.03628  	-0.0031  	0.02322  	-0.2291  	
-0.0718  	-0.0439  	0.00840  	0.53184  	0.02161  	0.40385  	0.08193  	-0.8427  	0.20670  	0.13209  	0.37752  	0.40839  	-0.1108  	-0.9232  	-1.5787  	1.18212  	-0.1737  	0.42890  	-0.2820  	0.63968  	-0.1744  	-0.2547  	-0.8203  	0.29919  	-0.2077  	-0.1916  	-0.5983  	-0.0248  	-0.1243  	-0.1934  	-0.2651  	0.32754  	0.30680  	-0.0715  	0.23902  	0.39766  	0.12619  	-0.0172  	-0.2610  	0.30406  	0.04387  	0.02187  	0.03216  	-0.0169  	-0.1015  	-0.0576  	0.03796  	0.00105  	0.06175  	-0.0291  	0.01271  	0.01121  	0.00129  	0.02441  	0.01581  	-0.0382  	0.04116  	0.00622  	-0.0418  	0.03001  	-0.0023  	0.00444  	0.04506  	-0.0055  	-0.0074  	-0.0267  	0.03628  	-0.0031  	0.02322  	-0.2291  	
-0.0940  	-0.0758  	-0.0213  	0.51497  	0.00500  	0.42569  	0.10484  	-0.8781  	0.19648  	0.09546  	0.32963  	0.38385  	-0.0840  	-0.9414  	-1.6319  	1.18026  	-0.1807  	0.46209  	-0.2948  	0.68937  	-0.2203  	-0.2444  	-0.8572  	0.28205  	-0.1779  	-0.1875  	-0.6315  	0.03564  	-0.0695  	-0.1956  	-0.2555  	0.30847  	0.30703  	-0.0588  	0.21030  	0.44118  	0.08530  	-0.0207  	-0.2345  	0.32469  	0.04657  	0.01631  	0.02544  	-0.0235  	-0.0954  	-0.0597  	0.04612  	-0.0001  	0.06362  	-0.0245  	0.02392  	0.01054  	-0.0003  	0.02392  	0.01320  	-0.0418  	0.04427  	0.00841  	-0.0391  	0.03171  	-0.0021  	0.00381  	0.04911  	-0.0036  	-0.0074  	-0.0267  	0.03628  	-0.0031  	0.02322  	-0.2291  	
-0.2018  	-0.1108  	-0.0962  	0.44943  	-0.0274  	0.37786  	0.07988  	-0.8862  	0.16432  	0.10133  	0.33251  	0.32371  	-0.1047  	-0.9827  	-1.6223  	1.12887  	-0.1508  	0.41035  	-0.2623  	0.61040  	-0.1363  	-0.2252  	-0.8291  	0.36854  	-0.1155  	-0.1820  	-0.5213  	-0.0424  	-0.1197  	-0.1880  	-0.2632  	0.33025  	0.27212  	-0.0891  	0.21583  	0.43250  	0.15084  	-0.0275  	-0.2670  	0.31388  	0.01520  	0.03366  	0.00676  	-0.0170  	-0.0944  	-0.0609  	0.04008  	-0.0073  	0.05928  	-0.0235  	0.02003  	0.00859  	0.00093  	0.02799  	0.01486  	-0.0428  	0.04576  	0.00499  	-0.0351  	0.03397  	-0.0036  	0.00030  	0.04564  	-0.0051  	-0.0074  	-0.0267  	0.03628  	-0.0031  	0.02322  	-0.2291  	
-0.3107  	-0.1189  	-0.1567  	0.48558  	-0.0220  	0.41579  	0.04381  	-0.8636  	0.14565  	-0.0189  	0.30842  	0.34790  	-0.1304  	-0.9363  	-1.4686  	1.02412  	-0.0895  	0.34061  	-0.2486  	0.55703  	-0.0927  	-0.2372  	-0.7490  	0.42859  	-0.1194  	-0.1799  	-0.4494  	-0.1194  	-0.1330  	-0.1860  	-0.2675  	0.34103  	0.27980  	-0.0767  	0.23683  	0.40679  	0.19895  	0.00306  	-0.3019  	0.29041  	0.01544  	0.02044  	0.00924  	-0.0195  	-0.0905  	-0.0661  	0.04952  	-0.0194  	0.04903  	-0.0265  	0.01074  	0.01147  	0.00204  	0.03003  	0.01205  	-0.0434  	0.04719  	0.00542  	-0.0322  	0.02885  	0.00381  	-0.0101  	0.04406  	-0.0038  	-0.0074  	-0.0267  	0.03628  	-0.0031  	0.02322  	-0.2291  	
-0.2186  	-0.0748  	-0.0894  	0.53732  	0.02376  	0.44078  	0.05565  	-0.8326  	0.19989  	-0.0299  	0.23006  	0.39398  	-0.0629  	-0.7735  	-1.3799  	0.98258  	-0.1031  	0.33646  	-0.2831  	0.56205  	-0.0524  	-0.1815  	-0.6813  	0.38270  	-0.1920  	-0.1578  	-0.5079  	-0.1717  	-0.1586  	-0.1886  	-0.2417  	0.29787  	0.30010  	-0.0814  	0.23223  	0.31090  	0.18313  	-0.0008  	-0.2810  	0.27425  	0.01460  	0.02557  	0.02574  	-0.0199  	-0.0894  	-0.0639  	0.04943  	-0.0104  	0.04826  	-0.0254  	0.00839  	0.01074  	-0.0098  	0.02376  	0.00868  	-0.0355  	0.03951  	0.00392  	-0.0344  	0.03318  	-0.0020  	-0.0017  	0.04171  	-0.0042  	-0.0074  	-0.0267  	0.03628  	-0.0031  	0.02322  	-0.2291  	
-0.1212  	-0.0193  	-0.0674  	0.76055  	0.11458  	0.49710  	0.03290  	-0.7591  	0.23060  	-0.0611  	0.15207  	0.49321  	-0.0450  	-0.7155  	-1.2110  	1.01327  	-0.0773  	0.34390  	-0.2932  	0.59767  	-0.0621  	-0.2044  	-0.7303  	0.37393  	-0.2144  	-0.1710  	-0.5121  	-0.1307  	-0.1374  	-0.1726  	-0.2589  	0.29653  	0.32217  	-0.0565  	0.25471  	0.29045  	0.13779  	-0.0082  	-0.2611  	0.27775  	0.00037  	0.01791  	0.02940  	-0.0285  	-0.1017  	-0.0606  	0.05253  	0.00304  	0.05572  	-0.0239  	0.00763  	0.01361  	-0.0008  	0.02906  	0.00501  	-0.0361  	0.03224  	0.00489  	-0.0309  	0.03499  	0.00116  	0.00208  	0.03818  	-0.0125  	-0.0074  	-0.0267  	0.03628  	-0.0031  	0.02322  	-0.2291  	
-0.0913  	-0.0117  	-0.0988  	0.84991  	0.17506  	0.50724  	0.07993  	-0.7796  	0.23351  	-0.0448  	0.09866  	0.47903  	-0.0077  	-0.7052  	-1.1999  	1.04431  	-0.1150  	0.38910  	-0.3023  	0.66160  	-0.1229  	-0.2106  	-0.7779  	0.33599  	-0.1836  	-0.1656  	-0.6056  	-0.0077  	-0.0464  	-0.1635  	-0.2743  	0.29926  	0.32731  	-0.0471  	0.21487  	0.30554  	0.05937  	-0.0246  	-0.2256  	0.32297  	0.03111  	0.01211  	0.03933  	-0.0244  	-0.0979  	-0.0568  	0.05138  	0.01099  	0.05442  	-0.0235  	0.01752  	0.01093  	-0.0059  	0.02099  	0.00585  	-0.0331  	0.04152  	0.00411  	-0.0362  	0.02893  	0.00149  	0.00542  	0.04195  	-0.0121  	-0.0074  	-0.0267  	0.03628  	-0.0031  	0.02322  	-0.2291  	
-0.0605  	-0.0452  	-0.1240  	0.94855  	0.27958  	0.56190  	0.09926  	-0.7847  	0.20969  	-0.0481  	0.12440  	0.46898  	0.00343  	-0.6745  	-1.1839  	1.08183  	-0.1602  	0.38532  	-0.3286  	0.71112  	-0.1744  	-0.1889  	-0.8829  	0.39370  	-0.0876  	-0.2038  	-0.5477  	0.04045  	-0.0182  	-0.1391  	-0.3006  	0.30354  	0.31593  	-0.0625  	0.26565  	0.34393  	0.04398  	-0.0603  	-0.2232  	0.34397  	-0.0337  	0.04227  	0.00933  	-0.0368  	-0.0909  	-0.0552  	0.03851  	0.01786  	0.06319  	-0.0311  	0.02628  	0.00818  	-0.0099  	0.01751  	0.01003  	-0.0283  	0.05571  	0.00553  	-0.0368  	0.03568  	-0.0029  	-0.0056  	0.03901  	-0.0084  	-0.0074  	-0.0267  	0.03628  	-0.0031  	0.02322  	-0.2291  	
0.06612  	0.01257  	-0.1163  	1.17943  	0.39484  	0.59185  	0.06822  	-0.7558  	0.21090  	-0.0548  	-0.0170  	0.52711  	0.07771  	-0.5059  	-1.0150  	1.05762  	-0.1728  	0.36568  	-0.3073  	0.72384  	-0.1784  	-0.1613  	-0.9503  	0.38437  	-0.0658  	-0.1965  	-0.5320  	0.10023  	0.00441  	-0.0760  	-0.2804  	0.28132  	0.32733  	-0.0415  	0.26808  	0.32847  	0.03809  	-0.0779  	-0.1891  	0.33150  	-0.0578  	0.05421  	-0.0181  	-0.0463  	-0.0984  	-0.0538  	0.03077  	0.01387  	0.05890  	-0.0194  	0.02671  	0.00616  	-0.0068  	0.01675  	0.00304  	-0.0266  	0.05302  	0.00567  	-0.0299  	0.02669  	-0.0082  	0.00167  	0.03291  	-0.0144  	-0.0074  	-0.0267  	0.03628  	-0.0031  	0.02322  	-0.2291  	
0.06028  	0.03080  	-0.1887  	1.39977  	0.46461  	0.62494  	0.09904  	-0.7155  	0.24657  	-0.1430  	-0.1378  	0.45138  	0.12004  	-0.3114  	-0.7892  	0.95805  	-0.1324  	0.31586  	-0.3183  	0.64716  	-0.1745  	-0.1499  	-0.9349  	0.37019  	0.03412  	-0.2097  	-0.5113  	0.06264  	0.09698  	-0.0342  	-0.3263  	0.28293  	0.29576  	-0.0431  	0.32149  	0.31993  	-0.0044  	-0.0888  	-0.1714  	0.36084  	-0.1040  	0.04920  	-0.0308  	-0.0396  	-0.0933  	-0.0587  	0.03595  	-0.0115  	0.06756  	-0.0383  	0.01621  	0.00718  	-0.0059  	0.01989  	0.00861  	-0.0316  	0.04324  	0.00631  	-0.0294  	0.03297  	-0.0044  	0.00193  	0.03128  	-0.0126  	-0.0074  	-0.0267  	0.03628  	-0.0031  	0.02322  	-0.2291  	
0.07462  	0.02367  	-0.1346  	1.28471  	0.43987  	0.64921  	0.10151  	-0.7727  	0.22908  	-0.1164  	-0.2232  	0.49160  	0.14103  	-0.3719  	-0.8614  	0.97114  	-0.1299  	0.34258  	-0.3486  	0.62804  	-0.2064  	-0.0844  	-0.8761  	0.37478  	-0.0014  	-0.1961  	-0.5416  	0.06780  	0.13550  	-0.0316  	-0.3087  	0.26289  	0.32368  	-0.0334  	0.26746  	0.32008  	-0.0244  	-0.0792  	-0.1584  	0.33727  	-0.0566  	0.06016  	-0.0034  	-0.0246  	-0.1044  	-0.0592  	0.04414  	0.01664  	0.07689  	-0.0372  	0.01066  	0.00243  	-0.0070  	0.01649  	0.00365  	-0.0294  	0.04579  	0.00149  	-0.0294  	0.02717  	-0.0044  	0.00296  	0.03250  	-0.0122  	-0.0074  	-0.0267  	0.03628  	-0.0031  	0.02322  	-0.2291  	
0.02357  	-0.0164  	-0.1198  	0.98642  	0.26534  	0.53209  	0.12969  	-0.7544  	0.26191  	0.00066  	-0.0024  	0.48571  	0.11197  	-0.5016  	-1.1628  	1.07566  	-0.2064  	0.39463  	-0.3280  	0.66378  	-0.1625  	-0.1198  	-0.8621  	0.35477  	-0.1596  	-0.1735  	-0.6458  	0.03565  	0.00766  	-0.1100  	-0.2595  	0.27593  	0.32820  	-0.0491  	0.23919  	0.31161  	0.01863  	-0.0746  	-0.1737  	0.34965  	0.01712  	0.00932  	0.01683  	-0.0225  	-0.0980  	-0.0551  	0.04035  	0.02269  	0.06285  	-0.0251  	0.01047  	0.00343  	-0.0028  	0.01765  	0.01384  	-0.0466  	0.04505  	0.01243  	-0.0421  	0.04014  	-0.0022  	-0.0129  	0.04490  	-0.0067  	-0.0074  	-0.0267  	0.03628  	-0.0031  	0.02322  	-0.2291  	
-0.2562  	-0.1188  	-0.1959  	0.56213  	0.13815  	0.32862  	0.14125  	-0.8246  	0.21851  	0.03140  	0.29460  	0.45525  	-0.0092  	-0.7465  	-1.4752  	0.96224  	-0.1883  	0.45525  	-0.3198  	0.71681  	-0.1653  	-0.2445  	-0.8591  	0.39514  	-0.1797  	-0.1928  	-0.6603  	0.04986  	-0.0200  	-0.1748  	-0.2347  	0.27015  	0.32279  	-0.0532  	0.21000  	0.32982  	0.02297  	-0.0687  	-0.2073  	0.34034  	0.03188  	0.01308  	-0.0042  	-0.0394  	-0.0955  	-0.0573  	0.04433  	-0.0020  	0.05609  	-0.0228  	0.01834  	0.01025  	0.00035  	0.01142  	0.00182  	-0.0458  	0.04330  	0.00576  	-0.0392  	0.03276  	-0.0002  	-0.0042  	0.03609  	-0.0091  	-0.0074  	-0.0267  	0.03628  	-0.0031  	0.02322  	-0.2291  	
-0.4104  	-0.1659  	-0.2955  	0.59888  	0.20207  	0.26537  	0.12709  	-0.8374  	0.17921  	0.01108  	0.37585  	0.44005  	-0.0529  	-0.8405  	-1.4235  	0.97888  	-0.1760  	0.41898  	-0.3143  	0.69901  	-0.1116  	-0.2546  	-0.8348  	0.38343  	-0.2087  	-0.1796  	-0.6168  	0.01056  	-0.0857  	-0.1907  	-0.2471  	0.26771  	0.32618  	-0.0469  	0.24534  	0.35642  	0.07946  	-0.0576  	-0.2440  	0.30170  	0.01227  	0.03288  	-0.0414  	-0.0476  	-0.0930  	-0.0551  	0.05921  	-0.0140  	0.06376  	-0.0237  	0.01512  	0.00950  	-0.0066  	0.02416  	0.00966  	-0.0408  	0.04546  	0.00870  	-0.0337  	0.02718  	-0.0022  	-0.0132  	0.03739  	-0.0131  	-0.0074  	-0.0267  	0.03628  	-0.0031  	0.02322  	-0.2291  	
-0.3768  	-0.0919  	-0.3642  	0.78454  	0.25418  	0.32824  	0.06008  	-0.7531  	0.20410  	-0.0301  	0.27977  	0.63413  	-0.0060  	-0.6538  	-1.2212  	0.96386  	-0.1380  	0.40098  	-0.2757  	0.73569  	-0.0924  	-0.2585  	-0.8576  	0.33430  	-0.1826  	-0.1458  	-0.6290  	0.06240  	-0.0311  	-0.2041  	-0.2361  	0.24268  	0.34092  	-0.0608  	0.23222  	0.31245  	0.01744  	-0.0677  	-0.2093  	0.30328  	-0.0620  	0.04144  	-0.0180  	-0.0538  	-0.0747  	-0.0558  	0.05537  	-0.0131  	0.04476  	-0.0223  	0.01187  	0.00757  	-0.0194  	0.02258  	0.00717  	-0.0455  	0.05016  	0.00457  	-0.0330  	0.03622  	-0.0004  	0.00851  	0.04285  	-0.0116  	-0.0074  	-0.0267  	0.03628  	-0.0031  	0.02322  	-0.2291  	
-0.1918  	-0.0588  	-0.1810  	0.80448  	0.16742  	0.47132  	0.04591  	-0.7328  	0.23560  	-0.0804  	0.17120  	0.59964  	-0.0154  	-0.6055  	-1.1431  	1.00913  	-0.1164  	0.40133  	-0.2788  	0.67324  	-0.0838  	-0.2096  	-0.7950  	0.36715  	-0.2308  	-0.1740  	-0.6136  	-0.0077  	-0.0704  	-0.1705  	-0.2593  	0.26700  	0.33619  	-0.0692  	0.20113  	0.28631  	0.07714  	-0.0483  	-0.2243  	0.30395  	-0.0243  	0.02232  	0.00948  	-0.0266  	-0.0852  	-0.0473  	0.04922  	0.00514  	0.05789  	-0.0378  	-0.0004  	0.00467  	-0.0124  	0.02821  	0.00809  	-0.0367  	0.04430  	-0.0007  	-0.0367  	0.02903  	-0.0030  	-0.0022  	0.03248  	-0.0097  	-0.0074  	-0.0267  	0.03628  	-0.0031  	0.02322  	-0.2291  	
0.02357  	0.03033  	0.01591  	0.79635  	0.14411  	0.59691  	0.06048  	-0.7171  	0.24169  	-0.0407  	0.11120  	0.48972  	0.02479  	-0.5794  	-1.1095  	1.00918  	-0.1239  	0.31116  	-0.3092  	0.59722  	-0.0004  	-0.1737  	-0.7011  	0.43114  	-0.2265  	-0.1852  	-0.5390  	-0.1974  	-0.2112  	-0.1862  	-0.2429  	0.29359  	0.35169  	-0.0749  	0.26257  	0.22524  	0.18512  	-0.0099  	-0.2413  	0.28785  	0.00997  	0.01767  	0.02819  	-0.0152  	-0.1019  	-0.0625  	0.04684  	0.01512  	0.05660  	-0.0260  	-0.0039  	0.01213  	-0.0067  	0.02825  	0.00908  	-0.0314  	0.04410  	0.00725  	-0.0377  	0.02574  	0.00534  	0.00493  	0.03359  	-0.0075  	-0.0074  	-0.0267  	0.03628  	-0.0031  	0.02322  	-0.2291  	
-0.1547  	-0.0548  	-0.0762  	0.61903  	0.10999  	0.38557  	0.09408  	-0.8100  	0.21615  	0.02659  	0.22883  	0.48044  	0.01673  	-0.7066  	-1.3843  	1.02957  	-0.1332  	0.42830  	-0.3151  	0.67847  	-0.1782  	-0.2182  	-0.7836  	0.33257  	-0.2595  	-0.1617  	-0.7102  	-0.0007  	-0.0250  	-0.1924  	-0.2147  	0.26197  	0.34751  	-0.0557  	0.15085  	0.29874  	0.02050  	-0.0317  	-0.2160  	0.31075  	0.09074  	0.00329  	0.03761  	-0.0211  	-0.1053  	-0.0658  	0.05208  	0.01643  	0.05541  	-0.0336  	0.00056  	0.01130  	-0.0052  	0.01864  	0.00580  	-0.0434  	0.03628  	0.00575  	-0.0452  	0.02112  	0.01009  	0.00915  	0.03353  	-0.0098  	-0.0074  	-0.0267  	0.03628  	-0.0031  	0.02322  	-0.2291  	
-0.4672  	-0.1624  	-0.3735  	0.56774  	0.19548  	0.13526  	0.10179  	-0.8699  	0.19116  	0.07655  	0.40254  	0.46134  	-0.0544  	-0.7987  	-1.5234  	0.95468  	-0.1757  	0.44159  	-0.3338  	0.72057  	-0.1744  	-0.2666  	-0.8967  	0.35119  	-0.2183  	-0.1492  	-0.6864  	0.06218  	-0.0348  	-0.1926  	-0.2287  	0.26453  	0.33249  	-0.0596  	0.19378  	0.35423  	0.03188  	-0.0673  	-0.2163  	0.31107  	0.01003  	0.03976  	-0.0195  	-0.0463  	-0.0875  	-0.0582  	0.05218  	-0.0120  	0.06008  	-0.0289  	0.01195  	0.01266  	-0.0091  	0.01934  	0.01105  	-0.0394  	0.04016  	0.00620  	-0.0380  	0.02799  	0.00495  	0.00344  	0.03735  	-0.0105  	-0.0074  	-0.0267  	0.03628  	-0.0031  	0.02322  	-0.2291  	
-0.1912  	-0.0807  	-0.2324  	0.85852  	0.25980  	0.35807  	0.07238  	-0.7227  	0.21495  	0.00662  	0.26120  	0.64850  	0.01791  	-0.5839  	-1.2004  	1.03349  	-0.1606  	0.42626  	-0.2991  	0.75278  	-0.1406  	-0.2332  	-0.8831  	0.36645  	-0.2335  	-0.1595  	-0.6903  	0.09117  	-0.0337  	-0.1801  	-0.2534  	0.25518  	0.35455  	-0.0613  	0.25356  	0.29692  	0.01408  	-0.0690  	-0.2063  	0.34476  	-0.0169  	0.03125  	-0.0007  	-0.0360  	-0.0860  	-0.0528  	0.05014  	0.00603  	0.05695  	-0.0329  	0.00514  	0.00382  	-0.0165  	0.01977  	0.00718  	-0.0415  	0.03852  	0.00392  	-0.0414  	0.02889  	-0.0115  	-0.0024  	0.03809  	-0.0096  	-0.0074  	-0.0267  	0.03628  	-0.0031  	0.02322  	-0.2291  	
-0.0501  	0.05012  	0.01179  	0.89623  	0.19334  	0.61123  	0.06874  	-0.6571  	0.24264  	-0.1127  	0.06898  	0.54504  	0.06461  	-0.4020  	-1.0360  	1.05619  	-0.1320  	0.36224  	-0.3081  	0.68531  	-0.0206  	-0.1341  	-0.8347  	0.39873  	-0.1300  	-0.1701  	-0.5452  	-0.0844  	-0.0573  	-0.1385  	-0.2699  	0.25912  	0.34519  	-0.0495  	0.23381  	0.24317  	0.08670  	-0.0279  	-0.2073  	0.30366  	-0.0090  	0.02439  	0.00815  	-0.0477  	-0.0951  	-0.0629  	0.05314  	0.01250  	0.06682  	-0.0184  	0.01093  	0.00635  	-0.0116  	0.01929  	-0.0004  	-0.0310  	0.03933  	-0.0002  	-0.0377  	0.02235  	0.00572  	-0.0009  	0.03371  	-0.0114  	-0.0074  	-0.0267  	0.03628  	-0.0031  	0.02322  	-0.2291  	
-0.0167  	-0.0145  	-0.0338  	0.96822  	0.25470  	0.53400  	0.09784  	-0.7359  	0.23656  	-0.0894  	0.07249  	0.52147  	0.04121  	-0.5237  	-1.1638  	1.06191  	-0.1337  	0.34355  	-0.2772  	0.63628  	-0.0755  	-0.1538  	-0.8601  	0.41114  	-0.0917  	-0.2065  	-0.4762  	-0.0692  	-0.0461  	-0.1063  	-0.2957  	0.28720  	0.32660  	-0.0577  	0.29675  	0.27872  	0.10304  	-0.0276  	-0.2376  	0.31383  	-0.0181  	0.05092  	0.00490  	-0.0223  	-0.1021  	-0.0588  	0.04275  	0.01095  	0.06946  	-0.0306  	0.01541  	0.01182  	-0.0067  	0.03172  	0.00250  	-0.0312  	0.04291  	0.00693  	-0.0271  	0.03305  	-0.0023  	0.00630  	0.03886  	-0.0150  	-0.0074  	-0.0267  	0.03628  	-0.0031  	0.02322  	-0.2291  	
0.03136  	0.00807  	-0.0468  	1.02449  	0.26704  	0.65310  	0.07290  	-0.7358  	0.18221  	-0.0886  	0.01912  	0.54628  	0.05188  	-0.4849  	-0.8638  	0.98543  	-0.1416  	0.25051  	-0.2783  	0.58949  	-0.0282  	-0.0954  	-0.7474  	0.48431  	-0.2387  	-0.1507  	-0.3853  	-0.2111  	-0.2254  	-0.1364  	-0.2707  	0.30377  	0.33393  	-0.0584  	0.33086  	0.25263  	0.16029  	-0.0168  	-0.2881  	0.30477  	-0.0796  	0.04546  	-0.0238  	0.00419  	-0.1074  	-0.0588  	0.03875  	0.00696  	0.05782  	-0.0212  	0.00743  	0.00715  	0.00027  	0.02404  	0.00913  	-0.0283  	0.02889  	-0.0021  	-0.0369  	0.04344  	0.00657  	0.00071  	0.02364  	-0.0216  	-0.0074  	-0.0267  	0.03628  	-0.0031  	0.02322  	-0.2291  	
0.30176  	0.07739  	0.15788  	0.95236  	0.23319  	0.69421  	0.16743  	-0.6976  	0.22895  	-0.0093  	-0.1499  	0.30826  	0.14364  	-0.3101  	-0.7747  	0.90164  	-0.1403  	0.27797  	-0.3238  	0.49201  	-0.0594  	-0.1139  	-0.7627  	0.42612  	-0.1075  	-0.1967  	-0.4171  	-0.2607  	-0.1129  	-0.1089  	-0.2784  	0.29715  	0.31408  	-0.0560  	0.29145  	0.27337  	0.13883  	-0.0186  	-0.2269  	0.32272  	-0.0536  	0.05062  	0.00791  	-0.0200  	-0.1058  	-0.0425  	0.02789  	0.02373  	0.08205  	-0.0321  	0.00834  	0.01441  	-0.0072  	0.01769  	0.01013  	-0.0252  	0.02527  	0.00292  	-0.0351  	0.02722  	0.00868  	0.00493  	0.03115  	-0.0212  	-0.0074  	-0.0267  	0.03628  	-0.0031  	0.02322  	-0.2291  	
0.30380  	0.08517  	0.15671  	0.86397  	0.22000  	0.68983  	0.20049  	-0.6859  	0.25045  	0.02996  	-0.1991  	0.18368  	0.17325  	-0.3228  	-0.8766  	0.91532  	-0.1218  	0.25048  	-0.3068  	0.39564  	-0.0723  	0.00114  	-0.6993  	0.37038  	0.03286  	-0.2012  	-0.3396  	-0.3171  	-0.0489  	-0.0848  	-0.2629  	0.29838  	0.29503  	-0.0575  	0.23580  	0.28288  	0.11524  	-0.0227  	-0.1760  	0.35168  	-0.0433  	0.04199  	0.03460  	0.00140  	-0.1140  	-0.0655  	0.02643  	0.05299  	0.09871  	-0.0301  	0.01160  	0.01376  	-0.0029  	0.02877  	0.01549  	-0.0241  	0.02656  	-0.0001  	-0.0434  	0.03767  	0.00205  	0.00735  	0.04252  	-0.0183  	-0.0074  	-0.0267  	0.03628  	-0.0031  	0.02322  	-0.2291  	
0.11515  	0.08618  	0.10330  	0.99604  	0.18200  	0.51429  	0.11768  	-0.6667  	0.20159  	0.03964  	0.05891  	0.28412  	0.07394  	-0.4950  	-0.8584  	0.91163  	-0.0051  	0.07760  	-0.2123  	0.27809  	0.11875  	-0.2948  	-1.0519  	0.45748  	-0.0178  	-0.1264  	-0.2397  	-0.4172  	-0.1029  	-0.0924  	-0.2045  	0.27784  	0.19036  	-0.2403  	0.30196  	0.26214  	0.15399  	-0.0360  	-0.3735  	0.25444  	-0.0278  	0.20027  	-0.1346  	0.05937  	-0.1589  	-0.0373  	-0.0021  	0.05856  	0.06607  	-0.0490  	0.02562  	0.02208  	-0.0129  	0.04603  	0.01392  	-0.0147  	0.03708  	-0.0136  	-0.0279  	0.04068  	0.00708  	-0.0086  	0.01175  	-0.0267  	-0.0074  	-0.0267  	0.03628  	-0.0031  	0.02322  	-0.2291  	
0.12100  	0.01475  	-0.0597  	1.24634  	0.39622  	0.58898  	0.04853  	-0.6557  	0.21020  	-0.1468  	-0.0150  	0.51321  	0.14594  	-0.6061  	-0.7052  	0.84030  	0.04204  	-0.0636  	-0.1650  	0.06282  	0.05121  	-0.4642  	-1.2235  	0.39965  	-0.2265  	0.01336  	-0.3289  	-0.3419  	0.01393  	-0.1049  	-0.0888  	0.21108  	0.14917  	-0.3467  	0.25409  	0.19211  	-0.0124  	-0.0517  	-0.4476  	0.16170  	0.03616  	0.31324  	-0.2307  	0.13744  	-0.2172  	-0.0242  	-0.0172  	0.03510  	0.04283  	-0.0503  	0.02355  	0.00916  	-0.0130  	0.05651  	0.01662  	-0.0255  	0.04034  	-0.0131  	-0.0308  	0.03929  	0.01271  	-0.0044  	-0.0035  	-0.0192  	-0.0074  	-0.0267  	0.03628  	-0.0031  	0.02322  	-0.2291  	
0.18295  	0.06501  	0.06606  	1.13047  	0.34827  	0.59376  	0.07019  	-0.5888  	0.18271  	-0.1348  	-0.1286  	0.41008  	0.21647  	-0.4589  	-0.6495  	0.79250  	0.04709  	-0.0498  	-0.1761  	0.03367  	0.04519  	-0.5492  	-1.3131  	0.35085  	-0.1945  	-0.0079  	-0.4211  	-0.3278  	0.12035  	-0.1183  	-0.0727  	0.19733  	0.12916  	-0.3878  	0.19121  	0.22659  	-0.0778  	-0.0445  	-0.4681  	0.18050  	0.06537  	0.33047  	-0.2397  	0.14019  	-0.2077  	-0.0071  	-0.0118  	0.06516  	0.04791  	-0.0562  	0.02235  	0.01910  	-0.0056  	0.05260  	0.02214  	-0.0327  	0.03601  	-0.0258  	-0.0332  	0.04911  	0.01197  	-0.0108  	-0.0006  	-0.0196  	-0.0074  	-0.0267  	0.03628  	-0.0031  	0.02322  	-0.2291  	
0.25583  	0.11670  	0.14550  	1.01000  	0.24612  	0.64571  	0.10156  	-0.5710  	0.24261  	-0.0893  	-0.0164  	0.42389  	0.21299  	-0.4773  	-0.9150  	0.89399  	0.03304  	0.00407  	-0.1890  	0.04893  	0.09874  	-0.5363  	-1.2183  	0.36715  	-0.2052  	-0.0404  	-0.4703  	-0.3361  	0.05696  	-0.1463  	-0.0763  	0.18935  	0.16451  	-0.3571  	0.18050  	0.22964  	-0.0375  	-0.0397  	-0.4229  	0.18035  	0.11493  	0.27989  	-0.1878  	0.11532  	-0.2078  	-0.0141  	-0.0137  	0.06293  	0.05386  	-0.0482  	0.02341  	0.01797  	-0.0018  	0.05035  	0.01524  	-0.0304  	0.03411  	-0.0174  	-0.0407  	0.04378  	0.00683  	-0.0008  	0.00659  	-0.0195  	-0.0074  	-0.0267  	0.03628  	-0.0031  	0.02322  	-0.2291  	
-0.1144  	-0.0103  	-0.0163  	0.72101  	0.11460  	0.39654  	0.10326  	-0.6760  	0.20403  	-0.0213  	0.25990  	0.41513  	0.08492  	-0.5787  	-1.1998  	0.89987  	-0.0838  	0.23316  	-0.2416  	0.36059  	0.08045  	-0.3781  	-1.0390  	0.43641  	-0.1814  	-0.0816  	-0.4915  	-0.2552  	-0.0744  	-0.2089  	-0.1302  	0.22664  	0.23353  	-0.2484  	0.23485  	0.27029  	0.09131  	-0.0266  	-0.3810  	0.23723  	0.04009  	0.17064  	-0.1113  	0.04941  	-0.1479  	-0.0407  	0.02668  	0.00414  	0.03901  	-0.0409  	0.01126  	0.01682  	-0.0057  	0.04009  	0.01437  	-0.0411  	0.03632  	-0.0103  	-0.0371  	0.04734  	0.00843  	-0.0007  	0.01085  	-0.0061  	-0.0074  	-0.0267  	0.03628  	-0.0031  	0.02322  	-0.2291  	
-0.3500  	-0.1113  	-0.1489  	0.39732  	-0.0132  	0.34573  	0.06752  	-0.8114  	0.17415  	-0.0139  	0.33888  	0.33681  	-0.1109  	-0.8684  	-1.4040  	0.95754  	-0.1304  	0.41205  	-0.2698  	0.62069  	-0.0063  	-0.1951  	-0.7284  	0.41646  	-0.1887  	-0.1895  	-0.5239  	-0.1470  	-0.1620  	-0.2242  	-0.2498  	0.29608  	0.30703  	-0.0922  	0.24554  	0.30372  	0.19258  	-0.0124  	-0.2772  	0.30756  	0.00281  	0.01359  	-0.0309  	-0.0112  	-0.0935  	-0.0575  	0.05321  	-0.0274  	0.04649  	-0.0228  	0.00659  	0.01138  	-0.0030  	0.01842  	0.00604  	-0.0430  	0.04850  	0.00404  	-0.0402  	0.03611  	0.00182  	-0.0028  	0.03606  	-0.0037  	-0.0074  	-0.0267  	0.03628  	-0.0031  	0.02322  	-0.2291  	
-0.1950  	-0.0920  	-0.0669  	0.55756  	0.00076  	0.46293  	0.06991  	-0.8081  	0.20764  	-0.0629  	0.26821  	0.34795  	-0.0686  	-0.8448  	-1.3685  	1.01879  	-0.1185  	0.36593  	-0.2871  	0.58362  	-0.1047  	-0.2066  	-0.7129  	0.36409  	-0.1880  	-0.1614  	-0.5555  	-0.0698  	-0.1056  	-0.1980  	-0.2556  	0.31541  	0.31163  	-0.0649  	0.20443  	0.33894  	0.15468  	0.00426  	-0.2683  	0.29655  	0.04956  	0.01508  	0.01839  	-0.0150  	-0.1037  	-0.0632  	0.04922  	-0.0019  	0.05228  	-0.0260  	0.00646  	0.01409  	-0.0055  	0.02724  	0.01209  	-0.0417  	0.04118  	0.00296  	-0.0422  	0.02896  	0.00582  	-0.0045  	0.04026  	-0.0031  	-0.0074  	-0.0267  	0.03628  	-0.0031  	0.02322  	-0.2291  	
-0.0710  	-0.0580  	-0.0251  	0.59983  	0.06669  	0.46975  	0.13247  	-0.8303  	0.22383  	0.06114  	0.22716  	0.38946  	-0.0428  	-0.8539  	-1.4628  	1.11070  	-0.1724  	0.41000  	-0.2948  	0.64851  	-0.2029  	-0.2307  	-0.8097  	0.31656  	-0.1806  	-0.1728  	-0.5982  	0.02264  	-0.0681  	-0.1778  	-0.2562  	0.31840  	0.30351  	-0.0615  	0.19327  	0.38444  	0.09179  	-0.0169  	-0.2219  	0.31722  	0.04774  	0.01594  	0.02900  	-0.0120  	-0.1095  	-0.0685  	0.04767  	0.00511  	0.06207  	-0.0283  	0.01668  	0.01342  	-0.0021  	0.02262  	0.01509  	-0.0441  	0.04346  	0.00363  	-0.0388  	0.03023  	-0.0049  	-0.0016  	0.04666  	-0.0058  	-0.0074  	-0.0267  	0.03628  	-0.0031  	0.02322  	-0.2291  	
-0.0383  	-0.0590  	0.00321  	0.59856  	0.03567  	0.49930  	0.13488  	-0.8439  	0.23974  	0.06606  	0.23796  	0.38753  	-0.0255  	-0.8454  	-1.5003  	1.10777  	-0.1733  	0.45484  	-0.2896  	0.71577  	-0.2077  	-0.2383  	-0.8855  	0.27156  	-0.1477  	-0.1861  	-0.6486  	0.07201  	-0.0047  	-0.1798  	-0.2566  	0.29299  	0.30215  	-0.0485  	0.18834  	0.42567  	0.04462  	-0.0241  	-0.2030  	0.34250  	0.03632  	0.02005  	0.02768  	-0.0232  	-0.1064  	-0.0574  	0.04921  	0.00652  	0.05557  	-0.0349  	0.02668  	0.01638  	-0.0025  	0.01546  	0.02062  	-0.0415  	0.04365  	0.00735  	-0.0325  	0.02902  	-0.0002  	-0.0080  	0.04680  	-0.0060  	-0.0074  	-0.0267  	0.03628  	-0.0031  	0.02322  	-0.2291  	
-0.1476  	-0.0694  	-0.0711  	0.51570  	-0.0013  	0.41438  	0.11397  	-0.8810  	0.18161  	0.05754  	0.23932  	0.34766  	-0.0690  	-0.8626  	-1.5579  	1.06452  	-0.1625  	0.44335  	-0.3025  	0.67709  	-0.2100  	-0.2264  	-0.8250  	0.29602  	-0.1322  	-0.1757  	-0.6257  	0.03311  	-0.0083  	-0.1708  	-0.2472  	0.29651  	0.29372  	-0.0634  	0.15457  	0.42810  	0.07252  	-0.0420  	-0.2112  	0.32800  	0.05388  	0.01553  	0.02673  	-0.0127  	-0.1052  	-0.0618  	0.04582  	0.00293  	0.05645  	-0.0301  	0.01678  	0.01041  	-0.0002  	0.02411  	0.01603  	-0.0423  	0.04576  	0.00679  	-0.0373  	0.03117  	-0.0026  	-0.0003  	0.04975  	-0.0034  	-0.0074  	-0.0267  	0.03628  	-0.0031  	0.02322  	-0.2291  	
-0.3669  	-0.1163  	-0.1807  	0.45547  	-0.0275  	0.34292  	0.10348  	-0.8922  	0.15407  	0.01756  	0.24001  	0.32196  	-0.0981  	-0.9154  	-1.5100  	0.99086  	-0.1148  	0.40766  	-0.2859  	0.63872  	-0.1822  	-0.2328  	-0.7961  	0.35511  	-0.0823  	-0.1818  	-0.5182  	-0.0153  	-0.0303  	-0.1740  	-0.2648  	0.31858  	0.27117  	-0.0689  	0.17648  	0.42650  	0.10979  	-0.0157  	-0.2410  	0.31463  	0.04360  	0.02807  	0.01976  	-0.0210  	-0.0910  	-0.0665  	0.04686  	-0.0181  	0.05524  	-0.0294  	0.01619  	0.01237  	-0.0028  	0.02911  	0.01579  	-0.0397  	0.04811  	0.00478  	-0.0303  	0.03032  	0.00462  	-0.0078  	0.04372  	-0.0035  	-0.0074  	-0.0267  	0.03628  	-0.0031  	0.02322  	-0.2291  	
-0.3350  	-0.1186  	-0.1812  	0.43424  	-0.0131  	0.36221  	0.04827  	-0.8448  	0.17714  	-0.0470  	0.27475  	0.34644  	-0.1080  	-0.8983  	-1.4259  	0.96278  	-0.0898  	0.37168  	-0.2894  	0.60598  	-0.1014  	-0.2222  	-0.6890  	0.36305  	-0.1749  	-0.1552  	-0.4938  	-0.0872  	-0.1175  	-0.1905  	-0.2514  	0.31269  	0.27691  	-0.0700  	0.19607  	0.36110  	0.15776  	0.00334  	-0.2585  	0.27581  	0.04379  	0.02187  	0.01336  	-0.0157  	-0.0913  	-0.0593  	0.05570  	-0.0134  	0.05196  	-0.0279  	0.00272  	0.01742  	0.00198  	0.02749  	0.01017  	-0.0490  	0.03808  	0.00947  	-0.0299  	0.02752  	0.00085  	-0.0050  	0.04109  	-0.0088  	-0.0074  	-0.0267  	0.03628  	-0.0031  	0.02322  	-0.2291  	
-0.1777  	-0.1045  	-0.1123  	0.68428  	0.11445  	0.48848  	0.03858  	-0.7963  	0.21678  	-0.0304  	0.21872  	0.47579  	-0.0682  	-0.7804  	-1.2954  	1.02785  	-0.1146  	0.36487  	-0.3001  	0.61588  	-0.0866  	-0.2144  	-0.7269  	0.37208  	-0.2083  	-0.1583  	-0.5486  	-0.0767  	-0.1228  	-0.1905  	-0.2582  	0.29672  	0.31867  	-0.0777  	0.21647  	0.28710  	0.12290  	-0.0260  	-0.2537  	0.29697  	0.02179  	0.02032  	0.02575  	-0.0086  	-0.0879  	-0.0637  	0.04882  	-0.0018  	0.04849  	-0.0273  	0.00473  	0.01102  	-0.0105  	0.01969  	0.00460  	-0.0438  	0.04638  	0.00666  	-0.0381  	0.02594  	-0.0027  	-0.0020  	0.04161  	-0.0063  	-0.0074  	-0.0267  	0.03628  	-0.0031  	0.02322  	-0.2291  	
0.02240  	-0.0169  	-0.0266  	0.90411  	0.21230  	0.58532  	0.05734  	-0.6954  	0.24436  	-0.0414  	0.12383  	0.49796  	0.03219  	-0.5927  	-1.0939  	1.05891  	-0.1344  	0.33240  	-0.3034  	0.61433  	-0.0420  	-0.2114  	-0.7641  	0.44690  	-0.2156  	-0.1784  	-0.5084  	-0.1421  	-0.1865  	-0.1956  	-0.2440  	0.30162  	0.35117  	-0.0669  	0.29202  	0.24429  	0.14437  	-0.0198  	-0.2559  	0.31277  	-0.0343  	0.02731  	0.02657  	-0.0095  	-0.0989  	-0.0618  	0.04335  	0.00424  	0.05477  	-0.0107  	0.00837  	0.00813  	-0.0083  	0.02219  	0.01215  	-0.0345  	0.04521  	0.00985  	-0.0369  	0.02583  	0.00244  	0.00590  	0.03521  	-0.0115  	-0.0074  	-0.0267  	0.03628  	-0.0031  	0.02322  	-0.2291  	
0.21741  	0.04494  	0.08720  	0.93858  	0.23757  	0.66397  	0.09913  	-0.6694  	0.27257  	-0.0484  	0.06305  	0.42640  	0.05023  	-0.5006  	-1.0243  	1.09049  	-0.1239  	0.29477  	-0.2866  	0.55449  	0.02470  	-0.1379  	-0.7768  	0.42976  	-0.1313  	-0.1976  	-0.4295  	-0.2112  	-0.1746  	-0.1454  	-0.2817  	0.32728  	0.32662  	-0.0717  	0.33093  	0.24947  	0.18916  	-0.0150  	-0.2667  	0.30542  	-0.0543  	0.03688  	0.00726  	-0.0204  	-0.0981  	-0.0590  	0.03466  	0.02657  	0.07644  	-0.0217  	0.01370  	0.00670  	-0.0085  	0.02562  	0.01150  	-0.0274  	0.03653  	0.00386  	-0.0355  	0.03120  	0.00041  	0.00719  	0.03990  	-0.0114  	-0.0074  	-0.0267  	0.03628  	-0.0031  	0.02322  	-0.2291  	
0.22379  	0.07489  	0.11832  	0.92711  	0.22000  	0.63961  	0.15436  	-0.6775  	0.25392  	-0.0254  	-0.0092  	0.37494  	0.07861  	-0.4054  	-0.9661  	1.00164  	-0.1387  	0.28319  	-0.3034  	0.52145  	0.01089  	-0.1055  	-0.8102  	0.39286  	-0.0711  	-0.2291  	-0.3961  	-0.2280  	-0.1202  	-0.1075  	-0.3013  	0.31836  	0.31217  	-0.0660  	0.32110  	0.28310  	0.16828  	-0.0295  	-0.2438  	0.32188  	-0.0384  	0.05289  	0.01329  	-0.0260  	-0.0981  	-0.0530  	0.03320  	0.03898  	0.08544  	-0.0305  	0.01757  	0.00806  	-0.0035  	0.02244  	0.00510  	-0.0236  	0.03875  	0.00340  	-0.0371  	0.03046  	0.00086  	-0.0009  	0.03791  	-0.0190  	-0.0074  	-0.0267  	0.03628  	-0.0031  	0.02322  	-0.2291  	
0.17441  	0.05259  	-0.0629  	1.22559  	0.38974  	0.58457  	0.12794  	-0.7049  	0.24333  	-0.0211  	-0.0817  	0.44750  	0.11636  	-0.3168  	-0.8628  	0.98767  	-0.1356  	0.28086  	-0.3029  	0.58187  	-0.0650  	-0.1064  	-0.8643  	0.42352  	0.03025  	-0.2315  	-0.4163  	-0.1222  	-0.0390  	-0.0836  	-0.3549  	0.29804  	0.30082  	-0.0619  	0.33609  	0.30694  	0.09929  	-0.0689  	-0.1962  	0.35893  	-0.1263  	0.07522  	-0.0205  	-0.0291  	-0.0898  	-0.0493  	0.03705  	0.03067  	0.07568  	-0.0474  	0.01068  	0.00926  	-0.0089  	0.01596  	0.01068  	-0.0284  	0.04772  	0.00027  	-0.0245  	0.03691  	-0.0013  	-0.0053  	0.04280  	-0.0150  	-0.0074  	-0.0267  	0.03628  	-0.0031  	0.02322  	-0.2291  	
0.09181  	0.03546  	-0.1794  	1.51651  	0.59401  	0.59032  	0.11464  	-0.7358  	0.23589  	-0.0851  	-0.1136  	0.55530  	0.12606  	-0.2528  	-0.7985  	0.93750  	-0.1469  	0.26972  	-0.3570  	0.63047  	-0.1836  	-0.1069  	-0.9200  	0.45315  	-0.0094  	-0.2129  	-0.4305  	0.01617  	0.00043  	-0.0302  	-0.3345  	0.31040  	0.31840  	-0.0503  	0.37938  	0.31399  	0.02380  	-0.0913  	-0.1937  	0.35678  	-0.1440  	0.07349  	-0.0436  	-0.0447  	-0.0778  	-0.0582  	0.03781  	0.00199  	0.06260  	-0.0193  	0.01655  	0.01166  	-0.0014  	0.01825  	0.00284  	-0.0335  	0.05452  	0.00392  	-0.0293  	0.02981  	-0.0008  	0.00516  	0.03314  	-0.0118  	-0.0074  	-0.0267  	0.03628  	-0.0031  	0.02322  	-0.2291  	
0.00494  	0.02803  	-0.2035  	1.32038  	0.45888  	0.58439  	0.06451  	-0.7335  	0.21994  	-0.1074  	-0.1850  	0.55244  	0.13221  	-0.3548  	-0.8504  	0.98328  	-0.1544  	0.34024  	-0.3514  	0.66675  	-0.1826  	-0.1098  	-0.8763  	0.36424  	-0.0514  	-0.1917  	-0.4993  	0.05751  	0.06493  	-0.0445  	-0.3239  	0.28186  	0.32027  	-0.0341  	0.30072  	0.29341  	-0.0225  	-0.0866  	-0.1763  	0.33096  	-0.0928  	0.05482  	-0.0207  	-0.0315  	-0.0874  	-0.0613  	0.04462  	0.00763  	0.07125  	-0.0310  	0.01667  	0.00893  	0.00273  	0.02232  	0.00067  	-0.0263  	0.04556  	0.00537  	-0.0275  	0.02798  	-0.0012  	0.00598  	0.03781  	-0.0166  	-0.0074  	-0.0267  	0.03628  	-0.0031  	0.02322  	-0.2291  	
0.00167  	-0.0197  	-0.0752  	1.02425  	0.26849  	0.68545  	0.11297  	-0.7386  	0.24046  	-0.0490  	-0.1082  	0.42021  	0.04279  	-0.6192  	-1.0313  	1.08641  	-0.1250  	0.36281  	-0.3115  	0.67039  	-0.0662  	-0.1238  	-0.7782  	0.37806  	-0.1247  	-0.1909  	-0.5315  	-0.0162  	0.00275  	-0.1331  	-0.3150  	0.30277  	0.31782  	-0.0519  	0.20761  	0.30266  	0.04963  	-0.0425  	-0.2180  	0.34179  	-0.0391  	0.03290  	0.01641  	-0.0271  	-0.1015  	-0.0603  	0.03657  	0.03329  	0.06593  	-0.0333  	0.01331  	0.01157  	-0.0071  	0.02204  	0.00524  	-0.0342  	0.04099  	0.00306  	-0.0266  	0.02762  	0.00741  	-0.0025  	0.04195  	-0.0127  	-0.0074  	-0.0267  	0.03628  	-0.0031  	0.02322  	-0.2291  	
0.09151  	-0.0198  	0.05175  	0.83124  	0.22080  	0.63414  	0.11821  	-0.7325  	0.24566  	-0.0260  	0.09865  	0.41210  	0.00271  	-0.6753  	-1.2327  	1.15486  	-0.1353  	0.36436  	-0.2736  	0.61429  	-0.0399  	-0.1806  	-0.7845  	0.39159  	-0.1183  	-0.1998  	-0.4837  	-0.1368  	-0.1192  	-0.1466  	-0.2863  	0.32049  	0.30193  	-0.0566  	0.28663  	0.29765  	0.17144  	-0.0258  	-0.2456  	0.31623  	-0.0167  	0.01672  	0.03597  	-0.0284  	-0.1031  	-0.0526  	0.02861  	0.02302  	0.07167  	-0.0267  	0.01687  	0.01158  	-0.0025  	0.01822  	0.01501  	-0.0339  	0.04180  	5.20175  	-0.0372  	0.02960  	-0.0047  	-0.0061  	0.04307  	-0.0119  	-0.0074  	-0.0267  	0.03628  	-0.0031  	0.02322  	-0.2291  	
0.08055  	-0.0261  	0.02956  	0.70180  	0.14167  	0.55266  	0.09703  	-0.7662  	0.23944  	-0.0063  	0.21636  	0.45449  	-0.0278  	-0.7401  	-1.3769  	1.14180  	-0.1623  	0.40031  	-0.2877  	0.64766  	-0.0689  	-0.1918  	-0.8454  	0.41935  	-0.1753  	-0.1914  	-0.5071  	-0.1086  	-0.1102  	-0.1616  	-0.2698  	0.32706  	0.34151  	-0.0465  	0.28902  	0.31333  	0.14584  	-0.0205  	-0.2430  	0.32411  	0.03619  	0.01494  	0.03204  	-0.0106  	-0.1002  	-0.0566  	0.04079  	0.01743  	0.06943  	-0.0288  	0.01705  	0.01341  	-0.0050  	0.01844  	0.01262  	-0.0378  	0.04510  	0.00617  	-0.0337  	0.03391  	-0.0040  	-0.0105  	0.04113  	-0.0114  	-0.0074  	-0.0267  	0.03628  	-0.0031  	0.02322  	-0.2291  	
-0.2431  	-0.0861  	-0.1137  	0.47682  	-0.0098  	0.44514  	0.10472  	-0.8521  	0.18584  	0.00970  	0.30002  	0.33487  	-0.0943  	-0.8216  	-1.5091  	1.03168  	-0.1436  	0.40902  	-0.2892  	0.63886  	-0.0845  	-0.2123  	-0.7732  	0.37300  	-0.1369  	-0.1734  	-0.5186  	-0.1171  	-0.1191  	-0.1889  	-0.2509  	0.30841  	0.31055  	-0.0826  	0.21897  	0.36251  	0.15463  	-0.0071  	-0.2659  	0.30952  	0.03956  	0.02443  	0.03078  	-0.0170  	-0.0963  	-0.0609  	0.04875  	-0.0099  	0.04293  	-0.0298  	0.01748  	0.01398  	0.00111  	0.02737  	0.00806  	-0.0412  	0.04507  	0.00446  	-0.0392  	0.03399  	-0.0010  	-8.9783  	0.04249  	-0.0033  	-0.0074  	-0.0267  	0.03628  	-0.0031  	0.02322  	-0.2291  	
-0.2177  	-0.0905  	-0.1350  	0.53933  	-0.0095  	0.47541  	0.03514  	-0.8203  	0.20062  	-0.0677  	0.24912  	0.36235  	-0.0811  	-0.8489  	-1.2970  	0.98061  	-0.0829  	0.32213  	-0.2907  	0.54811  	0.00501  	-0.1957  	-0.6592  	0.47079  	-0.2090  	-0.1703  	-0.4421  	-0.2177  	-0.2228  	-0.2247  	-0.2583  	0.33821  	0.31167  	-0.0877  	0.26438  	0.28328  	0.21657  	0.01142  	-0.3049  	0.31393  	0.01636  	0.01961  	0.00496  	-0.0215  	-0.1003  	-0.0540  	0.05480  	-0.0219  	0.04481  	-0.0271  	-0.0036  	0.01568  	-0.0075  	0.02705  	0.00565  	-0.0410  	0.03630  	0.00542  	-0.0388  	0.02487  	0.00228  	-0.0018  	0.03832  	-0.0090  	-0.0074  	-0.0267  	0.03628  	-0.0031  	0.02322  	-0.2291  	
0.15484  	0.06274  	0.12728  	0.71986  	0.07413  	0.62787  	0.09916  	-0.6887  	0.24261  	-0.0515  	0.13683  	0.38320  	0.04391  	-0.4861  	-1.0636  	0.98946  	-0.1097  	0.31358  	-0.3106  	0.52232  	0.09120  	-0.1507  	-0.7038  	0.46788  	-0.2156  	-0.1984  	-0.4492  	-0.2909  	-0.2727  	-0.2104  	-0.2357  	0.34115  	0.32496  	-0.0988  	0.32505  	0.23528  	0.25256  	-0.0073  	-0.3007  	0.29366  	0.01026  	0.01734  	0.02367  	-0.0166  	-0.1038  	-0.0547  	0.04459  	0.00371  	0.06698  	-0.0107  	0.00416  	0.01103  	-0.0067  	0.02414  	0.00514  	-0.0269  	0.04188  	-0.0071  	-0.0442  	0.03504  	0.00631  	0.01646  	0.03540  	-0.0166  	-0.0074  	-0.0267  	0.03628  	-0.0031  	0.02322  	-0.2291  	
0.20813  	0.04843  	0.14537  	0.78775  	0.09247  	0.63326  	0.10883  	-0.6592  	0.27845  	-0.0207  	0.15531  	0.35815  	0.03684  	-0.4889  	-1.0780  	1.03750  	-0.1395  	0.29992  	-0.2962  	0.53067  	0.10749  	-0.1291  	-0.7011  	0.44063  	-0.1705  	-0.2001  	-0.4263  	-0.3379  	-0.2643  	-0.1640  	-0.2416  	0.33573  	0.34533  	-0.0783  	0.33836  	0.22675  	0.26790  	0.00973  	-0.2866  	0.27001  	-0.0330  	0.04028  	0.03032  	-0.0304  	-0.1018  	-0.0595  	0.03635  	0.02115  	0.07637  	-0.0202  	0.00564  	0.01192  	-0.0022  	0.02791  	0.01055  	-0.0251  	0.03258  	0.00010  	-0.0455  	0.03949  	0.00283  	0.00326  	0.03687  	-0.0098  	-0.0074  	-0.0267  	0.03628  	-0.0031  	0.02322  	-0.2291  	
0.22333  	0.05783  	0.10584  	0.92459  	0.18294  	0.72547  	0.12338  	-0.6227  	0.29779  	-0.0732  	0.13820  	0.43933  	0.05600  	-0.5005  	-1.1260  	1.14073  	-0.1375  	0.31065  	-0.2852  	0.56382  	0.06535  	-0.1569  	-0.7280  	0.40037  	-0.1659  	-0.1904  	-0.4971  	-0.2520  	-0.2118  	-0.1547  	-0.2832  	0.31156  	0.35056  	-0.0709  	0.30944  	0.22110  	0.20814  	0.00796  	-0.2514  	0.28531  	-0.0163  	0.03021  	0.03643  	-0.0079  	-0.1057  	-0.0587  	0.03561  	0.01846  	0.07582  	-0.0299  	0.00441  	0.00969  	-0.0022  	0.02836  	0.00907  	-0.0303  	0.03251  	-0.0007  	-0.0453  	0.03120  	-0.0009  	0.01010  	0.04010  	-0.0131  	-0.0074  	-0.0267  	0.03628  	-0.0031  	0.02322  	-0.2291  	
0.20387  	0.05256  	0.10664  	0.75200  	0.12627  	0.60675  	0.14797  	-0.6858  	0.27604  	-0.0024  	0.11653  	0.39045  	0.07986  	-0.4218  	-1.1594  	1.03077  	-0.1495  	0.33779  	-0.2830  	0.56577  	0.03311  	-0.1669  	-0.7478  	0.37933  	-0.1008  	-0.2352  	-0.4632  	-0.2272  	-0.1866  	-0.1415  	-0.2701  	0.29823  	0.32689  	-0.0742  	0.31074  	0.27728  	0.20420  	-0.0077  	-0.2579  	0.30815  	-0.0024  	0.02168  	0.02723  	-0.0034  	-0.1042  	-0.0600  	0.03817  	0.02546  	0.07941  	-0.0254  	0.00675  	0.00886  	-0.0017  	0.02398  	0.00919  	-0.0295  	0.03527  	0.00067  	-0.0472  	0.03816  	-0.0021  	0.00602  	0.04219  	-0.0113  	-0.0074  	-0.0267  	0.03628  	-0.0031  	0.02322  	-0.2291  	
-0.1491  	-0.0141  	-0.0753  	0.62432  	0.10272  	0.47411  	0.06980  	-0.7590  	0.23535  	-0.0503  	0.26954  	0.41482  	-0.0270  	-0.6544  	-1.2361  	0.97701  	-0.1135  	0.32787  	-0.2852  	0.51583  	0.08387  	-0.1320  	-0.7027  	0.49336  	-0.1922  	-0.1757  	-0.4638  	-0.2671  	-0.2591  	-0.2196  	-0.2242  	0.30755  	0.32051  	-0.0871  	0.29506  	0.25979  	0.26129  	-0.0096  	-0.3041  	0.28965  	-0.0040  	0.03401  	-0.0157  	-0.0196  	-0.1052  	-0.0550  	0.04770  	-0.0122  	0.04476  	-0.0157  	0.00094  	0.01433  	-0.0043  	0.02279  	0.00592  	-0.0456  	0.03438  	0.00731  	-0.0301  	0.03007  	0.00135  	0.00191  	0.03601  	-0.0064  	-0.0074  	-0.0267  	0.03628  	-0.0031  	0.02322  	-0.2291  	
-0.0960  	-0.0853  	-0.0460  	0.56183  	0.03019  	0.50433  	0.07900  	-0.8217  	0.20665  	-0.0102  	0.27374  	0.37138  	-0.0981  	-0.8584  	-1.4203  	1.11167  	-0.1221  	0.37490  	-0.2719  	0.59444  	-0.0819  	-0.2152  	-0.7427  	0.39558  	-0.1716  	-0.1726  	-0.5272  	-0.1254  	-0.1715  	-0.1894  	-0.2478  	0.32825  	0.30495  	-0.0703  	0.22457  	0.33642  	0.17848  	-0.0041  	-0.2814  	0.30240  	0.02459  	0.02078  	-0.0024  	-0.0151  	-0.1079  	-0.0496  	0.04998  	-0.0019  	0.05133  	-0.0208  	0.00471  	0.01203  	-0.0050  	0.02354  	0.00773  	-0.0392  	0.03689  	0.00110  	-0.0453  	0.02734  	0.00422  	-0.0065  	0.04732  	-0.0081  	-0.0074  	-0.0267  	0.03628  	-0.0031  	0.02322  	-0.2291  	
-0.0024  	-0.0610  	-0.0226  	0.68160  	0.14258  	0.48629  	0.09336  	-0.8556  	0.18929  	0.08985  	0.26659  	0.42967  	-0.0867  	-0.8588  	-1.4988  	1.21284  	-0.1755  	0.38134  	-0.2765  	0.66050  	-0.1509  	-0.2276  	-0.8398  	0.36751  	-0.1565  	-0.1843  	-0.5245  	-0.0503  	-0.1197  	-0.1743  	-0.2858  	0.32491  	0.29756  	-0.0673  	0.27523  	0.41147  	0.13770  	-0.0123  	-0.2780  	0.32489  	0.02170  	0.03148  	0.01959  	-0.0086  	-0.0931  	-0.0621  	0.04571  	0.01129  	0.05880  	-0.0230  	0.01947  	0.01076  	-0.0005  	0.02245  	0.01236  	-0.0401  	0.04719  	0.00619  	-0.0407  	0.03400  	-0.0047  	-0.0087  	0.04610  	-0.0102  	-0.0074  	-0.0267  	0.03628  	-0.0031  	0.02322  	-0.2291  	
-0.0066  	-0.0509  	0.01655  	0.67149  	0.13122  	0.54452  	0.08657  	-0.8128  	0.20995  	0.10142  	0.25850  	0.45003  	-0.0716  	-0.8343  	-1.5621  	1.22882  	-0.1719  	0.39927  	-0.2525  	0.66996  	-0.1364  	-0.2349  	-0.8890  	0.37449  	-0.1116  	-0.2014  	-0.4872  	-0.0477  	-0.0990  	-0.1759  	-0.2928  	0.33414  	0.29361  	-0.0700  	0.24509  	0.42345  	0.12523  	-0.0092  	-0.2547  	0.32340  	0.02340  	0.02942  	0.02039  	-0.0203  	-0.1000  	-0.0606  	0.04172  	0.01384  	0.06598  	-0.0402  	0.0191  	0.01235  	-0.0008  	0.02333  	0.01496  	-0.0401  	0.04781  	0.00776  	-0.0356  	0.03048  	-0.0023  	-0.0090  	0.04460  	-0.0078  	-0.0074  	-0.0267  	0.03628  	-0.0031  	0.02322  	-0.2291  	
-0.0229  	-0.0279  	0.02998  	0.64109  	0.10365  	0.53324  	0.09916  	-0.7941  	0.20874  	0.08287  	0.25718  	0.44017  	-0.0629  	-0.8099  	-1.5526  	1.17599  	-0.1589  	0.43416  	-0.2548  	0.69488  	-0.1133  	-0.2380  	-0.8998  	0.36244  	-0.1138  	-0.2032  	-0.5198  	-0.0665  	-0.1234  	-0.1932  	-0.2872  	0.31343  	0.31390  	-0.0616  	0.23376  	0.38374  	0.13699  	-0.0020  	-0.2462  	0.30729  	0.03124  	0.01563  	0.03907  	-0.0121  	-0.0846  	-0.0609  	0.04239  	0.00923  	0.06833  	-0.0358  	0.01408  	0.01113  	-0.0015  	0.02320  	0.01117  	-0.0360  	0.03926  	0.00596  	-0.0427  	0.03308  	0.00173  	-0.0098  	0.04761  	-0.0110  	-0.0074  	-0.0267  	0.03628  	-0.0031  	0.02322  	-0.2291  	
-0.2431  	-0.0820  	-0.1538  	0.56464  	0.03472  	0.42163  	0.07379  	-0.9092  	0.15537  	0.03162  	0.27164  	0.33085  	-0.1154  	-0.8817  	-1.4943  	1.02188  	-0.1024  	0.35875  	-0.2932  	0.63701  	-0.1250  	-0.2307  	-0.8153  	0.41671  	-0.0590  	-0.1914  	-0.4895  	-0.0674  	-0.1212  	-0.1499  	-0.2713  	0.35342  	0.26580  	-0.0755  	0.23192  	0.40296  	0.15219  	-0.0273  	-0.2612  	0.29926  	-0.0016  	0.02260  	0.01760  	-0.0244  	-0.0925  	-0.0666  	0.04013  	-0.0112  	0.05736  	-0.0301  	0.02669  	0.01012  	-0.0042  	0.02679  	0.01026  	-0.0336  	0.04692  	0.00778  	-0.0346  	0.02998  	-0.0027  	-0.0077  	0.05081  	-0.0097  	-0.0074  	-0.0267  	0.03628  	-0.0031  	0.02322  	-0.2291  	
-0.0715  	-0.0437  	-0.0638  	0.65919  	0.11959  	0.50814  	0.03730  	-0.7505  	0.21890  	-0.0424  	0.20301  	0.41381  	-0.0009  	-0.6736  	-1.1497  	0.98875  	-0.1202  	0.29599  	-0.3020  	0.53827  	0.04163  	-0.2046  	-0.6911  	0.50855  	-0.2139  	-0.1712  	-0.4118  	-0.2768  	-0.2713  	-0.2042  	-0.2322  	0.30812  	0.33225  	-0.0751  	0.33133  	0.24002  	0.23434  	-0.0233  	-0.3110  	0.30103  	-0.0227  	0.03430  	0.00343  	-0.0211  	-0.0974  	-0.0595  	0.04718  	-0.0129  	0.04966  	-0.0139  	0.00871  	0.00896  	-0.0102  	0.02259  	0.00299  	-0.0311  	0.03513  	0.00464  	-0.0372  	0.02548  	0.00861  	0.00631  	0.04098  	-0.0099  	-0.0074  	-0.0267  	0.03628  	-0.0031  	0.02322  	-0.2291  	
0.07896  	0.05843  	0.09459  	0.67406  	0.05436  	0.58254  	0.07896  	-0.6849  	0.25144  	-0.0303  	0.19009  	0.38415  	0.00882  	-0.5365  	-1.1363  	1.02438  	-0.1056  	0.31087  	-0.2809  	0.51798  	0.09300  	-0.1566  	-0.6844  	0.47465  	-0.2470  	-0.1954  	-0.4534  	-0.3069  	-0.3007  	-0.2244  	-0.2282  	0.33415  	0.33005  	-0.0897  	0.32612  	0.23577  	0.26688  	0.00979  	-0.3142  	0.28424  	0.00558  	0.01399  	0.02636  	-0.0141  	-0.0992  	-0.0572  	0.05033  	0.00507  	0.05927  	-0.0165  	-0.0011  	0.01269  	-0.0101  	0.02344  	0.00511  	-0.0301  	0.04076  	-0.0008  	-0.0406  	0.02824  	0.00380  	0.01784  	0.04268  	-0.0172  	-0.0074  	-0.0267  	0.03628  	-0.0031  	0.02322  	-0.2291  	
0.13910  	0.06074  	0.12211  	0.69590  	-0.0031  	0.61106  	0.07644  	-0.6181  	0.28166  	-0.0498  	0.28204  	0.42187  	-0.0073  	-0.5669  	-1.1703  	1.08532  	-0.1052  	0.33018  	-0.2616  	0.53082  	0.18095  	-0.1553  	-0.6831  	0.41184  	-0.2142  	-0.1852  	-0.4841  	-0.3299  	-0.2887  	-0.2086  	-0.2505  	0.32289  	0.34969  	-0.0824  	0.30405  	0.22874  	0.28640  	0.04472  	-0.3005  	0.23298  	0.00340  	0.01517  	0.04661  	-0.0232  	-0.1075  	-0.0594  	0.05228  	0.00767  	0.06390  	-0.0208  	0.00056  	0.01023  	-0.0014  	0.03004  	0.01018  	-0.0298  	0.03202  	0.00482  	-0.0435  	0.03429  	0.00075  	0.00616  	0.04213  	-0.0099  	-0.0074  	-0.0267  	0.03628  	-0.0031  	0.02322  	-0.2291  	
-0.0592  	0.03992  	0.06333  	0.56185  	0.01386  	0.42764  	0.05956  	-0.6930  	0.24303  	-0.0023  	0.29805  	0.41946  	0.04281  	-0.7493  	-1.3634  	1.03608  	-0.0429  	0.25865  	-0.2127  	0.35634  	-0.0031  	-0.4770  	-1.0338  	0.30579  	-0.2754  	-0.0648  	-0.6293  	-0.1530  	-0.0413  	-0.2262  	-0.1205  	0.22644  	0.27219  	-0.2342  	0.15719  	0.27685  	0.03912  	-0.0106  	-0.3577  	0.18631  	0.13444  	0.15164  	-0.0717  	0.04771  	-0.1653  	-0.0387  	0.03030  	0.02620  	0.04861  	-0.0349  	0.01609  	0.01695  	-0.0006  	0.04071  	0.01816  	-0.0467  	0.03291  	-0.0044  	-0.0386  	0.03617  	0.00468  	0.00090  	0.02634  	-0.0074  	-0.0074  	-0.0267  	0.03628  	-0.0031  	0.02322  	-0.2291  	
-0.2617  	-0.0244  	-0.0315  	0.49289  	-0.0145  	0.33219  	0.01126  	-0.7065  	0.18817  	-0.0193  	0.31552  	0.38039  	0.03045  	-0.8715  	-1.3830  	0.89031  	0.03509  	0.09846  	-0.1502  	0.14594  	0.02302  	-0.6355  	-1.2000  	0.32065  	-0.3248  	0.02166  	-0.6052  	-0.2816  	0.02306  	-0.2432  	-0.0113  	0.19084  	0.14914  	-0.3730  	0.07181  	0.27737  	-0.0128  	-0.0100  	-0.4774  	0.12661  	0.19507  	0.24774  	-0.1822  	0.12485  	-0.2004  	-0.0227  	0.00912  	0.02777  	0.02076  	-0.0467  	0.01611  	0.02092  	0.00133  	0.05429  	0.02050  	-0.0474  	0.03201  	-0.0148  	-0.0450  	0.04136  	0.00726  	-0.0014  	0.01314  	-0.0015  	-0.0074  	-0.0267  	0.03628  	-0.0031  	0.02322  	-0.2291  	
-0.2654  	-0.0610  	-0.0509  	0.47970  	-0.0389  	0.37026  	-0.0271  	-0.7612  	0.13643  	-0.0723  	0.33666  	0.36341  	0.01144  	-1.0149  	-1.4054  	0.88618  	0.08415  	0.00578  	-0.1261  	0.05423  	0.04879  	-0.6796  	-1.1994  	0.35650  	-0.3372  	0.04481  	-0.5304  	-0.2752  	0.03717  	-0.2478  	-0.0096  	0.22385  	0.09965  	-0.4058  	0.05234  	0.29973  	-0.0102  	-0.0097  	-0.5046  	0.12444  	0.20387  	0.28931  	-0.2087  	0.13717  	-0.2130  	-0.0141  	0.00268  	0.02653  	0.01666  	-0.0454  	0.01762  	0.02224  	-0.0039  	0.06213  	0.02144  	-0.0434  	0.03372  	-0.0175  	-0.0324  	0.04274  	0.00944  	-0.0063  	0.00493  	-0.0072  	-0.0074  	-0.0267  	0.03628  	-0.0031  	0.02322  	-0.2291  	
-0.1624  	-0.0504  	0.00899  	0.59463  	0.03526  	0.36269  	0.01573  	-0.7498  	0.15965  	0.02310  	0.35540  	0.43437  	-0.0041  	-1.0126  	-1.4647  	1.02322  	0.03199  	0.10611  	-0.1378  	0.11502  	-0.0149  	-0.6363  	-1.2326  	0.34790  	-0.2954  	0.01446  	-0.5361  	-0.2364  	0.03210  	-0.2040  	-0.0437  	0.22314  	0.11181  	-0.3781  	0.08556  	0.34714  	-0.0057  	-0.0203  	-0.4747  	0.14534  	0.16441  	0.27857  	-0.2033  	0.13331  	-0.2010  	-0.0184  	0.00790  	0.03508  	0.03877  	-0.0503  	0.02678  	0.02040  	0.00660  	0.05990  	0.02766  	-0.0448  	0.03439  	-0.0144  	-0.0342  	0.04992  	0.00256  	-0.0076  	0.01797  	-0.0040  	-0.0074  	-0.0267  	0.03628  	-0.0031  	0.02322  	-0.2291  	
-0.2102  	-0.0875  	-0.0680  	0.59330  	0.06236  	0.37801  	0.02128  	-0.8467  	0.14710  	-0.0020  	0.31565  	0.42293  	-0.0821  	-1.0058  	-1.4878  	1.07050  	-0.0219  	0.20845  	-0.1922  	0.35313  	-0.0820  	-0.4852  	-1.0585  	0.36542  	-0.1928  	-0.0890  	-0.5342  	-0.1176  	-0.0350  	-0.1711  	-0.1524  	0.28479  	0.17095  	-0.2563  	0.14557  	0.38562  	0.06938  	-0.0208  	-0.3789  	0.21165  	0.09066  	0.15741  	-0.1030  	0.07169  	-0.1584  	-0.0361  	0.01808  	0.02184  	0.03864  	-0.0385  	0.02359  	0.01589  	-0.0009  	0.04298  	0.02374  	-0.0396  	0.04332  	-0.0029  	-0.0354  	0.03998  	-0.0014  	-0.0163  	0.03311  	-0.0064  	-0.0074  	-0.0267  	0.03628  	-0.0031  	0.02322  	-0.2291  	
-0.0287  	-0.0373  	-0.0263  	0.73337  	0.13989  	0.52849  	0.07620  	-0.7562  	0.22384  	-0.0592  	0.21206  	0.42490  	-0.0273  	-0.6937  	-1.1897  	1.02975  	-0.1166  	0.26583  	-0.2801  	0.55848  	0.05550  	-0.1933  	-0.7347  	0.56119  	-0.2157  	-0.1836  	-0.3962  	-0.2777  	-0.3054  	-0.2126  	-0.2727  	0.34335  	0.30535  	-0.0853  	0.35831  	0.26175  	0.26435  	-0.0019  	-0.3294  	0.29774  	-0.0299  	0.03938  	-0.0077  	-0.0213  	-0.0991  	-0.0599  	0.04696  	-0.0119  	0.06704  	-0.0247  	0.00993  	0.00838  	-0.0065  	0.02250  	0.00920  	-0.0383  	0.03668  	0.00183  	-0.0352  	0.03722  	-0.0032  	0.00403  	0.03837  	-0.0081  	-0.0074  	-0.0267  	0.03628  	-0.0031  	0.02322  	-0.2291  	
0.05242  	0.01275  	0.04025  	0.66051  	0.07942  	0.54616  	0.09961  	-0.7314  	0.23056  	-0.0060  	0.21258  	0.45543  	-0.0155  	-0.6711  	-1.3084  	1.09543  	-0.1541  	0.32886  	-0.2518  	0.59876  	0.02153  	-0.1965  	-0.7630  	0.39462  	-0.1502  	-0.2192  	-0.4322  	-0.1959  	-0.2299  	-0.1861  	-0.2661  	0.32386  	0.33192  	-0.0793  	0.29204  	0.31821  	0.24693  	0.01146  	-0.2915  	0.29290  	-0.0064  	0.03337  	0.00488  	-0.0115  	-0.0933  	-0.0605  	0.04140  	0.00637  	0.06287  	-0.0291  	0.00291  	0.01520  	-0.0038  	0.02934  	0.00946  	-0.0239  	0.03555  	0.00024  	-0.0390  	0.03114  	0.00877  	0.00383  	0.04775  	-0.0137  	-0.0074  	-0.0267  	0.03628  	-0.0031  	0.02322  	-0.2291  	
-0.0652  	-0.0227  	0.03214  	0.63050  	0.02053  	0.54645  	0.05339  	-0.7669  	0.21933  	0.01899  	0.30267  	0.40513  	-0.0745  	-0.7880  	-1.4480  	1.11107  	-0.1368  	0.39700  	-0.2555  	0.63369  	0.01591  	-0.2116  	-0.7947  	0.39757  	-0.1617  	-0.1992  	-0.4951  	-0.1677  	-0.2051  	-0.1918  	-0.2633  	0.30786  	0.31207  	-0.0782  	0.26874  	0.34013  	0.20368  	0.00359  	-0.2944  	0.27894  	0.00976  	0.01578  	0.01543  	-0.0137  	-0.0968  	-0.0619  	0.04718  	-0.0010  	0.05810  	-0.0290  	0.01459  	0.01371  	0.00012  	0.02776  	0.00599  	-0.0323  	0.04066  	0.00454  	-0.0394  	0.03769  	0.00145  	-0.0095  	0.04544  	-0.0111  	-0.0074  	-0.0267  	0.03628  	-0.0031  	0.02322  	-0.2291  	
-0.2839  	-0.0866  	-0.1494  	0.55072  	0.04524  	0.42929  	0.07147  	-0.8815  	0.18732  	-0.0224  	0.23299  	0.35168  	-0.1207  	-0.8780  	-1.4470  	0.98464  	-0.0901  	0.38046  	-0.2740  	0.58392  	-0.1211  	-0.2055  	-0.7772  	0.37325  	-0.1048  	-0.1778  	-0.4734  	-0.0695  	-0.0942  	-0.1533  	-0.2719  	0.32220  	0.26905  	-0.0722  	0.20321  	0.38884  	0.15392  	-0.0007  	-0.2538  	0.28743  	0.03632  	0.02293  	0.02498  	-0.0206  	-0.0944  	-0.0695  	0.04666  	-0.0153  	0.05390  	-0.0328  	0.01464  	0.01521  	0.00248  	0.02375  	0.01477  	-0.0409  	0.04567  	0.01199  	-0.0377  	0.02701  	0.00263  	-0.0115  	0.04622  	-0.0025  	-0.0074  	-0.0267  	0.03628  	-0.0031  	0.02322  	-0.2291  	
-0.2020  	-0.0769  	-0.1533  	0.68477  	0.12292  	0.49589  	0.05658  	-0.8007  	0.20323  	-0.0634  	0.20199  	0.43475  	-0.0735  	-0.8076  	-1.2351  	1.00801  	-0.0963  	0.32290  	-0.2873  	0.60349  	-0.0555  	-0.2056  	-0.7366  	0.42785  	-0.1638  	-0.1801  	-0.4672  	-0.1373  	-0.1610  	-0.1719  	-0.2726  	0.31022  	0.30717  	-0.0807  	0.26590  	0.30552  	0.18678  	-0.0177  	-0.2882  	0.29694  	-0.0174  	0.03021  	-0.0081  	-0.0146  	-0.0858  	-0.0561  	0.04924  	-0.0148  	0.05532  	-0.0269  	0.00993  	0.01055  	-0.0093  	0.02369  	0.00428  	-0.0400  	0.04445  	0.00530  	-0.0345  	0.02692  	-0.0019  	-0.0036  	0.03672  	-0.0115  	-0.0074  	-0.0267  	0.03628  	-0.0031  	0.02322  	-0.2291  	
-0.0911  	-0.0130  	-0.0413  	0.62197  	0.04557  	0.48798  	0.06816  	-0.7724  	0.22596  	-0.0345  	0.21068  	0.44580  	-0.0424  	-0.7293  	-1.2864  	1.02188  	-0.1121  	0.36356  	-0.2829  	0.59069  	-0.0291  	-0.2010  	-0.7254  	0.36646  	-0.2117  	-0.1693  	-0.5409  	-0.1274  	-0.1466  	-0.1958  	-0.2445  	0.29173  	0.33997  	-0.0665  	0.23297  	0.27595  	0.17829  	-0.0103  	-0.2619  	0.29727  	0.04727  	0.01715  	0.02951  	-0.0065  	-0.0989  	-0.0598  	0.05085  	-0.0039  	0.05345  	-0.0303  	0.00243  	0.01486  	-0.0036  	0.02634  	0.00718  	-0.0373  	0.03536  	0.00189  	-0.0336  	0.03313  	0.00108  	0.00145  	0.03618  	-0.0062  	-0.0074  	-0.0267  	0.03628  	-0.0031  	0.02322  	-0.2291  	
-0.1986  	0.01100  	-0.0538  	0.57933  	-0.0208  	0.45603  	0.06685  	-0.7679  	0.24558  	-0.0085  	0.25390  	0.42609  	-0.0360  	-0.7155  	-1.3826  	0.98396  	-0.1071  	0.36898  	-0.2872  	0.59265  	-0.0704  	-0.1910  	-0.6955  	0.34144  	-0.2601  	-0.1514  	-0.5981  	-0.0964  	-0.1215  	-0.2130  	-0.2270  	0.27595  	0.34998  	-0.0680  	0.18058  	0.27982  	0.14521  	-0.0057  	-0.2734  	0.27665  	0.07874  	-0.0018  	0.05078  	-0.0063  	-0.1032  	-0.0688  	0.04949  	-0.0043  	0.05333  	-0.0291  	-0.0032  	0.01243  	-0.0041  	0.02524  	0.00808  	-0.0341  	0.03428  	0.00112  	-0.0436  	0.02996  	0.00807  	0.01437  	0.03811  	-0.0016  	-0.0074  	-0.0267  	0.03628  	-0.0031  	0.02322  	-0.2291  	
-0.1476  	-0.0299  	-0.0608  	0.74372  	0.04716  	0.54303  	0.01989  	-0.7698  	0.21993  	-0.0990  	0.22002  	0.42829  	-0.0802  	-0.7552  	-1.2064  	1.03212  	-0.0774  	0.30604  	-0.2701  	0.54271  	0.07092  	-0.1861  	-0.6756  	0.40518  	-0.2001  	-0.1758  	-0.5093  	-0.2293  	-0.2281  	-0.1783  	-0.2604  	0.33313  	0.29566  	-0.0615  	0.25952  	0.25623  	0.25584  	0.02576  	-0.2971  	0.25620  	0.00963  	0.01370  	0.01442  	-0.0229  	-0.1073  	-0.0549  	0.05167  	-0.0112  	0.05186  	-0.0148  	0.00050  	0.01149  	-0.0013  	0.03160  	0.00522  	-0.0371  	0.03073  	0.00589  	-0.0363  	0.03542  	0.00406  	-0.0064  	0.03559  	-0.0101  	-0.0074  	-0.0267  	0.03628  	-0.0031  	0.02322  	-0.2291  	
-0.1158  	-0.0301  	-0.1053  	0.75780  	0.06495  	0.52663  	0.06201  	-0.7636  	0.21583  	-0.0948  	0.16424  	0.45101  	-0.0338  	-0.7394  	-1.1693  	0.99598  	-0.1000  	0.35022  	-0.2932  	0.59157  	-0.0320  	-0.1765  	-0.6925  	0.32935  	-0.1667  	-0.1733  	-0.5646  	-0.1058  	-0.0811  	-0.1741  	-0.2528  	0.29064  	0.32465  	-0.0557  	0.20678  	0.26556  	0.16077  	-0.0005  	-0.2524  	0.29025  	0.05846  	-0.0062  	0.02494  	-0.0175  	-0.1046  	-0.0541  	0.05979  	-0.0032  	0.05110  	-0.0176  	0.01169  	0.01222  	-0.0054  	0.02266  	0.00960  	-0.0359  	0.03443  	0.00673  	-0.0402  	0.03305  	0.00274  	-0.0008  	0.04463  	-0.0109  	-0.0074  	-0.0267  	0.03628  	-0.0031  	0.02322  	-0.2291  	
-0.1146  	-0.0111  	-0.1160  	0.70828  	0.08666  	0.43477  	0.09936  	-0.7859  	0.25046  	-0.0242  	0.16193  	0.43869  	0.04391  	-0.6585  	-1.2623  	0.99363  	-0.1585  	0.42320  	-0.2969  	0.64139  	-0.1294  	-0.1940  	-0.7748  	0.28712  	-0.2065  	-0.1644  	-0.6583  	0.03005  	-0.0073  	-0.1908  	-0.2334  	0.26629  	0.35423  	-0.0489  	0.20523  	0.30077  	0.06367  	-0.0384  	-0.2235  	0.31509  	0.06378  	0.01993  	0.03432  	-0.0257  	-0.0984  	-0.0568  	0.05708  	0.00324  	0.05470  	-0.0137  	0.00867  	0.01195  	-0.0039  	0.01948  	0.01088  	-0.0406  	0.03502  	0.00311  	-0.0379  	0.02445  	0.00307  	0.01940  	0.03955  	-0.0073  	-0.0074  	-0.0267  	0.03628  	-0.0031  	0.02322  	-0.2291  	
-0.0691  	0.01008  	-0.0844  	0.71334  	0.10756  	0.46244  	0.10605  	-0.7436  	0.22947  	-0.0257  	0.19944  	0.45007  	0.03489  	-0.5967  	-1.2438  	0.98407  	-0.1452  	0.39446  	-0.3130  	0.59953  	-0.0315  	-0.1692  	-0.7581  	0.35204  	-0.1920  	-0.1815  	-0.5935  	-0.1081  	-0.1101  	-0.2054  	-0.2309  	0.27447  	0.35512  	-0.0684  	0.25514  	0.26087  	0.13045  	-0.0352  	-0.2579  	0.32296  	0.03802  	0.01845  	0.02806  	-0.0353  	-0.0981  	-0.0573  	0.05280  	0.00471  	0.05209  	-0.0313  	0.01384  	0.01310  	-0.0090  	0.02034  	0.00284  	-0.0347  	0.03833  	-0.0008  	-0.0381  	0.03237  	0.00448  	0.01232  	0.03141  	-0.0090  	-0.0074  	-0.0267  	0.03628  	-0.0031  	0.02322  	-0.2291  	
-0.1269  	-0.0201  	-0.0998  	0.60074  	0.09462  	0.45972  	0.09211  	-0.7596  	0.24285  	-0.0512  	0.25404  	0.42535  	-0.0282  	-0.7073  	-1.3178  	0.98310  	-0.1298  	0.36892  	-0.2947  	0.60988  	0.01118  	-0.1862  	-0.7187  	0.40262  	-0.2053  	-0.1840  	-0.5447  	-0.1200  	-0.1745  	-0.2114  	-0.2272  	0.29267  	0.35464  	-0.0670  	0.25273  	0.24595  	0.17570  	-0.0175  	-0.2643  	0.31666  	0.03060  	0.01526  	-0.0011  	-0.0097  	-0.0990  	-0.0614  	0.05733  	0.00014  	0.05790  	-0.0140  	0.00921  	0.01455  	-0.0076  	0.02739  	0.00392  	-0.0375  	0.03402  	-0.0005  	-0.0417  	0.02377  	0.00221  	0.00429  	0.04011  	-0.0138  	-0.0074  	-0.0267  	0.03628  	-0.0031  	0.02322  	-0.2291  	
-0.2599  	-0.0904  	-0.1700  	0.54481  	0.04773  	0.39794  	0.06733  	-0.8276  	0.19156  	-0.0448  	0.24732  	0.39667  	-0.0866  	-0.8685  	-1.3846  	1.00057  	-0.1305  	0.40491  	-0.2916  	0.61778  	-0.0766  	-0.2164  	-0.7122  	0.35115  	-0.2167  	-0.1723  	-0.5746  	-0.0506  	-0.0972  	-0.1959  	-0.2491  	0.29174  	0.31151  	-0.0639  	0.19763  	0.31017  	0.12502  	-0.0073  	-0.2432  	0.29874  	0.05703  	0.01705  	0.00844  	-0.0122  	-0.0963  	-0.0548  	0.05200  	-0.0188  	0.04267  	-0.0236  	0.01307  	0.01506  	-0.0006  	0.02332  	0.00514  	-0.0399  	0.04379  	0.00598  	-0.0315  	0.02923  	0.00393  	0.00621  	0.03659  	-0.0074  	-0.0074  	-0.0267  	0.03628  	-0.0031  	0.02322  	-0.2291  	
-0.1955  	-0.0597  	-0.1147  	0.59782  	0.04788  	0.44531  	0.05090  	-0.8244  	0.20983  	-0.0435  	0.22651  	0.40086  	-0.0615  	-0.7930  	-1.3346  	0.97843  	-0.1236  	0.36468  	-0.2986  	0.60269  	-0.0800  	-0.1956  	-0.7354  	0.32208  	-0.2169  	-0.1561  	-0.5960  	-0.0619  	-0.1101  	-0.1816  	-0.2434  	0.28654  	0.31839  	-0.0762  	0.20121  	0.30203  	0.15404  	-0.0166  	-0.2621  	0.27582  	0.05167  	0.02226  	0.02525  	-0.0249  	-0.0946  	-0.0542  	0.05064  	-0.0154  	0.04929  	-0.0227  	0.00395  	0.01015  	-0.0065  	0.02180  	0.00554  	-0.0412  	0.04000  	0.00366  	-0.0380  	0.02776  	0.00021  	0.00309  	0.04044  	-0.0032  	-0.0074  	-0.0267  	0.03628  	-0.0031  	0.02322  	-0.2291  	
-0.2456  	-0.0710  	-0.1103  	0.56097  	0.04100  	0.39375  	0.08275  	-0.8395  	0.22254  	-0.0015  	0.25049  	0.38240  	-0.0541  	-0.7500  	-1.4165  	0.98906  	-0.1200  	0.39353  	-0.2878  	0.60908  	-0.1452  	-0.2089  	-0.7757  	0.31073  	-0.1886  	-0.1594  	-0.6042  	-0.0364  	-0.0760  	-0.1886  	-0.2462  	0.27672  	0.31681  	-0.0670  	0.19173  	0.34762  	0.11536  	-0.0240  	-0.2601  	0.26990  	0.06583  	0.01515  	0.03922  	-0.0259  	-0.0948  	-0.0618  	0.05302  	-0.0086  	0.05156  	-0.0228  	0.00171  	0.01184  	-0.0043  	0.02349  	0.01123  	-0.0373  	0.03841  	0.00208  	-0.0391  	0.03006  	-0.0001  	0.00765  	0.04359  	-0.0016  	-0.0074  	-0.0267  	0.03628  	-0.0031  	0.02322  	-0.2291  	
-0.3935  	-0.1169  	-0.1580  	0.41075  	-0.0400  	0.32667  	0.09016  	-0.8809  	0.18914  	0.02926  	0.30608  	0.33538  	-0.0812  	-0.8653  	-1.5299  	0.96397  	-0.0900  	0.40164  	-0.3073  	0.62620  	-0.1712  	-0.2330  	-0.7463  	0.29844  	-0.1743  	-0.1516  	-0.6153  	-0.0203  	-0.0526  	-0.1909  	-0.2445  	0.28312  	0.28645  	-0.0697  	0.13005  	0.37703  	0.10823  	3.83164  	-0.2329  	0.26394  	0.09284  	0.01746  	0.03535  	-0.0203  	-0.0942  	-0.0629  	0.05236  	-0.0151  	0.04934  	-0.0279  	0.00367  	0.01469  	-0.0016  	0.02901  	0.01179  	-0.0408  	0.04164  	0.00616  	-0.0352  	0.02863  	0.00840  	0.00810  	0.04249  	-0.0076  	-0.0074  	-0.0267  	0.03628  	-0.0031  	0.02322  	-0.2291  	
-0.4946  	-0.1675  	-0.2356  	0.34807  	-0.0460  	0.28165  	0.07182  	-0.9150  	0.16349  	0.08152  	0.34929  	0.33889  	-0.1277  	-0.9868  	-1.6186  	0.97668  	-0.1077  	0.40894  	-0.2965  	0.62433  	-0.2015  	-0.2390  	-0.7371  	0.28383  	-0.1811  	-0.1428  	-0.6092  	-0.0084  	-0.0222  	-0.1929  	-0.2332  	0.27935  	0.28052  	-0.0697  	0.09510  	0.39333  	0.08228  	-0.0100  	-0.2178  	0.27617  	0.09686  	0.01344  	0.03060  	-0.0046  	-0.0893  	-0.0635  	0.05106  	-0.0156  	0.04479  	-0.0317  	-0.0014  	0.01754  	0.00061  	0.02672  	0.01304  	-0.0471  	0.03792  	0.00656  	-0.0356  	0.02739  	0.00936  	0.00543  	0.04246  	-0.0057  	-0.0074  	-0.0267  	0.03628  	-0.0031  	0.02322  	-0.2291  	
-0.5103  	-0.1538  	-0.2263  	0.32739  	-0.0710  	0.25124  	0.09918  	-0.9138  	0.17397  	0.07636  	0.33578  	0.33531  	-0.1073  	-0.9960  	-1.6319  	0.96585  	-0.1184  	0.42485  	-0.2991  	0.65413  	-0.2423  	-0.2274  	-0.7281  	0.25553  	-0.1881  	-0.1344  	-0.6457  	0.02533  	-0.0057  	-0.2008  	-0.2268  	0.27288  	0.28886  	-0.0611  	0.06290  	0.39530  	0.05525  	-0.0101  	-0.2147  	0.28519  	0.10987  	0.01404  	0.03528  	-0.0045  	-0.0963  	-0.0619  	0.05733  	-0.0042  	0.05021  	-0.0335  	-0.0006  	0.01592  	-0.0010  	0.02894  	0.01197  	-0.0511  	0.03606  	0.00522  	-0.0382  	0.02614  	0.00872  	0.00412  	0.04162  	-0.0059  	-0.0074  	-0.0267  	0.03628  	-0.0031  	0.02322  	-0.2291  	
-0.5377  	-0.1454  	-0.2377  	0.28607  	-0.0839  	0.21831  	0.08245  	-0.9153  	0.17957  	0.09189  	0.36026  	0.33165  	-0.1172  	-0.9705  	-1.6657  	0.94377  	-0.1255  	0.42305  	-0.2881  	0.64911  	-0.2190  	-0.2272  	-0.7192  	0.27457  	-0.2024  	-0.1440  	-0.6430  	0.00873  	-0.0317  	-0.2150  	-0.2235  	0.27416  	0.29184  	-0.0599  	0.08939  	0.38050  	0.07002  	-0.0218  	-0.2239  	0.27577  	0.09504  	0.01740  	0.03099  	-0.0121  	-0.0943  	-0.0604  	0.05226  	-0.0070  	0.05226  	-0.0304  	-0.0019  	0.01404  	-0.0035  	0.02839  	0.01096  	-0.0501  	0.03587  	0.00527  	-0.0368  	0.02506  	0.00696  	0.00431  	0.04387  	-0.0049  	-0.0074  	-0.0267  	0.03628  	-0.0031  	0.02322  	-0.2291  	
-0.5664  	-0.1420  	-0.2746  	0.28604  	-0.0520  	0.17894  	0.09378  	-0.9031  	0.16283  	0.11573  	0.40651  	0.33346  	-0.1209  	-0.9540  	-1.6471  	0.93749  	-0.1482  	0.40881  	-0.2883  	0.64838  	-0.1999  	-0.2184  	-0.7225  	0.30794  	-0.2036  	-0.1394  	-0.6318  	-0.0086  	-0.0339  	-0.2120  	-0.2197  	0.27389  	0.29914  	-0.0625  	0.10773  	0.36917  	0.08487  	-0.0262  	-0.2322  	0.28257  	0.08673  	0.01703  	0.01731  	-0.0133  	-0.0889  	-0.0585  	0.05211  	-0.0208  	0.04664  	-0.0277  	-0.0052  	0.01278  	-0.0011  	0.02271  	0.00575  	-0.0505  	0.03427  	0.00217  	-0.0365  	0.02806  	0.00921  	0.00400  	0.04075  	-0.0084  	-0.0074  	-0.0267  	0.03628  	-0.0031  	0.02322  	-0.2291  	
-0.5869  	-0.1509  	-0.2866  	0.32487  	-0.0337  	0.13603  	0.08726  	-0.9004  	0.17543  	0.11462  	0.44387  	0.36010  	-0.0925  	-0.9419  	-1.6126  	0.94822  	-0.1362  	0.39599  	-0.3111  	0.67220  	-0.1699  	-0.1942  	-0.7439  	0.33338  	-0.2191  	-0.1340  	-0.6431  	-0.0085  	-0.0649  	-0.2244  	-0.2199  	0.27059  	0.30170  	-0.0583  	0.11448  	0.37140  	0.06819  	-0.0306  	-0.2249  	0.28104  	0.07677  	0.01707  	0.01268  	-0.0397  	-0.0949  	-0.0585  	0.05193  	-0.0144  	0.05234  	-0.0292  	-0.0039  	0.01539  	-0.0029  	0.02678  	0.01179  	-0.0470  	0.03411  	0.00062  	-0.0330  	0.03257  	0.00596  	0.00595  	0.03675  	-0.0071  	-0.0074  	-0.0267  	0.03628  	-0.0031  	0.02322  	-0.2291  	
-0.5454  	-0.1377  	-0.3055  	0.40560  	0.03253  	0.16104  	0.07671  	-0.8928  	0.18201  	0.08834  	0.40632  	0.39590  	-0.0769  	-0.9072  	-1.5798  	0.94633  	-0.1250  	0.40161  	-0.3177  	0.67045  	-0.1552  	-0.2102  	-0.7420  	0.33177  	-0.2159  	-0.1392  	-0.6482  	0.00561  	-0.0668  	-0.2175  	-0.2334  	0.26269  	0.30002  	-0.0640  	0.12755  	0.36948  	0.06270  	-0.0340  	-0.2220  	0.28595  	0.05610  	0.01687  	0.01130  	-0.0398  	-0.0958  	-0.0585  	0.05342  	-0.0116  	0.05405  	-0.0256  	0.00135  	0.01393  	-0.0051  	0.02924  	0.01376  	-0.0443  	0.04073  	0.00500  	-0.0329  	0.03270  	0.00213  	0.00368  	0.03742  	-0.0076  	-0.0074  	-0.0267  	0.03628  	-0.0031  	0.02322  	-0.2291  	
-0.3311  	-0.0864  	-0.2644  	0.56041  	0.10814  	0.29540  	0.04080  	-0.8184  	0.22871  	0.04133  	0.30694  	0.52931  	-0.1088  	-0.8439  	-1.4347  	0.96657  	-0.1302  	0.39426  	-0.2845  	0.68492  	-0.0784  	-0.2188  	-0.7780  	0.30642  	-0.2004  	-0.1608  	-0.6290  	-0.0187  	-0.0513  	-0.1791  	-0.2314  	0.25705  	0.31734  	-0.0436  	0.17865  	0.31475  	0.09650  	-0.0407  	-0.2120  	0.29748  	0.02796  	0.02412  	-0.0042  	-0.0241  	-0.0888  	-0.0547  	0.04834  	-0.0088  	0.04969  	-0.0233  	0.01283  	0.01371  	-0.0080  	0.02779  	0.01058  	-0.0360  	0.04294  	0.00729  	-0.0380  	0.03337  	-0.0025  	-0.0022  	0.03567  	-0.0073  	-0.0074  	-0.0267  	0.03628  	-0.0031  	0.02322  	-0.2291  	
-0.4499  	-0.1204  	-0.2808  	0.40609  	0.03596  	0.24185  	0.06562  	-0.8585  	0.18323  	0.08182  	0.34481  	0.40845  	-0.1042  	-0.9006  	-1.5684  	0.90688  	-0.1253  	0.41831  	-0.2952  	0.64775  	-0.1198  	-0.2269  	-0.7385  	0.29748  	-0.1910  	-0.1498  	-0.6314  	-0.0013  	-0.0393  	-0.2094  	-0.2430  	0.26541  	0.29779  	-0.0657  	0.12202  	0.35727  	0.06956  	-0.0411  	-0.2149  	0.29124  	0.03920  	0.01142  	0.01458  	-0.0232  	-0.0864  	-0.0540  	0.05097  	-0.0141  	0.05070  	-0.0212  	0.00472  	0.01233  	-0.0030  	0.02454  	0.00960  	-0.0483  	0.04316  	0.01013  	-0.0337  	0.03002  	-0.0003  	0.00163  	0.03997  	-0.0060  	-0.0074  	-0.0267  	0.03628  	-0.0031  	0.02322  	-0.2291  	
-0.5098  	-0.1226  	-0.2585  	0.31614  	-0.0447  	0.23079  	0.06669  	-0.8857  	0.18234  	0.09193  	0.36700  	0.36256  	-0.1229  	-0.9687  	-1.6214  	0.90710  	-0.1322  	0.43006  	-0.2902  	0.66352  	-0.1482  	-0.2241  	-0.7066  	0.30121  	-0.1864  	-0.1449  	-0.6392  	-0.0117  	-0.0384  	-0.2172  	-0.2319  	0.27132  	0.28663  	-0.0639  	0.09962  	0.36934  	0.08125  	-0.0227  	-0.2086  	0.28888  	0.06141  	0.00762  	0.02321  	-0.0146  	-0.0860  	-0.0548  	0.04834  	-0.0148  	0.04810  	-0.0236  	0.00049  	0.01289  	-0.0006  	0.02660  	0.01128  	-0.0460  	0.03818  	0.00877  	-0.0325  	0.02977  	0.00162  	-0.0008  	0.04260  	-0.0067  	-0.0074  	-0.0267  	0.03628  	-0.0031  	0.02322  	-0.2291  	
-0.4984  	-0.1470  	-0.2240  	0.33895  	-0.0660  	0.25595  	0.07308  	-0.8926  	0.19520  	0.08194  	0.33720  	0.35274  	-0.1182  	-0.9748  	-1.6166  	0.94739  	-0.1206  	0.41640  	-0.2886  	0.64330  	-0.1773  	-0.2243  	-0.6970  	0.28911  	-0.2035  	-0.1350  	-0.6384  	-0.0107  	-0.0334  	-0.2090  	-0.2234  	0.27798  	0.28057  	-0.0623  	0.08538  	0.36890  	0.07193  	-0.0158  	-0.2120  	0.27907  	0.08345  	0.01759  	0.03641  	-0.0166  	-0.0947  	-0.0608  	0.05123  	-0.0065  	0.05382  	-0.0280  	0.00160  	0.01204  	-0.0043  	0.02835  	0.01565  	-0.0467  	0.03611  	0.00667  	-0.0363  	0.02693  	0.00454  	0.00201  	0.04459  	-0.0011  	-0.0074  	-0.0267  	0.03628  	-0.0031  	0.02322  	-0.2291  	
-0.5097  	-0.1550  	-0.2186  	0.32979  	-0.0730  	0.25661  	0.07421  	-0.9044  	0.19905  	0.06936  	0.31244  	0.33038  	-0.1122  	-1.0071  	-1.6174  	0.96881  	-0.1066  	0.42238  	-0.2818  	0.62334  	-0.2063  	-0.2317  	-0.6826  	0.26998  	-0.2118  	-0.1283  	-0.6508  	-0.0026  	-0.0321  	-0.2034  	-0.2146  	0.27747  	0.28282  	-0.0616  	0.05862  	0.36549  	0.06460  	-0.0174  	-0.2119  	0.27712  	0.10088  	0.01095  	0.05124  	-0.0133  	-0.0985  	-0.0622  	0.05156  	-0.0028  	0.05232  	-0.0296  	-0.0007  	0.01286  	-0.0040  	0.02794  	0.01353  	-0.0473  	0.03225  	0.00545  	-0.0377  	0.02611  	0.00622  	0.00217  	0.04366  	-0.0010  	-0.0074  	-0.0267  	0.03628  	-0.0031  	0.02322  	-0.2291  	
-0.5136  	-0.1283  	-0.2131  	0.33022  	-0.0575  	0.28148  	0.09050  	-0.9109  	0.18922  	0.04236  	0.26585  	0.31816  	-0.1071  	-1.0036  	-1.5788  	0.97019  	-0.1032  	0.43291  	-0.2834  	0.62494  	-0.2340  	-0.2333  	-0.6937  	0.24995  	-0.2129  	-0.1294  	-0.6498  	0.01816  	-0.0141  	-0.1973  	-0.2255  	0.26579  	0.28773  	-0.0621  	0.05205  	0.37219  	0.06522  	-0.0220  	-0.2153  	0.29033  	0.11032  	0.01083  	0.04455  	-0.0031  	-0.1005  	-0.0624  	0.05361  	-0.0040  	0.04869  	-0.0294  	-0.0012  	0.01652  	-0.0024  	0.02797  	0.01182  	-0.0479  	0.03409  	0.00429  	-0.0378  	0.02648  	0.00585  	0.00195  	0.03971  	-0.0042  	-0.0074  	-0.0267  	0.03628  	-0.0031  	0.02322  	-0.2291  	
-0.5110  	-0.1515  	-0.2440  	0.34249  	-0.0324  	0.24519  	0.07818  	-0.9006  	0.19548  	0.06083  	0.30280  	0.35475  	-0.0749  	-0.9413  	-1.6163  	0.95932  	-0.1174  	0.41563  	-0.2994  	0.64083  	-0.2387  	-0.2344  	-0.7094  	0.26602  	-0.2203  	-0.1327  	-0.6629  	0.03990  	-0.0112  	-0.2108  	-0.2169  	0.26711  	0.29974  	-0.0588  	0.07089  	0.36944  	0.04332  	-0.0317  	-0.2088  	0.28540  	0.09659  	0.00851  	0.03936  	-0.0101  	-0.0980  	-0.0624  	0.04895  	-0.0036  	0.05402  	-0.0327  	-2.1009  	0.01352  	-0.0054  	0.02350  	0.01421  	-0.0471  	0.03473  	0.00218  	-0.0363  	0.02525  	0.00776  	0.00790  	0.04347  	-0.0022  	-0.0074  	-0.0267  	0.03628  	-0.0031  	0.02322  	-0.2291  	
-0.4780  	-0.1428  	-0.2530  	0.39089  	0.02404  	0.24026  	0.06570  	-0.8764  	0.19590  	0.06109  	0.32599  	0.39317  	-0.0944  	-0.9040  	-1.5522  	0.93683  	-0.1272  	0.41842  	-0.2913  	0.65008  	-0.1735  	-0.2512  	-0.7358  	0.30300  	-0.1956  	-0.1461  	-0.6273  	0.00401  	-0.0462  	-0.1992  	-0.2346  	0.26732  	0.28781  	-0.0657  	0.12256  	0.35948  	0.08341  	-0.0289  	-0.2247  	0.28323  	0.06635  	0.00842  	0.02482  	-0.0069  	-0.0870  	-0.0578  	0.04765  	-0.0117  	0.05168  	-0.0310  	-0.0042  	0.01081  	-0.0002  	0.02728  	0.01203  	-0.0495  	0.03817  	0.00640  	-0.0342  	0.02580  	0.00309  	0.00476  	0.04168  	-0.0051  	-0.0074  	-0.0267  	0.03628  	-0.0031  	0.02322  	-0.2291  	
-0.4542  	-0.1490  	-0.2284  	0.39242  	-0.0513  	0.27749  	0.03245  	-0.8749  	0.18737  	0.02749  	0.34073  	0.33872  	-0.1042  	-0.9288  	-1.5213  	0.95201  	-0.0875  	0.38743  	-0.2791  	0.60794  	-0.1350  	-0.2331  	-0.6848  	0.31920  	-0.1813  	-0.1401  	-0.6045  	-0.0586  	-0.0838  	-0.1905  	-0.2221  	0.27556  	0.27974  	-0.0691  	0.12447  	0.34916  	0.10456  	-0.0186  	-0.2453  	0.27211  	0.08515  	0.00333  	0.03998  	-0.0166  	-0.0905  	-0.0629  	0.05397  	-0.0107  	0.05029  	-0.0271  	-0.0036  	0.01247  	-0.0039  	0.02985  	0.01239  	-0.0456  	0.04069  	0.00747  	-0.0377  	0.02543  	0.00472  	0.00098  	0.04210  	-0.0050  	-0.0074  	-0.0267  	0.03628  	-0.0031  	0.02322  	-0.2291  	
-0.1911  	-0.1060  	-0.0815  	0.61972  	0.04994  	0.42317  	0.06604  	-0.8539  	0.18826  	0.02532  	0.18846  	0.43512  	-0.0846  	-0.8965  	-1.4515  	1.08676  	-0.1261  	0.40221  	-0.2696  	0.63808  	-0.2204  	-0.2202  	-0.7760  	0.33027  	-0.1687  	-0.1609  	-0.6069  	0.00019  	-0.0583  	-0.1726  	-0.2488  	0.30056  	0.28743  	-0.0612  	0.15895  	0.38471  	0.07306  	-0.0253  	-0.2367  	0.33202  	0.04306  	2.99764  	0.02767  	-0.0037  	-0.1047  	-0.0633  	0.04908  	-0.0013  	0.05845  	-0.0292  	0.01198  	0.01212  	-0.0080  	0.02545  	0.01625  	-0.0428  	0.04567  	0.00703  	-0.0364  	0.02605  	-0.0012  	-9.5821  	0.04170  	-0.0092  	-0.0074  	-0.0267  	0.03628  	-0.0031  	0.02322  	-0.2291  	
0.00645  	-0.0677  	-0.0136  	0.71009  	0.10556  	0.53016  	0.06499  	-0.8294  	0.21459  	0.04307  	0.23816  	0.46836  	-0.0437  	-0.8547  	-1.4420  	1.15863  	-0.1461  	0.39404  	-0.2567  	0.66583  	-0.0955  	-0.2431  	-0.8392  	0.38552  	-0.1610  	-0.1780  	-0.5118  	-0.0228  	-0.1233  	-0.1611  	-0.2788  	0.32968  	0.30121  	-0.0788  	0.24633  	0.39915  	0.13760  	-0.0093  	-0.2820  	0.30465  	0.00199  	0.02937  	0.01369  	-0.0065  	-0.0917  	-0.0625  	0.04899  	-0.0029  	0.06489  	-0.0254  	0.02035  	0.00752  	-0.0025  	0.02542  	0.00963  	-0.0394  	0.04922  	0.00767  	-0.0329  	0.03437  	-0.0107  	-0.0049  	0.04901  	-0.0093  	-0.0074  	-0.0267  	0.03628  	-0.0031  	0.02322  	-0.2291  	
0.03548  	-0.0093  	0.01505  	0.73056  	0.11895  	0.52530  	0.08497  	-0.8087  	0.20435  	0.01975  	0.19105  	0.39785  	-0.0404  	-0.7289  	-1.2993  	1.11015  	-0.1646  	0.35161  	-0.2561  	0.63432  	-0.0213  	-0.2133  	-0.8078  	0.41184  	-0.1407  	-0.2049  	-0.5003  	-0.1735  	-0.1890  	-0.1757  	-0.2738  	0.33292  	0.29477  	-0.0661  	0.30535  	0.33388  	0.21235  	0.00643  	-0.2843  	0.31976  	0.00375  	0.02868  	0.01510  	-0.0221  	-0.0922  	-0.0571  	0.04089  	0.00450  	0.05704  	-0.0281  	0.00774  	0.01621  	-0.0080  	0.02908  	0.00987  	-0.0337  	0.04568  	0.00550  	-0.0374  	0.03215  	-0.0065  	0.00022  	0.04276  	-0.0112  	-0.0074  	-0.0267  	0.03628  	-0.0031  	0.02322  	-0.2291  	
0.08728  	0.04707  	0.02745  	0.75946  	0.13084  	0.56980  	0.11928  	-0.7131  	0.23962  	-0.0118  	0.17465  	0.47931  	0.00073  	-0.5991  	-1.2368  	1.08675  	-0.1520  	0.35796  	-0.2743  	0.60482  	0.01039  	-0.1866  	-0.7865  	0.37847  	-0.1573  	-0.2006  	-0.4843  	-0.1666  	-0.1702  	-0.1751  	-0.2717  	0.32198  	0.33983  	-0.0759  	0.27432  	0.30605  	0.19215  	0.00898  	-0.2644  	0.29043  	0.00360  	0.03611  	0.02451  	-0.0216  	-0.1016  	-0.0594  	0.04364  	0.01508  	0.06443  	-0.0267  	0.00601  	0.01376  	-0.0079  	0.03194  	0.01069  	-0.0333  	0.04017  	0.00083  	-0.0355  	0.02845  	0.00218  	0.00389  	0.04850  	-0.0152  	-0.0074  	-0.0267  	0.03628  	-0.0031  	0.02322  	-0.2291  	
-0.2128  	-0.0217  	-0.0771  	0.54253  	0.00606  	0.41619  	0.08910  	-0.8143  	0.22621  	-0.0078  	0.28387  	0.39909  	-0.0468  	-0.6970  	-1.4074  	0.97529  	-0.1342  	0.40404  	-0.3004  	0.60691  	-0.0967  	-0.2085  	-0.7448  	0.32750  	-0.1757  	-0.1664  	-0.5673  	-0.0767  	-0.0872  	-0.1905  	-0.2401  	0.28874  	0.34236  	-0.0796  	0.22401  	0.31210  	0.13281  	-0.0293  	-0.2533  	0.28099  	0.04740  	0.02293  	0.03104  	-0.0238  	-0.0926  	-0.0632  	0.05784  	-0.0110  	0.05553  	-0.0287  	0.00554  	0.01336  	0.00070  	0.02147  	0.00916  	-0.0375  	0.03643  	0.00296  	-0.0399  	0.03241  	0.00435  	0.00952  	0.04256  	-0.0021  	-0.0074  	-0.0267  	0.03628  	-0.0031  	0.02322  	-0.2291  	
-0.3447  	-0.0766  	-0.1335  	0.44873  	-0.0126  	0.36902  	0.06962  	-0.8751  	0.18811  	-0.0088  	0.28093  	0.34498  	-0.0882  	-0.8338  	-1.4638  	0.96466  	-0.0954  	0.38121  	-0.2939  	0.60140  	-0.1207  	-0.2106  	-0.7354  	0.30844  	-0.1635  	-0.1625  	-0.5789  	-0.0601  	-0.0829  	-0.1887  	-0.2482  	0.28134  	0.29012  	-0.0649  	0.17075  	0.36152  	0.14462  	-0.0010  	-0.2499  	0.26848  	0.07456  	0.01764  	0.03042  	-0.0221  	-0.0889  	-0.0673  	0.05504  	-0.0178  	0.04902  	-0.0261  	0.00701  	0.01435  	-0.0062  	0.02621  	0.01223  	-0.0401  	0.03880  	0.00589  	-0.0371  	0.02535  	0.00273  	0.00148  	0.04259  	-0.0091  	-0.0074  	-0.0267  	0.03628  	-0.0031  	0.02322  	-0.2291  	
-0.3810  	-0.1286  	-0.1686  	0.46740  	0.00025  	0.34848  	0.05609  	-0.8876  	0.18086  	0.01830  	0.32321  	0.37196  	-0.1116  	-0.9056  	-1.4973  	1.01798  	-0.1144  	0.38845  	-0.2982  	0.61289  	-0.1347  	-0.2255  	-0.7392  	0.31504  	-0.1766  	-0.1591  	-0.5880  	-0.0195  	-0.0746  	-0.1917  	-0.2424  	0.29770  	0.27985  	-0.0679  	0.15242  	0.36737  	0.12550  	-0.0129  	-0.2397  	0.27463  	0.06233  	0.02274  	0.01929  	-0.0138  	-0.0967  	-0.0641  	0.04881  	-0.0132  	0.04275  	-0.0205  	0.00403  	0.01544  	-0.0021  	0.02888  	0.01329  	-0.0433  	0.04329  	0.00635  	-0.0348  	0.02578  	0.00458  	0.00676  	0.04451  	-0.0063  	-0.0074  	-0.0267  	0.03628  	-0.0031  	0.02322  	-0.2291  	
-0.1957  	-0.1033  	-0.1322  	0.60478  	0.05021  	0.40502  	0.05016  	-0.8892  	0.17754  	0.04967  	0.28734  	0.44389  	-0.0907  	-0.9410  	-1.5444  	1.11203  	-0.1393  	0.38846  	-0.2820  	0.61270  	-0.1755  	-0.2181  	-0.7795  	0.33480  	-0.1596  	-0.1726  	-0.5703  	-0.0369  	-0.1391  	-0.1570  	-0.2548  	0.31937  	0.27483  	-0.0779  	0.19701  	0.39412  	0.14063  	-0.0106  	-0.2587  	0.28001  	0.03673  	0.02563  	0.02181  	-0.0255  	-0.1000  	-0.0595  	0.04236  	-0.0058  	0.05467  	-0.0275  	0.01021  	0.01593  	8.09142  	0.03224  	0.01462  	-0.0414  	0.04446  	0.00799  	-0.0339  	0.02232  	-0.0106  	-0.0066  	0.04284  	-0.0065  	-0.0074  	-0.0267  	0.03628  	-0.0031  	0.02322  	-0.2291  	
-0.1553  	-0.0873  	-0.1047  	0.61369  	0.06119  	0.41780  	0.07191  	-0.8754  	0.19697  	0.05908  	0.27312  	0.44748  	-0.0918  	-0.9302  	-1.5937  	1.12075  	-0.1270  	0.39403  	-0.2732  	0.61498  	-0.2020  	-0.2310  	-0.8042  	0.33151  	-0.1225  	-0.1822  	-0.5602  	-0.0369  	-0.1030  	-0.1526  	-0.2532  	0.32370  	0.26853  	-0.0818  	0.18682  	0.40655  	0.12530  	-0.0192  	-0.2446  	0.28923  	0.03287  	0.02100  	0.03396  	-0.0203  	-0.0950  	-0.0562  	0.04273  	0.00243  	0.05529  	-0.0295  	0.01436  	0.01220  	0.00239  	0.02855  	0.01327  	-0.0417  	0.04698  	0.00944  	-0.0351  	0.02430  	-0.0115  	-0.0081  	0.04134  	-0.0073  	-0.0074  	-0.0267  	0.03628  	-0.0031  	0.02322  	-0.2291  	
-0.2670  	-0.0898  	-0.1345  	0.51068  	-0.0122  	0.41712  	0.05689  	-0.9256  	0.17781  	0.01831  	0.28967  	0.36303  	-0.1332  	-0.9695  	-1.6196  	1.08428  	-0.0882  	0.39492  	-0.2631  	0.62358  	-0.1790  	-0.2574  	-0.7844  	0.34332  	-0.1062  	-0.1815  	-0.5765  	-0.0178  	-0.0881  	-0.1623  	-0.2550  	0.32405  	0.25687  	-0.0680  	0.17113  	0.41266  	0.13364  	-0.0273  	-0.2327  	0.28190  	0.04100  	0.00929  	0.03534  	-0.0278  	-0.0934  	-0.0560  	0.03577  	-0.0046  	0.05065  	-0.0235  	0.01488  	0.01093  	-0.0016  	0.02622  	0.00693  	-0.0337  	0.04201  	0.00662  	-0.0314  	0.02583  	-0.0076  	-0.0085  	0.04586  	-0.0065  	-0.0074  	-0.0267  	0.03628  	-0.0031  	0.02322  	-0.2291  	
-0.3215  	-0.1153  	-0.1369  	0.49253  	-0.0055  	0.37562  	0.07583  	-0.9090  	0.19010  	0.02970  	0.27174  	0.35839  	-0.1200  	-0.9313  	-1.5845  	1.03048  	-0.1014  	0.41823  	-0.2877  	0.65095  	-0.1931  	-0.2367  	-0.7613  	0.32872  	-0.1528  	-0.1644  	-0.6201  	0.02741  	-0.0494  	-0.1881  	-0.2512  	0.29479  	0.27718  	-0.0660  	0.14246  	0.40082  	0.09172  	-0.0258  	-0.2119  	0.29891  	0.06787  	0.01662  	0.03924  	-0.0129  	-0.0956  	-0.0634  	0.04081  	-0.0013  	0.04697  	-0.0232  	0.01115  	0.01405  	-0.0048  	0.02538  	0.01121  	-0.0392  	0.04226  	0.00393  	-0.0301  	0.02531  	-0.0031  	0.00125  	0.04349  	-0.0054  	-0.0074  	-0.0267  	0.03628  	-0.0031  	0.02322  	-0.2291  	
-0.3862  	-0.1395  	-0.2454  	0.59804  	0.08339  	0.26293  	0.03485  	-0.8363  	0.20361  	0.00481  	0.34312  	0.46324  	-0.0751  	-0.7858  	-1.3265  	0.96775  	-0.1274  	0.37394  	-0.2978  	0.61554  	-0.0887  	-0.2368  	-0.7417  	0.37372  	-0.2551  	-0.1448  	-0.5751  	-0.0864  	-0.0992  	-0.1878  	-0.2404  	0.28804  	0.32160  	-0.0747  	0.23560  	0.30355  	0.13267  	-0.0374  	-0.2521  	0.29896  	0.00898  	0.02748  	-0.0020  	-0.0270  	-0.0877  	-0.0546  	0.05177  	-0.0168  	0.05120  	-0.0230  	0.00601  	0.00656  	-0.0045  	0.02490  	0.01053  	-0.0363  	0.04008  	0.00049  	-0.0340  	0.02860  	0.00138  	0.00383  	0.03579  	-0.0055  	-0.0074  	-0.0267  	0.03628  	-0.0031  	0.02322  	-0.2291  	
0.03650  	0.01198  	-0.0216  	0.80727  	0.21115  	0.53909  	0.06787  	-0.7212  	0.22926  	-0.0687  	0.11094  	0.49751  	0.06170  	-0.5134  	-1.0654  	1.00424  	-0.1157  	0.29270  	-0.2974  	0.57944  	0.03477  	-0.2203  	-0.7316  	0.49152  	-0.2713  	-0.1678  	-0.4709  	-0.2104  	-0.2659  	-0.1960  	-0.2372  	0.30261  	0.34498  	-0.0820  	0.33554  	0.21217  	0.22135  	-0.0321  	-0.2824  	0.28858  	-0.0372  	0.03575  	0.01403  	-0.0203  	-0.1001  	-0.0587  	0.04736  	0.00243  	0.06587  	-0.0185  	-0.0005  	0.00902  	-0.0146  	0.02273  	0.00942  	-0.0312  	0.03739  	-0.0041  	-0.0396  	0.02946  	0.00704  	0.01537  	0.02863  	-0.0088  	-0.0074  	-0.0267  	0.03628  	-0.0031  	0.02322  	-0.2291  	
0.23150  	0.09507  	0.17461  	0.74936  	0.06717  	0.65698  	0.08209  	-0.6335  	0.27469  	-0.0738  	0.14897  	0.38782  	0.03343  	-0.4147  	-1.0319  	1.05478  	-0.1245  	0.30068  	-0.2788  	0.47781  	0.15107  	-0.1466  	-0.6612  	0.48452  	-0.2121  	-0.1936  	-0.3936  	-0.3643  	-0.2929  	-0.1737  	-0.2483  	0.34103  	0.34884  	-0.0815  	0.37228  	0.21584  	0.28042  	0.01984  	-0.3056  	0.25682  	-0.0306  	0.02614  	0.02203  	-0.0207  	-0.1047  	-0.0591  	0.04048  	0.02033  	0.07791  	-0.0211  	0.00094  	0.01342  	-0.0058  	0.02942  	0.00894  	-0.0244  	0.02199  	0.00417  	-0.0439  	0.03371  	0.00181  	0.01204  	0.03618  	-0.0209  	-0.0074  	-0.0267  	0.03628  	-0.0031  	0.02322  	-0.2291  	
0.21222  	0.10122  	0.18502  	0.77327  	0.05303  	0.65364  	0.09798  	-0.6166  	0.28778  	-0.0527  	0.21338  	0.38195  	0.01756  	-0.5023  	-1.1249  	1.09410  	-0.1303  	0.28510  	-0.2711  	0.51089  	0.17782  	-0.1437  	-0.6753  	0.43068  	-0.1695  	-0.1993  	-0.4242  	-0.3339  	-0.2863  	-0.1779  	-0.2706  	0.32402  	0.34259  	-0.0704  	0.33325  	0.21254  	0.29794  	0.02756  	-0.2849  	0.23411  	-0.0443  	0.01932  	0.03675  	-0.0158  	-0.0978  	-0.0586  	0.04092  	0.01909  	0.07280  	-0.0217  	0.00338  	0.00923  	-5.3348  	0.02788  	0.00917  	-0.0272  	0.03056  	0.00327  	-0.0453  	0.03404  	0.00336  	0.00540  	0.03925  	-0.0121  	-0.0074  	-0.0267  	0.03628  	-0.0031  	0.02322  	-0.2291  	
0.08400  	0.04476  	0.06668  	0.69613  	0.02858  	0.55587  	0.08617  	-0.6834  	0.25903  	-0.0529  	0.26031  	0.42079  	-0.0300  	-0.5888  	-1.1793  	1.00813  	-0.0991  	0.30211  	-0.3035  	0.51773  	0.12121  	-0.1725  	-0.6979  	0.40557  	-0.2137  	-0.2007  	-0.4438  	-0.3270  	-0.2807  	-0.1804  	-0.2650  	0.33289  	0.33083  	-0.0762  	0.30754  	0.22483  	0.29667  	0.04086  	-0.3081  	0.23299  	0.01333  	0.01261  	0.02497  	-0.0112  	-0.1066  	-0.0530  	0.04799  	0.00331  	0.06144  	-0.0254  	-0.0082  	0.01217  	0.00079  	0.02720  	0.00219  	-0.0317  	0.02810  	0.00550  	-0.0400  	0.03008  	0.00484  	-0.0002  	0.04735  	-0.0120  	-0.0074  	-0.0267  	0.03628  	-0.0031  	0.02322  	-0.2291  	
-0.1378  	-0.0880  	-0.0875  	0.73653  	0.08994  	0.49308  	0.07061  	-0.8036  	0.19338  	-0.0750  	0.21382  	0.38091  	-0.0817  	-0.7478  	-1.2807  	1.01166  	-0.1266  	0.36025  	-0.2974  	0.57944  	-0.0381  	-0.1945  	-0.7670  	0.41527  	-0.1758  	-0.1727  	-0.4925  	-0.1508  	-0.1628  	-0.1711  	-0.2761  	0.33768  	0.30919  	-0.0715  	0.28066  	0.31006  	0.19043  	-0.0060  	-0.2964  	0.27522  	-0.0076  	0.03345  	0.01048  	-0.0310  	-0.0860  	-0.0620  	0.05242  	-0.0140  	0.05698  	-0.0278  	0.00739  	0.00958  	-0.0027  	0.02385  	0.01182  	-0.0399  	0.04579  	0.00687  	-0.0358  	0.02767  	-0.0047  	-0.0102  	0.04138  	-0.0107  	-0.0074  	-0.0267  	0.03628  	-0.0031  	0.02322  	-0.2291  	
-0.0695  	-0.0610  	-0.0678  	0.65143  	0.09676  	0.48135  	0.09438  	-0.8368  	0.20266  	0.00131  	0.25104  	0.37412  	-0.0652  	-0.8202  	-1.3575  	1.09020  	-0.1778  	0.40891  	-0.3020  	0.63337  	-0.0936  	-0.2196  	-0.7976  	0.34866  	-0.1715  	-0.1761  	-0.5692  	-0.0592  	-0.1188  	-0.1826  	-0.2564  	0.31503  	0.31102  	-0.0685  	0.25205  	0.36169  	0.15443  	-0.0106  	-0.2642  	0.29700  	0.01677  	0.02302  	0.02284  	-0.0157  	-0.0915  	-0.0650  	0.04919  	-0.0170  	0.05904  	-0.0232  	0.01807  	0.00998  	-0.0007  	0.02445  	0.01398  	-0.0401  	0.04359  	0.00530  	-0.0368  	0.03178  	-0.0093  	-0.0030  	0.04347  	-0.0071  	-0.0074  	-0.0267  	0.03628  	-0.0031  	0.02322  	-0.2291  	
-0.0254  	-0.0614  	-0.0105  	0.63328  	0.06996  	0.49623  	0.12133  	-0.8428  	0.22003  	0.05564  	0.26744  	0.38209  	-0.0700  	-0.8313  	-1.4670  	1.12072  	-0.1758  	0.42884  	-0.2935  	0.67686  	-0.1353  	-0.2401  	-0.8529  	0.32815  	-0.1504  	-0.1958  	-0.5872  	0.00741  	-0.0774  	-0.1763  	-0.2710  	0.31858  	0.29006  	-0.0699  	0.22421  	0.40795  	0.11793  	-0.0271  	-0.2501  	0.32341  	0.02729  	0.02082  	0.02353  	-0.0184  	-0.0988  	-0.0609  	0.04520  	0.00052  	0.06065  	-0.0302  	0.02330  	0.01133  	0.00039  	0.01978  	0.01869  	-0.0396  	0.04738  	0.00605  	-0.0354  	0.03230  	-0.0034  	-0.0059  	0.04565  	-0.0057  	-0.0074  	-0.0267  	0.03628  	-0.0031  	0.02322  	-0.2291  	
-0.0389  	-0.0596  	-0.0169  	0.54571  	0.02995  	0.47560  	0.13425  	-0.8542  	0.20918  	0.04546  	0.25298  	0.32698  	-0.0436  	-0.8474  	-1.5045  	1.10794  	-0.1754  	0.45277  	-0.2942  	0.68737  	-0.1903  	-0.2355  	-0.8337  	0.28888  	-0.1453  	-0.1873  	-0.6130  	0.05591  	-0.0228  	-0.1682  	-0.2601  	0.30927  	0.29622  	-0.0535  	0.19384  	0.42956  	0.07904  	-0.0279  	-0.2310  	0.33023  	0.02887  	0.02108  	0.02359  	-0.0221  	-0.1017  	-0.0590  	0.04280  	0.00028  	0.05687  	-0.0313  	0.02258  	0.01159  	-0.0009  	0.01937  	0.01484  	-0.0415  	0.04540  	0.00691  	-0.0336  	0.03044  	-0.0012  	-0.0014  	0.04626  	-0.0053  	-0.0074  	-0.0267  	0.03628  	-0.0031  	0.02322  	-0.2291  	
-0.1674  	-0.0548  	-0.0997  	0.61294  	0.07773  	0.44952  	0.10881  	-0.8735  	0.19675  	-0.0241  	0.22071  	0.34925  	-0.0932  	-0.8076  	-1.4599  	1.01857  	-0.1432  	0.40411  	-0.2964  	0.66307  	-0.1255  	-0.2222  	-0.8183  	0.33618  	-0.1110  	-0.1832  	-0.5436  	-0.0196  	-0.0594  	-0.1528  	-0.2734  	0.30809  	0.28058  	-0.0595  	0.21742  	0.40981  	0.12807  	-0.0150  	-0.2506  	0.30522  	0.02198  	0.02709  	0.01873  	-0.0164  	-0.0921  	-0.0628  	0.04501  	-0.0050  	0.05429  	-0.0325  	0.01742  	0.01317  	0.00048  	0.02016  	0.01640  	-0.0403  	0.04660  	0.00855  	-0.0340  	0.02821  	-0.0027  	-0.0064  	0.04733  	-0.0093  	-0.0074  	-0.0267  	0.03628  	-0.0031  	0.02322  	-0.2291  	
-0.1245  	-0.0567  	-0.1172  	0.85712  	0.17484  	0.51410  	0.07342  	-0.8029  	0.21451  	-0.1069  	0.12566  	0.49426  	-0.0287  	-0.6465  	-1.1368  	0.94273  	-0.0910  	0.33915  	-0.3169  	0.57051  	-0.0611  	-0.1741  	-0.7723  	0.37620  	-0.1369  	-0.1868  	-0.4854  	-0.0560  	-0.0877  	-0.1382  	-0.2700  	0.30834  	0.31557  	-0.0716  	0.26083  	0.30118  	0.13444  	-0.0142  	-0.2598  	0.28401  	-0.0171  	0.01525  	0.02055  	-0.0299  	-0.0992  	-0.0604  	0.05435  	-0.0039  	0.06586  	-0.0383  	0.01606  	0.01015  	-0.0071  	0.02845  	0.01055  	-0.0333  	0.04497  	-0.0030  	-0.0289  	0.03359  	0.00198  	0.00064  	0.03682  	-0.0101  	-0.0074  	-0.0267  	0.03628  	-0.0031  	0.02322  	-0.2291  	
-0.2056  	-0.0686  	-0.1076  	0.69654  	0.11222  	0.47365  	0.04706  	-0.8191  	0.21008  	-0.0901  	0.15575  	0.40286  	-0.0777  	-0.7588  	-1.2083  	0.97095  	-0.1095  	0.35604  	-0.3068  	0.57370  	-0.0428  	-0.1832  	-0.7507  	0.39749  	-0.1698  	-0.1694  	-0.5251  	-0.1092  	-0.1228  	-0.1654  	-0.2691  	0.31058  	0.31066  	-0.0706  	0.23973  	0.28830  	0.16538  	-0.0108  	-0.2805  	0.29488  	-0.0001  	0.02663  	0.00650  	-0.0163  	-0.0972  	-0.0596  	0.04703  	-0.0190  	0.05672  	-0.0319  	0.00745  	0.01157  	-0.0081  	0.02453  	0.00929  	-0.0381  	0.04313  	0.00266  	-0.0348  	0.02767  	-0.0030  	0.00083  	0.04116  	-0.0056  	-0.0074  	-0.0267  	0.03628  	-0.0031  	0.02322  	-0.2291  	
-0.0931  	-0.0708  	-0.0861  	0.73802  	0.14165  	0.45925  	0.07461  	-0.8948  	0.17049  	0.00203  	0.16569  	0.42808  	-0.0663  	-0.8394  	-1.3860  	1.08514  	-0.1547  	0.38831  	-0.2897  	0.64284  	-0.1608  	-0.2004  	-0.8119  	0.37550  	-0.1342  	-0.1865  	-0.5292  	-0.0497  	-0.0758  	-0.1434  	-0.2843  	0.31720  	0.28418  	-0.0613  	0.22120  	0.39263  	0.11946  	-0.0183  	-0.2633  	0.30752  	0.00969  	0.03129  	0.01060  	-0.0143  	-0.0981  	-0.0549  	0.04829  	-0.0010  	0.06221  	-0.0377  	0.01855  	0.01208  	-0.0028  	0.02255  	0.01023  	-0.0356  	0.04880  	0.00769  	-0.0313  	0.03005  	-0.0075  	-0.0105  	0.04755  	-0.0123  	-0.0074  	-0.0267  	0.03628  	-0.0031  	0.02322  	-0.2291  	
-0.0421  	-0.0585  	-0.0372  	0.73975  	0.17518  	0.44619  	0.11836  	-0.8605  	0.19099  	0.11605  	0.18693  	0.43885  	-0.0733  	-0.8812  	-1.4895  	1.18421  	-0.1724  	0.41147  	-0.2781  	0.65934  	-0.2430  	-0.2122  	-0.8767  	0.35544  	-0.0871  	-0.2027  	-0.5156  	0.00621  	-0.0423  	-0.1384  	-0.2942  	0.32442  	0.28006  	-0.0732  	0.21009  	0.44526  	0.07180  	-0.0305  	-0.2234  	0.32646  	0.02198  	0.03705  	0.01997  	-0.0156  	-0.0988  	-0.0577  	0.04245  	0.01474  	0.07181  	-0.0305  	0.01784  	0.01180  	0.00195  	0.02353  	0.01438  	-0.0421  	0.04992  	0.00771  	-0.0336  	0.03051  	-0.0062  	-0.0073  	0.05302  	-0.0108  	-0.0074  	-0.0267  	0.03628  	-0.0031  	0.02322  	-0.2291  	
-0.0844  	-0.0524  	-0.0490  	0.66870  	0.11444  	0.43967  	0.12079  	-0.8867  	0.20546  	0.10062  	0.18006  	0.35932  	-0.0782  	-0.8972  	-1.4825  	1.14065  	-0.1619  	0.42044  	-0.2762  	0.65280  	-0.2278  	-0.2117  	-0.8585  	0.33350  	-0.0675  	-0.2002  	-0.5402  	0.02395  	-0.0117  	-0.1380  	-0.2861  	0.34193  	0.26052  	-0.0663  	0.20082  	0.46275  	0.07676  	-0.0268  	-0.2312  	0.33208  	0.02017  	0.03006  	0.03210  	-0.0121  	-0.1006  	-0.0618  	0.03812  	0.00236  	0.06412  	-0.0411  	0.02272  	0.00779  	0.00179  	0.02501  	0.01544  	-0.0375  	0.05019  	0.00600  	-0.0288  	0.03182  	-0.0020  	-0.0097  	0.04412  	-0.0064  	-0.0074  	-0.0267  	0.03628  	-0.0031  	0.02322  	-0.2291  	
-0.3009  	-0.0814  	-0.1232  	0.61428  	0.07758  	0.27879  	0.05630  	-0.8514  	0.12004  	0.05054  	0.15456  	0.37894  	-0.0232  	-0.9174  	-1.4102  	0.95296  	-0.0789  	0.27112  	-0.2350  	0.38264  	-0.1911  	-0.4348  	-1.0819  	0.32189  	-0.1449  	-0.0799  	-0.5738  	-0.0994  	0.11191  	-0.1532  	-0.1342  	0.24521  	0.16554  	-0.2191  	0.09042  	0.41712  	-0.0504  	-0.0477  	-0.3228  	0.25750  	0.12307  	0.15563  	-0.1005  	0.05081  	-0.1477  	-0.0340  	0.01678  	0.01298  	0.03628  	-0.0451  	0.01338  	0.01131  	-0.0046  	0.03440  	0.01884  	-0.0452  	0.04773  	-0.0009  	-0.0379  	0.03300  	0.01215  	-0.0120  	0.02922  	-0.0061  	-0.0074  	-0.0267  	0.03628  	-0.0031  	0.02322  	-0.2291  	
-0.3321  	-0.0876  	-0.1313  	0.58125  	0.04757  	0.22751  	-0.0012  	-0.7927  	0.12027  	-0.0303  	0.26140  	0.41239  	0.00554  	-0.9449  	-1.2702  	0.86195  	0.03533  	0.11175  	-0.1858  	0.13938  	-0.0479  	-0.6092  	-1.2095  	0.34091  	-0.2518  	0.01218  	-0.5701  	-0.2280  	0.11350  	-0.1926  	-0.0333  	0.20612  	0.10958  	-0.3614  	0.07120  	0.32735  	-0.0532  	-0.0321  	-0.4472  	0.15644  	0.16129  	0.26471  	-0.2110  	0.10297  	-0.1964  	-0.0161  	0.00536  	0.01952  	0.01553  	-0.0515  	0.01725  	0.02143  	-0.0008  	0.05002  	0.01838  	-0.0486  	0.03066  	-0.0130  	-0.0323  	0.04293  	0.01444  	-0.0070  	0.01343  	-0.0054  	-0.0074  	-0.0267  	0.03628  	-0.0031  	0.02322  	-0.2291  	
-0.4522  	-0.1091  	-0.1885  	0.50143  	0.04685  	0.18945  	0.00224  	-0.7575  	0.13099  	-0.0038  	0.35728  	0.41794  	-0.0036  	-0.9701  	-1.3547  	0.81569  	0.04790  	0.05898  	-0.1553  	0.09662  	-0.0402  	-0.6718  	-1.2643  	0.32428  	-0.3185  	0.05214  	-0.6231  	-0.2179  	0.10399  	-0.2299  	-0.0024  	0.17084  	0.10446  	-0.3880  	0.04639  	0.31049  	-0.0683  	-0.0440  	-0.4686  	0.10494  	0.19454  	0.29620  	-0.2285  	0.12696  	-0.2146  	-0.0143  	0.00140  	0.03050  	0.02213  	-0.0611  	0.01801  	0.02308  	-0.0054  	0.05787  	0.01982  	-0.0435  	0.03296  	-0.0192  	-0.0328  	0.04516  	0.01506  	-0.0054  	0.00866  	-0.0047  	-0.0074  	-0.0267  	0.03628  	-0.0031  	0.02322  	-0.2291  	
-0.5578  	-0.1129  	-0.2657  	0.34765  	-0.0416  	0.05538  	-0.0092  	-0.7829  	0.13798  	0.02616  	0.44815  	0.39695  	-0.0468  	-1.0601  	-1.4618  	0.82465  	0.03812  	0.12059  	-0.1595  	0.15222  	-0.0309  	-0.6323  	-1.1712  	0.29380  	-0.3581  	0.03829  	-0.6396  	-0.1974  	0.08255  	-0.2471  	-0.0052  	0.17332  	0.12408  	-0.3672  	0.01876  	0.32230  	-0.0493  	-0.0349  	-0.4490  	0.13867  	0.19358  	0.26371  	-0.2043  	0.11031  	-0.2020  	-0.0256  	0.01153  	0.02734  	0.02109  	-0.0484  	0.01347  	0.02317  	-0.0075  	0.05790  	0.02165  	-0.0438  	0.03478  	-0.0132  	-0.0379  	0.04735  	0.01087  	-0.0013  	0.01281  	-0.0056  	-0.0074  	-0.0267  	0.03628  	-0.0031  	0.02322  	-0.2291  	
-0.6273  	-0.1456  	-0.3056  	0.26065  	-0.0722  	0.04650  	0.01676  	-0.8485  	0.15097  	0.07622  	0.48375  	0.39211  	-0.0653  	-1.0275  	-1.5846  	0.87729  	-0.0360  	0.26644  	-0.2149  	0.38036  	-0.0807  	-0.4572  	-0.9805  	0.31673  	-0.3318  	-0.0351  	-0.6504  	-0.1263  	-0.0110  	-0.2511  	-0.0912  	0.20952  	0.20708  	-0.2323  	0.06624  	0.32672  	0.00157  	-0.0296  	-0.3593  	0.18978  	0.13986  	0.16046  	-0.1112  	0.03473  	-0.1516  	-0.0418  	0.03251  	0.00806  	0.03063  	-0.0333  	0.00511  	0.01925  	-0.0069  	0.04266  	0.01286  	-0.0469  	0.03656  	-0.0059  	-0.0422  	0.03595  	0.01015  	0.00152  	0.02888  	-0.0052  	-0.0074  	-0.0267  	0.03628  	-0.0031  	0.02322  	-0.2291  	
-0.6615  	-0.1586  	-0.3487  	0.23431  	-0.0456  	0.04435  	0.06083  	-0.9149  	0.15969  	0.12198  	0.51359  	0.40361  	-0.1034  	-0.9787  	-1.6700  	0.95559  	-0.1177  	0.45180  	-0.2975  	0.67946  	-0.1643  	-0.2602  	-0.7541  	0.32963  	-0.3009  	-0.1385  	-0.6833  	-0.0233  	-0.0914  	-0.2419  	-0.2031  	0.25969  	0.32142  	-0.0675  	0.11153  	0.34660  	0.06331  	-0.0559  	-0.2204  	0.26813  	0.05540  	0.02349  	0.00017  	-0.0468  	-0.0822  	-0.0606  	0.04795  	6.13275  	0.04680  	-0.0119  	0.00465  	0.01263  	-0.0044  	0.02167  	0.01095  	-0.0480  	0.04154  	0.00644  	-0.0394  	0.02834  	0.00621  	0.01104  	0.04417  	-0.0069  	-0.0074  	-0.0267  	0.03628  	-0.0031  	0.02322  	-0.2291  	
-0.4126  	-0.1140  	-0.2477  	0.47992  	0.07454  	0.19345  	0.06169  	-0.7992  	0.19826  	0.04560  	0.43084  	0.49661  	-0.0252  	-0.7596  	-1.4335  	0.99620  	-0.1334  	0.38979  	-0.2957  	0.66393  	-0.0952  	-0.2558  	-0.7720  	0.37350  	-0.3298  	-0.1195  	-0.6590  	-0.0674  	-0.1191  	-0.2120  	-0.2038  	0.26609  	0.36149  	-0.0634  	0.22552  	0.28862  	0.10432  	-0.0499  	-0.2515  	0.29047  	0.02181  	0.02886  	0.01034  	-0.0414  	-0.0931  	-0.0570  	0.04980  	-0.0131  	0.04874  	-0.0111  	0.01080  	0.00849  	-0.0110  	0.01926  	0.00069  	-0.0328  	0.03175  	0.00072  	-0.0426  	0.02990  	0.00535  	0.00838  	0.03243  	-0.0139  	-0.0074  	-0.0267  	0.03628  	-0.0031  	0.02322  	-0.2291  	
-0.2301  	-0.0083  	-0.0694  	0.62317  	0.09193  	0.35652  	0.04213  	-0.7360  	0.24092  	0.05597  	0.26405  	0.50408  	0.00488  	-0.5907  	-1.3607  	1.02300  	-0.1387  	0.36795  	-0.3206  	0.64973  	-0.0718  	-0.2198  	-0.7233  	0.34307  	-0.3192  	-0.1347  	-0.6710  	-0.0258  	-0.1187  	-0.2157  	-0.2216  	0.24246  	0.34981  	-0.0555  	0.22432  	0.26469  	0.09572  	-0.0299  	-0.2571  	0.27150  	0.03941  	0.01222  	0.04037  	-0.0257  	-0.1030  	-0.0541  	0.05609  	0.00647  	0.04763  	-0.0112  	-0.0010  	0.00811  	0.00017  	0.02652  	0.00618  	-0.0431  	0.03796  	0.00327  	-0.0341  	0.02737  	0.00294  	0.00989  	0.03161  	-0.0059  	-0.0074  	-0.0267  	0.03628  	-0.0031  	0.02322  	-0.2291  	
0.11256  	0.08393  	0.10880  	0.69762  	0.04128  	0.52478  	0.05859  	-0.6305  	0.29496  	-0.0002  	0.22580  	0.41709  	0.05334  	-0.4863  	-1.2331  	1.11578  	-0.1097  	0.34544  	-0.2747  	0.60006  	0.09343  	-0.1891  	-0.7349  	0.38525  	-0.2311  	-0.1598  	-0.5424  	-0.2015  	-0.2247  	-0.1851  	-0.2404  	0.30346  	0.34917  	-0.0765  	0.28838  	0.20989  	0.20638  	0.00463  	-0.2497  	0.25206  	0.00346  	0.00933  	0.04142  	-0.0290  	-0.0949  	-0.0586  	0.04051  	0.00102  	0.06271  	-0.0158  	-0.0054  	0.01289  	-0.0024  	0.02661  	0.00229  	-0.0328  	0.01362  	-0.0001  	-0.0418  	0.03296  	0.00552  	0.01459  	0.03960  	-0.0170  	-0.0074  	-0.0267  	0.03628  	-0.0031  	0.02322  	-0.2291  	
-0.0832  	0.00756  	-0.0630  	0.68809  	0.09836  	0.38623  	0.09741  	-0.6724  	0.24931  	0.00126  	0.31145  	0.39858  	0.06869  	-0.4610  	-1.3483  	1.07803  	-0.1835  	0.37662  	-0.2861  	0.63960  	0.00788  	-0.1505  	-0.8507  	0.43419  	-0.1674  	-0.2064  	-0.5495  	-0.1672  	-0.1875  	-0.1683  	-0.2306  	0.24961  	0.35067  	-0.0769  	0.30653  	0.26097  	0.17111  	-0.0378  	-0.2571  	0.27990  	0.02045  	0.02874  	-0.0015  	-0.0447  	-0.1032  	-0.0584  	0.03589  	-0.0041  	0.06486  	-0.0239  	0.00015  	0.00408  	-0.0058  	0.02417  	0.00454  	-0.0408  	0.03697  	-0.0018  	-0.0440  	0.03237  	0.00939  	0.00218  	0.04236  	-0.0084  	-0.0074  	-0.0267  	0.03628  	-0.0031  	0.02322  	-0.2291  	
-0.4706  	-0.1504  	-0.3192  	0.60091  	0.20328  	0.12588  	0.08230  	-0.8097  	0.16242  	0.04331  	0.41475  	0.52359  	-0.0479  	-0.7205  	-1.4456  	0.94554  	-0.1594  	0.42341  	-0.2803  	0.68400  	-0.0592  	-0.2444  	-0.7857  	0.41182  	-0.2636  	-0.1529  	-0.6333  	-0.0724  	-0.1600  	-0.2341  	-0.2143  	0.24219  	0.35428  	-0.0770  	0.26055  	0.32862  	0.10007  	-0.0635  	-0.2445  	0.27717  	-0.0074  	0.06895  	-0.0290  	-0.0507  	-0.0961  	-0.0483  	0.05709  	-0.0085  	0.05213  	-0.0333  	0.00873  	0.01440  	-0.0091  	0.02102  	0.00722  	-0.0417  	0.04831  	0.01041  	-0.0422  	0.02896  	0.00477  	0.01087  	0.02598  	-0.0156  	-0.0074  	-0.0267  	0.03628  	-0.0031  	0.02322  	-0.2291  	
-0.4978  	-0.1517  	-0.2194  	0.17440  	-0.0973  	0.27396  	0.08146  	-0.8539  	0.16999  	0.09868  	0.44238  	0.33072  	-0.1148  	-0.9290  	-1.5862  	0.84564  	-0.0902  	0.39603  	-0.2836  	0.65519  	-0.1196  	-0.2297  	-0.7018  	0.35258  	-0.2003  	-0.1402  	-0.6363  	-0.0700  	-0.1020  	-0.2195  	-0.2084  	0.25051  	0.31334  	-0.0743  	0.14167  	0.34978  	0.11167  	-0.0303  	-0.2292  	0.27313  	0.05457  	0.02337  	0.01444  	-0.0217  	-0.0836  	-0.0515  	0.05215  	-0.0272  	0.05157  	-0.0211  	-0.0009  	0.01424  	-0.0098  	0.02670  	0.00937  	-0.0549  	0.04286  	0.01460  	-0.0455  	0.02993  	0.00201  	0.00057  	0.04736  	-0.0131  	-0.0074  	-0.0267  	0.03628  	-0.0031  	0.02322  	-0.2291  	
-0.3763  	-0.1042  	-0.1482  	0.35151  	-0.0937  	0.38876  	0.07219  	-0.8441  	0.18349  	-0.0062  	0.32314  	0.32089  	-0.0969  	-0.9161  	-1.4799  	0.93523  	-0.0685  	0.40546  	-0.2670  	0.62359  	-0.0979  	-0.1861  	-0.6928  	0.37340  	-0.1578  	-0.1474  	-0.5527  	-0.0744  	-0.1068  	-0.2031  	-0.2383  	0.28249  	0.30343  	-0.0855  	0.12457  	0.32065  	0.13001  	-0.0165  	-0.2333  	0.28974  	0.07091  	0.02545  	0.02926  	-0.0233  	-0.0993  	-0.0601  	0.05602  	-0.0067  	0.04829  	-0.0285  	0.00739  	0.01474  	-0.0135  	0.02440  	0.01449  	-0.0429  	0.04133  	0.00589  	-0.0348  	0.03656  	0.00025  	0.00056  	0.04335  	-0.0022  	-0.0074  	-0.0267  	0.03628  	-0.0031  	0.02322  	-0.2291  	
-0.2010  	-0.0814  	-0.1305  	0.55384  	0.02632  	0.43372  	0.05767  	-0.8424  	0.18513  	-0.0063  	0.25045  	0.40458  	-0.0733  	-0.8700  	-1.4624  	1.01254  	-0.1287  	0.41336  	-0.2712  	0.63492  	-0.1519  	-0.2256  	-0.7556  	0.33412  	-0.1889  	-0.1557  	-0.5932  	-0.0317  	-0.0634  	-0.1926  	-0.2518  	0.29848  	0.31706  	-0.0670  	0.17800  	0.36556  	0.12540  	-0.0149  	-0.2439  	0.30271  	0.06210  	0.01682  	0.03642  	-0.0055  	-0.1027  	-0.0636  	0.04706  	0.00264  	0.05161  	-0.0316  	0.00158  	0.01182  	-0.0065  	0.02649  	0.01134  	-0.0427  	0.04070  	0.00419  	-0.0390  	0.02963  	0.00059  	-0.0033  	0.03951  	-0.0079  	-0.0074  	-0.0267  	0.03628  	-0.0031  	0.02322  	-0.2291  	
-0.0716  	-0.0464  	-0.0080  	0.58630  	0.03944  	0.45651  	0.07319  	-0.8128  	0.22250  	0.03130  	0.32296  	0.40479  	-0.1058  	-0.8324  	-1.4712  	1.11803  	-0.1630  	0.40919  	-0.2614  	0.62290  	-0.0511  	-0.2142  	-0.7631  	0.37483  	-0.2138  	-0.1858  	-0.5791  	-0.1173  	-0.1680  	-0.2144  	-0.2662  	0.32468  	0.32666  	-0.0758  	0.25643  	0.35053  	0.21314  	0.00260  	-0.2886  	0.29434  	0.04229  	0.01891  	0.02294  	-0.0082  	-0.0968  	-0.0654  	0.04952  	0.00027  	0.05557  	-0.0249  	0.00877  	0.00947  	-0.0016  	0.02847  	0.01297  	-0.0361  	0.03955  	0.00383  	-0.0409  	0.03714  	0.00354  	-0.0013  	0.04091  	-0.0079  	-0.0074  	-0.0267  	0.03628  	-0.0031  	0.02322  	-0.2291  	
-0.1019  	-0.0287  	0.02476  	0.47322  	-0.0362  	0.41933  	0.08526  	-0.8531  	0.21106  	0.09895  	0.32851  	0.36881  	-0.0874  	-0.8173  	-1.6056  	1.14444  	-0.1712  	0.42424  	-0.2628  	0.66942  	-0.1666  	-0.2354  	-0.8144  	0.30252  	-0.1906  	-0.1908  	-0.6309  	-0.0320  	-0.1081  	-0.1950  	-0.2487  	0.30339  	0.31575  	-0.0648  	0.21739  	0.41795  	0.14153  	-0.0314  	-0.2477  	0.31264  	0.05114  	0.01857  	0.03242  	-0.0280  	-0.1042  	-0.0540  	0.04693  	0.00917  	0.06056  	-0.0276  	0.01696  	0.01393  	-0.0065  	0.02492  	0.01222  	-0.0388  	0.03886  	0.00790  	-0.0444  	0.03033  	-0.0004  	0.00096  	0.04429  	-0.0106  	-0.0074  	-0.0267  	0.03628  	-0.0031  	0.02322  	-0.2291  	
-0.3024  	-0.0798  	-0.1281  	0.39751  	-0.0556  	0.31452  	0.09141  	-0.8743  	0.17118  	0.14463  	0.34218  	0.35205  	-0.0957  	-0.8098  	-1.6789  	1.04474  	-0.1594  	0.39733  	-0.2808  	0.65498  	-0.1559  	-0.2416  	-0.8175  	0.37026  	-0.1420  	-0.1878  	-0.5690  	-0.0883  	-0.0886  	-0.1923  	-0.2338  	0.29896  	0.29369  	-0.0864  	0.21604  	0.42063  	0.12636  	-0.0259  	-0.2577  	0.31286  	0.05216  	0.03048  	0.01037  	-0.0230  	-0.0902  	-0.0587  	0.04507  	-0.0029  	0.05006  	-0.0360  	0.01604  	0.01610  	-0.0020  	0.02960  	0.00989  	-0.0448  	0.04316  	0.00491  	-0.0417  	0.02709  	-0.0003  	0.00493  	0.04432  	-0.0139  	-0.0074  	-0.0267  	0.03628  	-0.0031  	0.02322  	-0.2291  	
-0.3553  	-0.1310  	-0.2181  	0.49579  	0.02390  	0.31446  	0.02014  	-0.8132  	0.16938  	-0.0267  	0.43034  	0.44084  	-0.1108  	-0.7906  	-1.3410  	0.99850  	-0.1408  	0.32370  	-0.2560  	0.60282  	0.04065  	-0.2339  	-0.7843  	0.45939  	-0.1656  	-0.1949  	-0.4306  	-0.2186  	-0.2340  	-0.1923  	-0.2529  	0.31684  	0.29865  	-0.0997  	0.31189  	0.30540  	0.23107  	-0.0070  	-0.3174  	0.28740  	-0.0702  	0.04258  	-0.0308  	-0.0355  	-0.0844  	-0.0503  	0.04251  	-0.0226  	0.04579  	-0.0230  	0.00429  	0.01214  	-0.0065  	0.03356  	0.00970  	-0.0420  	0.03167  	0.00184  	-0.0338  	0.03186  	-0.0044  	-0.0012  	0.03959  	-0.0033  	-0.0074  	-0.0267  	0.03628  	-0.0031  	0.02322  	-0.2291  	
-0.0119  	0.00612  	-0.0551  	0.68633  	0.12781  	0.48347  	0.09911  	-0.7144  	0.23534  	-0.0157  	0.12076  	0.44249  	0.04411  	-0.5205  	-1.0521  	0.92965  	-0.1299  	0.27835  	-0.3103  	0.51828  	0.02641  	-0.1749  	-0.6591  	0.4666  	-0.2443  	-0.1735  	-0.4548  	-0.2622  	-0.2367  	-0.1807  	-0.2322  	0.28651  	0.33182  	-0.0804  	0.31285  	0.20804  	0.21918  	-0.0439  	-0.2885  	0.29944  	-0.0321  	0.02536  	0.01217  	-0.0217  	-0.0942  	-0.0534  	0.04290  	0.00734  	0.06085  	-0.0054  	0.00625  	0.00815  	-0.0097  	0.02042  	0.00530  	-0.0284  	0.04136  	-0.0033  	-0.0413  	0.03424  	0.00665  	0.00515  	0.03129  	-0.0105  	-0.0074  	-0.0267  	0.03628  	-0.0031  	0.02322  	-0.2291  	
0.06168  	0.07079  	0.05386  	0.77786  	0.13768  	0.61562  	0.10197  	-0.6640  	0.23438  	-0.0585  	0.01340  	0.35302  	0.10074  	-0.3933  	-1.0312  	0.92617  	-0.0989  	0.30411  	-0.2920  	0.48531  	-0.0169  	-0.1225  	-0.7169  	0.41390  	-0.1545  	-0.1685  	-0.4556  	-0.2252  	-0.1296  	-0.1394  	-0.2478  	0.28051  	0.34141  	-0.0684  	0.30251  	0.24058  	0.16946  	-0.0261  	-0.2284  	0.30373  	-0.0153  	0.01907  	0.03951  	0.00338  	-0.1064  	-0.0623  	0.04282  	0.02076  	0.06921  	-0.0337  	0.00273  	0.00982  	-0.0037  	0.02577  	0.01134  	-0.0325  	0.03046  	0.00290  	-0.0436  	0.03421  	0.00433  	0.01232  	0.03591  	-0.0114  	-0.0074  	-0.0267  	0.03628  	-0.0031  	0.02322  	-0.2291  	
-0.1535  	0.00041  	-0.0366  	0.53024  	0.03179  	0.43892  	0.06677  	-0.8272  	0.23461  	0.03090  	0.29332  	0.36596  	-0.0303  	-0.7157  	-1.4309  	0.99949  	-0.1052  	0.34928  	-0.2722  	0.62628  	-0.0132  	-0.1983  	-0.7664  	0.41403  	-0.1829  	-0.1666  	-0.5297  	-0.1936  	-0.1937  	-0.1988  	-0.2328  	0.28286  	0.31723  	-0.0551  	0.27143  	0.29903  	0.20361  	-0.0015  	-0.2606  	0.29785  	0.05448  	0.00875  	0.00592  	-0.0229  	-0.0967  	-0.0603  	0.05315  	-0.0007  	0.05433  	-0.0076  	0.01269  	0.01162  	-0.0037  	0.02995  	0.00184  	-0.0384  	0.03507  	0.00743  	-0.0337  	0.03889  	-0.0031  	0.00379  	0.04334  	-0.0178  	-0.0074  	-0.0267  	0.03628  	-0.0031  	0.02322  	-0.2291  	
-0.5096  	-0.1593  	-0.2436  	0.29616  	-0.0655  	0.24270  	0.08231  	-0.9048  	0.17196  	0.09590  	0.39901  	0.34494  	-0.1297  	-0.9395  	-1.6408  	0.93729  	-0.1198  	0.43246  	-0.2835  	0.64219  	-0.1344  	-0.2560  	-0.7590  	0.32655  	-0.1625  	-0.1564  	-0.5928  	-0.0474  	-0.0856  	-0.2102  	-0.2353  	0.27705  	0.28543  	-0.0694  	0.14891  	0.37580  	0.11266  	-0.0284  	-0.2321  	0.27789  	0.05305  	0.02727  	0.01589  	-0.0212  	-0.0831  	-0.0555  	0.05065  	-0.0165  	0.05123  	-0.0265  	0.00043  	0.01121  	-0.0010  	0.02714  	0.01211  	-0.0461  	0.03626  	0.00677  	-0.0370  	0.02549  	0.00225  	-0.0001  	0.04262  	-0.0056  	-0.0074  	-0.0267  	0.03628  	-0.0031  	0.02322  	-0.2291  	
-0.4889  	-0.1628  	-0.2561  	0.40708  	-0.0375  	0.22474  	0.06079  	-0.8278  	0.19578  	0.07102  	0.43261  	0.40416  	-0.0618  	-0.8082  	-1.4365  	0.93435  	-0.0990  	0.34575  	-0.2923  	0.61649  	-0.0811  	-0.2480  	-0.7075  	0.39736  	-0.2193  	-0.1299  	-0.5540  	-0.1638  	-0.1546  	-0.1957  	-0.2143  	0.27180  	0.30704  	-0.0915  	0.21831  	0.31379  	0.14926  	-0.0104  	-0.2770  	0.28671  	0.02326  	0.03005  	0.00529  	-0.0282  	-0.0878  	-0.0605  	0.06002  	-0.0252  	0.04671  	-0.0167  	0.00516  	0.00867  	-0.0082  	0.03094  	0.00839  	-0.0452  	0.03527  	0.00231  	-0.0406  	0.03178  	0.00775  	0.01046  	0.03738  	-0.0109  	-0.0074  	-0.0267  	0.03628  	-0.0031  	0.02322  	-0.2291  	
-0.0265  	0.04104  	0.05736  	0.58864  	0.05533  	0.53672  	0.06136  	-0.6832  	0.24940  	0.00353  	0.19912  	0.41715  	0.05766  	-0.5654  	-1.1719  	0.99173  	-0.1102  	0.31785  	-0.2877  	0.53515  	0.03333  	-0.1913  	-0.7141  	0.42335  	-0.2684  	-0.1624  	-0.5076  	-0.2274  	-0.2521  	-0.2039  	-0.2007  	0.28897  	0.35621  	-0.0890  	0.26362  	0.23342  	0.21935  	-0.0140  	-0.2741  	0.30542  	0.01386  	0.02307  	0.03267  	-0.0378  	-0.1080  	-0.0526  	0.05029  	0.01034  	0.05639  	-0.0131  	0.00233  	0.01407  	-0.0085  	0.01958  	0.00092  	-0.0306  	0.02868  	-0.0042  	-0.0389  	0.03605  	0.00762  	0.01362  	0.03895  	-0.0129  	-0.0074  	-0.0267  	0.03628  	-0.0031  	0.02322  	-0.2291  	
0.23648  	0.05273  	0.14830  	0.85455  	0.16651  	0.60193  	0.08113  	-0.6420  	0.25019  	-0.0624  	0.00683  	0.44870  	0.14432  	-0.4439  	-0.8718  	0.91867  	-0.0193  	0.16117  	-0.2392  	0.23799  	0.03344  	-0.3515  	-0.9522  	0.42505  	-0.2777  	-0.0754  	-0.5008  	-0.3534  	-0.0843  	-0.1691  	-0.0974  	0.27285  	0.26814  	-0.2318  	0.20278  	0.19991  	0.08282  	-0.0264  	-0.3615  	0.23650  	0.08673  	0.13957  	-0.0752  	0.06743  	-0.1629  	-0.0405  	0.01886  	0.05431  	0.06135  	-0.0405  	0.01024  	0.01219  	-0.0068  	0.03404  	0.00875  	-0.0253  	0.02298  	-0.0154  	-0.0474  	0.04302  	0.01438  	0.01207  	0.01830  	-0.0183  	-0.0074  	-0.0267  	0.03628  	-0.0031  	0.02322  	-0.2291  	
0.28527  	0.12654  	0.23836  	1.00616  	0.20639  	0.67876  	0.08945  	-0.5373  	0.23527  	-0.0376  	-0.0433  	0.37002  	0.21755  	-0.4811  	-0.9149  	0.83548  	0.06040  	-0.0087  	-0.1567  	-0.0241  	0.07661  	-0.4855  	-1.1587  	0.38737  	-0.1622  	-0.0270  	-0.3841  	-0.4615  	0.04274  	-0.1429  	-0.0469  	0.20311  	0.13130  	-0.3678  	0.13628  	0.21100  	0.03063  	-0.0215  	-0.4232  	0.15860  	0.10567  	0.26721  	-0.1683  	0.14443  	-0.2171  	-0.0161  	-0.0233  	0.08711  	0.06048  	-0.0558  	0.01690  	0.01601  	-0.0031  	0.05198  	0.02027  	-0.0184  	0.02252  	-0.0227  	-0.0369  	0.05587  	0.01466  	0.00152  	0.00653  	-0.0161  	-0.0074  	-0.0267  	0.03628  	-0.0031  	0.02322  	-0.2291  	
0.13166  	0.04950  	0.10147  	0.87421  	0.15913  	0.41548  	0.07777  	-0.6033  	0.17137  	-0.0125  	0.04304  	0.31690  	0.19910  	-0.4791  	-0.8896  	0.73006  	0.07611  	-0.0362  	-0.1539  	-0.0284  	0.09732  	-0.5763  	-1.2621  	0.46113  	-0.2159  	-0.0058  	-0.3466  	-0.5175  	0.01581  	-0.1638  	-0.0200  	0.22104  	0.12016  	-0.4080  	0.19742  	0.20912  	0.00205  	-0.0369  	-0.4754  	0.18060  	0.11926  	0.30450  	-0.2282  	0.16840  	-0.2105  	-0.0167  	-0.0056  	0.05544  	0.03805  	-0.0478  	0.02170  	0.02527  	-0.0056  	0.05652  	0.02725  	-0.0366  	0.02673  	-0.0245  	-0.0350  	0.05455  	0.01462  	0.00112  	0.00053  	-0.0110  	-0.0074  	-0.0267  	0.03628  	-0.0031  	0.02322  	-0.2291  	
-0.3094  	-0.0490  	-0.0217  	0.49691  	0.03873  	0.31749  	0.02128  	-0.7087  	0.15214  	-0.0661  	0.39308  	0.32299  	0.01494  	-0.8824  	-1.2811  	0.87455  	0.02791  	0.06236  	-0.1638  	0.14758  	0.18319  	-0.6863  	-1.1562  	0.40508  	-0.3495  	0.01052  	-0.5080  	-0.3355  	-0.0486  	-0.2510  	-0.0292  	0.18794  	0.15644  	-0.3567  	0.13731  	0.22406  	0.07775  	-0.0236  	-0.5013  	0.12884  	0.15272  	0.24715  	-0.2105  	0.12540  	-0.1952  	-0.0084  	0.01310  	0.02814  	0.01758  	-0.0406  	0.00656  	0.01442  	-0.0130  	0.04813  	0.02191  	-0.0406  	0.02670  	-0.0174  	-0.0462  	0.04247  	0.01618  	-0.0067  	0.00584  	-0.0078  	-0.0074  	-0.0267  	0.03628  	-0.0031  	0.02322  	-0.2291  	
-0.4131  	-0.1429  	-0.1724  	0.26871  	-0.0590  	0.31820  	0.04937  	-0.8666  	0.13711  	0.03294  	0.35131  	0.34442  	-0.0683  	-1.0286  	-1.6190  	0.87443  	-0.0215  	0.30444  	-0.2062  	0.37529  	-0.0976  	-0.4837  	-1.0049  	0.34047  	-0.2287  	-0.0543  	-0.5863  	-0.1141  	0.03074  	-0.2060  	-0.1000  	0.22043  	0.19494  	-0.2355  	0.04978  	0.34683  	0.00983  	-0.0233  	-0.3406  	0.19978  	0.13337  	0.16188  	-0.1003  	0.04651  	-0.1520  	-0.0395  	0.02328  	-0.0013  	0.02252  	-0.0358  	0.00442  	0.02285  	-0.0048  	0.03834  	0.01446  	-0.0478  	0.03913  	-0.0043  	-0.0421  	0.03917  	0.00813  	-0.0078  	0.02919  	-0.0072  	-0.0074  	-0.0267  	0.03628  	-0.0031  	0.02322  	-0.2291  	
-0.5620  	-0.2171  	-0.3071  	0.38642  	0.03595  	0.16005  	0.08146  	-0.8558  	0.17161  	0.05737  	0.45256  	0.46531  	-0.0708  	-0.8566  	-1.5256  	0.93804  	-0.1268  	0.41161  	-0.3054  	0.64975  	-0.1502  	-0.2579  	-0.7810  	0.37979  	-0.2307  	-0.1312  	-0.5946  	-0.0779  	-0.1038  	-0.2034  	-0.2093  	0.26736  	0.31534  	-0.0789  	0.21063  	0.36316  	0.11312  	-0.0231  	-0.2445  	0.28078  	0.03800  	0.04139  	-0.0011  	-0.0346  	-0.0853  	-0.0595  	0.05652  	-0.0252  	0.04236  	-0.0185  	-0.0018  	0.00994  	-0.0056  	0.02329  	0.01052  	-0.0417  	0.03450  	0.00400  	-0.0462  	0.02895  	0.00398  	0.00723  	0.03844  	-0.0111  	-0.0074  	-0.0267  	0.03628  	-0.0031  	0.02322  	-0.2291  	
0.21826  	-0.0086  	0.07103  	0.83240  	0.17916  	0.54485  	0.11835  	-0.7171  	0.21578  	0.01305  	-0.0615  	0.41881  	0.13260  	-0.3980  	-0.9116  	0.89406  	-0.0936  	0.31062  	-0.3024  	0.48952  	-0.0380  	-0.1258  	-0.7205  	0.48719  	-0.2210  	-0.1761  	-0.4522  	-0.3055  	-0.2020  	-0.1746  	-0.2318  	0.29150  	0.33379  	-0.0732  	0.30830  	0.22513  	0.18977  	-0.0317  	-0.2254  	0.33593  	-0.0304  	0.03606  	0.02088  	0.00063  	-0.1062  	-0.0600  	0.04591  	0.00986  	0.07071  	-0.0353  	-0.0039  	0.01280  	-0.0097  	0.02552  	0.01040  	-0.0320  	0.01519  	-0.0070  	-0.0378  	0.03405  	0.00748  	0.02330  	0.01901  	-0.0137  	-0.0074  	-0.0267  	0.03628  	-0.0031  	0.02322  	-0.2291  	
0.24435  	0.04550  	0.20766  	0.86054  	0.14900  	0.72743  	0.21668  	-0.6461  	0.28249  	-0.0155  	-0.2280  	0.25660  	0.18653  	-0.1964  	-0.8592  	0.83201  	-0.0961  	0.25449  	-0.3327  	0.37332  	-0.0161  	-0.0405  	-0.6084  	0.37384  	-0.0776  	-0.1913  	-0.4023  	-0.2912  	-0.0822  	-0.1150  	-0.2107  	0.27475  	0.31909  	-0.0563  	0.23057  	0.22529  	0.12502  	-0.0374  	-0.2156  	0.30946  	-0.0071  	0.03987  	0.04865  	-0.0095  	-0.1012  	-0.0681  	0.02262  	0.03861  	0.09582  	-0.0164  	0.01805  	0.01237  	-0.0055  	0.02619  	0.01098  	-0.0122  	0.03252  	0.00358  	-0.0424  	0.03382  	0.00670  	0.01690  	0.04419  	-0.0161  	-0.0074  	-0.0267  	0.03628  	-0.0031  	0.02322  	-0.2291  	
-0.0306  	0.02455  	-0.1130  	0.99446  	0.22781  	0.43793  	0.08721  	-0.7738  	0.17993  	-0.0211  	0.03043  	0.29244  	0.09286  	-0.4309  	-0.8919  	0.89998  	-0.0815  	0.23835  	-0.3064  	0.48226  	0.00021  	-0.1696  	-0.7360  	0.49292  	-0.0489  	-0.2006  	-0.2879  	-0.3534  	-0.1837  	-0.0651  	-0.2506  	0.30066  	0.29296  	-0.0752  	0.42569  	0.27226  	0.17537  	-0.0635  	-0.2731  	0.31447  	-0.1087  	0.07229  	-0.0405  	-0.0597  	-0.0921  	-0.0543  	0.03719  	0.00569  	0.05724  	-0.0186  	0.00526  	0.00986  	-0.0080  	0.01618  	-0.0009  	-0.0207  	0.03326  	0.00504  	-0.0332  	0.03603  	0.00359  	0.00618  	0.04234  	-0.0254  	-0.0074  	-0.0267  	0.03628  	-0.0031  	0.02322  	-0.2291  	
-0.1961  	-0.1067  	-0.2075  	0.75218  	0.16712  	0.38958  	-0.0243  	-0.8373  	0.20000  	-0.0626  	0.23746  	0.53183  	-0.0145  	-0.7048  	-1.0899  	1.01408  	-0.0970  	0.31124  	-0.2775  	0.51933  	0.01602  	-0.1078  	-0.7130  	0.52738  	-0.2718  	-0.1510  	-0.4897  	-0.3009  	-0.2922  	-0.2007  	-0.2383  	0.34050  	0.33612  	-0.0677  	0.35162  	0.21393  	0.20714  	0.00424  	-0.3218  	0.28110  	-0.0199  	0.04389  	-0.0458  	-0.0301  	-0.1013  	-0.0674  	0.05597  	-0.0181  	0.05059  	-0.0183  	0.02586  	0.01656  	-0.0078  	0.02073  	0.00161  	-0.0266  	0.03486  	-0.0016  	-0.0321  	0.03524  	0.01155  	0.01265  	0.03314  	-0.0156  	-0.0074  	-0.0267  	0.03628  	-0.0031  	0.02322  	-0.2291  	
0.09426  	0.04816  	0.04553  	0.74025  	0.06589  	0.58382  	0.11251  	-0.7070  	0.22786  	-0.0533  	0.13238  	0.36661  	0.04764  	-0.4520  	-0.9621  	0.92755  	-0.0834  	0.29049  	-0.2858  	0.47408  	0.12107  	-0.1236  	-0.6672  	0.49920  	-0.1851  	-0.1978  	-0.3827  	-0.3408  	-0.2728  	-0.1948  	-0.2571  	0.34066  	0.32038  	-0.1019  	0.35944  	0.19629  	0.25099  	-0.0057  	-0.2996  	0.31830  	-0.0142  	0.03035  	-0.0032  	-0.0120  	-0.0952  	-0.0574  	0.03541  	0.00492  	0.06709  	-0.0259  	-0.0047  	0.01690  	-0.0070  	0.01832  	0.00656  	-0.0231  	0.02560  	-0.0085  	-0.0385  	0.03616  	0.01483  	0.01279  	0.02584  	-0.0200  	-0.0074  	-0.0267  	0.03628  	-0.0031  	0.02322  	-0.2291  	
0.28478  	0.04642  	0.16545  	0.85209  	0.10352  	0.71809  	0.10884  	-0.6127  	0.26900  	-0.0905  	0.08768  	0.35060  	0.08105  	-0.4403  	-1.0489  	1.07767  	-0.1018  	0.28954  	-0.2891  	0.47530  	0.12664  	-0.1085  	-0.6789  	0.43462  	-0.1139  	-0.2151  	-0.3693  	-0.3558  	-0.2648  	-0.1546  	-0.2509  	0.33266  	0.32583  	-0.0753  	0.32584  	0.22292  	0.28464  	0.00464  	-0.2879  	0.27347  	-0.0577  	0.03539  	0.01387  	-0.0178  	-0.0976  	-0.0553  	0.03439  	0.02209  	0.07281  	-0.0170  	0.00304  	0.00905  	-0.0046  	0.02188  	0.00853  	-0.0221  	0.02939  	0.00607  	-0.0385  	0.03544  	0.00239  	0.00543  	0.03944  	-0.0165  	-0.0074  	-0.0267  	0.03628  	-0.0031  	0.02322  	-0.2291  	
0.27355  	0.09191  	0.22048  	0.91196  	0.17250  	0.71519  	0.15448  	-0.6298  	0.28770  	-0.0150  	0.04343  	0.32850  	0.09481  	-0.4267  	-1.1042  	1.02711  	-0.1080  	0.28096  	-0.2653  	0.46684  	0.04776  	-0.0945  	-0.7259  	0.42457  	-0.0426  	-0.2207  	-0.3502  	-0.3608  	-0.2102  	-0.1227  	-0.2660  	0.31103  	0.32081  	-0.0804  	0.30812  	0.25520  	0.24705  	0.01116  	-0.2584  	0.30684  	-0.0407  	0.03171  	0.04223  	0.00131  	-0.1074  	-0.0533  	0.02353  	0.04647  	0.08012  	-0.0317  	0.00851  	0.01014  	-0.0092  	0.02523  	0.01003  	-0.0157  	0.02361  	-0.0011  	-0.0427  	0.03843  	0.00332  	0.00382  	0.03227  	-0.0174  	-0.0074  	-0.0267  	0.03628  	-0.0031  	0.02322  	-0.2291  	
0.13540  	0.05466  	0.06984  	0.82908  	0.16906  	0.50720  	0.12753  	-0.6808  	0.23272  	0.05004  	0.04047  	0.29830  	0.10158  	-0.3187  	-1.0309  	0.91182  	-0.1383  	0.29850  	-0.2867  	0.50540  	0.01938  	-0.1154  	-0.7757  	0.44836  	-0.0953  	-0.2373  	-0.3622  	-0.3315  	-0.1917  	-0.1309  	-0.2383  	0.32025  	0.33272  	-0.0826  	0.36820  	0.24496  	0.21633  	-0.0273  	-0.2678  	0.32948  	-0.0337  	0.03729  	0.00539  	0.00317  	-0.0976  	-0.0518  	0.04209  	0.02043  	0.06807  	-0.0217  	0.01711  	0.01576  	-0.0083  	0.02121  	0.01154  	-0.0264  	0.02072  	-0.0031  	-0.0380  	0.04333  	0.00559  	0.00888  	0.02570  	-0.0143  	-0.0074  	-0.0267  	0.03628  	-0.0031  	0.02322  	-0.2291  	
-0.2269  	-0.0414  	-0.1571  	0.53869  	0.11610  	0.38236  	0.09375  	-0.8415  	0.20047  	-0.0437  	0.35015  	0.37430  	-0.0634  	-0.8000  	-1.2536  	1.01869  	-0.1346  	0.32851  	-0.2686  	0.58103  	0.09368  	-0.2131  	-0.7108  	0.46598  	-0.2446  	-0.1700  	-0.4843  	-0.2217  	-0.2776  	-0.2234  	-0.2501  	0.33083  	0.32358  	-0.1043  	0.30919  	0.23563  	0.27479  	-0.0141  	-0.3093  	0.28033  	0.03705  	0.02583  	-0.0374  	-0.0333  	-0.0937  	-0.0410  	0.04496  	-0.0064  	0.04076  	-0.0189  	0.00015  	0.00786  	-0.0115  	0.01744  	0.00526  	-0.0351  	0.02989  	0.00447  	-0.0273  	0.03065  	0.00511  	-0.0053  	0.02246  	-0.0171  	-0.0074  	-0.0267  	0.03628  	-0.0031  	0.02322  	-0.2291  	
-0.2333  	-0.1209  	-0.0788  	0.48506  	0.00785  	0.43262  	0.06523  	-0.9008  	0.16371  	-0.0124  	0.31316  	0.39427  	-0.1073  	-0.9376  	-1.5114  	1.05810  	-0.1343  	0.37412  	-0.2562  	0.59035  	-0.0639  	-0.1921  	-0.7042  	0.41054  	-0.1960  	-0.1727  	-0.4870  	-0.1772  	-0.1831  	-0.1949  	-0.2741  	0.32613  	0.28920  	-0.0805  	0.22304  	0.37467  	0.19706  	-0.0027  	-0.2894  	0.30949  	0.02938  	0.02637  	-0.0025  	-0.0116  	-0.0991  	-0.0538  	0.04784  	-0.0158  	0.04661  	-0.0313  	0.00210  	0.01342  	-0.0002  	0.03001  	0.00404  	-0.0403  	0.03878  	0.00781  	-0.0252  	0.02405  	-0.0058  	0.00817  	0.03980  	-0.0132  	-0.0074  	-0.0267  	0.03628  	-0.0031  	0.02322  	-0.2291  	
-0.1798  	-0.0794  	-0.0771  	0.55869  	0.06554  	0.38621  	0.08408  	-0.8880  	0.18925  	0.06523  	0.27230  	0.40676  	-0.1034  	-0.9527  	-1.5624  	1.14265  	-0.1309  	0.42472  	-0.2675  	0.64733  	-0.1945  	-0.2463  	-0.8104  	0.31266  	-0.1461  	-0.1816  	-0.5647  	0.01634  	-0.0846  	-0.1514  	-0.2588  	0.32179  	0.27726  	-0.0752  	0.17628  	0.41754  	0.12874  	-0.0234  	-0.2434  	0.29780  	0.03013  	0.02239  	0.02668  	-0.0113  	-0.0954  	-0.0576  	0.04709  	0.00591  	0.06091  	-0.0321  	0.01265  	0.01013  	0.00080  	0.02647  	0.01608  	-0.0408  	0.04308  	0.00554  	-0.0374  	0.03324  	-0.0015  	-0.0078  	0.04925  	-0.0075  	-0.0074  	-0.0267  	0.03628  	-0.0031  	0.02322  	-0.2291  	
-0.1983  	-0.0643  	-0.1099  	0.66926  	0.10487  	0.45540  	0.04628  	-0.8706  	0.16680  	-0.0026  	0.21503  	0.41447  	-0.1399  	-0.8507  	-1.5230  	1.09179  	-0.0961  	0.39278  	-0.2543  	0.64429  	-0.1556  	-0.2397  	-0.8345  	0.39249  	-0.1253  	-0.1789  	-0.5327  	0.00371  	-0.0673  	-0.1361  	-0.2982  	0.34027  	0.27815  	-0.0747  	0.20063  	0.41307  	0.11154  	-0.0240  	-0.2300  	0.30544  	0.00751  	0.02104  	0.01884  	-0.0160  	-0.0961  	-0.0558  	0.03790  	-0.0040  	0.05435  	-0.0318  	0.02589  	0.01209  	-0.0010  	0.02029  	0.01015  	-0.0389  	0.04657  	0.00793  	-0.0303  	0.02966  	-0.0057  	-0.0123  	0.03839  	-0.0101  	-0.0074  	-0.0267  	0.03628  	-0.0031  	0.02322  	-0.2291  	
-0.2257  	-0.0751  	-0.1063  	0.76787  	0.14035  	0.53023  	0.02929  	-0.8274  	0.20018  	-0.0907  	0.11487  	0.44503  	-0.0832  	-0.7697  	-1.2686  	0.95045  	-0.1011  	0.34947  	-0.2606  	0.60175  	-0.1046  	-0.1799  	-0.7649  	0.41167  	-0.1409  	-0.1659  	-0.4902  	-0.0649  	-0.1021  	-0.1370  	-0.2697  	0.30057  	0.28957  	-0.0566  	0.23052  	0.33754  	0.13757  	-0.0258  	-0.2562  	0.28314  	-0.0090  	0.02654  	0.00744  	-0.0171  	-0.0904  	-0.0648  	0.04371  	-0.0145  	0.06036  	-0.0322  	0.01154  	0.00738  	-0.0059  	0.02571  	0.00744  	-0.0376  	0.04671  	0.00701  	-0.0342  	0.02979  	-0.0051  	-0.0038  	0.03627  	-0.0085  	-0.0074  	-0.0267  	0.03628  	-0.0031  	0.02322  	-0.2291  	
-0.0022  	-0.0028  	-0.0010  	0.79029  	0.12391  	0.59623  	0.04388  	-0.7360  	0.22232  	-0.0861  	0.16828  	0.44317  	-0.0330  	-0.6525  	-1.1421  	1.03019  	-0.0965  	0.32143  	-0.2837  	0.56045  	0.04711  	-0.1979  	-0.7269  	0.43852  	-0.1662  	-0.1917  	-0.4540  	-0.2338  	-0.2331  	-0.1764  	-0.2740  	0.31286  	0.32536  	-0.0692  	0.32370  	0.26015  	0.23295  	0.01368  	-0.2774  	0.26652  	-0.0134  	0.02260  	0.01088  	-0.0181  	-0.0990  	-0.0603  	0.05222  	-0.0009  	0.06021  	-0.0247  	0.00571  	0.01065  	-0.0017  	0.02877  	0.00877  	-0.0311  	0.03554  	0.00626  	-0.0355  	0.03094  	0.00222  	-0.0026  	0.03954  	-0.0162  	-0.0074  	-0.0267  	0.03628  	-0.0031  	0.02322  	-0.2291  	
-0.0113  	0.02342  	0.00637  	0.67743  	0.09667  	0.52766  	0.07368  	-0.7403  	0.23320  	-0.0337  	0.24411  	0.44065  	-0.0057  	-0.6731  	-1.3521  	1.12164  	-0.1534  	0.37228  	-0.2766  	0.61531  	0.01116  	-0.2107  	-0.7938  	0.34691  	-0.2003  	-0.1890  	-0.5479  	-0.1423  	-0.1584  	-0.1928  	-0.2567  	0.29175  	0.34648  	-0.0563  	0.27380  	0.30645  	0.17244  	0.01195  	-0.2595  	0.28328  	0.03169  	0.02013  	0.02759  	-0.0192  	-0.1016  	-0.0576  	0.05182  	0.00372  	0.05329  	-0.0207  	0.00224  	0.01297  	0.00138  	0.02775  	0.01329  	-0.0341  	0.03178  	0.00463  	-0.0392  	0.02787  	0.00490  	0.00157  	0.04106  	-0.0121  	-0.0074  	-0.0267  	0.03628  	-0.0031  	0.02322  	-0.2291  	
-0.3486  	-0.0975  	-0.1193  	0.37193  	-0.0643  	0.32205  	0.07424  	-0.8594  	0.21343  	0.08414  	0.34044  	0.35794  	-0.0558  	-0.8222  	-1.6513  	1.01280  	-0.1345  	0.44114  	-0.2848  	0.68943  	-0.1986  	-0.2468  	-0.8037  	0.30902  	-0.2100  	-0.1590  	-0.6770  	-0.0138  	-0.0766  	-0.2204  	-0.2256  	0.27360  	0.32882  	-0.0707  	0.14273  	0.38050  	0.08160  	-0.0260  	-0.2183  	0.30149  	0.09362  	0.01037  	0.04506  	-0.0060  	-0.1004  	-0.0608  	0.04826  	0.00277  	0.05438  	-0.0299  	0.00757  	0.01311  	-0.0096  	0.02602  	0.01001  	-0.0388  	0.03186  	0.00095  	-0.0391  	0.02739  	0.00477  	0.00582  	0.03819  	-0.0079  	-0.0074  	-0.0267  	0.03628  	-0.0031  	0.02322  	-0.2291  	
-0.5151  	-0.1527  	-0.2930  	0.31172  	-0.0577  	0.14637  	0.11032  	-0.8934  	0.19466  	0.15472  	0.48880  	0.35875  	-0.0759  	-0.7943  	-1.6441  	0.88680  	-0.1320  	0.39595  	-0.3117  	0.67966  	-0.1278  	-0.2130  	-0.8165  	0.37819  	-0.1569  	-0.1664  	-0.6154  	-0.0797  	-0.1089  	-0.2101  	-0.2420  	0.26117  	0.32550  	-0.0639  	0.18991  	0.37406  	0.09895  	-0.0292  	-0.2469  	0.28658  	0.03220  	0.03282  	0.00830  	-0.0423  	-0.0990  	-0.0638  	0.05090  	-0.0072  	0.05881  	-0.0271  	0.01078  	0.00880  	-0.0103  	0.02708  	0.01393  	-0.0407  	0.03966  	0.00476  	-0.0400  	0.02980  	-0.0004  	0.00487  	0.04488  	-0.0079  	-0.0074  	-0.0267  	0.03628  	-0.0031  	0.02322  	-0.2291  	
-0.6207  	-0.1916  	-0.3523  	0.19186  	-0.0642  	0.06538  	0.05590  	-0.8913  	0.17330  	0.10130  	0.53099  	0.32970  	-0.1184  	-0.9193  	-1.6211  	0.86555  	-0.1017  	0.37910  	-0.2888  	0.66459  	-0.0559  	-0.2487  	-0.7515  	0.37373  	-0.1952  	-0.1355  	-0.6216  	-0.0741  	-0.1323  	-0.2286  	-0.2336  	0.27297  	0.31323  	-0.0782  	0.17528  	0.34602  	0.13843  	-0.0201  	-0.2619  	0.25850  	0.03343  	0.01378  	-0.0122  	-0.0492  	-0.0833  	-0.0554  	0.05254  	-0.0191  	0.04059  	-0.0215  	-0.0007  	0.01510  	-0.0025  	0.02337  	0.00817  	-0.0460  	0.03680  	0.00476  	-0.0402  	0.03303  	0.00474  	0.00289  	0.03667  	-0.0109  	-0.0074  	-0.0267  	0.03628  	-0.0031  	0.02322  	-0.2291  	
-0.5482  	-0.1369  	-0.2387  	0.18873  	-0.1177  	0.14141  	0.09220  	-0.8592  	0.19404  	0.11481  	0.47189  	0.30111  	-0.0932  	-0.8747  	-1.5730  	0.88316  	-0.0892  	0.34440  	-0.2987  	0.62591  	-0.0625  	-0.2135  	-0.7028  	0.38135  	-0.1887  	-0.1338  	-0.5482  	-0.1603  	-0.1416  	-0.2361  	-0.2268  	0.26415  	0.31023  	-0.0745  	0.16674  	0.31934  	0.15098  	-0.0230  	-0.2562  	0.26662  	0.04019  	0.02161  	0.00236  	-0.0299  	-0.0869  	-0.0612  	0.05310  	-0.0090  	0.04840  	-0.0249  	0.00470  	0.01181  	-0.0064  	0.02902  	0.00861  	-0.0422  	0.03488  	0.00406  	-0.0400  	0.03439  	0.00075  	0.00734  	0.03778  	-0.0075  	-0.0074  	-0.0267  	0.03628  	-0.0031  	0.02322  	-0.2291  	
-0.4610  	-0.1315  	-0.1568  	0.29597  	-0.1101  	0.29521  	0.07462  	-0.9053  	0.19440  	0.09246  	0.34441  	0.36576  	-0.1063  	-0.9377  	-1.6496  	0.96333  	-0.0999  	0.41727  	-0.2780  	0.61946  	-0.1932  	-0.2145  	-0.6803  	0.29505  	-0.2287  	-0.1261  	-0.6671  	-0.0192  	-0.0335  	-0.2225  	-0.1868  	0.26855  	0.30206  	-0.0674  	0.03294  	0.33933  	0.06594  	-0.0494  	-0.2004  	0.28334  	0.10899  	0.00450  	0.05076  	-0.0053  	-0.0942  	-0.0635  	0.05105  	0.00458  	0.05821  	-0.0278  	-0.0017  	0.01122  	-0.0069  	0.02479  	0.01632  	-0.0473  	0.03605  	0.00090  	-0.0364  	0.02772  	0.00851  	0.00929  	0.04295  	-0.0014  	-0.0074  	-0.0267  	0.03628  	-0.0031  	0.02322  	-0.2291  	
-0.4826  	-0.1285  	-0.1923  	0.33522  	-0.0596  	0.23319  	0.10272  	-0.9240  	0.18518  	0.12327  	0.33095  	0.36502  	-0.0589  	-0.9292  	-1.6081  	0.94904  	-0.1203  	0.44384  	-0.2904  	0.66451  	-0.2379  	-0.1998  	-0.7464  	0.29180  	-0.2247  	-0.1388  	-0.6766  	0.04661  	-0.0054  	-0.2214  	-0.1937  	0.25422  	0.31581  	-0.0571  	0.07334  	0.36816  	0.02822  	-0.0594  	-0.1998  	0.29789  	0.10318  	0.01780  	0.03760  	-0.0154  	-0.0988  	-0.0646  	0.05063  	0.00288  	0.05223  	-0.0183  	0.00766  	0.01093  	-0.0072  	0.02260  	0.01306  	-0.0450  	0.03973  	0.00655  	-0.0343  	0.03155  	0.00915  	0.00784  	0.04226  	-0.0012  	-0.0074  	-0.0267  	0.03628  	-0.0031  	0.02322  	-0.2291  	
-0.4436  	-0.1276  	-0.3089  	0.53498  	0.08926  	0.19936  	0.06573  	-0.8634  	0.18276  	0.04805  	0.31777  	0.43746  	-0.0725  	-0.8060  	-1.4460  	0.91113  	-0.1468  	0.41673  	-0.2998  	0.64656  	-0.1745  	-0.1949  	-0.8052  	0.34307  	-0.1765  	-0.1543  	-0.6262  	0.00353  	-0.0168  	-0.1679  	-0.2344  	0.25269  	0.29926  	-0.0552  	0.19201  	0.34406  	0.06449  	-0.0579  	-0.2013  	0.29418  	0.01177  	0.03599  	0.00177  	-0.0458  	-0.0867  	-0.0590  	0.04343  	-0.0032  	0.05272  	-0.0279  	0.00866  	0.01118  	-0.0111  	0.02254  	0.00870  	-0.0426  	0.04249  	0.00353  	-0.0377  	0.02796  	0.00098  	0.00293  	0.04200  	-0.0027  	-0.0074  	-0.0267  	0.03628  	-0.0031  	0.02322  	-0.2291  	
-0.3769  	-0.1163  	-0.3153  	0.70207  	0.20737  	0.21700  	0.08598  	-0.8133  	0.19697  	0.00636  	0.30745  	0.50185  	-0.0373  	-0.7208  	-1.4045  	0.93048  	-0.1477  	0.40183  	-0.3366  	0.70187  	-0.1661  	-0.2413  	-0.8468  	0.34557  	-0.1940  	-0.1545  	-0.6397  	0.04013  	-0.0258  	-0.1665  	-0.2419  	0.26014  	0.33107  	-0.0495  	0.23613  	0.32365  	0.06046  	-0.0521  	-0.2164  	0.30563  	-0.0199  	0.03198  	-0.0167  	-0.0490  	-0.0776  	-0.0596  	0.05518  	-0.0105  	0.05468  	-0.0246  	0.01099  	0.01088  	-0.0186  	0.02446  	0.00921  	-0.0393  	0.03913  	0.00273  	-0.0431  	0.02852  	0.00176  	0.00493  	0.04669  	-0.0101  	-0.0074  	-0.0267  	0.03628  	-0.0031  	0.02322  	-0.2291  	
-0.3681  	-0.1154  	-0.3035  	0.70505  	0.17924  	0.27393  	0.06876  	-0.8323  	0.19215  	0.01573  	0.30150  	0.51794  	-0.0239  	-0.7199  	-1.3304  	0.93265  	-0.1443  	0.37670  	-0.3275  	0.70940  	-0.1275  	-0.2192  	-0.8536  	0.34603  	-0.2113  	-0.1468  	-0.6548  	0.01621  	-0.0415  	-0.1633  	-0.2401  	0.26113  	0.33700  	-0.0478  	0.23653  	0.31028  	0.06690  	-0.0480  	-0.2300  	0.29907  	-0.0202  	0.04234  	-0.0165  	-0.0494  	-0.0830  	-0.0605  	0.06181  	-0.0161  	0.05166  	-0.0246  	0.00943  	0.01327  	-0.0157  	0.02008  	0.00901  	-0.0396  	0.04413  	0.00680  	-0.0416  	0.02957  	0.00388  	0.00280  	0.04318  	-0.0088  	-0.0074  	-0.0267  	0.03628  	-0.0031  	0.02322  	-0.2291  	
-0.1463  	-0.0422  	-0.1794  	0.77804  	0.18474  	0.46708  	0.07480  	-0.7597  	0.21842  	-0.0512  	0.18115  	0.55986  	0.01468  	-0.6370  	-1.1637  	1.00723  	-0.1402  	0.40375  	-0.2745  	0.69687  	-0.1005  	-0.2052  	-0.8346  	0.37627  	-0.2130  	-0.1573  	-0.6315  	-0.0245  	-0.0746  	-0.1655  	-0.2597  	0.26486  	0.34360  	-0.0637  	0.23723  	0.28833  	0.08849  	-0.0470  	-0.2123  	0.32213  	-0.0347  	0.03535  	0.00015  	-0.0218  	-0.0882  	-0.0510  	0.05217  	0.00714  	0.05123  	-0.0333  	0.01343  	0.00837  	-0.0204  	0.02140  	0.00616  	-0.0288  	0.04378  	-0.0067  	-0.0337  	0.03405  	-0.0029  	0.00147  	0.03164  	-0.0094  	-0.0074  	-0.0267  	0.03628  	-0.0031  	0.02322  	-0.2291  	
0.11809  	0.05076  	0.06007  	0.86449  	0.15678  	0.63798  	0.07931  	-0.7059  	0.27027  	-0.0426  	0.06093  	0.45799  	0.04963  	-0.5332  	-1.0283  	1.06259  	-0.1093  	0.31699  	-0.3012  	0.59301  	0.04755  	-0.1331  	-0.7664  	0.39987  	-0.1450  	-0.1999  	-0.5081  	-0.1815  	-0.1716  	-0.1677  	-0.2692  	0.30545  	0.34312  	-0.0700  	0.27287  	0.23313  	0.17407  	-0.0084  	-0.2415  	0.29941  	-0.0092  	0.02636  	0.00935  	-0.0247  	-0.1012  	-0.0544  	0.04346  	0.01824  	0.06650  	-0.0229  	0.00922  	0.00869  	-0.0041  	0.02204  	0.00476  	-0.0250  	0.03402  	-0.0017  	-0.0342  	0.03206  	0.00995  	0.00421  	0.04405  	-0.0077  	-0.0074  	-0.0267  	0.03628  	-0.0031  	0.02322  	-0.2291  	
0.17682  	0.06967  	0.13450  	0.84273  	0.13234  	0.61510  	0.11772  	-0.6761  	0.27507  	-0.0360  	0.11222  	0.38811  	0.02842  	-0.5031  	-1.0698  	1.04185  	-0.1316  	0.31275  	-0.2802  	0.55528  	0.06755  	-0.1446  	-0.7186  	0.39641  	-0.1561  	-0.2028  	-0.4783  	-0.2756  	-0.2031  	-0.1559  	-0.2706  	0.30151  	0.34577  	-0.0720  	0.32598  	0.24206  	0.22116  	0.00272  	-0.2689  	0.29098  	-0.0119  	0.02999  	0.02789  	-0.0137  	-0.1110  	-0.0572  	0.04082  	0.02499  	0.07051  	-0.0297  	0.00645  	0.00988  	-0.0031  	0.02508  	0.00934  	-0.0261  	0.03426  	0.00086  	-0.0474  	0.03713  	0.00105  	0.00773  	0.04095  	-0.0118  	-0.0074  	-0.0267  	0.03628  	-0.0031  	0.02322  	-0.2291  	
0.01166  	-0.0018  	0.00778  	0.74374  	0.12348  	0.55307  	0.08008  	-0.7265  	0.21586  	-0.0523  	0.20341  	0.40235  	-0.0157  	-0.6282  	-1.2063  	1.00469  	-0.1095  	0.31842  	-0.2961  	0.52923  	0.08293  	-0.1562  	-0.6922  	0.43951  	-0.1508  	-0.1986  	-0.4340  	-0.2492  	-0.2469  	-0.1926  	-0.2719  	0.31643  	0.31459  	-0.0801  	0.29272  	0.24747  	0.27275  	0.01035  	-0.3004  	0.27742  	-0.0025  	0.03143  	0.01667  	-0.0095  	-0.1093  	-0.0560  	0.04864  	0.00274  	0.05893  	-0.0199  	0.00228  	0.01203  	-0.0028  	0.02510  	0.00524  	-0.0357  	0.03170  	0.00237  	-0.0321  	0.03711  	0.00104  	0.00392  	0.03571  	-0.0138  	-0.0074  	-0.0267  	0.03628  	-0.0031  	0.02322  	-0.2291  	
-0.0548  	-0.0447  	-0.0040  	0.65250  	0.03692  	0.55357  	0.07523  	-0.7734  	0.20943  	-0.1119  	0.30901  	0.41055  	-0.0676  	-0.7545  	-1.2704  	1.03394  	-0.1070  	0.30567  	-0.2472  	0.55735  	0.09582  	-0.1708  	-0.6838  	0.46475  	-0.2108  	-0.1817  	-0.4228  	-0.2954  	-0.2881  	-0.1964  	-0.2694  	0.33059  	0.32114  	-0.0701  	0.32139  	0.26898  	0.30050  	0.02334  	-0.3422  	0.27566  	-0.0088  	0.02482  	0.00496  	-0.0104  	-0.0957  	-0.0663  	0.05095  	-0.0149  	0.05221  	-0.0108  	0.00500  	0.01050  	-0.0032  	0.03146  	0.00774  	-0.0360  	0.04001  	0.00867  	-0.0358  	0.02515  	-0.0098  	-0.0008  	0.04455  	-0.0167  	-0.0074  	-0.0267  	0.03628  	-0.0031  	0.02322  	-0.2291  	
-0.0527  	-0.0558  	-0.0627  	0.59867  	0.03635  	0.50374  	0.06955  	-0.7939  	0.21562  	-0.0560  	0.28679  	0.38370  	-0.0799  	-0.8104  	-1.3182  	1.05697  	-0.1629  	0.36537  	-0.2716  	0.56208  	0.00810  	-0.1910  	-0.7375  	0.36993  	-0.1906  	-0.1954  	-0.5186  	-0.1727  	-0.1950  	-0.1888  	-0.2549  	0.33551  	0.31899  	-0.0755  	0.28888  	0.32171  	0.23475  	0.01948  	-0.3022  	0.27569  	0.01234  	0.02182  	0.01779  	-0.0282  	-0.0993  	-0.0633  	0.04640  	-0.0152  	0.05220  	-0.0263  	0.00649  	0.01196  	-0.0055  	0.02588  	0.00969  	-0.0377  	0.03942  	0.00454  	-0.0364  	0.02887  	-0.0014  	0.00014  	0.04428  	-0.0097  	-0.0074  	-0.0267  	0.03628  	-0.0031  	0.02322  	-0.2291  	
-0.0253  	-0.0422  	0.01293  	0.57043  	0.03541  	0.47217  	0.09656  	-0.8257  	0.24527  	0.05353  	0.31943  	0.37468  	-0.0675  	-0.7753  	-1.4809  	1.12341  	-0.1621  	0.41866  	-0.2723  	0.67945  	-0.0829  	-0.2353  	-0.8319  	0.33597  	-0.1702  	-0.1999  	-0.6229  	-0.0584  	-0.1256  	-0.1907  	-0.2636  	0.30486  	0.32124  	-0.0676  	0.24354  	0.37010  	0.16983  	-0.0294  	-0.2596  	0.31576  	0.02675  	0.01107  	0.02863  	-0.0317  	-0.0961  	-0.0559  	0.05152  	0.00303  	0.05420  	-0.0302  	0.01394  	0.01290  	-0.0069  	0.02246  	0.01502  	-0.0358  	0.04018  	0.00542  	-0.0445  	0.03242  	0.00046  	-0.0057  	0.03740  	-0.0104  	-0.0074  	-0.0267  	0.03628  	-0.0031  	0.02322  	-0.2291  	
-0.0688  	-0.0301  	-0.0306  	0.52041  	0.00562  	0.45454  	0.07447  	-0.8386  	0.22489  	0.06792  	0.35734  	0.39077  	-0.0690  	-0.7923  	-1.5431  	1.10618  	-0.1847  	0.43273  	-0.2720  	0.69446  	-0.0944  	-0.2475  	-0.8325  	0.32836  	-0.1565  	-0.1867  	-0.6081  	-0.0231  	-0.1213  	-0.1979  	-0.2455  	0.29131  	0.31929  	-0.0567  	0.22541  	0.38514  	0.14495  	-0.0221  	-0.2580  	0.30243  	0.03137  	0.02350  	0.02283  	-0.0307  	-0.0997  	-0.0594  	0.04294  	0.00595  	0.05733  	-0.0325  	0.02028  	0.01478  	0.00035  	0.02176  	0.01000  	-0.0382  	0.04087  	0.00875  	-0.0371  	0.03343  	0.00073  	-0.0014  	0.04298  	-0.0098  	-0.0074  	-0.0267  	0.03628  	-0.0031  	0.02322  	-0.2291  	
-0.2791  	-0.0971  	-0.1694  	0.63191  	0.12781  	0.37438  	0.09287  	-0.8710  	0.20496  	0.00084  	0.27457  	0.41907  	-0.0580  	-0.7510  	-1.4246  	1.00020  	-0.1539  	0.38449  	-0.2889  	0.63356  	-0.1182  	-0.2062  	-0.8118  	0.39753  	-0.1049  	-0.1801  	-0.5402  	-0.0322  	-0.0846  	-0.1723  	-0.2634  	0.30263  	0.30748  	-0.0753  	0.25174  	0.36243  	0.12520  	-0.0284  	-0.2529  	0.32448  	0.01396  	0.03463  	0.01501  	-0.0377  	-0.0898  	-0.0587  	0.05331  	-0.0046  	0.05415  	-0.0303  	0.01864  	0.01555  	-0.0076  	0.02427  	0.01182  	-0.0400  	0.04355  	0.00540  	-0.0355  	0.03230  	0.00434  	0.00194  	0.04116  	-0.0081  	-0.0074  	-0.0267  	0.03628  	-0.0031  	0.02322  	-0.2291  	
-0.2304  	-0.0769  	-0.2202  	0.77084  	0.17588  	0.40285  	0.05108  	-0.8140  	0.21171  	-0.0724  	0.20911  	0.48530  	-0.0543  	-0.6867  	-1.2376  	0.92662  	-0.1217  	0.35843  	-0.3166  	0.64070  	-0.0689  	-0.1934  	-0.8082  	0.37783  	-0.1451  	-0.1905  	-0.5392  	-0.0363  	-0.1001  	-0.1637  	-0.2799  	0.28919  	0.30125  	-0.0629  	0.24516  	0.29820  	0.13105  	-0.0260  	-0.2529  	0.28170  	-0.0231  	0.03406  	-0.0118  	-0.0445  	-0.0832  	-0.0546  	0.05193  	-0.0118  	0.05559  	-0.0249  	0.01090  	0.01190  	-0.0041  	0.02737  	0.00585  	-0.0382  	0.04786  	0.00580  	-0.0357  	0.03111  	-0.0045  	0.00240  	0.04113  	-0.0094  	-0.0074  	-0.0267  	0.03628  	-0.0031  	0.02322  	-0.2291  	
-0.1590  	-0.0514  	-0.1394  	0.79042  	0.13157  	0.52205  	0.04577  	-0.7750  	0.22638  	-0.0701  	0.10721  	0.46995  	-0.0468  	-0.6991  	-1.1579  	0.94234  	-0.0864  	0.37656  	-0.3029  	0.62456  	-0.0888  	-0.1936  	-0.7504  	0.35677  	-0.1663  	-0.1756  	-0.5716  	-0.0309  	-0.0661  	-0.1449  	-0.2679  	0.28990  	0.32604  	-0.0611  	0.19971  	0.28467  	0.11098  	-0.0237  	-0.2357  	0.28080  	-0.0015  	0.00806  	0.02130  	-0.0099  	-0.0972  	-0.0582  	0.05439  	-0.0024  	0.06063  	-0.0414  	0.00288  	0.00936  	-0.0048  	0.02434  	0.00880  	-0.0393  	0.04115  	0.00412  	-0.0358  	0.02900  	0.00108  	-0.0033  	0.03291  	-0.0102  	-0.0074  	-0.0267  	0.03628  	-0.0031  	0.02322  	-0.2291  	
0.00273  	0.00115  	0.03525  	0.76318  	0.14269  	0.55992  	0.06083  	-0.6907  	0.20992  	-0.0526  	0.22038  	0.44732  	0.02879  	-0.7753  	-1.2476  	1.04783  	-0.0552  	0.22785  	-0.2071  	0.39782  	0.01074  	-0.4219  	-1.0479  	0.34735  	-0.2124  	-0.0932  	-0.5940  	-0.1945  	-0.0208  	-0.1941  	-0.1500  	0.24213  	0.22896  	-0.2179  	0.16310  	0.26530  	0.06526  	-0.0013  	-0.3496  	0.21207  	0.13269  	0.13758  	-0.0828  	0.06977  	-0.1603  	-0.0357  	0.02252  	0.03115  	0.04778  	-0.0422  	0.01867  	0.01249  	-0.0024  	0.04263  	0.01790  	-0.0324  	0.03730  	-0.0095  	-0.0419  	0.03551  	0.00610  	-0.0105  	0.02523  	-0.0127  	-0.0074  	-0.0267  	0.03628  	-0.0031  	0.02322  	-0.2291  	
-0.1685  	-0.0320  	-0.0201  	0.58561  	0.03873  	0.42614  	0.04721  	-0.7026  	0.17913  	-0.0258  	0.25490  	0.40974  	0.00964  	-0.8946  	-1.3356  	0.90915  	0.00454  	0.13451  	-0.1604  	0.16926  	0.01182  	-0.6349  	-1.2485  	0.32072  	-0.2760  	0.02134  	-0.5682  	-0.2487  	0.04775  	-0.2164  	-0.0391  	0.21334  	0.16127  	-0.3621  	0.08674  	0.26501  	-0.0300  	-0.0145  	-0.4428  	0.16114  	0.19282  	0.26109  	-0.1660  	0.14067  	-0.2049  	-0.0228  	0.00037  	0.02678  	0.02110  	-0.0545  	0.02907  	0.02284  	0.00335  	0.05757  	0.02265  	-0.0395  	0.04252  	-0.0172  	-0.0413  	0.04889  	0.00983  	0.00034  	0.00634  	-0.0019  	-0.0074  	-0.0267  	0.03628  	-0.0031  	0.02322  	-0.2291  	
-0.2565  	-0.0395  	-0.0286  	0.54272  	0.00300  	0.39324  	0.01175  	-0.7384  	0.15444  	-0.0905  	0.28772  	0.37094  	0.00072  	-0.9874  	-1.2871  	0.88746  	0.07497  	0.04116  	-0.1196  	0.03889  	0.07958  	-0.6460  	-1.2214  	0.34476  	-0.2679  	0.02369  	-0.4883  	-0.3580  	0.03432  	-0.2174  	-0.0219  	0.21673  	0.11208  	-0.4047  	0.08260  	0.28181  	0.01905  	0.01916  	-0.5091  	0.12040  	0.19692  	0.28345  	-0.2038  	0.14937  	-0.2191  	-0.0183  	0.00311  	0.02434  	0.01580  	-0.0566  	0.02556  	0.02657  	0.00404  	0.06227  	0.02492  	-0.0404  	0.03360  	-0.0163  	-0.0320  	0.04902  	0.01437  	-0.0119  	0.00717  	-0.0044  	-0.0074  	-0.0267  	0.03628  	-0.0031  	0.02322  	-0.2291  	
-0.2949  	-0.0781  	-0.0567  	0.56735  	0.02242  	0.36075  	-0.0070  	-0.7829  	0.13624  	-0.0860  	0.29130  	0.36273  	-0.0027  	-1.0093  	-1.3445  	0.91240  	0.05641  	0.04839  	-0.1536  	0.10805  	0.03175  	-0.6070  	-1.1766  	0.36069  	-0.2830  	0.02176  	-0.5174  	-0.2560  	0.01339  	-0.2181  	-0.0476  	0.24055  	0.11087  	-0.3726  	0.07322  	0.31084  	0.00651  	-0.0015  	-0.4845  	0.13111  	0.18003  	0.26769  	-0.1991  	0.11784  	-0.2036  	-0.0209  	0.00324  	0.01939  	0.01749  	-0.0488  	0.01900  	0.02447  	-3.7653  	0.05825  	0.02222  	-0.0420  	0.03879  	-0.0139  	-0.0307  	0.04235  	0.00802  	-0.0090  	0.01162  	-0.0071  	-0.0074  	-0.0267  	0.03628  	-0.0031  	0.02322  	-0.2291  	
-0.1666  	-0.0942  	-0.0887  	0.74930  	0.12686  	0.34062  	0.04351  	-0.8745  	0.12870  	0.03998  	0.23513  	0.44874  	-0.0492  	-0.9966  	-1.4480  	1.05307  	-0.0453  	0.23104  	-0.2148  	0.36221  	-0.1578  	-0.4417  	-1.0834  	0.35946  	-0.1731  	-0.0892  	-0.5625  	-0.0960  	-0.0041  	-0.1579  	-0.1575  	0.26691  	0.14774  	-0.2448  	0.12751  	0.41084  	0.00875  	-0.0305  	-0.3690  	0.22194  	0.10339  	0.15317  	-0.1025  	0.06311  	-0.1559  	-0.0361  	0.02024  	0.02074  	0.04348  	-0.0419  	0.02830  	0.01991  	0.00041  	0.04086  	0.02189  	-0.0409  	0.04853  	-0.0037  	-0.0307  	0.03710  	-0.0051  	-0.0161  	0.03047  	-0.0118  	-0.0074  	-0.0267  	0.03628  	-0.0031  	0.02322  	-0.2291  	
-0.1044  	-0.1199  	-0.0841  	0.75617  	0.20192  	0.40112  	0.12039  	-0.9054  	0.19303  	0.14743  	0.20337  	0.45376  	-0.0801  	-0.9551  	-1.5763  	1.21505  	-0.1749  	0.45012  	-0.2756  	0.66261  	-0.3133  	-0.1975  	-0.9088  	0.35616  	-0.0203  	-0.1974  	-0.5194  	0.06536  	0.01578  	-0.1144  	-0.3022  	0.32680  	0.25598  	-0.0758  	0.18211  	0.49324  	0.03674  	-0.0272  	-0.2210  	0.33468  	0.01718  	0.04243  	0.03466  	-0.0081  	-0.1046  	-0.0599  	0.03468  	0.01741  	0.07073  	-0.0398  	0.02867  	0.00931  	-0.0023  	0.02799  	0.01525  	-0.0336  	0.05000  	0.00732  	-0.0303  	0.03469  	-0.0068  	-0.0118  	0.04452  	-0.0089  	-0.0074  	-0.0267  	0.03628  	-0.0031  	0.02322  	-0.2291  	
-0.1694  	-0.1010  	-0.1383  	0.61867  	0.13033  	0.43209  	0.11050  	-0.9391  	0.17136  	0.09331  	0.16995  	0.35567  	-0.0846  	-0.9743  	-1.5648  	1.13228  	-0.1422  	0.42789  	-0.2631  	0.62485  	-0.2810  	-0.2051  	-0.8686  	0.33703  	0.00707  	-0.2002  	-0.5075  	0.06435  	-0.0070  	-0.1098  	-0.2879  	0.33194  	0.23691  	-0.0733  	0.16002  	0.49154  	0.06328  	-0.0283  	-0.2100  	0.31742  	0.01558  	0.02868  	0.02698  	-0.0090  	-0.1017  	-0.0569  	0.03397  	0.00353  	0.06183  	-0.0348  	0.02259  	0.01008  	0.00102  	0.03185  	0.01582  	-0.0354  	0.04938  	0.00912  	-0.0288  	0.03412  	-0.0059  	-0.0144  	0.04832  	-0.0096  	-0.0074  	-0.0267  	0.03628  	-0.0031  	0.02322  	-0.2291  	
-0.2489  	-0.1251  	-0.1822  	0.60329  	0.10123  	0.42334  	0.06457  	-0.9225  	0.14627  	0.02896  	0.15696  	0.37434  	-0.1034  	-0.9412  	-1.5690  	1.07036  	-0.1154  	0.40484  	-0.2773  	0.61089  	-0.2392  	-0.2339  	-0.8273  	0.39763  	-0.0249  	-0.2050  	-0.4971  	0.02621  	-0.0604  	-0.1240  	-0.2935  	0.34807  	0.23935  	-0.0843  	0.17763  	0.46549  	0.08527  	-0.0298  	-0.2232  	0.33075  	0.00385  	0.02392  	0.01232  	-0.0138  	-0.1014  	-0.0581  	0.03924  	-0.0006  	0.05604  	-0.0294  	0.02301  	0.01554  	-0.0089  	0.02744  	0.01320  	-0.0363  	0.05065  	0.00787  	-0.0324  	0.02484  	-0.0070  	-0.0156  	0.04687  	-0.0069  	-0.0074  	-0.0267  	0.03628  	-0.0031  	0.02322  	-0.2291  	
-0.3572  	-0.1558  	-0.2632  	0.60561  	0.07921  	0.32647  	0.07496  	-0.8931  	0.16727  	0.00441  	0.21898  	0.35213  	-0.1032  	-0.9257  	-1.4454  	0.98418  	-0.1090  	0.41598  	-0.2908  	0.63125  	-0.1456  	-0.2236  	-0.7743  	0.36834  	-0.1082  	-0.1721  	-0.5487  	0.00119  	-0.0559  	-0.1689  	-0.2664  	0.30836  	0.26823  	-0.0662  	0.17771  	0.38567  	0.09630  	-0.0321  	-0.2414  	0.29397  	0.01538  	0.02200  	-0.0001  	-0.0234  	-0.0875  	-0.0592  	0.04629  	-0.0101  	0.05111  	-0.0294  	0.01314  	0.01411  	-0.0009  	0.02407  	0.01068  	-0.0471  	0.04641  	0.01249  	-0.0320  	0.02569  	-0.0038  	-0.0160  	0.04252  	-0.0072  	-0.0074  	-0.0267  	0.03628  	-0.0031  	0.02322  	-0.2291  	
-0.3711  	-0.1194  	-0.2669  	0.60988  	0.13921  	0.27744  	0.09490  	-0.8777  	0.19792  	0.03850  	0.29396  	0.43493  	-0.0752  	-0.8129  	-1.4150  	0.94756  	-0.1454  	0.39633  	-0.3243  	0.66822  	-0.1682  	-0.2102  	-0.7967  	0.31744  	-0.1558  	-0.1671  	-0.6044  	0.04184  	-0.0183  	-0.1696  	-0.2491  	0.26089  	0.30879  	-0.0496  	0.19121  	0.35602  	0.05502  	-0.0508  	-0.2203  	0.29137  	0.01022  	0.02850  	-0.0067  	-0.0426  	-0.0844  	-0.0595  	0.04682  	-0.0090  	0.05196  	-0.0313  	0.01200  	0.01320  	-0.0051  	0.02389  	0.00984  	-0.0440  	0.04655  	0.00564  	-0.0347  	0.02770  	0.00131  	-0.0050  	0.04705  	-0.0041  	-0.0074  	-0.0267  	0.03628  	-0.0031  	0.02322  	-0.2291  	
-0.3872  	-0.1457  	-0.2770  	0.57613  	0.13927  	0.24381  	0.06707  	-0.8202  	0.19780  	0.01504  	0.37997  	0.45923  	-0.0551  	-0.7722  	-1.4215  	0.94632  	-0.1573  	0.39510  	-0.3025  	0.73156  	-0.0814  	-0.2604  	-0.8160  	0.34250  	-0.2104  	-0.1719  	-0.6342  	-0.0219  	-0.1161  	-0.1914  	-0.2482  	0.27370  	0.32613  	-0.0556  	0.24594  	0.31541  	0.11325  	-0.0414  	-0.2398  	0.27737  	0.00960  	0.02192  	-0.0315  	-0.0349  	-0.0820  	-0.0555  	0.04800  	-0.0151  	0.05485  	-0.0307  	0.00416  	0.01284  	-0.0072  	0.02029  	0.00780  	-0.0451  	0.04081  	0.01239  	-0.0385  	0.02940  	0.00176  	-0.0037  	0.03985  	-0.0113  	-0.0074  	-0.0267  	0.03628  	-0.0031  	0.02322  	-0.2291  	
-0.4848  	-0.1868  	-0.3168  	0.44366  	0.07361  	0.15004  	0.09217  	-0.8608  	0.18276  	0.04014  	0.45037  	0.39163  	-0.0828  	-0.8746  	-1.5107  	0.91844  	-0.1122  	0.43585  	-0.3164  	0.73021  	-0.0778  	-0.2812  	-0.8189  	0.34513  	-0.2361  	-0.1559  	-0.6426  	-0.0285  	-0.1213  	-0.2184  	-0.2450  	0.26236  	0.33366  	-0.0605  	0.23016  	0.34157  	0.10379  	-0.0386  	-0.2568  	0.26134  	0.01932  	0.01858  	-0.0236  	-0.0574  	-0.0868  	-0.0550  	0.05264  	-0.0178  	0.04764  	-0.0266  	0.00670  	0.00976  	-0.0052  	0.02221  	0.00699  	-0.0408  	0.04089  	0.00550  	-0.0405  	0.03183  	0.00526  	-0.0040  	0.03752  	-0.0089  	-0.0074  	-0.0267  	0.03628  	-0.0031  	0.02322  	-0.2291  	
-0.4589  	-0.1590  	-0.2265  	0.32402  	0.00092  	0.23479  	0.03979  	-0.7994  	0.19029  	0.05333  	0.49911  	0.41180  	-0.0858  	-0.8263  	-1.5183  	0.91652  	-0.1207  	0.36538  	-0.3127  	0.67880  	-0.0068  	-0.2892  	-0.7988  	0.40041  	-0.2353  	-0.1436  	-0.5537  	-0.1075  	-0.2543  	-0.2365  	-0.2141  	0.26874  	0.33047  	-0.0823  	0.26382  	0.31788  	0.14671  	-0.0347  	-0.2643  	0.26288  	-0.0164  	0.03696  	-0.0163  	-0.0573  	-0.0905  	-0.0548  	0.05252  	-0.0204  	0.04495  	-0.0206  	0.00526  	0.01114  	-0.0157  	0.02690  	-0.0002  	-0.0434  	0.04034  	0.00594  	-0.0430  	0.03254  	-0.0003  	0.00171  	0.04403  	-0.0058  	-0.0074  	-0.0267  	0.03628  	-0.0031  	0.02322  	-0.2291  	
0.13580  	0.00672  	0.02694  	0.77302  	0.17157  	0.57519  	0.08979  	-0.7017  	0.20639  	-0.0573  	0.17753  	0.49987  	0.10538  	-0.4662  	-0.9866  	0.97268  	-0.1475  	0.28454  	-0.3113  	0.52940  	0.05874  	-0.2060  	-0.7317  	0.45325  	-0.3402  	-0.1750  	-0.4210  	-0.2496  	-0.2612  	-0.1808  	-0.2252  	0.32118  	0.37340  	-0.0858  	0.35323  	0.19951  	0.18596  	-0.0398  	-0.2966  	0.28623  	-0.0268  	0.02619  	0.03595  	-0.0090  	-0.0785  	-0.0609  	0.04714  	0.00565  	0.06420  	-0.0042  	1.22793  	0.00680  	-0.0124  	0.02446  	-0.0009  	-0.0298  	0.03520  	-0.0024  	-0.0351  	0.03762  	0.00343  	0.01181  	0.03730  	-0.0227  	-0.0074  	-0.0267  	0.03628  	-0.0031  	0.02322  	-0.2291  	
0.36887  	0.07203  	0.20061  	0.88898  	0.20707  	0.72271  	0.16855  	-0.6752  	0.26974  	-0.0274  	-0.2073  	0.35887  	0.16690  	-0.2685  	-0.7549  	0.89715  	-0.0987  	0.26268  	-0.3038  	0.44409  	-0.0291  	-0.0859  	-0.6558  	0.36935  	-0.1680  	-0.1740  	-0.4682  	-0.2463  	-0.0911  	-0.1307  	-0.2357  	0.28692  	0.34426  	-0.0583  	0.24229  	0.24257  	0.14641  	-0.0326  	-0.2049  	0.30594  	-0.0236  	0.03096  	0.03938  	-0.0017  	-0.1139  	-0.0516  	0.03132  	0.05059  	0.08311  	-0.0289  	0.00777  	0.01082  	-0.0075  	0.02135  	0.00747  	-0.0162  	0.03045  	0.00120  	-0.0393  	0.03146  	0.00665  	0.01248  	0.03927  	-0.0201  	-0.0074  	-0.0267  	0.03628  	-0.0031  	0.02322  	-0.2291  	
0.16646  	0.05139  	0.11129  	0.87538  	0.12269  	0.56532  	0.14730  	-0.7619  	0.23222  	0.00733  	-0.0034  	0.22766  	0.07691  	-0.4573  	-0.9862  	0.89483  	-0.0755  	0.23389  	-0.3098  	0.46288  	0.08920  	-0.1400  	-0.6626  	0.43619  	-0.0734  	-0.2031  	-0.2978  	-0.3667  	-0.1945  	-0.1112  	-0.2715  	0.32259  	0.28564  	-0.0851  	0.32115  	0.24799  	0.24340  	-0.0151  	-0.2620  	0.30512  	-0.0220  	0.04102  	0.02567  	-0.0076  	-0.0940  	-0.0521  	0.03218  	0.03005  	0.07947  	-0.0256  	0.00692  	0.01866  	-0.0020  	0.02865  	0.00875  	-0.0285  	0.03594  	0.00145  	-0.0379  	0.03821  	0.00612  	-0.0020  	0.04242  	-0.0186  	-0.0074  	-0.0267  	0.03628  	-0.0031  	0.02322  	-0.2291  	
-0.0166  	0.01213  	-0.0427  	0.84282  	0.14857  	0.47284  	0.04569  	-0.7170  	0.17371  	-0.0997  	0.11651  	0.40834  	0.06386  	-0.6669  	-1.0685  	0.91261  	-0.0160  	0.14218  	-0.2170  	0.26654  	0.05650  	-0.3447  	-0.9397  	0.45748  	-0.3010  	-0.0807  	-0.4792  	-0.3274  	-0.0950  	-0.1715  	-0.1169  	0.25489  	0.21749  	-0.2344  	0.21919  	0.23104  	0.12485  	-0.0208  	-0.3770  	0.19803  	0.06687  	0.13261  	-0.1149  	0.07324  	-0.1600  	-0.0377  	0.01539  	0.03404  	0.04462  	-0.0362  	0.00251  	0.01597  	0.00018  	0.03620  	0.01493  	-0.0342  	0.02730  	-0.0113  	-0.0341  	0.05052  	0.01358  	-0.0014  	0.01083  	-0.0136  	-0.0074  	-0.0267  	0.03628  	-0.0031  	0.02322  	-0.2291  	
0.15506  	0.08918  	0.15892  	0.74944  	0.09245  	0.49751  	0.05664  	-0.6154  	0.22264  	-0.0687  	0.21092  	0.46002  	0.12243  	-0.6207  	-1.0564  	0.89145  	0.04847  	0.01446  	-0.1759  	0.07433  	0.17758  	-0.5572  	-1.1618  	0.42383  	-0.3119  	-0.0028  	-0.4863  	-0.4051  	-0.0616  	-0.2209  	-0.0175  	0.19422  	0.19254  	-0.3741  	0.16684  	0.20311  	0.06480  	-0.0159  	-0.4705  	0.15045  	0.15477  	0.25989  	-0.1907  	0.12459  	-0.2060  	-0.0183  	0.00794  	0.04436  	0.03373  	-0.0450  	0.01500  	0.02065  	-0.0040  	0.05643  	0.01629  	-0.0313  	0.02597  	-0.0195  	-0.0392  	0.05347  	0.00951  	0.00939  	0.00938  	-0.0139  	-0.0074  	-0.0267  	0.03628  	-0.0031  	0.02322  	-0.2291  	
-0.0622  	0.03560  	0.07905  	0.69444  	0.10327  	0.45344  	-0.0015  	-0.6286  	0.16770  	-0.0527  	0.27388  	0.40180  	0.07781  	-0.7396  	-1.1635  	0.85367  	0.07881  	-0.0240  	-0.1289  	0.00615  	0.20951  	-0.6292  	-1.2144  	0.43308  	-0.2673  	-0.0013  	-0.4465  	-0.4487  	-0.0842  	-0.2387  	-0.0260  	0.20903  	0.12985  	-0.4083  	0.15596  	0.21438  	0.08511  	0.00655  	-0.5267  	0.12746  	0.14992  	0.28901  	-0.2148  	0.12747  	-0.2185  	-0.0143  	0.00220  	0.03541  	0.02608  	-0.0431  	0.02484  	0.02346  	-0.0056  	0.05921  	0.01645  	-0.0346  	0.02670  	-0.0206  	-0.0325  	0.05124  	0.01510  	-0.0022  	0.00366  	-0.0172  	-0.0074  	-0.0267  	0.03628  	-0.0031  	0.02322  	-0.2291  	
-0.3004  	-0.0877  	-0.0339  	0.44103  	-0.0415  	0.37220  	-0.0066  	-0.7372  	0.15079  	-0.0742  	0.38322  	0.37498  	-0.0073  	-1.0173  	-1.3446  	0.91929  	0.06099  	0.05607  	-0.1327  	0.11009  	0.09780  	-0.5936  	-1.1497  	0.41132  	-0.3148  	0.00195  	-0.5102  	-0.3351  	-0.0048  	-0.2454  	-0.0385  	0.21984  	0.12504  	-0.3810  	0.09918  	0.25851  	0.05091  	0.00175  	-0.5002  	0.14493  	0.16006  	0.26636  	-0.2072  	0.11066  	-0.2053  	-0.0206  	0.00673  	0.02105  	0.02213  	-0.0485  	0.01281  	0.02088  	-0.0038  	0.06263  	0.02119  	-0.0403  	0.03405  	-0.0203  	-0.0292  	0.04483  	0.01320  	-0.0043  	0.00462  	-0.0106  	-0.0074  	-0.0267  	0.03628  	-0.0031  	0.02322  	-0.2291  	
-0.0150  	-0.0056  	-0.0137  	0.90192  	0.23399  	0.52107  	0.00871  	-0.6912  	0.20218  	-0.0755  	0.07783  	0.48737  	0.06435  	-0.7069  	-1.0578  	0.97647  	-0.0440  	0.16870  	-0.2183  	0.35071  	0.01048  	-0.4271  	-1.0497  	0.43951  	-0.2490  	-0.0763  	-0.5001  	-0.2306  	-0.0900  	-0.1836  	-0.1462  	0.25249  	0.22117  	-0.2317  	0.23648  	0.24402  	0.05433  	-0.0333  	-0.3813  	0.24199  	0.04532  	0.16041  	-0.1039  	0.06546  	-0.1530  	-0.0420  	0.01725  	0.02550  	0.04699  	-0.0294  	0.02659  	0.01672  	-0.0073  	0.03579  	0.01218  	-0.0358  	0.04119  	-0.0056  	-0.0345  	0.04343  	3.28151  	-0.0015  	0.02013  	-0.0142  	-0.0074  	-0.0267  	0.03628  	-0.0031  	0.02322  	-0.2291  	
0.15289  	0.05926  	0.07663  	0.90777  	0.17376  	0.66059  	0.07285  	-0.6703  	0.27008  	-0.0279  	0.13129  	0.43908  	0.05343  	-0.4831  	-1.0494  	1.07891  	-0.1307  	0.28599  	-0.2813  	0.57414  	0.06596  	-0.1378  	-0.7640  	0.39797  	-0.1725  	-0.1768  	-0.4727  	-0.2767  	-0.2428  	-0.1562  	-0.2631  	0.30524  	0.34593  	-0.0676  	0.33636  	0.25438  	0.21088  	-0.0032  	-0.2496  	0.27089  	-0.0221  	0.03611  	0.01804  	-0.0215  	-0.1134  	-0.0544  	0.04485  	0.02763  	0.06916  	-0.0283  	0.00588  	0.01697  	-0.0012  	0.03314  	0.01036  	-0.0226  	0.02966  	-0.0026  	-0.0430  	0.03488  	0.00704  	0.00839  	0.03759  	-0.0128  	-0.0074  	-0.0267  	0.03628  	-0.0031  	0.02322  	-0.2291  	
0.10724  	0.04905  	0.07976  	0.65531  	0.05229  	0.56609  	0.10363  	-0.7238  	0.26377  	0.00149  	0.27515  	0.43596  	0.04442  	-0.5774  	-1.3906  	1.15833  	-0.1621  	0.37281  	-0.2948  	0.60914  	-0.0147  	-0.2239  	-0.8207  	0.39436  	-0.1472  	-0.2019  	-0.5664  	-0.2002  	-0.1932  	-0.1780  	-0.2356  	0.28865  	0.34381  	-0.0814  	0.26047  	0.30398  	0.19035  	0.00284  	-0.2518  	0.27935  	0.04687  	0.01696  	0.04745  	-0.0252  	-0.1257  	-0.0627  	0.04917  	0.01692  	0.05740  	-0.0274  	0.00626  	0.01095  	0.00141  	0.03577  	0.00630  	-0.0340  	0.03762  	0.00174  	-0.0399  	0.03088  	-0.0042  	0.00385  	0.04850  	-0.0065  	-0.0074  	-0.0267  	0.03628  	-0.0031  	0.02322  	-0.2291  	
-0.3502  	-0.0819  	-0.1794  	0.38068  	-0.0501  	0.28421  	0.11069  	-0.8323  	0.22324  	0.07715  	0.49977  	0.34502  	-0.0885  	-0.7420  	-1.5643  	0.97804  	-0.1450  	0.41821  	-0.2817  	0.67407  	-0.0448  	-0.2491  	-0.8347  	0.45159  	-0.1181  	-0.2006  	-0.5174  	-0.1688  	-0.1520  	-0.2133  	-0.2410  	0.28900  	0.31553  	-0.0822  	0.28476  	0.36314  	0.16742  	-0.0176  	-0.2816  	0.30212  	0.00241  	0.01846  	-0.0010  	-0.0415  	-0.0936  	-0.0644  	0.05325  	-0.0089  	0.05673  	-0.0319  	0.01381  	0.01121  	-0.0022  	0.02414  	0.01031  	-0.0397  	0.03700  	0.00301  	-0.0385  	0.03379  	0.00025  	0.00191  	0.04686  	-0.0085  	-0.0074  	-0.0267  	0.03628  	-0.0031  	0.02322  	-0.2291  	
-0.5666  	-0.1641  	-0.2978  	0.28632  	-0.0152  	0.13114  	0.06971  	-0.8450  	0.17098  	0.05673  	0.47500  	0.35114  	-0.1473  	-0.8558  	-1.5523  	0.89374  	-0.0992  	0.37878  	-0.2784  	0.60967  	-0.0527  	-0.2627  	-0.7701  	0.39365  	-0.1657  	-0.1610  	-0.5273  	-0.1086  	-0.1354  	-0.2165  	-0.2638  	0.27368  	0.29392  	-0.0850  	0.20339  	0.33982  	0.15938  	-0.0228  	-0.2617  	0.26746  	0.00401  	0.03060  	-0.0225  	-0.0363  	-0.0768  	-0.0560  	0.05298  	-0.0255  	0.04591  	-0.0158  	0.00340  	0.01180  	-0.0015  	0.03088  	0.00835  	-0.0423  	0.03796  	0.00427  	-0.0349  	0.03778  	-7.2305  	0.00236  	0.03313  	-0.0103  	-0.0074  	-0.0267  	0.03628  	-0.0031  	0.02322  	-0.2291  	
-0.2470  	-0.1106  	-0.1325  	0.49984  	0.04364  	0.39738  	0.03487  	-0.7696  	0.22125  	0.01344  	0.35866  	0.50097  	-0.0108  	-0.7063  	-1.3985  	0.96852  	-0.1232  	0.40474  	-0.2970  	0.66336  	-0.0304  	-0.2399  	-0.7363  	0.40178  	-0.2505  	-0.1615  	-0.5961  	-0.0812  	-0.1397  	-0.2049  	-0.2305  	0.25492  	0.33152  	-0.0800  	0.21354  	0.28144  	0.11812  	-0.0561  	-0.2507  	0.29944  	0.01768  	0.01240  	0.00991  	-0.0399  	-0.0830  	-0.0534  	0.05071  	-0.0055  	0.05141  	-0.0215  	0.01033  	0.00621  	-0.0128  	0.01838  	-0.0055  	-0.0316  	0.03941  	0.00025  	-0.0432  	0.02880  	0.00322  	-0.0044  	0.02743  	-0.0144  	-0.0074  	-0.0267  	0.03628  	-0.0031  	0.02322  	-0.2291  	
-0.0429  	0.02509  	0.01383  	0.73434  	0.10802  	0.53453  	0.03481  	-0.7035  	0.24751  	-0.0275  	0.16112  	0.49994  	0.01879  	-0.6401  	-1.2924  	1.08270  	-0.1144  	0.35029  	-0.2835  	0.62569  	-0.0530  	-0.1983  	-0.7355  	0.39821  	-0.2209  	-0.1665  	-0.5837  	-0.1103  	-0.1582  	-0.1865  	-0.2263  	0.27966  	0.34138  	-0.0713  	0.20674  	0.25135  	0.12776  	-0.0119  	-0.2259  	0.29164  	0.01412  	-0.0070  	0.04910  	-0.0211  	-0.1081  	-0.0634  	0.04855  	0.01736  	0.05251  	-0.0165  	0.00933  	0.00665  	-0.0071  	0.01863  	0.00466  	-0.0363  	0.03981  	0.00359  	-0.0364  	0.02624  	-2.9732  	0.00202  	0.03005  	-0.0112  	-0.0074  	-0.0267  	0.03628  	-0.0031  	0.02322  	-0.2291  	
-0.0005  	0.03606  	-0.0190  	0.75848  	0.11309  	0.51547  	0.05769  	-0.7371  	0.24046  	-0.0246  	0.19475  	0.49865  	-0.0108  	-0.6642  	-1.2564  	1.08056  	-0.1099  	0.33643  	-0.2881  	0.61033  	-0.0133  	-0.2120  	-0.7287  	0.38482  	-0.2312  	-0.1609  	-0.5657  	-0.1235  	-0.1789  	-0.1925  	-0.2426  	0.30662  	0.35214  	-0.0584  	0.23787  	0.24186  	0.16547  	0.00951  	-0.2415  	0.29620  	0.02703  	0.01061  	0.04497  	-0.0172  	-0.0997  	-0.0548  	0.04653  	0.01330  	0.05024  	-0.0227  	-0.0019  	0.01138  	-0.0032  	0.02507  	0.00630  	-0.0381  	0.03385  	0.00344  	-0.0374  	0.02473  	0.00348  	0.00753  	0.03687  	-0.0101  	-0.0074  	-0.0267  	0.03628  	-0.0031  	0.02322  	-0.2291  	
0.11742  	0.05448  	0.09632  	0.77436  	0.11815  	0.58219  	0.08578  	-0.6563  	0.27083  	-0.0495  	0.17828  	0.49433  	0.02335  	-0.5660  	-1.1843  	1.13571  	-0.1359  	0.32937  	-0.2751  	0.59091  	0.07345  	-0.1856  	-0.7708  	0.37464  	-0.1723  	-0.1948  	-0.5018  	-0.1948  	-0.1810  	-0.1765  	-0.2758  	0.31373  	0.35179  	-0.0803  	0.27685  	0.25667  	0.20903  	0.02781  	-0.2510  	0.27105  	0.01364  	0.02442  	0.02199  	-0.0175  	-0.1011  	-0.0580  	0.04488  	0.01523  	0.06454  	-0.0298  	0.00871  	0.01423  	-0.0026  	0.02772  	0.00992  	-0.0337  	0.03743  	0.00342  	-0.0373  	0.03244  	0.00288  	-0.0019  	0.04472  	-0.0095  	-0.0074  	-0.0267  	0.03628  	-0.0031  	0.02322  	-0.2291  	
0.15721  	0.05074  	0.08671  	0.77191  	0.13249  	0.57307  	0.11395  	-0.6929  	0.28451  	-0.0222  	0.13732  	0.38756  	0.07159  	-0.4693  	-1.1764  	1.06916  	-0.1442  	0.33422  	-0.2767  	0.56928  	0.02971  	-0.1587  	-0.7837  	0.38352  	-0.1226  	-0.2210  	-0.4536  	-0.2435  	-0.2006  	-0.1324  	-0.2847  	0.32041  	0.33777  	-0.0832  	0.32477  	0.26295  	0.21383  	0.00246  	-0.2582  	0.30443  	-0.0092  	0.03033  	0.02505  	-0.0166  	-0.1087  	-0.0590  	0.04231  	0.01846  	0.06961  	-0.0339  	0.00879  	0.01117  	-0.0018  	0.02805  	0.00681  	-0.0274  	0.02853  	0.00048  	-0.0406  	0.03943  	0.00413  	0.00605  	0.03992  	-0.0089  	-0.0074  	-0.0267  	0.03628  	-0.0031  	0.02322  	-0.2291  	
-0.0263  	-0.0129  	-0.0957  	0.90666  	0.22811  	0.50513  	0.09304  	-0.7182  	0.23042  	-0.0429  	0.15333  	0.54119  	0.02901  	-0.5496  	-1.1618  	1.02797  	-0.1306  	0.32811  	-0.2971  	0.58256  	0.01859  	-0.1288  	-0.7588  	0.45848  	-0.1777  	-0.1909  	-0.4905  	-0.1691  	-0.1957  	-0.1519  	-0.2724  	0.29262  	0.33203  	-0.0762  	0.30874  	0.24140  	0.16353  	-0.0111  	-0.2641  	0.30910  	-0.0318  	0.03925  	0.00798  	-0.0165  	-0.0948  	-0.0584  	0.04905  	-0.0007  	0.06397  	-0.0320  	-0.0021  	0.01063  	-0.0056  	0.02360  	0.00236  	-0.0429  	0.03845  	0.00161  	-0.0301  	0.02973  	0.00153  	0.00361  	0.02897  	-0.0181  	-0.0074  	-0.0267  	0.03628  	-0.0031  	0.02322  	-0.2291  	
-0.2143  	-0.0505  	-0.1468  	0.70661  	0.14460  	0.42791  	0.09541  	-0.8011  	0.20573  	-0.0268  	0.24609  	0.46872  	-0.0566  	-0.7383  	-1.2501  	1.01046  	-0.1133  	0.36929  	-0.2772  	0.60941  	0.00923  	-0.1652  	-0.7423  	0.47630  	-0.1807  	-0.1715  	-0.5083  	-0.1458  	-0.2157  	-0.1854  	-0.2514  	0.29212  	0.30892  	-0.0824  	0.28064  	0.29196  	0.19910  	-0.0133  	-0.2703  	0.29838  	-0.0267  	0.05234  	-0.0077  	-0.0269  	-0.0823  	-0.0551  	0.04807  	-0.0134  	0.04651  	-0.0178  	0.00303  	0.01445  	-0.0066  	0.02792  	0.00663  	-0.0424  	0.04472  	0.00527  	-0.0378  	0.03013  	-0.0002  	0.00152  	0.04021  	-0.0102  	-0.0074  	-0.0267  	0.03628  	-0.0031  	0.02322  	-0.2291  	
-0.2123  	-0.0846  	-0.1048  	0.61180  	0.04327  	0.49679  	0.05224  	-0.8041  	0.20396  	-0.0299  	0.23161  	0.38475  	-0.0934  	-0.8632  	-1.3428  	1.01265  	-0.1263  	0.38795  	-0.2794  	0.62620  	-0.0153  	-0.1842  	-0.7185  	0.37537  	-0.1618  	-0.1703  	-0.5321  	-0.1475  	-0.1966  	-0.1846  	-0.2345  	0.30543  	0.31172  	-0.0689  	0.22374  	0.29694  	0.17434  	-0.0023  	-0.2578  	0.27324  	0.01734  	0.01378  	0.02214  	-0.0020  	-0.0950  	-0.0580  	0.04878  	-0.0229  	0.04561  	-0.0248  	0.00962  	0.01274  	-0.0056  	0.02390  	0.01057  	-0.0383  	0.04389  	0.00823  	-0.0381  	0.03113  	-0.0038  	-0.0058  	0.04293  	-0.0078  	-0.0074  	-0.0267  	0.03628  	-0.0031  	0.02322  	-0.2291  	
-0.0799  	-0.0643  	-0.0571  	0.62460  	0.04262  	0.53781  	0.06521  	-0.7933  	0.21629  	-0.0312  	0.21810  	0.37991  	-0.0873  	-0.8592  	-1.4006  	1.08060  	-0.1257  	0.40013  	-0.2497  	0.63098  	-0.0540  	-0.2223  	-0.7583  	0.32417  	-0.1438  	-0.1849  	-0.5620  	-0.0945  	-0.1348  	-0.1822  	-0.2657  	0.31302  	0.30499  	-0.0765  	0.19815  	0.30935  	0.18188  	0.00712  	-0.2440  	0.27703  	0.06688  	0.00286  	0.03414  	0.00328  	-0.1050  	-0.0595  	0.03329  	-0.0016  	0.05566  	-0.0207  	0.01515  	0.01292  	-0.0064  	0.02766  	0.01806  	-0.0303  	0.04756  	0.00268  	-0.0391  	0.02738  	0.00259  	-0.0059  	0.03208  	-0.0060  	-0.0074  	-0.0267  	0.03628  	-0.0031  	0.02322  	-0.2291  	
-0.1639  	-0.0742  	-0.0919  	0.52145  	0.05660  	0.47234  	0.10040  	-0.8197  	0.22221  	0.02686  	0.24611  	0.39055  	-0.0935  	-0.8280  	-1.5217  	1.07126  	-0.1475  	0.42593  	-0.2643  	0.65847  	-0.1122  	-0.2305  	-0.8023  	0.33397  	-0.1150  	-0.1824  	-0.5544  	-0.0346  	-0.1005  	-0.1841  	-0.2696  	0.29968  	0.29510  	-0.0711  	0.21145  	0.35033  	0.15725  	-0.0123  	-0.2473  	0.30465  	0.05967  	0.02164  	0.02489  	-0.0021  	-0.1030  	-0.0614  	0.03672  	-0.0006  	0.05341  	-0.0358  	0.01599  	0.01632  	-0.0063  	0.02609  	0.01504  	-0.0323  	0.05105  	0.00170  	-0.0433  	0.02877  	0.00631  	-0.0055  	0.03940  	-0.0049  	-0.0074  	-0.0267  	0.03628  	-0.0031  	0.02322  	-0.2291  	
-0.4833  	-0.1668  	-0.3233  	0.38337  	-0.0377  	0.23623  	0.06303  	-0.8842  	0.17304  	0.03459  	0.36280  	0.36028  	-0.1230  	-0.8708  	-1.4738  	0.88361  	-0.1071  	0.40657  	-0.2767  	0.62627  	-0.0982  	-0.2432  	-0.7717  	0.34809  	-0.1271  	-0.1628  	-0.5127  	-0.0846  	-0.0963  	-0.1881  	-0.2386  	0.28091  	0.28791  	-0.0784  	0.22148  	0.37046  	0.12942  	-0.0259  	-0.2555  	0.28951  	0.02575  	0.02031  	0.00033  	-0.0212  	-0.0764  	-0.0624  	0.05136  	-0.0259  	0.03603  	-0.0102  	0.00673  	0.01462  	-0.0061  	0.02802  	0.00928  	-0.0446  	0.04559  	0.00695  	-0.0401  	0.03612  	-0.0043  	-0.0038  	0.04011  	-0.0071  	-0.0074  	-0.0267  	0.03628  	-0.0031  	0.02322  	-0.2291  	
-0.3188  	-0.1376  	-0.1730  	0.50870  	0.01423  	0.37048  	0.06694  	-0.8616  	0.19504  	-0.0174  	0.28103  	0.35746  	-0.0598  	-0.8813  	-1.4519  	0.96228  	-0.1055  	0.37423  	-0.3085  	0.65579  	-0.1254  	-0.2122  	-0.7113  	0.33241  	-0.1609  	-0.1508  	-0.5651  	-0.0322  	-0.0917  	-0.1870  	-0.2509  	0.27319  	0.28431  	-0.0723  	0.18483  	0.34493  	0.12288  	-0.0179  	-0.2466  	0.28952  	0.04614  	0.02128  	0.00749  	-0.0248  	-0.0914  	-0.0613  	0.05692  	-0.0002  	0.04442  	-0.0245  	0.01185  	0.01586  	-0.0016  	0.02600  	0.00755  	-0.0409  	0.04396  	0.00227  	-0.0312  	0.03165  	0.00414  	-0.0076  	0.03591  	-0.0077  	-0.0074  	-0.0267  	0.03628  	-0.0031  	0.02322  	-0.2291  	
-0.2491  	-0.0865  	-0.1423  	0.66706  	0.15134  	0.36815  	0.10855  	-0.8225  	0.21205  	0.01235  	0.21028  	0.47697  	-0.0056  	-0.7131  	-1.3713  	0.96611  	-0.1518  	0.41979  	-0.3385  	0.66928  	-0.2411  	-0.1675  	-0.7927  	0.30713  	-0.1784  	-0.1665  	-0.6349  	0.08400  	0.02409  	-0.1723  	-0.2572  	0.25078  	0.33284  	-0.0592  	0.15674  	0.35614  	0.02832  	-0.0454  	-0.2093  	0.30702  	0.03784  	0.02270  	0.03672  	-0.0309  	-0.1002  	-0.0627  	0.06127  	0.00730  	0.05455  	-0.0256  	0.00368  	0.01303  	-0.0096  	0.02414  	0.01177  	-0.0441  	0.04352  	0.00162  	-0.0388  	0.02644  	0.00300  	0.00448  	0.04006  	-0.0071  	-0.0074  	-0.0267  	0.03628  	-0.0031  	0.02322  	-0.2291  	
-0.2670  	-0.0888  	-0.2700  	0.81680  	0.25735  	0.36732  	0.07051  	-0.8327  	0.21645  	-0.0389  	0.20280  	0.51859  	-0.0363  	-0.7155  	-1.2723  	0.96602  	-0.1310  	0.40267  	-0.3152  	0.66315  	-0.1519  	-0.2062  	-0.8393  	0.34930  	-0.1644  	-0.1699  	-0.6123  	0.06573  	0.01118  	-0.1647  	-0.2762  	0.27827  	0.31812  	-0.0559  	0.20820  	0.31443  	0.05198  	-0.0491  	-0.2131  	0.31333  	0.00681  	0.03156  	-0.0064  	-0.0494  	-0.0900  	-0.0483  	0.05290  	-0.0048  	0.05169  	-0.0294  	0.01080  	0.01230  	-0.0107  	0.02206  	0.01153  	-0.0390  	0.04538  	0.00352  	-0.0347  	0.02656  	-0.0008  	0.00091  	0.03474  	-0.0132  	-0.0074  	-0.0267  	0.03628  	-0.0031  	0.02322  	-0.2291  	
-0.1927  	-0.0705  	-0.2766  	0.93120  	0.26226  	0.43388  	0.05648  	-0.7358  	0.24192  	-0.0764  	0.15844  	0.57751  	-0.0261  	-0.6363  	-1.1339  	0.98666  	-0.1205  	0.37344  	-0.3008  	0.68089  	-0.1279  	-0.2153  	-0.8183  	0.37783  	-0.1859  	-0.1628  	-0.5902  	0.03790  	-0.0398  	-0.1735  	-0.2836  	0.27468  	0.32962  	-0.0554  	0.25535  	0.29050  	0.05418  	-0.0513  	-0.2118  	0.32671  	-0.0463  	0.03510  	-0.0203  	-0.0331  	-0.0841  	-0.0522  	0.05037  	-0.0141  	0.05843  	-0.0247  	0.00842  	0.00854  	-0.0053  	0.02282  	0.00912  	-0.0392  	0.04388  	0.00160  	-0.0284  	0.03361  	-0.0042  	0.00114  	0.03485  	-0.0125  	-0.0074  	-0.0267  	0.03628  	-0.0031  	0.02322  	-0.2291  	
0.01665  	0.02275  	-0.0362  	0.94443  	0.24652  	0.58990  	0.06303  	-0.7398  	0.24152  	-0.0900  	0.02818  	0.51462  	0.06458  	-0.4650  	-0.9159  	0.96343  	-0.1252  	0.30043  	-0.3104  	0.64207  	-0.0058  	-0.1858  	-0.7879  	0.45393  	-0.2101  	-0.1891  	-0.5167  	-0.1156  	-0.1760  	-0.1590  	-0.2879  	0.29538  	0.32938  	-0.0549  	0.30778  	0.23381  	0.14528  	-0.0430  	-0.2293  	0.32149  	-0.0510  	0.03335  	-0.0171  	-0.0324  	-0.0925  	-0.0592  	0.03697  	0.00251  	0.06066  	-0.0272  	0.01096  	0.01179  	-0.0105  	0.02087  	0.00202  	-0.0313  	0.03892  	0.00262  	-0.0342  	0.02479  	0.00028  	0.00803  	0.03768  	-0.0116  	-0.0074  	-0.0267  	0.03628  	-0.0031  	0.02322  	-0.2291  	
0.20502  	0.08461  	0.15090  	0.87976  	0.14057  	0.66419  	0.09166  	-0.6753  	0.27595  	-0.0636  	0.06139  	0.39508  	0.04924  	-0.4347  	-0.9133  	1.03888  	-0.1104  	0.28865  	-0.2876  	0.51498  	0.10943  	-0.1207  	-0.7173  	0.46676  	-0.1639  	-0.2033  	-0.4328  	-0.2917  	-0.2438  	-0.1522  	-0.2732  	0.32669  	0.32318  	-0.0641  	0.34334  	0.22753  	0.22423  	0.00491  	-0.2718  	0.28842  	-0.0517  	0.04730  	0.00921  	-0.0282  	-0.1006  	-0.0533  	0.03754  	0.02701  	0.07205  	-0.0201  	-0.0002  	0.01283  	-0.0044  	0.02897  	0.00871  	-0.0244  	0.03766  	0.00311  	-0.0344  	0.03790  	0.00143  	0.00267  	0.04018  	-0.0174  	-0.0074  	-0.0267  	0.03628  	-0.0031  	0.02322  	-0.2291  	
0.21163  	0.09110  	0.20885  	0.77973  	0.05465  	0.64170  	0.09592  	-0.6313  	0.30304  	-0.0597  	0.19571  	0.37146  	0.02719  	-0.5105  	-1.1152  	1.12364  	-0.1271  	0.28153  	-0.2560  	0.50922  	0.15865  	-0.1535  	-0.6946  	0.44273  	-0.1571  	-0.1979  	-0.4301  	-0.3483  	-0.2986  	-0.1759  	-0.2728  	0.32308  	0.34174  	-0.0765  	0.32075  	0.21115  	0.28076  	0.01909  	-0.2749  	0.25984  	-0.0359  	0.03233  	0.03463  	-0.0101  	-0.1086  	-0.0584  	0.03989  	0.02305  	0.06999  	-0.0229  	0.00115  	0.01181  	-0.0032  	0.03308  	0.00869  	-0.0287  	0.03454  	0.00830  	-0.0448  	0.03134  	-0.0003  	0.00189  	0.03703  	-0.0139  	-0.0074  	-0.0267  	0.03628  	-0.0031  	0.02322  	-0.2291  	
0.15234  	0.03873  	0.07362  	0.68990  	0.06788  	0.55726  	0.13123  	-0.6929  	0.27981  	-0.0027  	0.19094  	0.31741  	0.12945  	-0.4395  	-1.1955  	1.04061  	-0.1237  	0.31002  	-0.2636  	0.54414  	0.02686  	-0.2018  	-0.7811  	0.42733  	-0.0994  	-0.2147  	-0.4637  	-0.2927  	-0.2475  	-0.1464  	-0.2473  	0.31531  	0.32940  	-0.0942  	0.32083  	0.26709  	0.21847  	-0.0134  	-0.2634  	0.29698  	-0.0147  	0.02934  	0.01636  	-0.0174  	-0.1113  	-0.0523  	0.03494  	0.02063  	0.06793  	-0.0178  	0.00862  	0.00914  	-0.0061  	0.02850  	0.00926  	-0.0359  	0.03407  	0.00460  	-0.0432  	0.03310  	0.00108  	0.00784  	0.04023  	-0.0169  	-0.0074  	-0.0267  	0.03628  	-0.0031  	0.02322  	-0.2291  	
-0.2161  	-0.0585  	-0.2383  	0.88455  	0.25230  	0.36015  	0.09434  	-0.7573  	0.23347  	0.00562  	0.27733  	0.57829  	0.03779  	-0.4985  	-1.2806  	1.04065  	-0.1833  	0.40530  	-0.3096  	0.67278  	-0.0503  	-0.2017  	-0.8749  	0.40745  	-0.2035  	-0.1844  	-0.6061  	-0.0687  	-0.0883  	-0.1693  	-0.2578  	0.25489  	0.34800  	-0.0750  	0.28300  	0.30294  	0.10073  	-0.0654  	-0.2342  	0.33013  	-0.0299  	0.04786  	-0.0150  	-0.0335  	-0.0856  	-0.0499  	0.04313  	-0.0072  	0.05781  	-0.0308  	0.00144  	0.00928  	-0.0092  	0.02356  	0.00452  	-0.0369  	0.03490  	0.00290  	-0.0428  	0.03286  	0.00195  	0.00052  	0.03250  	-0.0086  	-0.0074  	-0.0267  	0.03628  	-0.0031  	0.02322  	-0.2291  	
-0.3794  	-0.1206  	-0.2534  	0.62017  	0.15820  	0.28738  	0.08824  	-0.8247  	0.17905  	0.02438  	0.36053  	0.50891  	-0.0661  	-0.7875  	-1.3745  	0.96466  	-0.1656  	0.41482  	-0.2979  	0.71187  	-0.0919  	-0.2173  	-0.7653  	0.36279  	-0.2308  	-0.1630  	-0.6039  	-0.0380  	-0.0956  	-0.1863  	-0.2316  	0.26928  	0.33505  	-0.0628  	0.21483  	0.31421  	0.08784  	-0.0436  	-0.2411  	0.28895  	-0.0175  	0.03475  	-0.0083  	-0.0368  	-0.0726  	-0.0539  	0.05301  	-0.0260  	0.04741  	-0.0269  	0.00536  	0.01355  	-0.0025  	0.02314  	0.01144  	-0.0451  	0.04602  	0.00875  	-0.0363  	0.03550  	0.00237  	-0.0051  	0.03596  	-0.0153  	-0.0074  	-0.0267  	0.03628  	-0.0031  	0.02322  	-0.2291  	
-0.2575  	-0.0796  	-0.1172  	0.52062  	-0.0013  	0.42372  	0.10055  	-0.8140  	0.20085  	0.02727  	0.23493  	0.37575  	-0.0232  	-0.7744  	-1.3980  	0.91683  	-0.1283  	0.40774  	-0.3303  	0.64384  	-0.1555  	-0.1634  	-0.7449  	0.31457  	-0.2132  	-0.1504  	-0.6471  	-0.0192  	-0.0414  	-0.1779  	-0.2071  	0.27345  	0.33453  	-0.0609  	0.10139  	0.30171  	0.05602  	-0.0430  	-0.1921  	0.30450  	0.06518  	0.01370  	0.03426  	-0.0283  	-0.1016  	-0.0561  	0.05889  	-0.0032  	0.05767  	-0.0239  	0.00263  	0.00911  	-0.0067  	0.02255  	0.00691  	-0.0486  	0.03869  	0.00607  	-0.0435  	0.03243  	0.00348  	-0.0005  	0.04273  	-0.0035  	-0.0074  	-0.0267  	0.03628  	-0.0031  	0.02322  	-0.2291  	
-0.3056  	-0.0751  	-0.1261  	0.52766  	-0.0026  	0.41584  	0.06083  	-0.8351  	0.22300  	-0.0147  	0.17860  	0.36163  	-0.0615  	-0.8676  	-1.4377  	0.93051  	-0.0991  	0.41813  	-0.2942  	0.63679  	-0.1675  	-0.2003  	-0.7197  	0.28228  	-0.2011  	-0.1336  	-0.6260  	0.01416  	-0.0419  	-0.1892  	-0.2280  	0.27413  	0.31582  	-0.0603  	0.09088  	0.32358  	0.08753  	-0.0244  	-0.2104  	0.30164  	0.07992  	0.00908  	0.05094  	-0.0082  	-0.0971  	-0.0616  	0.05205  	0.00457  	0.05321  	-0.0175  	0.00308  	0.01512  	-0.0064  	0.02377  	0.00685  	-0.0438  	0.03548  	0.00507  	-0.0396  	0.02817  	0.00134  	0.00300  	0.04347  	-0.0050  	-0.0074  	-0.0267  	0.03628  	-0.0031  	0.02322  	-0.2291  	
-0.2311  	-0.0908  	-0.1425  	0.63515  	0.04343  	0.47146  	0.03521  	-0.8260  	0.22169  	-0.0658  	0.17811  	0.39841  	-0.0660  	-0.8179  	-1.2854  	0.95335  	-0.0947  	0.36974  	-0.2902  	0.60497  	-0.0750  	-0.2110  	-0.7130  	0.36603  	-0.1840  	-0.1557  	-0.5509  	-0.0749  	-0.1365  	-0.1851  	-0.2458  	0.30429  	0.31927  	-0.0718  	0.21210  	0.29251  	0.15668  	-0.0095  	-0.2666  	0.29133  	0.01949  	0.01924  	0.02496  	-0.0145  	-0.0959  	-0.0652  	0.05363  	-0.0142  	0.05159  	-0.0277  	0.00488  	0.01252  	-0.0048  	0.02141  	0.01065  	-0.0434  	0.04415  	0.00568  	-0.0430  	0.02656  	0.00228  	0.00051  	0.04641  	-0.0023  	-0.0074  	-0.0267  	0.03628  	-0.0031  	0.02322  	-0.2291  	
-0.0454  	-0.0710  	-0.0497  	0.68093  	0.06318  	0.50046  	0.08383  	-0.8012  	0.21654  	-0.0463  	0.23319  	0.36604  	-0.0716  	-0.7803  	-1.2528  	1.05418  	-0.1568  	0.39591  	-0.2795  	0.60029  	-0.0079  	-0.1929  	-0.7506  	0.37236  	-0.1720  	-0.1799  	-0.5417  	-0.1426  	-0.1987  	-0.1883  	-0.2615  	0.33431  	0.32302  	-0.0714  	0.29038  	0.32070  	0.22152  	0.00735  	-0.2879  	0.27005  	0.00026  	0.02554  	0.02032  	-0.0142  	-0.0856  	-0.0632  	0.04778  	-0.0165  	0.05772  	-0.0295  	0.01053  	0.00880  	-0.0033  	0.02433  	0.00777  	-0.0380  	0.04289  	0.00652  	-0.0349  	0.02906  	-0.0052  	0.00431  	0.04268  	-0.0081  	-0.0074  	-0.0267  	0.03628  	-0.0031  	0.02322  	-0.2291  	
-0.0123  	-0.0510  	0.00431  	0.63744  	0.05080  	0.49460  	0.07879  	-0.7948  	0.21084  	0.03085  	0.36048  	0.38067  	-0.0814  	-0.7860  	-1.4397  	1.12797  	-0.1694  	0.38491  	-0.2748  	0.61478  	0.01550  	-0.2155  	-0.7947  	0.41483  	-0.1570  	-0.2042  	-0.5170  	-0.1675  	-0.2019  	-0.1947  	-0.2670  	0.32787  	0.29392  	-0.0799  	0.31935  	0.36259  	0.23007  	0.00137  	-0.3078  	0.29062  	-0.0046  	0.02622  	0.00547  	-0.0273  	-0.0896  	-0.0564  	0.04768  	-0.0055  	0.05148  	-0.0273  	0.01876  	0.01291  	-0.0012  	0.02197  	0.01217  	-0.0350  	0.04332  	0.00883  	-0.0382  	0.02829  	-0.0038  	-0.0095  	0.03968  	-0.0094  	-0.0074  	-0.0267  	0.03628  	-0.0031  	0.02322  	-0.2291  	
-0.0097  	-0.0536  	0.01164  	0.56088  	0.02193  	0.49479  	0.08887  	-0.8254  	0.20824  	0.06326  	0.37464  	0.36602  	-0.0807  	-0.8000  	-1.5149  	1.13891  	-0.1813  	0.41104  	-0.2742  	0.64136  	-0.0232  	-0.2417  	-0.8207  	0.37723  	-0.1676  	-0.2115  	-0.5611  	-0.1089  	-0.1713  	-0.1921  	-0.2753  	0.33108  	0.31109  	-0.0737  	0.29945  	0.38842  	0.20077  	0.00395  	-0.2878  	0.30435  	0.01500  	0.03172  	0.01577  	-0.0363  	-0.0998  	-0.0552  	0.03963  	-0.0021  	0.05367  	-0.0278  	0.02044  	0.01291  	-0.0008  	0.02661  	0.01337  	-0.0368  	0.04362  	0.00955  	-0.0350  	0.02985  	-0.0029  	-0.0046  	0.04070  	-0.0112  	-0.0074  	-0.0267  	0.03628  	-0.0031  	0.02322  	-0.2291  	
-0.0266  	-0.0083  	0.01160  	0.52175  	0.02209  	0.47730  	0.11839  	-0.8550  	0.21354  	0.08349  	0.28795  	0.35464  	-0.0838  	-0.8116  	-1.5581  	1.15694  	-0.1816  	0.42027  	-0.2568  	0.67230  	-0.1399  	-0.2384  	-0.8428  	0.33073  	-0.1459  	-0.1972  	-0.5868  	-0.0141  	-0.1033  	-0.1957  	-0.2630  	0.30621  	0.30185  	-0.0614  	0.25004  	0.42530  	0.14562  	-0.0214  	-0.2509  	0.31756  	0.03585  	0.03534  	0.01881  	-0.0236  	-0.1014  	-0.0575  	0.03553  	0.00744  	0.06018  	-0.0308  	0.02139  	0.00986  	-0.0031  	0.02576  	0.01338  	-0.0374  	0.04216  	0.00530  	-0.0344  	0.03312  	-0.0013  	0.00095  	0.04309  	-0.0124  	-0.0074  	-0.0267  	0.03628  	-0.0031  	0.02322  	-0.2291  	
-0.1755  	-0.0580  	-0.1082  	0.54405  	0.03946  	0.39435  	0.12180  	-0.8731  	0.19837  	0.08540  	0.27586  	0.35481  	-0.1026  	-0.7890  	-1.5626  	1.05679  	-0.1794  	0.40980  	-0.2892  	0.67034  	-0.1413  	-0.2270  	-0.8347  	0.34416  	-0.1074  	-0.2001  	-0.5761  	-0.0134  	-0.0365  	-0.1755  	-0.2591  	0.28452  	0.27938  	-0.0775  	0.20173  	0.42392  	0.11350  	-0.0238  	-0.2435  	0.33904  	0.04254  	0.02401  	0.01021  	-0.0208  	-0.0917  	-0.0619  	0.04003  	-0.0025  	0.05242  	-0.0275  	0.02054  	0.01919  	-0.0003  	0.02236  	0.01493  	-0.0389  	0.04467  	0.00344  	-0.0398  	0.03012  	0.00171  	0.00330  	0.04526  	-0.0117  	-0.0074  	-0.0267  	0.03628  	-0.0031  	0.02322  	-0.2291  	
-0.2413  	-0.0837  	-0.1740  	0.59259  	0.09084  	0.35190  	0.08385  	-0.8471  	0.21027  	0.02627  	0.32728  	0.45248  	-0.0642  	-0.7506  	-1.4386  	1.01180  	-0.1463  	0.38647  	-0.2757  	0.63153  	-0.0485  	-0.1997  	-0.7851  	0.41923  	-0.0933  	-0.1954  	-0.5112  	-0.0797  	-0.1453  	-0.1870  	-0.2504  	0.30474  	0.31840  	-0.0893  	0.24975  	0.34203  	0.16014  	-0.0234  	-0.2592  	0.30417  	0.01216  	0.01665  	-0.0026  	-0.0310  	-0.0903  	-0.0569  	0.04976  	0.00031  	0.05728  	-0.0127  	0.01169  	0.01271  	-0.0051  	0.02769  	0.00993  	-0.0456  	0.04377  	0.00758  	-0.0332  	0.03181  	-0.0007  	0.00114  	0.04345  	-0.0082  	-0.0074  	-0.0267  	0.03628  	-0.0031  	0.02322  	-0.2291  	
-0.3367  	-0.1063  	-0.2103  	0.59472  	0.09750  	0.37202  	0.02667  	-0.7838  	0.19585  	-0.0872  	0.33342  	0.46473  	-0.0667  	-0.7968  	-1.2515  	0.97924  	-0.1062  	0.32726  	-0.2951  	0.63118  	0.02838  	-0.2255  	-0.7171  	0.42459  	-0.2423  	-0.1839  	-0.4748  	-0.1871  	-0.2193  	-0.1936  	-0.2534  	0.30198  	0.32736  	-0.0744  	0.28362  	0.27231  	0.19952  	-0.0054  	-0.2898  	0.27130  	-0.0184  	0.02296  	-0.0373  	-0.0378  	-0.0791  	-0.0577  	0.06034  	-0.0321  	0.04943  	-0.0255  	-0.0007  	0.01374  	-0.0088  	0.03013  	0.01028  	-0.0429  	0.03663  	0.00377  	-0.0297  	0.03163  	0.00070  	-0.0035  	0.03930  	-0.0109  	-0.0074  	-0.0267  	0.03628  	-0.0031  	0.02322  	-0.2291  	
-0.0137  	0.03341  	0.04853  	0.63366  	0.06422  	0.50755  	0.06939  	-0.6824  	0.22806  	-0.0176  	0.19644  	0.42707  	0.02253  	-0.5728  	-1.1387  	0.96821  	-0.0942  	0.30110  	-0.2861  	0.54115  	0.05414  	-0.1754  	-0.6889  	0.42236  	-0.2340  	-0.1777  	-0.4922  	-0.2431  	-0.2427  	-0.2029  	-0.2374  	0.29660  	0.33427  	-0.0917  	0.30093  	0.22342  	0.24160  	-0.0093  	-0.2809  	0.28826  	0.00036  	0.02164  	0.01814  	-0.0277  	-0.1015  	-0.0574  	0.04914  	0.01013  	0.05303  	-0.0177  	0.00341  	0.01267  	-0.0081  	0.02101  	0.00279  	-0.0298  	0.03540  	-0.0018  	-0.0357  	0.03434  	0.00489  	0.01337  	0.03893  	-0.0076  	-0.0074  	-0.0267  	0.03628  	-0.0031  	0.02322  	-0.2291  	
-0.0013  	0.02472  	0.01010  	0.65990  	0.07833  	0.49353  	0.10689  	-0.7015  	0.25160  	-0.0026  	0.09762  	0.36958  	0.08063  	-0.5509  	-1.1967  	0.98586  	-0.1167  	0.37759  	-0.3049  	0.58768  	-0.0829  	-0.1581  	-0.7612  	0.33161  	-0.2278  	-0.1544  	-0.6243  	-0.0981  	-0.0490  	-0.1761  	-0.2374  	0.25218  	0.36664  	-0.0619  	0.21109  	0.26784  	0.08519  	-0.0234  	-0.2323  	0.30298  	0.07417  	-0.0096  	0.05146  	-0.0031  	-0.1068  	-0.0655  	0.05043  	0.01013  	0.06079  	-0.0416  	0.00575  	0.00323  	-0.0072  	0.02123  	0.00774  	-0.0402  	0.03510  	0.00303  	-0.0414  	0.02921  	0.00210  	0.01582  	0.03778  	-0.0162  	-0.0074  	-0.0267  	0.03628  	-0.0031  	0.02322  	-0.2291  	
-0.1231  	0.00963  	-0.0449  	0.57562  	0.08162  	0.43481  	0.08179  	-0.7992  	0.21801  	0.06504  	0.22406  	0.40997  	0.00629  	-0.6019  	-1.3354  	0.99904  	-0.1173  	0.33525  	-0.2688  	0.61528  	-0.0126  	-0.1659  	-0.7855  	0.38793  	-0.1467  	-0.1781  	-0.5296  	-0.1780  	-0.1722  	-0.1955  	-0.2158  	0.28119  	0.33412  	-0.0637  	0.25741  	0.29386  	0.21904  	-0.0122  	-0.2693  	0.28893  	0.05065  	0.01241  	0.03418  	-0.0408  	-0.1017  	-0.0486  	0.04926  	0.01617  	0.04843  	-0.0214  	0.00611  	0.01303  	-0.0085  	0.02537  	0.00802  	-0.0340  	0.03545  	0.00106  	-0.0343  	0.03475  	-0.0016  	0.01075  	0.03354  	-0.0173  	-0.0074  	-0.0267  	0.03628  	-0.0031  	0.02322  	-0.2291  	
-0.4057  	-0.1277  	-0.2753  	0.34182  	0.01182  	0.23105  	0.09213  	-0.8880  	0.17672  	0.07168  	0.36418  	0.38828  	-0.1008  	-0.8566  	-1.5436  	0.93256  	-0.1736  	0.45295  	-0.2734  	0.67183  	-0.1574  	-0.2447  	-0.7882  	0.32483  	-0.1969  	-0.1618  	-0.6369  	-0.0182  	-0.0660  	-0.1894  	-0.1977  	0.26925  	0.32011  	-0.0533  	0.17860  	0.34080  	0.08983  	-0.0511  	-0.2304  	0.27869  	0.03509  	0.02699  	0.00022  	-0.0225  	-0.0923  	-0.0587  	0.04134  	-0.0060  	0.05215  	-0.0322  	0.01233  	0.00960  	-0.0072  	0.01934  	0.00580  	-0.0432  	0.04238  	0.00749  	-0.0346  	0.03114  	0.00408  	0.00288  	0.04256  	-0.0080  	-0.0074  	-0.0267  	0.03628  	-0.0031  	0.02322  	-0.2291  	
-0.6130  	-0.1356  	-0.3492  	0.27565  	-0.0554  	0.08731  	0.07428  	-0.9089  	0.15354  	0.08314  	0.43899  	0.35747  	-0.1211  	-0.9270  	-1.6038  	0.90796  	-0.1467  	0.42568  	-0.2920  	0.62844  	-0.1894  	-0.2153  	-0.7106  	0.31457  	-0.2282  	-0.1468  	-0.6468  	-0.0484  	-0.0454  	-0.2162  	-0.2135  	0.25098  	0.29503  	-0.0722  	0.15256  	0.37121  	0.09577  	-0.0404  	-0.2357  	0.28877  	0.05533  	0.03559  	0.00196  	-0.0362  	-0.0876  	-0.0643  	0.05342  	-0.0077  	0.05085  	-0.0255  	0.00193  	0.01049  	-0.0096  	0.02767  	0.00667  	-0.0429  	0.04262  	0.00616  	-0.0381  	0.03042  	0.00589  	0.00619  	0.04533  	-0.0085  	-0.0074  	-0.0267  	0.03628  	-0.0031  	0.02322  	-0.2291  	
-0.6058  	-0.1239  	-0.3613  	0.26117  	-0.0566  	0.08308  	0.07168  	-0.8991  	0.15930  	0.08982  	0.46804  	0.36964  	-0.1214  	-0.9723  	-1.6219  	0.93628  	-0.1360  	0.41052  	-0.2915  	0.61051  	-0.1625  	-0.2128  	-0.6923  	0.31050  	-0.2690  	-0.1377  	-0.6393  	-0.0471  	-0.0628  	-0.2276  	-0.2193  	0.25561  	0.30396  	-0.0755  	0.12402  	0.35811  	0.10651  	-0.0329  	-0.2426  	0.28166  	0.05856  	0.04255  	0.00219  	-0.0452  	-0.0913  	-0.0614  	0.05583  	-0.0066  	0.04866  	-0.0174  	-0.0015  	0.01417  	-0.0102  	0.02857  	0.00723  	-0.0459  	0.03720  	0.00503  	-0.0366  	0.02739  	0.00674  	0.01126  	0.03966  	-0.0081  	-0.0074  	-0.0267  	0.03628  	-0.0031  	0.02322  	-0.2291  	
-0.6365  	-0.1358  	-0.3707  	0.25807  	-0.0469  	0.06889  	0.05739  	-0.9044  	0.15773  	0.11548  	0.48924  	0.38261  	-0.0998  	-0.9699  	-1.6376  	0.92801  	-0.1262  	0.41857  	-0.2890  	0.62179  	-0.1498  	-0.2179  	-0.7050  	0.31888  	-0.2976  	-0.1416  	-0.6500  	-0.0218  	-0.0827  	-0.2372  	-0.2124  	0.25862  	0.30933  	-0.0746  	0.10871  	0.34715  	0.09338  	-0.0396  	-0.2360  	0.26886  	0.05460  	0.03182  	0.00754  	-0.0552  	-0.0907  	-0.0579  	0.05017  	-0.0012  	0.04424  	-0.0100  	-0.0035  	0.01605  	-0.0089  	0.02526  	0.00738  	-0.0501  	0.03450  	0.00615  	-0.0365  	0.02532  	0.00629  	0.01223  	0.04185  	-0.0070  	-0.0074  	-0.0267  	0.03628  	-0.0031  	0.02322  	-0.2291  	
-0.6811  	-0.1498  	-0.3650  	0.23247  	-0.0350  	0.04239  	0.05562  	-0.9165  	0.16168  	0.13790  	0.50547  	0.40302  	-0.1079  	-0.9779  	-1.6773  	0.94358  	-0.1188  	0.44176  	-0.2938  	0.65540  	-0.1483  	-0.2599  	-0.7345  	0.31569  	-0.3294  	-0.1366  	-0.6835  	-0.0009  	-0.0889  	-0.2437  	-0.2050  	0.25842  	0.32233  	-0.0705  	0.11214  	0.34673  	0.06351  	-0.0570  	-0.2279  	0.26118  	0.05117  	0.02332  	0.00969  	-0.0496  	-0.0873  	-0.0567  	0.04673  	0.00323  	0.04703  	-0.0081  	0.00420  	0.01403  	-0.0091  	0.02337  	0.00854  	-0.0485  	0.03965  	0.00812  	-0.0378  	0.02589  	0.00585  	0.01102  	0.04488  	-0.0081  	-0.0074  	-0.0267  	0.03628  	-0.0031  	0.02322  	-0.2291  	
-0.5199  	-0.1148  	-0.3017  	0.34559  	0.02108  	0.14966  	0.04424  	-0.8552  	0.17025  	0.11062  	0.46788  	0.46300  	-0.0867  	-0.8890  	-1.6064  	0.94428  	-0.1409  	0.43037  	-0.2901  	0.65871  	-0.1229  	-0.2452  	-0.7547  	0.34073  	-0.2908  	-0.1361  	-0.6403  	-0.0131  	-0.0893  	-0.2239  	-0.2173  	0.26028  	0.32019  	-0.0742  	0.15984  	0.33845  	0.06830  	-0.0587  	-0.2213  	0.27286  	0.03444  	0.02956  	0.00853  	-0.0373  	-0.0870  	-0.0601  	0.04694  	-0.0046  	0.05706  	-0.0200  	0.01046  	0.00885  	-0.0067  	0.01917  	0.00736  	-0.0440  	0.04068  	0.00736  	-0.0353  	0.02819  	0.00498  	0.00291  	0.04030  	-0.0079  	-0.0074  	-0.0267  	0.03628  	-0.0031  	0.02322  	-0.2291  	
-0.3840  	-0.0549  	-0.1433  	0.40972  	-0.0249  	0.20680  	0.02680  	-0.7842  	0.20833  	0.13635  	0.33989  	0.40758  	-0.0339  	-0.7465  	-1.5776  	0.97967  	-0.1305  	0.39017  	-0.2920  	0.67934  	-0.1437  	-0.2105  	-0.7344  	0.32474  	-0.3233  	-0.1222  	-0.6854  	-0.0573  	-0.1199  	-0.2284  	-0.2050  	0.25592  	0.34201  	-0.0684  	0.14180  	0.30488  	0.06234  	-0.0499  	-0.2101  	0.27289  	0.05951  	0.01005  	0.02848  	-0.0232  	-0.1105  	-0.0567  	0.05578  	0.00592  	0.04910  	-0.0215  	0.00084  	0.00849  	-0.0056  	0.02607  	0.00412  	-0.0505  	0.03934  	0.00559  	-0.0382  	0.03033  	0.00485  	-0.0017  	0.03366  	-0.0062  	-0.0074  	-0.0267  	0.03628  	-0.0031  	0.02322  	-0.2291  	
-0.4800  	-0.2133  	-0.2641  	0.29593  	-0.0135  	0.14099  	0.09168  	-0.8823  	0.18288  	0.12873  	0.45533  	0.40153  	-0.0744  	-0.9239  	-1.7052  	0.97321  	-0.1264  	0.45716  	-0.2985  	0.67605  	-0.1715  	-0.2941  	-0.7883  	0.33029  	-0.2797  	-0.1189  	-0.7129  	0.00168  	-0.0815  	-0.2485  	-0.2070  	0.27879  	0.32166  	-0.0803  	0.13180  	0.35131  	0.04241  	-0.0448  	-0.2042  	0.28046  	0.06025  	0.02615  	0.02867  	-0.0292  	-0.0907  	-0.0642  	0.05226  	0.00091  	0.06140  	-0.0247  	0.00593  	0.00714  	-0.0093  	0.02069  	0.01724  	-0.0448  	0.04037  	0.00849  	-0.0380  	0.02631  	0.00352  	0.00506  	0.04497  	-0.0057  	-0.0074  	-0.0267  	0.03628  	-0.0031  	0.02322  	-0.2291  	
-0.1180  	-0.0384  	-0.0812  	0.63431  	0.15799  	0.39905  	0.08049  	-0.7172  	0.23249  	-0.0276  	0.28246  	0.46671  	0.03187  	-0.5918  	-1.2160  	1.02009  	-0.1143  	0.39269  	-0.3088  	0.63290  	0.01155  	-0.2614  	-0.7819  	0.44869  	-0.3126  	-0.1452  	-0.5438  	-0.0891  	-0.2332  	-0.2374  	-0.2125  	0.29325  	0.36467  	-0.0996  	0.26500  	0.23903  	0.16524  	-0.0546  	-0.2582  	0.31743  	0.01093  	0.03751  	-0.0070  	-0.0417  	-0.0866  	-0.0570  	0.04846  	0.00470  	0.06022  	-0.0300  	-0.0031  	0.00428  	-0.0117  	0.01772  	-0.0031  	-0.0364  	0.02975  	-0.0106  	-0.0379  	0.03160  	0.00085  	0.01026  	0.02285  	-0.0135  	-0.0074  	-0.0267  	0.03628  	-0.0031  	0.02322  	-0.2291  	
0.26848  	0.09135  	0.16003  	0.79623  	0.12190  	0.69943  	0.11577  	-0.6598  	0.26374  	-0.0412  	-0.0026  	0.40696  	0.08019  	-0.3710  	-0.9554  	0.97351  	-0.1104  	0.28066  	-0.2906  	0.46206  	0.04614  	-0.1186  	-0.6871  	0.48764  	-0.1993  	-0.1751  	-0.3894  	-0.3319  	-0.2354  	-0.1628  	-0.2444  	0.32103  	0.33803  	-0.0693  	0.32583  	0.24280  	0.22213  	0.00162  	-0.2573  	0.31658  	-0.0421  	0.02598  	0.01754  	-0.0086  	-0.1080  	-0.0560  	0.03803  	0.03338  	0.07708  	-0.0200  	0.01007  	0.01085  	-0.0091  	0.02511  	0.00647  	-0.0209  	0.02206  	0.00209  	-0.0430  	0.03351  	0.00284  	0.01733  	0.03307  	-0.0167  	-0.0074  	-0.0267  	0.03628  	-0.0031  	0.02322  	-0.2291  	
0.38066  	0.07216  	0.22133  	0.87248  	0.15268  	0.69461  	0.16335  	-0.6496  	0.29425  	0.03482  	-0.0692  	0.29528  	0.16433  	-0.3114  	-1.0079  	0.93642  	-0.0931  	0.26631  	-0.2738  	0.40439  	-0.0524  	-0.0564  	-0.6608  	0.41052  	-0.0752  	-0.2136  	-0.3875  	-0.3287  	-0.1601  	-0.1237  	-0.2421  	0.30140  	0.31820  	-0.0714  	0.22979  	0.25211  	0.18573  	-0.0216  	-0.2130  	0.30964  	-0.0090  	0.03928  	0.05329  	0.00285  	-0.1191  	-0.0617  	0.02597  	0.05844  	0.09715  	-0.0314  	0.00474  	0.01227  	-0.0015  	0.03178  	0.01262  	-0.0174  	0.02655  	0.00120  	-0.0408  	0.03487  	0.00369  	0.01438  	0.03917  	-0.0255  	-0.0074  	-0.0267  	0.03628  	-0.0031  	0.02322  	-0.2291  	
0.01457  	0.02966  	0.00691  	0.70938  	0.07448  	0.39338  	0.11309  	-0.7614  	0.19824  	0.08829  	0.06963  	0.20731  	0.06324  	-0.4517  	-1.0708  	0.84706  	-0.1132  	0.23879  	-0.2869  	0.50552  	0.00986  	-0.1404  	-0.7210  	0.50486  	-0.0541  	-0.2085  	-0.2484  	-0.3882  	-0.2212  	-0.0892  	-0.2618  	0.32437  	0.28651  	-0.0764  	0.37477  	0.26859  	0.21670  	-0.0377  	-0.2882  	0.33479  	-0.0667  	0.04933  	-0.0138  	-0.0101  	-0.0925  	-0.0615  	0.03940  	0.01687  	0.06217  	-0.0197  	0.01010  	0.01324  	-0.0123  	0.02018  	0.00517  	-0.0353  	0.03287  	0.00588  	-0.0379  	0.03721  	0.00204  	0.00329  	0.03179  	-0.0171  	-0.0074  	-0.0267  	0.03628  	-0.0031  	0.02322  	-0.2291  	
-0.2479  	-0.1043  	-0.1524  	0.56816  	0.08527  	0.35894  	0.09995  	-0.8167  	0.20783  	0.00906  	0.37512  	0.42381  	-0.0685  	-0.7287  	-1.3773  	0.98884  	-0.1465  	0.36498  	-0.2966  	0.62218  	0.00027  	-0.1931  	-0.7672  	0.44500  	-0.2020  	-0.1702  	-0.5452  	-0.1425  	-0.1688  	-0.1987  	-0.2459  	0.27008  	0.32826  	-0.0816  	0.27559  	0.30268  	0.18797  	-0.0387  	-0.2677  	0.30495  	-0.0147  	0.03872  	-0.0151  	-0.0227  	-0.0808  	-0.0541  	0.05551  	-0.0046  	0.04228  	-0.0147  	0.01136  	0.00818  	-0.0063  	0.02395  	0.00650  	-0.0387  	0.03909  	-0.0056  	-0.0376  	0.03537  	0.00106  	-0.0008  	0.02763  	-0.0092  	-0.0074  	-0.0267  	0.03628  	-0.0031  	0.02322  	-0.2291  	
-0.1805  	-0.0588  	-0.2108  	0.71188  	0.18143  	0.36518  	0.06963  	-0.8285  	0.17469  	-0.0014  	0.39787  	0.55794  	-0.0610  	-0.6370  	-1.1924  	0.99514  	-0.1435  	0.35045  	-0.3220  	0.63714  	0.00370  	-0.2014  	-0.8758  	0.47596  	-0.2488  	-0.1693  	-0.4982  	-0.1555  	-0.2756  	-0.2008  	-0.2352  	0.29556  	0.30129  	-0.0944  	0.39610  	0.32008  	0.21749  	-0.0346  	-0.2840  	0.30178  	-0.0416  	0.03603  	-0.0432  	-0.0504  	-0.0684  	-0.0481  	0.05185  	-0.0158  	0.04326  	-0.0062  	0.00557  	0.00998  	-0.0047  	0.03278  	0.00572  	-0.0402  	0.02735  	-0.0077  	-0.0368  	0.03765  	-0.0014  	-0.0030  	0.03821  	-0.0161  	-0.0074  	-0.0267  	0.03628  	-0.0031  	0.02322  	-0.2291  	
0.16494  	0.02166  	0.00657  	0.90873  	0.22837  	0.60063  	0.10979  	-0.7440  	0.21241  	-0.0551  	0.05307  	0.52423  	0.11829  	-0.3960  	-0.8810  	0.92988  	-0.1393  	0.24244  	-0.3164  	0.53922  	0.00585  	-0.1231  	-0.7744  	0.45220  	-0.3289  	-0.1765  	-0.4750  	-0.2207  	-0.2117  	-0.1984  	-0.2392  	0.28950  	0.36489  	-0.0851  	0.34858  	0.21405  	0.13614  	-0.0551  	-0.2800  	0.30185  	-0.0319  	0.03805  	-0.0153  	-0.0287  	-0.0797  	-0.0579  	0.03903  	0.00292  	0.06450  	-0.0187  	-0.0023  	0.00812  	-0.0166  	0.01716  	-0.0066  	-0.0417  	0.02456  	0.00067  	-0.0378  	0.02460  	0.00337  	0.01608  	0.02474  	-0.0135  	-0.0074  	-0.0267  	0.03628  	-0.0031  	0.02322  	-0.2291  	
0.32912  	0.07156  	0.19465  	0.83444  	0.16281  	0.72386  	0.18454  	-0.6737  	0.27109  	-0.0792  	-0.1204  	0.32449  	0.15992  	-0.3003  	-0.9031  	0.91239  	-0.1085  	0.25860  	-0.3099  	0.40359  	-0.0144  	-0.0739  	-0.6711  	0.36533  	-0.1674  	-0.1912  	-0.4616  	-0.2589  	-0.1069  	-0.1331  	-0.2370  	0.28602  	0.34203  	-0.0639  	0.26237  	0.24792  	0.17565  	-0.0315  	-0.2056  	0.29377  	-0.0068  	0.03293  	0.03875  	-0.0128  	-0.1049  	-0.0535  	0.02776  	0.05064  	0.08574  	-0.0276  	0.01178  	0.01540  	-0.0002  	0.01861  	0.00483  	-0.0171  	0.02933  	0.00078  	-0.0414  	0.02945  	0.00357  	0.01371  	0.04219  	-0.0167  	-0.0074  	-0.0267  	0.03628  	-0.0031  	0.02322  	-0.2291  	
0.17448  	0.06990  	0.09188  	0.93301  	0.20920  	0.59883  	0.16057  	-0.7083  	0.23063  	0.03749  	-0.0419  	0.27134  	0.14940  	-0.3286  	-0.9131  	0.91981  	-0.0847  	0.22293  	-0.2904  	0.44965  	-0.0094  	-0.0888  	-0.7594  	0.42808  	0.01007  	-0.2186  	-0.2717  	-0.3509  	-0.1845  	-0.0833  	-0.2531  	0.31065  	0.29534  	-0.0828  	0.35261  	0.29130  	0.22265  	-0.0233  	-0.2405  	0.32248  	-0.0812  	0.04724  	0.01044  	-0.0227  	-0.1012  	-0.0546  	0.02897  	0.02051  	0.07875  	-0.0309  	0.00863  	0.01468  	-0.0065  	0.02600  	0.01220  	-0.0285  	0.02797  	-0.0020  	-0.0399  	0.04361  	0.00884  	0.00538  	0.05093  	-0.0203  	-0.0074  	-0.0267  	0.03628  	-0.0031  	0.02322  	-0.2291  	
-0.0471  	-0.0335  	-0.1839  	1.07331  	0.35134  	0.44785  	0.09225  	-0.7884  	0.20303  	-0.0151  	0.02332  	0.51292  	0.07270  	-0.4867  	-0.9435  	0.97827  	-0.1172  	0.28220  	-0.2895  	0.58465  	-0.0626  	-0.1325  	-0.7598  	0.46636  	-0.1264  	-0.1852  	-0.4010  	-0.1552  	-0.1618  	-0.0926  	-0.3007  	0.32206  	0.30780  	-0.0584  	0.35630  	0.26805  	0.14347  	-0.0376  	-0.2472  	0.32918  	-0.0744  	0.05547  	-0.0259  	-0.0296  	-0.0966  	-0.0581  	0.04411  	0.00255  	0.07520  	-0.0278  	0.00794  	0.01084  	-0.0060  	0.02580  	0.00654  	-0.0317  	0.03384  	0.00232  	-0.0174  	0.03839  	-0.0023  	0.00361  	0.02312  	-0.0230  	-0.0074  	-0.0267  	0.03628  	-0.0031  	0.02322  	-0.2291  	
-0.2001  	-0.0570  	-0.2061  	0.79226  	0.21779  	0.38362  	0.09355  	-0.8261  	0.20089  	-0.0014  	0.22961  	0.51806  	-0.0344  	-0.6927  	-1.2296  	1.01807  	-0.1511  	0.41861  	-0.3053  	0.67062  	-0.0571  	-0.1760  	-0.7910  	0.43012  	-0.2171  	-0.1622  	-0.6212  	-0.0457  	-0.1290  	-0.1877  	-0.2420  	0.28583  	0.33039  	-0.0712  	0.23835  	0.30267  	0.11400  	-0.0326  	-0.2329  	0.31194  	-0.0289  	0.04675  	0.00248  	-0.0381  	-0.0865  	-0.0522  	0.05642  	-0.0042  	0.04849  	-0.0173  	0.01365  	0.01013  	-0.0099  	0.02170  	0.00511  	-0.0440  	0.04715  	0.00223  	-0.0370  	0.03097  	0.00259  	-0.0016  	0.03382  	-0.0145  	-0.0074  	-0.0267  	0.03628  	-0.0031  	0.02322  	-0.2291  	
-0.2818  	-0.1120  	-0.2156  	0.67505  	0.17699  	0.36113  	0.11931  	-0.8183  	0.20128  	0.02321  	0.25641  	0.50273  	-0.0263  	-0.7580  	-1.4130  	0.98758  	-0.1701  	0.44909  	-0.3174  	0.70172  	-0.1798  	-0.2144  	-0.8128  	0.33327  	-0.2284  	-0.1628  	-0.6732  	0.08827  	-0.0029  	-0.1822  	-0.2333  	0.26710  	0.31580  	-0.0589  	0.17267  	0.32956  	0.01928  	-0.0513  	-0.1954  	0.31166  	0.04040  	0.02283  	0.01565  	-0.0414  	-0.0906  	-0.0573  	0.05466  	-0.0034  	0.05426  	-0.0259  	0.01005  	0.01259  	-0.0096  	0.02015  	0.00861  	-0.0490  	0.04328  	0.00694  	-0.0369  	0.02825  	-0.0012  	-0.0004  	0.04042  	-0.0098  	-0.0074  	-0.0267  	0.03628  	-0.0031  	0.02322  	-0.2291  	
-0.3469  	-0.1069  	-0.2635  	0.62052  	0.16313  	0.29200  	0.10783  	-0.8101  	0.20028  	0.03650  	0.30764  	0.46609  	-0.0434  	-0.7616  	-1.4233  	0.97962  	-0.1836  	0.44161  	-0.3021  	0.70549  	-0.1389  	-0.2379  	-0.8209  	0.36064  	-0.2053  	-0.1627  	-0.6498  	0.02722  	-0.0430  	-0.1860  	-0.2417  	0.25456  	0.33188  	-0.0510  	0.20775  	0.32437  	0.04876  	-0.0527  	-0.2171  	0.31383  	0.00094  	0.02801  	0.00691  	-0.0316  	-0.0873  	-0.0542  	0.04819  	-0.0089  	0.05597  	-0.0315  	0.01184  	0.00983  	-0.0124  	0.02399  	0.00952  	-0.0469  	0.04130  	0.00670  	-0.0376  	0.02830  	-0.0016  	-0.0023  	0.04254  	-0.0084  	-0.0074  	-0.0267  	0.03628  	-0.0031  	0.02322  	-0.2291  	
-0.4440  	-0.1374  	-0.3349  	0.63421  	0.18643  	0.26003  	0.10156  	-0.7773  	0.17995  	0.01122  	0.38699  	0.53396  	-0.0366  	-0.7614  	-1.3990  	0.99130  	-0.1915  	0.42144  	-0.3128  	0.72614  	-0.0986  	-0.2384  	-0.8460  	0.36974  	-0.2514  	-0.1701  	-0.6478  	0.00588  	-0.0718  	-0.2028  	-0.2592  	0.25986  	0.34316  	-0.0599  	0.25043  	0.34915  	0.04283  	-0.0625  	-0.2259  	0.31287  	-0.0269  	0.05484  	-0.0274  	-0.0582  	-0.0752  	-0.0570  	0.05647  	-0.0130  	0.05306  	-0.0230  	0.00874  	0.00917  	-0.0132  	0.02257  	0.00987  	-0.0516  	0.05177  	0.01126  	-0.0328  	0.02488  	-0.0026  	-0.0040  	0.04182  	-0.0088  	-0.0074  	-0.0267  	0.03628  	-0.0031  	0.02322  	-0.2291  	
-0.5473  	-0.1849  	-0.3503  	0.51141  	0.09858  	0.15601  	0.11550  	-0.8172  	0.18832  	0.07608  	0.46199  	0.48730  	-0.0605  	-0.8009  	-1.5110  	0.94398  	-0.1677  	0.43114  	-0.3249  	0.76131  	-0.1114  	-0.2302  	-0.8348  	0.35993  	-0.2832  	-0.1478  	-0.6812  	0.02786  	-0.0865  	-0.2206  	-0.2266  	0.25035  	0.34038  	-0.0600  	0.22360  	0.32646  	0.04504  	-0.0606  	-0.2334  	0.29374  	-0.0130  	0.04903  	-0.0206  	-0.0647  	-0.0864  	-0.0644  	0.06210  	-0.0015  	0.05702  	-0.0181  	0.01010  	0.00805  	-0.0088  	0.02326  	0.00790  	-0.0402  	0.04744  	0.00564  	-0.0395  	0.02424  	-0.0009  	0.00323  	0.03618  	-0.0132  	-0.0074  	-0.0267  	0.03628  	-0.0031  	0.02322  	-0.2291  	
-0.5438  	-0.1652  	-0.3590  	0.54468  	0.11840  	0.13962  	0.12484  	-0.8204  	0.18226  	0.09828  	0.46402  	0.49586  	-0.0669  	-0.8258  	-1.4844  	0.93206  	-0.1769  	0.44213  	-0.3307  	0.78674  	-0.1140  	-0.2352  	-0.8451  	0.34206  	-0.2907  	-0.1456  	-0.6931  	0.05980  	-0.0769  	-0.2286  	-0.2166  	0.24087  	0.35250  	-0.0507  	0.20419  	0.32000  	0.03666  	-0.0608  	-0.2133  	0.31048  	-0.0125  	0.04688  	-0.0194  	-0.0597  	-0.0871  	-0.0602  	0.06265  	-0.0037  	0.05763  	-0.0185  	0.00816  	0.00858  	-0.0110  	0.02292  	0.00640  	-0.0429  	0.04364  	0.00515  	-0.0410  	0.02087  	-0.0024  	0.00064  	0.03613  	-0.0133  	-0.0074  	-0.0267  	0.03628  	-0.0031  	0.02322  	-0.2291  	
-0.5005  	-0.1234  	-0.3243  	0.63673  	0.17542  	0.08116  	0.07504  	-0.7463  	0.15872  	0.07489  	0.45932  	0.52918  	-0.0091  	-0.8510  	-1.4007  	0.87395  	-0.0801  	0.29252  	-0.2528  	0.53938  	-0.0469  	-0.4827  	-1.1302  	0.34091  	-0.3495  	-0.0388  	-0.7176  	-0.0022  	0.03042  	-0.2459  	-0.1095  	0.17985  	0.26836  	-0.2142  	0.14361  	0.29767  	-0.0689  	-0.0699  	-0.3228  	0.23231  	0.06369  	0.18181  	-0.1390  	0.01771  	-0.1465  	-0.0356  	0.04180  	0.01853  	0.04199  	-0.0325  	0.01227  	0.01633  	-0.0110  	0.03883  	0.01370  	-0.0484  	0.04135  	-0.0060  	-0.0407  	0.03322  	0.00124  	-0.0048  	0.01949  	-0.0148  	-0.0074  	-0.0267  	0.03628  	-0.0031  	0.02322  	-0.2291  	
-0.4906  	-0.1351  	-0.3273  	0.71151  	0.21368  	0.03299  	0.06036  	-0.7103  	0.15166  	0.07401  	0.46154  	0.54545  	0.05248  	-0.8771  	-1.3371  	0.86469  	-0.0188  	0.17231  	-0.1943  	0.35229  	-0.0275  	-0.6612  	-1.3567  	0.33061  	-0.3950  	0.05252  	-0.7552  	-0.0665  	0.11614  	-0.2559  	-0.0201  	0.14195  	0.20503  	-0.3411  	0.09007  	0.28918  	-0.1467  	-0.0732  	-0.4287  	0.16605  	0.12841  	0.28214  	-0.2334  	0.08215  	-0.1942  	-0.0210  	0.01916  	0.03176  	0.03552  	-0.0464  	0.01730  	0.02183  	-0.0076  	0.05646  	0.02066  	-0.0458  	0.03903  	-0.0153  	-0.0375  	0.04532  	0.00807  	-0.0094  	0.00873  	-0.0163  	-0.0074  	-0.0267  	0.03628  	-0.0031  	0.02322  	-0.2291  	
-0.4815  	-0.1323  	-0.3152  	0.68202  	0.20553  	0.03488  	0.06207  	-0.7226  	0.14186  	0.05855  	0.45905  	0.52722  	0.06615  	-0.9055  	-1.3360  	0.85360  	0.01711  	0.11044  	-0.1895  	0.30048  	0.00229  	-0.7176  	-1.3862  	0.34284  	-0.3820  	0.08285  	-0.7238  	-0.1023  	0.12001  	-0.2537  	0.00989  	0.13427  	0.17918  	-0.3792  	0.07816  	0.29330  	-0.1544  	-0.0792  	-0.4543  	0.14451  	0.13506  	0.31376  	-0.2530  	0.10359  	-0.2065  	-0.0194  	0.01386  	0.02729  	0.03365  	-0.0474  	0.02242  	0.02239  	-0.0087  	0.06193  	0.02422  	-0.0446  	0.03979  	-0.0186  	-0.0389  	0.04686  	0.01067  	-0.0068  	0.00627  	-0.0146  	-0.0074  	-0.0267  	0.03628  	-0.0031  	0.02322  	-0.2291  	
-0.4171  	-0.1263  	-0.3163  	0.71067  	0.21019  	0.07848  	0.07209  	-0.7134  	0.16217  	0.04650  	0.45805  	0.59754  	0.06338  	-0.9011  	-1.3257  	0.83090  	-0.0132  	0.14231  	-0.1984  	0.35312  	0.01005  	-0.6559  	-1.3420  	0.32726  	-0.3441  	0.05559  	-0.7166  	-0.0573  	0.10375  	-0.2474  	-0.0140  	0.13423  	0.19848  	-0.3460  	0.09505  	0.29582  	-0.1404  	-0.0852  	-0.4107  	0.15829  	0.10688  	0.29133  	-0.2371  	0.08409  	-0.1907  	-0.0240  	0.01741  	0.02676  	0.03708  	-0.0432  	0.03033  	0.01921  	-0.0085  	0.05570  	0.02143  	-0.0423  	0.04473  	-0.0165  	-0.0401  	0.04477  	0.00736  	-0.0102  	0.00943  	-0.0132  	-0.0074  	-0.0267  	0.03628  	-0.0031  	0.02322  	-0.2291  	
-0.2654  	-0.0927  	-0.3037  	0.82066  	0.23056  	0.28294  	0.07798  	-0.7220  	0.19279  	0.00689  	0.34097  	0.60381  	0.03163  	-0.7719  	-1.2588  	0.91559  	-0.0764  	0.25751  	-0.2388  	0.52599  	-0.0721  	-0.4565  	-1.1656  	0.33809  	-0.2373  	-0.0468  	-0.6858  	-0.0038  	0.06643  	-0.1978  	-0.1251  	0.20509  	0.25126  	-0.2116  	0.17234  	0.28790  	-0.0903  	-0.0794  	-0.3142  	0.24642  	0.03481  	0.18087  	-0.1321  	0.03026  	-0.1456  	-0.0371  	0.03043  	0.01674  	0.03595  	-0.0345  	0.02780  	0.01536  	-0.0171  	0.03815  	0.01614  	-0.0414  	0.04432  	-0.0081  	-0.0425  	0.04032  	0.00017  	-0.0110  	0.02854  	-0.0086  	-0.0074  	-0.0267  	0.03628  	-0.0031  	0.02322  	-0.2291  	
-0.1306  	-0.0814  	-0.2824  	0.96698  	0.33709  	0.43041  	0.11670  	-0.7460  	0.22554  	-0.0158  	0.15290  	0.60069  	0.05453  	-0.5810  	-1.1675  	1.01766  	-0.1887  	0.42260  	-0.3073  	0.75004  	-0.2096  	-0.1996  	-0.9468  	0.33000  	-0.1200  	-0.1516  	-0.6790  	0.11811  	0.06124  	-0.1187  	-0.2878  	0.26657  	0.33180  	-0.0371  	0.24543  	0.33324  	-0.0133  	-0.0835  	-0.1733  	0.36615  	-0.0533  	0.04184  	-0.0067  	-0.0259  	-0.0863  	-0.0589  	0.05230  	0.01062  	0.05643  	-0.0291  	0.01227  	0.00214  	-0.0101  	0.02503  	0.00665  	-0.0378  	0.04561  	-0.0034  	-0.0355  	0.03234  	-0.0131  	-0.0122  	0.03532  	-0.0092  	-0.0074  	-0.0267  	0.03628  	-0.0031  	0.02322  	-0.2291  	
-0.0374  	-0.0291  	-0.1962  	1.09446  	0.40461  	0.51801  	0.11710  	-0.7497  	0.23189  	-0.0673  	-0.0125  	0.60448  	0.11766  	-0.4498  	-1.0566  	1.04013  	-0.1899  	0.41970  	-0.3232  	0.75227  	-0.2178  	-0.1828  	-0.9731  	0.31896  	-0.0481  	-0.1719  	-0.6204  	0.17196  	0.12494  	-0.0625  	-0.2913  	0.25757  	0.34279  	-0.0309  	0.23533  	0.31248  	-0.0364  	-0.1108  	-0.1487  	0.36907  	-0.0594  	0.04896  	-0.0107  	-0.0405  	-0.0821  	-0.0597  	0.05072  	0.01442  	0.05917  	-0.0302  	0.01371  	0.00902  	-0.0096  	0.02466  	0.00581  	-0.0325  	0.04514  	-0.0043  	-0.0296  	0.03380  	-0.0015  	-0.0122  	0.03203  	-0.0159  	-0.0074  	-0.0267  	0.03628  	-0.0031  	0.02322  	-0.2291  	
0.01351  	0.01814  	-0.1380  	1.17272  	0.36474  	0.60484  	0.08546  	-0.7504  	0.22489  	-0.1209  	-0.1254  	0.49831  	0.13479  	-0.3993  	-0.8805  	0.96888  	-0.1413  	0.35418  	-0.3190  	0.69168  	-0.1878  	-0.1313  	-0.8996  	0.37793  	-0.0327  	-0.1846  	-0.5837  	0.12627  	0.10402  	-0.0604  	-0.3141  	0.26480  	0.32307  	-0.0406  	0.24433  	0.29134  	-0.0008  	-0.0946  	-0.1594  	0.36698  	-0.0672  	0.05430  	-0.0081  	-0.0388  	-0.0931  	-0.0591  	0.04749  	0.00631  	0.06273  	-0.0334  	0.02592  	0.01329  	-0.0101  	0.02132  	0.01011  	-0.0284  	0.04497  	0.00198  	-0.0272  	0.03237  	0.00102  	-0.0014  	0.03691  	-0.0150  	-0.0074  	-0.0267  	0.03628  	-0.0031  	0.02322  	-0.2291  	
0.07297  	0.03703  	-0.0386  	1.11148  	0.25417  	0.71526  	0.08694  	-0.7112  	0.23956  	-0.1393  	-0.1129  	0.40842  	0.08266  	-0.4552  	-0.7897  	0.96142  	-0.1103  	0.29646  	-0.3298  	0.61832  	-0.0269  	-0.1339  	-0.7855  	0.40240  	-0.0999  	-0.2066  	-0.5103  	-0.0657  	-0.0251  	-0.0972  	-0.3094  	0.27351  	0.30541  	-0.0352  	0.27872  	0.28368  	0.10936  	-0.0552  	-0.1914  	0.33007  	-0.0525  	0.05502  	0.00141  	-0.0455  	-0.0906  	-0.0476  	0.03302  	0.02039  	0.06228  	-0.0240  	0.01769  	0.01383  	-0.0037  	0.02098  	0.00420  	-0.0245  	0.04155  	0.00472  	-0.0311  	0.02584  	-0.0003  	0.01014  	0.03701  	-0.0109  	-0.0074  	-0.0267  	0.03628  	-0.0031  	0.02322  	-0.2291  	
0.20039  	0.06967  	0.04831  	1.05506  	0.24153  	0.73741  	0.10774  	-0.6788  	0.25871  	-0.0996  	-0.0879  	0.37837  	0.08601  	-0.4546  	-0.8907  	1.00994  	-0.1151  	0.30404  	-0.2888  	0.58745  	-0.0488  	-0.1235  	-0.7923  	0.35244  	-0.0923  	-0.2096  	-0.4742  	-0.1138  	-0.0453  	-0.0941  	-0.2988  	0.28791  	0.31467  	-0.0374  	0.29736  	0.28137  	0.08794  	-0.0400  	-0.1966  	0.32832  	-0.0458  	0.04531  	0.01259  	-0.0289  	-0.0968  	-0.0482  	0.03796  	0.02329  	0.07166  	-0.0296  	0.01802  	0.01169  	-0.0032  	0.02389  	0.01057  	-0.0237  	0.03728  	0.00815  	-0.0372  	0.03398  	-0.0017  	0.00195  	0.03524  	-0.0172  	-0.0074  	-0.0267  	0.03628  	-0.0031  	0.02322  	-0.2291  	
0.23087  	0.08199  	0.10427  	0.91566  	0.17675  	0.66358  	0.13575  	-0.6752  	0.29207  	-0.0226  	0.03486  	0.41494  	0.07936  	-0.4731  	-1.0822  	1.03606  	-0.1509  	0.35325  	-0.2825  	0.59209  	-0.0061  	-0.1361  	-0.7549  	0.34302  	-0.1214  	-0.2110  	-0.4869  	-0.1937  	-0.0991  	-0.1284  	-0.2791  	0.28228  	0.34436  	-0.0612  	0.28593  	0.27085  	0.14392  	-0.0201  	-0.2330  	0.32328  	-0.0003  	0.03025  	0.02344  	-0.0193  	-0.1032  	-0.0595  	0.04101  	0.02753  	0.07657  	-0.0388  	0.00921  	0.00399  	-0.0019  	0.02301  	0.00300  	-0.0245  	0.03482  	0.00361  	-0.0419  	0.03539  	-0.0019  	0.00102  	0.03672  	-0.0154  	-0.0074  	-0.0267  	0.03628  	-0.0031  	0.02322  	-0.2291  	
0.05663  	0.02429  	-0.0167  	0.91259  	0.23345  	0.55478  	0.10695  	-0.7555  	0.23805  	-0.0004  	0.05652  	0.41667  	0.05291  	-0.5068  	-1.1270  	1.01764  	-0.1441  	0.32886  	-0.2997  	0.57866  	-0.0219  	-0.1212  	-0.7768  	0.39445  	-0.0928  	-0.2063  	-0.4701  	-0.1573  	-0.1071  	-0.1366  	-0.2741  	0.29223  	0.33129  	-0.0647  	0.27733  	0.26875  	0.17806  	-0.0304  	-0.2554  	0.32013  	-0.0086  	0.03744  	0.00885  	-0.0190  	-0.1032  	-0.0569  	0.04664  	0.00891  	0.06718  	-0.0319  	0.00842  	0.01034  	-0.0086  	0.02274  	0.00996  	-0.0363  	0.03072  	0.00092  	-0.0349  	0.03616  	-0.0002  	0.00567  	0.03219  	-0.0078  	-0.0074  	-0.0267  	0.03628  	-0.0031  	0.02322  	-0.2291  	
-0.2392  	-0.0686  	-0.0952  	0.48991  	0.01353  	0.40803  	0.09567  	-0.8160  	0.20560  	-0.0222  	0.25648  	0.34945  	-0.0553  	-0.8513  	-1.4149  	0.98953  	-0.1128  	0.39355  	-0.2900  	0.61193  	-0.0409  	-0.2014  	-0.6973  	0.39165  	-0.1758  	-0.1722  	-0.5267  	-0.1214  	-0.1284  	-0.2016  	-0.2597  	0.29232  	0.31029  	-0.0721  	0.20644  	0.32138  	0.16074  	-0.0031  	-0.2637  	0.32846  	0.02875  	0.02232  	0.01560  	-0.0101  	-0.0998  	-0.0586  	0.05224  	-0.0072  	0.06111  	-0.0291  	0.00821  	0.01113  	-0.0086  	0.03401  	0.01195  	-0.0391  	0.03781  	0.00055  	-0.0316  	0.03240  	-0.0019  	0.00160  	0.03644  	-0.0108  	-0.0074  	-0.0267  	0.03628  	-0.0031  	0.02322  	-0.2291  	
-0.3401  	-0.1368  	-0.1358  	0.40317  	-0.0763  	0.37677  	0.08494  	-0.8666  	0.16575  	-0.0268  	0.29401  	0.30627  	-0.0843  	-0.9509  	-1.5181  	0.95529  	-0.0927  	0.40641  	-0.3027  	0.61307  	-0.1639  	-0.1951  	-0.6710  	0.31186  	-0.1666  	-0.1466  	-0.5948  	-0.0456  	-0.0680  	-0.2048  	-0.2279  	0.29594  	0.27343  	-0.0752  	0.10950  	0.35293  	0.12584  	0.00485  	-0.2347  	0.29922  	0.09333  	0.00440  	0.02739  	-0.0113  	-0.0977  	-0.0641  	0.05310  	-0.0153  	0.04121  	-0.0215  	0.00345  	0.01652  	-0.0047  	0.02678  	0.01262  	-0.0474  	0.04049  	0.00237  	-0.0373  	0.02603  	0.00333  	0.00425  	0.04049  	-0.0070  	-0.0074  	-0.0267  	0.03628  	-0.0031  	0.02322  	-0.2291  	
-0.2832  	-0.0830  	-0.1463  	0.58810  	0.02984  	0.40698  	0.06707  	-0.8031  	0.18774  	-0.0182  	0.24412  	0.41480  	-0.0655  	-0.8399  	-1.3542  	0.96353  	-0.1046  	0.38356  	-0.3105  	0.59150  	-0.1570  	-0.1744  	-0.7067  	0.30897  	-0.2037  	-0.1447  	-0.5812  	-0.0558  	-0.0648  	-0.1916  	-0.2387  	0.28195  	0.30863  	-0.0649  	0.14813  	0.32380  	0.10825  	-0.0063  	-0.2438  	0.29383  	0.06186  	0.02626  	0.03767  	-0.0144  	-0.0958  	-0.0627  	0.05255  	-0.0096  	0.04391  	-0.0173  	-0.0038  	0.01502  	-0.0069  	0.02872  	0.01027  	-0.0486  	0.04300  	0.00438  	-0.0389  	0.02269  	0.00080  	0.01140  	0.04279  	-0.0024  	-0.0074  	-0.0267  	0.03628  	-0.0031  	0.02322  	-0.2291  	
-0.0292  	-0.0229  	-0.1113  	0.96622  	0.27831  	0.53919  	0.08015  	-0.7443  	0.23462  	-0.0658  	0.08830  	0.50136  	0.03955  	-0.6702  	-1.1097  	1.06873  	-0.1475  	0.36883  	-0.3234  	0.69777  	-0.1532  	-0.1959  	-0.8584  	0.34021  	-0.1189  	-0.1822  	-0.5543  	0.01417  	-0.0213  	-0.1424  	-0.2819  	0.28758  	0.32332  	-0.0369  	0.25667  	0.30347  	0.07236  	-0.0373  	-0.2272  	0.34169  	-0.0244  	0.02256  	0.01795  	-0.0290  	-0.0951  	-0.0619  	0.03722  	0.01270  	0.06277  	-0.0208  	0.02192  	0.00871  	-0.0086  	0.02279  	0.01204  	-0.0316  	0.04717  	0.00702  	-0.0353  	0.04019  	-0.0021  	-0.0006  	0.04373  	-0.0069  	-0.0074  	-0.0267  	0.03628  	-0.0031  	0.02322  	-0.2291  	
0.10312  	0.00605  	-0.0568  	1.08033  	0.31196  	0.58570  	0.10101  	-0.7501  	0.21805  	-0.0467  	-0.0129  	0.44184  	0.05212  	-0.5515  	-0.9941  	1.02015  	-0.1503  	0.34568  	-0.3060  	0.62463  	-0.0956  	-0.1425  	-0.8544  	0.36997  	-0.0681  	-0.2118  	-0.4837  	-0.0548  	-0.0541  	-0.0888  	-0.2951  	0.30304  	0.31647  	-0.0491  	0.27746  	0.31024  	0.10498  	-0.0462  	-0.2110  	0.32840  	-0.0480  	0.04813  	0.00397  	-0.0191  	-0.0900  	-0.0615  	0.03412  	0.02208  	0.07461  	-0.0323  	0.01613  	0.01169  	-0.0082  	0.02913  	0.00841  	-0.0270  	0.04229  	0.00392  	-0.0389  	0.02898  	-0.0047  	-0.0003  	0.04230  	-0.0125  	-0.0074  	-0.0267  	0.03628  	-0.0031  	0.02322  	-0.2291  	
0.17280  	0.01677  	-0.0734  	1.24344  	0.35925  	0.66226  	0.11560  	-0.7059  	0.22787  	-0.0865  	-0.1241  	0.41822  	0.06802  	-0.4014  	-0.7635  	0.90211  	-0.1347  	0.30307  	-0.3034  	0.56417  	-0.0927  	-0.0886  	-0.8285  	0.37271  	0.00530  	-0.2106  	-0.4386  	-0.1007  	-0.0031  	-0.0626  	-0.3277  	0.30180  	0.30905  	-0.0463  	0.34344  	0.27578  	0.06746  	-0.0680  	-0.1907  	0.31570  	-0.0892  	0.06366  	0.00020  	-0.0234  	-0.0860  	-0.0534  	0.03620  	0.00889  	0.07444  	-0.0356  	0.00960  	0.01271  	-0.0011  	0.02714  	0.00987  	-0.0263  	0.03083  	0.00233  	-0.0343  	0.03515  	0.00172  	-0.0033  	0.03598  	-0.0219  	-0.0074  	-0.0267  	0.03628  	-0.0031  	0.02322  	-0.2291  	
0.13899  	0.02255  	-0.0402  	1.10310  	0.29689  	0.67811  	0.08124  	-0.6952  	0.22859  	-0.1122  	-0.0968  	0.42524  	0.06442  	-0.4938  	-0.9064  	0.96002  	-0.1243  	0.34107  	-0.3301  	0.56324  	-0.0207  	-0.0696  	-0.7633  	0.39949  	-0.0813  	-0.2021  	-0.4414  	-0.1174  	-0.0369  	-0.0886  	-0.3201  	0.29542  	0.31169  	-0.0542  	0.28692  	0.25255  	0.11251  	-0.0419  	-0.2126  	0.30028  	-0.0548  	0.05053  	0.02400  	-0.0207  	-0.0941  	-0.0601  	0.04353  	0.00498  	0.07302  	-0.0392  	0.00238  	0.01636  	-5.6584  	0.02415  	0.00877  	-0.0365  	0.03165  	-0.0010  	-0.0329  	0.03243  	-0.0016  	-0.0041  	0.03898  	-0.0134  	-0.0074  	-0.0267  	0.03628  	-0.0031  	0.02322  	-0.2291  	
0.13353  	0.02758  	0.04313  	0.92819  	0.25580  	0.66850  	0.12947  	-0.6966  	0.23437  	-0.0799  	0.06792  	0.44235  	-0.0002  	-0.5537  	-1.1399  	1.09807  	-0.1575  	0.34202  	-0.3033  	0.56329  	0.02111  	-0.1306  	-0.7708  	0.42682  	-0.1401  	-0.2110  	-0.4441  	-0.1628  	-0.1384  	-0.1597  	-0.3021  	0.31615  	0.32181  	-0.0646  	0.31397  	0.28138  	0.19966  	-0.0181  	-0.2638  	0.30923  	-0.0471  	0.05274  	0.02452  	-0.0237  	-0.0950  	-0.0550  	0.03159  	0.01784  	0.06772  	-0.0244  	0.01884  	0.01098  	-0.0039  	0.02235  	0.00873  	-0.0355  	0.04125  	0.00404  	-0.0291  	0.02932  	-0.0031  	-0.0033  	0.03681  	-0.0150  	-0.0074  	-0.0267  	0.03628  	-0.0031  	0.02322  	-0.2291  	
0.12655  	0.01029  	0.05900  	0.79246  	0.18118  	0.60048  	0.13718  	-0.7210  	0.23844  	-0.0286  	0.21898  	0.45977  	-0.0229  	-0.6634  	-1.3023  	1.17251  	-0.1645  	0.37468  	-0.2877  	0.60446  	-0.0114  	-0.1605  	-0.8182  	0.42975  	-0.1698  	-0.2093  	-0.4824  	-0.1612  	-0.1395  	-0.1605  	-0.2843  	0.31826  	0.33082  	-0.0545  	0.32554  	0.29920  	0.18760  	-0.0140  	-0.2644  	0.33908  	-0.0144  	0.02879  	0.00919  	-0.0199  	-0.1102  	-0.0561  	0.03587  	0.02527  	0.07179  	-0.0266  	0.02318  	0.01281  	-0.0055  	0.02000  	0.01169  	-0.0343  	0.03994  	0.00465  	-0.0371  	0.03019  	-0.0048  	-0.0165  	0.04714  	-0.0117  	-0.0074  	-0.0267  	0.03628  	-0.0031  	0.02322  	-0.2291  	
-0.0912  	-0.0424  	0.00776  	0.58285  	0.05815  	0.44055  	0.07775  	-0.7599  	0.19946  	0.02167  	0.26248  	0.40021  	-0.0021  	-0.8353  	-1.4567  	1.04493  	-0.0757  	0.27500  	-0.2158  	0.44389  	-0.0654  	-0.4493  	-1.0936  	0.36517  	-0.1910  	-0.0839  	-0.5658  	-0.1236  	0.00096  	-0.2092  	-0.1362  	0.25128  	0.22229  	-0.2302  	0.16803  	0.36445  	0.04192  	-0.0262  	-0.3496  	0.22824  	0.11457  	0.15729  	-0.0851  	0.06135  	-0.1547  	-0.0390  	0.02352  	0.02841  	0.04803  	-0.0379  	0.03374  	0.01747  	0.00165  	0.03937  	0.01969  	-0.0399  	0.04204  	-0.0063  	-0.0362  	0.04470  	0.00022  	-0.0051  	0.02771  	-0.0043  	-0.0074  	-0.0267  	0.03628  	-0.0031  	0.02322  	-0.2291  	
-0.3583  	-0.0838  	-0.0953  	0.41600  	-0.0756  	0.33424  	0.02837  	-0.7841  	0.12680  	-0.0523  	0.32808  	0.29477  	-0.0042  	-1.0247  	-1.3833  	0.87266  	0.07847  	0.06978  	-0.1493  	0.12828  	-0.0075  	-0.6370  	-1.1944  	0.36883  	-0.2282  	0.01017  	-0.5193  	-0.2416  	0.05816  	-0.2366  	-0.0411  	0.23791  	0.11944  	-0.3668  	0.07049  	0.33661  	-0.0038  	-0.0011  	-0.4720  	0.13289  	0.20326  	0.25313  	-0.1862  	0.11744  	-0.1959  	-0.0231  	0.00639  	0.01179  	0.01622  	-0.0456  	0.02405  	0.02558  	0.00101  	0.05985  	0.02414  	-0.0450  	0.03347  	-0.0136  	-0.0300  	0.05064  	0.00979  	-0.0122  	0.01290  	-0.0051  	-0.0074  	-0.0267  	0.03628  	-0.0031  	0.02322  	-0.2291  	
-0.2906  	-0.0710  	-0.0569  	0.44987  	-0.0373  	0.33443  	-0.0346  	-0.7131  	0.13685  	-0.0969  	0.32148  	0.33472  	-0.0028  	-0.9959  	-1.3010  	0.86424  	0.11276  	0.00929  	-0.1520  	0.03767  	0.07196  	-0.6573  	-1.1383  	0.37482  	-0.3340  	0.05684  	-0.5344  	-0.3197  	-0.0102  	-0.2628  	-0.0114  	0.21681  	0.10819  	-0.4123  	0.07681  	0.25053  	0.01626  	0.01204  	-0.5096  	0.10428  	0.21025  	0.28354  	-0.2217  	0.13699  	-0.2134  	-0.0140  	0.00740  	0.02582  	0.00845  	-0.0465  	0.01283  	0.02431  	-0.0013  	0.05899  	0.01895  	-0.0457  	0.03294  	-0.0159  	-0.0326  	0.04657  	0.01351  	-0.0078  	0.00823  	-0.0051  	-0.0074  	-0.0267  	0.03628  	-0.0031  	0.02322  	-0.2291  	
-0.1895  	-0.0465  	-0.0277  	0.57019  	0.03913  	0.40308  	-0.0026  	-0.6992  	0.17253  	-0.0639  	0.31179  	0.44135  	0.03921  	-0.9022  	-1.2999  	0.90856  	0.04863  	0.06261  	-0.1514  	0.11221  	0.02794  	-0.6005  	-1.1672  	0.34137  	-0.3515  	0.02215  	-0.5688  	-0.2586  	0.01095  	-0.2379  	-0.0350  	0.19848  	0.15000  	-0.3814  	0.07860  	0.26409  	0.00618  	-0.0077  	-0.4715  	0.12219  	0.19205  	0.26088  	-0.1796  	0.12191  	-0.2095  	-0.0264  	0.01197  	0.03364  	0.02383  	-0.0412  	0.02270  	0.02071  	-0.0042  	0.05328  	0.01961  	-0.0424  	0.03329  	-0.0165  	-0.0371  	0.04475  	0.00827  	-0.0058  	0.01245  	-0.0035  	-0.0074  	-0.0267  	0.03628  	-0.0031  	0.02322  	-0.2291  	
-0.0589  	-0.0194  	-0.0187  	0.85899  	0.22004  	0.47768  	0.03344  	-0.6874  	0.22905  	-0.0778  	0.21313  	0.57071  	0.04518  	-0.7052  	-1.1365  	1.03468  	-0.0391  	0.19790  	-0.2072  	0.40262  	0.01174  	-0.4491  	-1.0799  	0.41146  	-0.3158  	-0.0703  	-0.5569  	-0.1561  	-0.0546  	-0.2237  	-0.1569  	0.26058  	0.25251  	-0.2196  	0.20566  	0.24224  	0.05704  	-0.0294  	-0.3720  	0.21990  	0.07428  	0.15743  	-0.0930  	0.05421  	-0.1489  	-0.0409  	0.02376  	0.02514  	0.05348  	-0.0359  	0.01222  	0.01303  	-0.0086  	0.04323  	0.01183  	-0.0352  	0.03039  	-0.0125  	-0.0338  	0.04458  	0.00454  	-0.0005  	0.01334  	-0.0139  	-0.0074  	-0.0267  	0.03628  	-0.0031  	0.02322  	-0.2291  	
0.10038  	0.02100  	0.00130  	0.97765  	0.25716  	0.66633  	0.09799  	-0.6907  	0.22929  	-0.0524  	0.03619  	0.52676  	0.04855  	-0.4814  	-1.0312  	1.10896  	-0.1163  	0.34841  	-0.2872  	0.59773  	-0.0465  	-0.1693  	-0.7788  	0.38301  	-0.1160  	-0.1886  	-0.5078  	-0.1393  	-0.1082  	-0.1298  	-0.2814  	0.28737  	0.32601  	-0.0639  	0.25329  	0.27189  	0.13497  	-0.0129  	-0.2169  	0.28889  	-0.0193  	0.02083  	0.03263  	-0.0254  	-0.0938  	-0.0508  	0.02688  	0.02512  	0.07300  	-0.0240  	0.01281  	0.00890  	-0.0067  	0.02201  	0.00535  	-0.0257  	0.03712  	0.00055  	-0.0373  	0.02848  	-0.0022  	0.00285  	0.04107  	-0.0071  	-0.0074  	-0.0267  	0.03628  	-0.0031  	0.02322  	-0.2291  	
0.17160  	0.05541  	0.01023  	1.01114  	0.24775  	0.69942  	0.07272  	-0.6981  	0.26436  	-0.0818  	0.06160  	0.49199  	0.06788  	-0.4899  	-1.0870  	1.10564  	-0.1355  	0.34268  	-0.2835  	0.54413  	-0.0068  	-0.1499  	-0.7558  	0.41123  	-0.1466  	-0.2038  	-0.5221  	-0.1861  	-0.1536  	-0.1273  	-0.2821  	0.30961  	0.32490  	-0.0735  	0.28070  	0.22935  	0.16469  	0.00282  	-0.2329  	0.30463  	-0.0063  	0.01362  	0.04985  	-0.0136  	-0.1008  	-0.0568  	0.03812  	0.02205  	0.07213  	-0.0240  	0.00861  	0.00886  	-0.0039  	0.02773  	0.00740  	-0.0288  	0.03092  	-0.0021  	-0.0408  	0.03477  	-0.0081  	0.00321  	0.03086  	-0.0115  	-0.0074  	-0.0267  	0.03628  	-0.0031  	0.02322  	-0.2291  	
-0.0799  	-0.0149  	-0.0466  	0.78822  	0.15502  	0.53489  	0.09134  	-0.7994  	0.17094  	-0.0443  	0.18079  	0.45797  	-0.0443  	-0.7130  	-1.2567  	1.04786  	-0.1176  	0.33472  	-0.2808  	0.58097  	0.02024  	-0.1619  	-0.7424  	0.43901  	-0.1703  	-0.1888  	-0.4930  	-0.1693  	-0.1750  	-0.1797  	-0.2904  	0.31408  	0.30221  	-0.0702  	0.26362  	0.28645  	0.21851  	-0.0099  	-0.2886  	0.31479  	-0.0208  	0.02938  	0.01323  	-0.0026  	-0.1054  	-0.0610  	0.04438  	0.00577  	0.06382  	-0.0251  	0.01084  	0.01093  	-0.0059  	0.02674  	0.00303  	-0.0349  	0.04750  	0.00363  	-0.0311  	0.03463  	-0.0028  	-0.0043  	0.04134  	-0.0136  	-0.0074  	-0.0267  	0.03628  	-0.0031  	0.02322  	-0.2291  	
-0.1251  	-0.0906  	-0.0723  	0.64629  	0.10312  	0.43300  	0.06731  	-0.9038  	0.13857  	-0.0192  	0.29165  	0.43052  	-0.1101  	-0.9093  	-1.5084  	1.12169  	-0.1686  	0.36081  	-0.2992  	0.61643  	-0.0951  	-0.2028  	-0.7671  	0.41150  	-0.1555  	-0.1847  	-0.4824  	-0.1194  	-0.1719  	-0.1767  	-0.2851  	0.32569  	0.28076  	-0.0808  	0.24492  	0.38339  	0.19064  	0.00466  	-0.2869  	0.28873  	-0.0024  	0.03764  	-0.0082  	-0.0123  	-0.1024  	-0.0565  	0.04656  	5.17433  	0.05655  	-0.0317  	0.01765  	0.01874  	-0.0010  	0.02518  	0.00864  	-0.0399  	0.04736  	0.00780  	-0.0320  	0.02471  	-0.0073  	-0.0100  	0.05489  	-0.0090  	-0.0074  	-0.0267  	0.03628  	-0.0031  	0.02322  	-0.2291  	
-0.1216  	-0.1049  	-0.0595  	0.65799  	0.07941  	0.42238  	0.07009  	-0.8778  	0.18102  	0.08176  	0.33837  	0.42382  	-0.0994  	-0.9507  	-1.6144  	1.18095  	-0.1539  	0.37950  	-0.2576  	0.61149  	-0.1439  	-0.2477  	-0.8253  	0.38913  	-0.1157  	-0.1938  	-0.5078  	-0.0860  	-0.2085  	-0.1517  	-0.2721  	0.33810  	0.26827  	-0.0924  	0.24421  	0.41848  	0.19016  	-0.0180  	-0.2662  	0.27963  	0.00515  	0.03664  	-2.0523  	-0.0239  	-0.0944  	-0.0483  	0.04092  	0.00695  	0.05689  	-0.0254  	0.01777  	0.01707  	0.00096  	0.02905  	0.01121  	-0.0398  	0.04332  	0.00762  	-0.0355  	0.02950  	-0.0120  	-0.0087  	0.04776  	-0.0123  	-0.0074  	-0.0267  	0.03628  	-0.0031  	0.02322  	-0.2291  	
-0.1905  	-0.0771  	-0.0943  	0.57336  	0.06670  	0.42934  	0.07154  	-0.9065  	0.19381  	0.03862  	0.23711  	0.35469  	-0.1298  	-0.9870  	-1.5820  	1.10859  	-0.0861  	0.38089  	-0.2546  	0.61823  	-0.1778  	-0.2567  	-0.8073  	0.34999  	-0.0623  	-0.1950  	-0.5227  	-0.0322  	-0.1146  	-0.1284  	-0.2745  	0.34365  	0.24638  	-0.0762  	0.20025  	0.42060  	0.14449  	-0.0139  	-0.2392  	0.29061  	0.00764  	0.02207  	0.02319  	-0.0136  	-0.0961  	-0.0540  	0.03562  	-0.0028  	0.05305  	-0.0341  	0.01315  	0.01156  	-0.0030  	0.02923  	0.01466  	-0.0383  	0.04748  	0.00927  	-0.0373  	0.02742  	-0.0058  	-0.0147  	0.04624  	-0.0076  	-0.0074  	-0.0267  	0.03628  	-0.0031  	0.02322  	-0.2291  	
-0.2945  	-0.1140  	-0.1570  	0.55580  	0.03602  	0.42011  	0.04235  	-0.8981  	0.17052  	-0.0347  	0.21224  	0.32061  	-0.1205  	-0.9300  	-1.4532  	1.00233  	-0.0769  	0.37265  	-0.2647  	0.58777  	-0.1209  	-0.2187  	-0.7386  	0.37977  	-0.1198  	-0.1650  	-0.5175  	-0.0600  	-0.1190  	-0.1671  	-0.2517  	0.32955  	0.26362  	-0.0760  	0.19273  	0.38577  	0.15540  	-0.0038  	-0.2595  	0.26572  	0.03436  	0.02459  	0.02248  	-0.0198  	-0.0961  	-0.0697  	0.04114  	-0.0166  	0.04863  	-0.0264  	0.00946  	0.01178  	0.00021  	0.02552  	0.01225  	-0.0379  	0.04551  	0.00924  	-0.0324  	0.02531  	-0.0011  	-0.0067  	0.04531  	-0.0025  	-0.0074  	-0.0267  	0.03628  	-0.0031  	0.02322  	-0.2291  	
-0.1944  	-0.0800  	-0.1235  	0.61301  	0.04732  	0.44517  	0.02724  	-0.8065  	0.21849  	-0.0631  	0.23474  	0.41000  	-0.0637  	-0.7904  	-1.2930  	0.97906  	-0.1057  	0.35715  	-0.3001  	0.58401  	-0.0604  	-0.1812  	-0.6972  	0.34575  	-0.2344  	-0.1453  	-0.5799  	-0.1098  	-0.1384  	-0.1984  	-0.2431  	0.29606  	0.33570  	-0.0744  	0.22089  	0.29801  	0.16221  	-0.0121  	-0.2699  	0.26737  	0.03859  	0.02012  	0.03601  	-0.0284  	-0.1015  	-0.0590  	0.05384  	-0.0101  	0.04885  	-0.0230  	0.00857  	0.01138  	-0.0062  	0.02089  	0.00748  	-0.0390  	0.04068  	0.00111  	-0.0399  	0.03025  	0.00046  	0.00324  	0.04497  	-0.0007  	-0.0074  	-0.0267  	0.03628  	-0.0031  	0.02322  	-0.2291  	
-0.1700  	-0.0417  	-0.0892  	0.52612  	0.01861  	0.41439  	0.08271  	-0.8203  	0.20491  	0.02003  	0.26673  	0.41160  	-0.0525  	-0.8023  	-1.4373  	1.04465  	-0.1262  	0.41475  	-0.2861  	0.62953  	-0.1110  	-0.1959  	-0.7578  	0.30117  	-0.2330  	-0.1562  	-0.6258  	-0.0368  	-0.1021  	-0.2214  	-0.2396  	0.28411  	0.32906  	-0.0691  	0.16198  	0.33110  	0.12104  	-0.0075  	-0.2487  	0.28589  	0.07762  	0.01411  	0.03957  	-0.0178  	-0.1041  	-0.0622  	0.05084  	-0.0080  	0.05127  	-0.0256  	0.00573  	0.01295  	-0.0047  	0.02618  	0.01068  	-0.0415  	0.04102  	0.00068  	-0.0356  	0.02613  	-0.0031  	0.00612  	0.04073  	-0.0060  	-0.0074  	-0.0267  	0.03628  	-0.0031  	0.02322  	-0.2291  	
-0.1635  	-0.0395  	-0.0867  	0.65901  	0.11102  	0.45744  	0.04588  	-0.8034  	0.22217  	-0.0247  	0.25166  	0.42133  	-0.0722  	-0.7980  	-1.3906  	1.09425  	-0.1157  	0.41161  	-0.2723  	0.67461  	-0.0740  	-0.2323  	-0.8148  	0.36408  	-0.2018  	-0.1681  	-0.5888  	-0.0260  	-0.1219  	-0.1831  	-0.2728  	0.32499  	0.32733  	-0.0650  	0.22849  	0.34010  	0.12936  	-0.0195  	-0.2602  	0.28852  	0.03604  	0.01511  	0.02363  	-0.0291  	-0.0965  	-0.0580  	0.04631  	-0.0049  	0.05032  	-0.0325  	0.01202  	0.00961  	3.09757  	0.02223  	0.00627  	-0.0368  	0.04407  	0.00245  	-0.0308  	0.03166  	-0.0045  	-0.0044  	0.03949  	-0.0105  	-0.0074  	-0.0267  	0.03628  	-0.0031  	0.02322  	-0.2291  	
-0.0708  	-0.0459  	-0.0506  	0.86166  	0.16875  	0.57475  	0.04927  	-0.7639  	0.23152  	-0.0979  	0.13083  	0.50525  	-0.0254  	-0.7119  	-1.2197  	1.06930  	-0.0995  	0.36960  	-0.2730  	0.65027  	-0.0603  	-0.2228  	-0.7729  	0.38397  	-0.1862  	-0.1669  	-0.5307  	-0.0418  	-0.1117  	-0.1626  	-0.2929  	0.31999  	0.32798  	-0.0509  	0.23540  	0.28624  	0.13425  	-0.0120  	-0.2505  	0.28174  	-0.0036  	0.02230  	0.02586  	-0.0240  	-0.1017  	-0.0571  	0.04501  	0.00490  	0.06778  	-0.0304  	0.01167  	0.01100  	-0.0062  	0.02833  	0.00643  	-0.0281  	0.03694  	0.00068  	-0.0335  	0.03944  	0.00305  	-0.0052  	0.03136  	-0.0175  	-0.0074  	-0.0267  	0.03628  	-0.0031  	0.02322  	-0.2291  	
0.08037  	0.02312  	0.00364  	0.90198  	0.18697  	0.66615  	0.07606  	-0.7123  	0.24414  	-0.0731  	0.07837  	0.43320  	0.00081  	-0.5746  	-1.0392  	1.04545  	-0.1200  	0.32901  	-0.3067  	0.58488  	0.01843  	-0.1578  	-0.7507  	0.38291  	-0.0972  	-0.2005  	-0.4821  	-0.1535  	-0.1413  	-0.1347  	-0.2743  	0.30233  	0.32174  	-0.0627  	0.27225  	0.26280  	0.17837  	-0.0084  	-0.2474  	0.28904  	-0.0043  	0.02096  	0.02846  	-0.0186  	-0.1003  	-0.0614  	0.04241  	0.00611  	0.06072  	-0.0191  	0.01558  	0.01359  	-0.0044  	0.02568  	0.00505  	-0.0268  	0.04625  	0.00503  	-0.0391  	0.03360  	-0.0013  	-0.0038  	0.04596  	-0.0112  	-0.0074  	-0.0267  	0.03628  	-0.0031  	0.02322  	-0.2291  	
0.08392  	0.03518  	0.01884  	0.79322  	0.15433  	0.59770  	0.10405  	-0.7190  	0.24346  	-0.0712  	0.18385  	0.45645  	0.01391  	-0.6082  	-1.2206  	1.09700  	-0.1586  	0.37974  	-0.3142  	0.60978  	0.00410  	-0.1959  	-0.7816  	0.38602  	-0.1183  	-0.1997  	-0.5212  	-0.1292  	-0.1193  	-0.1804  	-0.2614  	0.28053  	0.33225  	-0.0692  	0.27498  	0.29410  	0.18374  	-0.0058  	-0.2560  	0.30671  	-0.0034  	0.02077  	0.03313  	-0.0143  	-0.1014  	-0.0639  	0.04820  	0.00528  	0.05874  	-0.0173  	0.01935  	0.00662  	-0.0042  	0.02913  	0.00968  	-0.0306  	0.04244  	0.00256  	-0.0353  	0.03067  	-0.0043  	0.00078  	0.04830  	-0.0091  	-0.0074  	-0.0267  	0.03628  	-0.0031  	0.02322  	-0.2291  	
-0.1814  	-0.0454  	-0.1042  	0.57193  	0.03493  	0.44609  	0.07670  	-0.8047  	0.20012  	-0.0397  	0.32241  	0.37949  	-0.0738  	-0.8060  	-1.3457  	1.02253  	-0.1395  	0.38692  	-0.2848  	0.60315  	-0.0056  	-0.1810  	-0.7511  	0.41583  	-0.1811  	-0.1784  	-0.5211  	-0.1622  	-0.1711  	-0.2035  	-0.2606  	0.31329  	0.31730  	-0.0807  	0.26123  	0.30014  	0.19635  	0.00021  	-0.2801  	0.29341  	0.02556  	0.02139  	0.00888  	-0.0125  	-0.0965  	-0.0607  	0.04913  	-0.0162  	0.04730  	-0.0253  	0.00715  	0.00886  	-0.0029  	0.02670  	0.00734  	-0.0432  	0.04280  	0.00572  	-0.0334  	0.02576  	-0.0084  	-0.0007  	0.04154  	-0.0074  	-0.0074  	-0.0267  	0.03628  	-0.0031  	0.02322  	-0.2291  	
-0.2518  	-0.0734  	-0.1403  	0.58096  	0.03249  	0.46177  	0.04356  	-0.8161  	0.19579  	-0.0573  	0.24785  	0.37687  	-0.1121  	-0.8476  	-1.3415  	1.00841  	-0.1058  	0.35112  	-0.2841  	0.54865  	-0.0256  	-0.1754  	-0.6677  	0.39602  	-0.2101  	-0.1674  	-0.5262  	-0.1666  	-0.1625  	-0.1924  	-0.2534  	0.30156  	0.29682  	-0.0795  	0.21965  	0.28911  	0.19198  	-0.0035  	-0.2685  	0.29374  	0.04079  	0.02272  	0.02194  	-0.0082  	-0.0930  	-0.0522  	0.05204  	-0.0192  	0.04201  	-0.0275  	-0.0062  	0.01072  	-0.0064  	0.02911  	0.00619  	-0.0439  	0.04164  	0.00842  	-0.0414  	0.02299  	-0.0025  	0.00092  	0.03832  	-0.0092  	-0.0074  	-0.0267  	0.03628  	-0.0031  	0.02322  	-0.2291  	
-0.1068  	0.01647  	0.00138  	0.57798  	-0.0138  	0.48182  	0.07344  	-0.7316  	0.23197  	-0.0260  	0.25700  	0.44527  	-0.0262  	-0.6645  	-1.3336  	1.04155  	-0.1149  	0.35383  	-0.2781  	0.58024  	0.00572  	-0.2030  	-0.6952  	0.36864  	-0.2609  	-0.1663  	-0.5301  	-0.1337  	-0.1679  	-0.2160  	-0.2294  	0.28305  	0.35554  	-0.0694  	0.22275  	0.26311  	0.20264  	0.00865  	-0.2827  	0.26868  	0.04375  	0.00446  	0.03904  	-0.0103  	-0.0953  	-0.0591  	0.05208  	-1.4325  	0.04877  	-0.0330  	-0.0061  	0.01115  	-0.0012  	0.02329  	0.00848  	-0.0342  	0.03310  	0.00132  	-0.0378  	0.02841  	0.00677  	0.01023  	0.03730  	-0.0054  	-0.0074  	-0.0267  	0.03628  	-0.0031  	0.02322  	-0.2291  	
-0.0737  	0.04803  	0.01835  	0.61545  	0.04040  	0.55400  	0.05725  	-0.6866  	0.25668  	-0.0308  	0.28549  	0.45965  	-0.0323  	-0.6496  	-1.3765  	1.08777  	-0.1215  	0.35008  	-0.2734  	0.58984  	0.06403  	-0.2214  	-0.7401  	0.38136  	-0.2097  	-0.1846  	-0.5125  	-0.1913  	-0.1971  	-0.2119  	-0.2619  	0.30546  	0.36258  	-0.0708  	0.25090  	0.26398  	0.21478  	0.01362  	-0.2618  	0.25429  	0.05583  	0.00916  	0.03516  	-0.0267  	-0.0949  	-0.0564  	0.04764  	-0.0018  	0.05552  	-0.0255  	0.00667  	0.01274  	-0.0023  	0.02454  	0.00397  	-0.0344  	0.03235  	0.00273  	-0.0359  	0.02513  	0.00457  	0.00507  	0.04545  	-0.0111  	-0.0074  	-0.0267  	0.03628  	-0.0031  	0.02322  	-0.2291  	
-0.2164  	-0.0475  	-0.0899  	0.52330  	0.00664  	0.42819  	0.05957  	-0.8154  	0.19889  	-0.0084  	0.32517  	0.39110  	-0.0805  	-0.8381  	-1.4827  	1.03225  	-0.1434  	0.39279  	-0.2577  	0.64370  	-0.0460  	-0.2071  	-0.7387  	0.34543  	-0.1705  	-0.1780  	-0.5447  	-0.1260  	-0.1590  	-0.2025  	-0.2359  	0.29750  	0.31817  	-0.0753  	0.21362  	0.32827  	0.19976  	0.01526  	-0.2597  	0.26879  	0.03969  	0.01183  	0.03315  	-0.0167  	-0.0951  	-0.0603  	0.04835  	0.00463  	0.04555  	-0.0228  	0.01113  	0.01530  	-0.0043  	0.02701  	0.01203  	-0.0394  	0.03119  	0.00137  	-0.0359  	0.02676  	-0.0027  	0.00153  	0.03735  	-0.0102  	-0.0074  	-0.0267  	0.03628  	-0.0031  	0.02322  	-0.2291  	
-0.4154  	-0.1500  	-0.1615  	0.35685  	-0.0544  	0.30266  	0.07285  	-0.8990  	0.16154  	0.05906  	0.32765  	0.32119  	-0.1006  	-0.8985  	-1.5450  	0.94700  	-0.1143  	0.41825  	-0.2843  	0.64005  	-0.1475  	-0.2286  	-0.7468  	0.31628  	-0.1504  	-0.1596  	-0.5943  	-0.0304  	-0.0833  	-0.1916  	-0.2371  	0.27858  	0.28564  	-0.0652  	0.14664  	0.37646  	0.12248  	-0.0249  	-0.2410  	0.26660  	0.07398  	0.00819  	0.01567  	-0.0181  	-0.0925  	-0.0590  	0.05419  	-0.0121  	0.04161  	-0.0249  	0.00360  	0.01552  	0.00267  	0.02710  	0.00696  	-0.0494  	0.04028  	0.00729  	-0.0380  	0.02693  	0.00189  	-0.0029  	0.04040  	-0.0087  	-0.0074  	-0.0267  	0.03628  	-0.0031  	0.02322  	-0.2291  	
-0.5583  	-0.1557  	-0.2518  	0.31802  	-0.0275  	0.22830  	0.08835  	-0.9183  	0.15531  	0.09242  	0.37657  	0.33080  	-0.1186  	-0.9251  	-1.5942  	0.95014  	-0.1187  	0.42040  	-0.2962  	0.61941  	-0.1983  	-0.2394  	-0.7209  	0.31029  	-0.2070  	-0.1439  	-0.6162  	-0.0245  	-0.0431  	-0.2038  	-0.2280  	0.27274  	0.29359  	-0.0626  	0.11577  	0.37624  	0.10020  	-0.0210  	-0.2392  	0.27706  	0.08792  	0.00846  	0.02093  	-0.0101  	-0.0861  	-0.0607  	0.05224  	-0.0308  	0.04247  	-0.0281  	-0.0076  	0.01235  	-0.0004  	0.02404  	0.00708  	-0.0498  	0.03357  	0.00336  	-0.0333  	0.02732  	0.00949  	0.00651  	0.04388  	-0.0076  	-0.0074  	-0.0267  	0.03628  	-0.0031  	0.02322  	-0.2291  	
-0.5041  	-0.1564  	-0.2210  	0.35492  	-0.0664  	0.27378  	0.06518  	-0.9019  	0.19153  	0.05385  	0.32223  	0.33289  	-0.1046  	-0.9819  	-1.5721  	0.98632  	-0.1019  	0.40437  	-0.2952  	0.63711  	-0.2120  	-0.2271  	-0.6811  	0.28842  	-0.2181  	-0.1260  	-0.6585  	0.00455  	-0.0254  	-0.1917  	-0.2155  	0.27160  	0.28528  	-0.0564  	0.07639  	0.36708  	0.08187  	-0.0115  	-0.2259  	0.27745  	0.10327  	0.00291  	0.05205  	-0.0071  	-0.0991  	-0.0617  	0.05441  	-0.0095  	0.05569  	-0.0327  	-0.0023  	0.01394  	-0.0035  	0.02925  	0.01144  	-0.0483  	0.02876  	0.00524  	-0.0383  	0.02704  	0.00728  	0.00522  	0.04379  	-0.0061  	-0.0074  	-0.0267  	0.03628  	-0.0031  	0.02322  	-0.2291  	
-0.3489  	-0.0878  	-0.1331  	0.45377  	-0.0292  	0.37462  	0.05364  	-0.8640  	0.19351  	-0.0066  	0.24064  	0.36112  	-0.0792  	-0.9052  	-1.4872  	0.96368  	-0.1001  	0.41169  	-0.2760  	0.60337  	-0.1429  	-0.2092  	-0.7149  	0.26495  	-0.2044  	-0.1459  	-0.6370  	-0.0173  	-0.0477  	-0.2021  	-0.2467  	0.27151  	0.29240  	-0.0725  	0.10186  	0.35261  	0.12652  	-0.0100  	-0.2330  	0.27848  	0.10450  	0.00547  	0.04540  	-0.0094  	-0.1010  	-0.0643  	0.05194  	-0.0108  	0.04784  	-0.0218  	0.00017  	0.01190  	-0.0040  	0.02624  	0.01242  	-0.0433  	0.03980  	0.00703  	-0.0351  	0.02864  	0.00272  	0.00501  	0.04239  	-0.0069  	-0.0074  	-0.0267  	0.03628  	-0.0031  	0.02322  	-0.2291  	
-0.3443  	-0.0586  	-0.1527  	0.49446  	0.00877  	0.36764  	0.00858  	-0.8628  	0.19029  	-0.0106  	0.24018  	0.40335  	-0.1096  	-0.9099  	-1.4562  	0.96446  	-0.0789  	0.38342  	-0.2776  	0.55965  	-0.1151  	-0.2222  	-0.6835  	0.27278  	-0.2074  	-0.1588  	-0.5889  	-0.0599  	-0.0839  	-0.1827  	-0.2374  	0.27747  	0.28963  	-0.0658  	0.14127  	0.33881  	0.14048  	-0.0048  	-0.2424  	0.27615  	0.09689  	0.00352  	0.04052  	-0.0051  	-0.0937  	-0.0599  	0.05347  	-0.0135  	0.04438  	-0.0237  	0.00167  	0.01282  	-0.0032  	0.02973  	0.00689  	-0.0448  	0.04276  	0.00918  	-0.0368  	0.02818  	0.00070  	0.00285  	0.04490  	-0.0095  	-0.0074  	-0.0267  	0.03628  	-0.0031  	0.02322  	-0.2291  	
-0.3395  	-0.0991  	-0.1650  	0.46065  	-0.0238  	0.38795  	0.01998  	-0.8632  	0.19352  	-0.0065  	0.24904  	0.37106  	-0.0951  	-0.9707  	-1.5002  	0.99413  	-0.0926  	0.39093  	-0.2830  	0.59184  	-0.1391  	-0.2192  	-0.6875  	0.26615  	-0.1861  	-0.1430  	-0.6026  	-0.0252  	-0.0612  	-0.1894  	-0.2250  	0.28427  	0.28617  	-0.0636  	0.10058  	0.35959  	0.11180  	-0.0084  	-0.2349  	0.28091  	0.08993  	0.00537  	0.04346  	-0.0060  	-0.0988  	-0.0617  	0.05230  	-0.0080  	0.04491  	-0.0232  	0.00046  	0.01481  	-0.0023  	0.02584  	0.01103  	-0.0474  	0.04148  	0.00823  	-0.0362  	0.02694  	0.00243  	-0.0010  	0.04682  	-0.0042  	-0.0074  	-0.0267  	0.03628  	-0.0031  	0.02322  	-0.2291  	
-0.1218  	-0.0613  	-0.1019  	0.64535  	0.08337  	0.44480  	0.06484  	-0.8552  	0.18784  	0.04147  	0.22851  	0.45138  	-0.0565  	-0.8564  	-1.4608  	1.10281  	-0.1502  	0.38685  	-0.2761  	0.64642  	-0.1769  	-0.2208  	-0.8069  	0.32610  	-0.1627  	-0.1795  	-0.5593  	-0.0313  	-0.0932  	-0.1559  	-0.2576  	0.31567  	0.29149  	-0.0653  	0.20375  	0.39329  	0.10245  	-0.0138  	-0.2596  	0.31251  	0.02085  	0.02061  	0.02678  	-0.0217  	-0.1007  	-0.0541  	0.04968  	-0.0038  	0.05649  	-0.0287  	0.01273  	0.01287  	-0.0048  	0.02538  	0.00988  	-0.0396  	0.04345  	0.00562  	-0.0320  	0.02364  	-0.0081  	-0.0054  	0.04115  	-0.0133  	-0.0074  	-0.0267  	0.03628  	-0.0031  	0.02322  	-0.2291  	
-0.0835  	-0.0664  	-0.0644  	0.63034  	0.09063  	0.45896  	0.08206  	-0.8510  	0.21100  	0.05708  	0.25661  	0.43382  	-0.0526  	-0.8622  	-1.4976  	1.13801  	-0.1479  	0.39498  	-0.2654  	0.64002  	-0.1490  	-0.2329  	-0.8336  	0.33379  	-0.1511  	-0.1830  	-0.5496  	-0.0150  	-0.0999  	-0.1554  	-0.2616  	0.31732  	0.29295  	-0.0737  	0.22560  	0.41445  	0.13149  	-0.0178  	-0.2587  	0.29539  	0.01224  	0.02540  	0.02558  	-0.0140  	-0.0948  	-0.0595  	0.04317  	-0.0036  	0.06335  	-0.0268  	0.02071  	0.01158  	0.00313  	0.02848  	0.01395  	-0.0363  	0.04578  	0.00439  	-0.0301  	0.03332  	-0.0052  	-0.0067  	0.04735  	-0.0066  	-0.0074  	-0.0267  	0.03628  	-0.0031  	0.02322  	-0.2291  	
-0.0677  	-0.0346  	-0.0427  	0.65798  	0.11288  	0.49883  	0.07680  	-0.8396  	0.20697  	0.00781  	0.22242  	0.40417  	-0.0719  	-0.8092  	-1.4680  	1.12396  	-0.1264  	0.37974  	-0.2608  	0.64443  	-0.0816  	-0.2401  	-0.8150  	0.35742  	-0.1365  	-0.1896  	-0.5444  	-0.0619  	-0.1144  	-0.1545  	-0.2965  	0.31852  	0.29741  	-0.0646  	0.24948  	0.38848  	0.15047  	-0.0010  	-0.2717  	0.29910  	0.02045  	0.02229  	0.01441  	-0.0143  	-0.0968  	-0.0533  	0.04040  	-0.0049  	0.05807  	-0.0314  	0.01505  	0.01257  	-0.0032  	0.02816  	0.01135  	-0.0359  	0.04158  	0.00598  	-0.0358  	0.02906  	-0.0033  	-0.0132  	0.04219  	-0.0131  	-0.0074  	-0.0267  	0.03628  	-0.0031  	0.02322  	-0.2291  	
-0.2928  	-0.0650  	-0.1393  	0.51615  	-0.0042  	0.39312  	0.06446  	-0.9111  	0.17761  	-0.0266  	0.24418  	0.36084  	-0.0916  	-0.8606  	-1.4436  	0.97664  	-0.0989  	0.38204  	-0.2928  	0.64088  	-0.1406  	-0.1932  	-0.7650  	0.33331  	-0.1109  	-0.1659  	-0.5497  	-0.0595  	-0.0730  	-0.1768  	-0.2566  	0.30211  	0.28120  	-0.0678  	0.18163  	0.38853  	0.12130  	-0.0043  	-0.2400  	0.27567  	0.05300  	0.03043  	0.01969  	-0.0215  	-0.0955  	-0.0686  	0.05216  	-0.0120  	0.05128  	-0.0330  	0.00743  	0.01542  	-0.0045  	0.02725  	0.00988  	-0.0361  	0.03692  	0.00504  	-0.0346  	0.02741  	0.00307  	-0.0016  	0.04668  	-0.0097  	-0.0074  	-0.0267  	0.03628  	-0.0031  	0.02322  	-0.2291  	
-0.3444  	-0.0964  	-0.1746  	0.55326  	0.05949  	0.36515  	0.06111  	-0.8930  	0.17930  	0.00549  	0.23525  	0.39540  	-0.0916  	-0.8647  	-1.4425  	0.97961  	-0.1077  	0.40234  	-0.3051  	0.62634  	-0.1652  	-0.2153  	-0.7926  	0.30782  	-0.1540  	-0.1600  	-0.5888  	6.30616  	-0.0455  	-0.1694  	-0.2540  	0.28927  	0.27939  	-0.0606  	0.16210  	0.37211  	0.09744  	-0.0139  	-0.2140  	0.28330  	0.06223  	0.03630  	0.02893  	-0.0181  	-0.0974  	-0.0650  	0.04843  	-0.0113  	0.04644  	-0.0252  	0.00690  	0.01736  	-0.0064  	0.02728  	0.01085  	-0.0383  	0.04405  	0.00819  	-0.0345  	0.02439  	0.00658  	0.00322  	0.04395  	-0.0099  	-0.0074  	-0.0267  	0.03628  	-0.0031  	0.02322  	-0.2291  	
-0.2948  	-0.0927  	-0.1692  	0.70797  	0.10262  	0.42409  	0.03847  	-0.8708  	0.17855  	-0.0280  	0.18018  	0.42633  	-0.0766  	-0.8136  	-1.3008  	0.95064  	-0.0868  	0.36130  	-0.3023  	0.61564  	-0.1333  	-0.1822  	-0.7725  	0.34488  	-0.1439  	-0.1637  	-0.5687  	-0.0268  	-0.0779  	-0.1400  	-0.2515  	0.28960  	0.29795  	-0.0498  	0.19835  	0.34169  	0.09161  	-0.0270  	-0.2342  	0.27104  	0.02585  	0.01715  	0.01598  	-0.0195  	-0.0910  	-0.0656  	0.04746  	-0.0110  	0.05283  	-0.0286  	0.00675  	0.01284  	-0.0002  	0.02442  	0.00921  	-0.0390  	0.04347  	0.00945  	-0.0341  	0.02756  	0.00359  	-0.0030  	0.04624  	-0.0088  	-0.0074  	-0.0267  	0.03628  	-0.0031  	0.02322  	-0.2291  	
-0.1675  	-0.0697  	-0.1281  	0.76421  	0.13582  	0.44189  	0.06043  	-0.8704  	0.17467  	0.02246  	0.15866  	0.43425  	-0.0501  	-0.8270  	-1.3709  	1.05598  	-0.1337  	0.38298  	-0.2922  	0.64388  	-0.1728  	-0.1954  	-0.8193  	0.35182  	-0.1095  	-0.1784  	-0.5546  	-0.0092  	-0.0687  	-0.1493  	-0.2898  	0.31380  	0.29750  	-0.0496  	0.20227  	0.39171  	0.08536  	-0.0150  	-0.2371  	0.31424  	0.02416  	0.01873  	0.00879  	-0.0137  	-0.1001  	-0.0602  	0.04053  	0.00295  	0.05893  	-0.0404  	0.01618  	0.01075  	-0.0058  	0.02655  	0.01072  	-0.0348  	0.04316  	0.00792  	-0.0290  	0.02826  	-0.0024  	-0.0100  	0.03677  	-0.0123  	-0.0074  	-0.0267  	0.03628  	-0.0031  	0.02322  	-0.2291  	
-0.1061  	-0.0634  	-0.0643  	0.66673  	0.10223  	0.41072  	0.07874  	-0.8329  	0.18977  	0.09269  	0.25620  	0.45132  	-0.0818  	-0.9018  	-1.5584  	1.16624  	-0.1571  	0.42785  	-0.2566  	0.63758  	-0.1999  	-0.2221  	-0.8371  	0.34035  	-0.1177  	-0.1952  	-0.5499  	-0.0241  	-0.1000  	-0.1504  	-0.2764  	0.32252  	0.27700  	-0.0853  	0.21472  	0.43019  	0.11936  	-0.0188  	-0.2449  	0.29361  	0.02169  	0.02141  	0.02179  	-0.0113  	-0.0954  	-0.0596  	0.04014  	0.00367  	0.06526  	-0.0321  	0.02007  	0.01237  	0.00586  	0.02370  	0.01316  	-0.0422  	0.04906  	0.00962  	-0.0320  	0.03004  	-0.0073  	-0.0073  	0.04585  	-0.0086  	-0.0074  	-0.0267  	0.03628  	-0.0031  	0.02322  	-0.2291  	
-0.1853  	-0.0624  	-0.0901  	0.57365  	0.05966  	0.42655  	0.07074  	-0.8989  	0.17788  	0.04606  	0.27051  	0.38801  	-0.1278  	-0.9589  	-1.6127  	1.11756  	-0.1035  	0.38524  	-0.2600  	0.63778  	-0.1742  	-0.2560  	-0.8169  	0.35422  	-0.0938  	-0.1905  	-0.5375  	-0.0327  	-0.1060  	-0.1351  	-0.2686  	0.33995  	0.25969  	-0.0729  	0.20238  	0.42044  	0.13193  	-0.0169  	-0.2382  	0.28923  	0.00600  	0.02207  	0.02719  	-0.0189  	-0.0949  	-0.0541  	0.03639  	-0.0006  	0.05964  	-0.0317  	0.01464  	0.00954  	-0.0002  	0.02856  	0.01469  	-0.0408  	0.04721  	0.00894  	-0.0361  	0.02766  	-0.0092  	-0.0158  	0.04686  	-0.0074  	-0.0074  	-0.0267  	0.03628  	-0.0031  	0.02322  	-0.2291  	
-0.3744  	-0.1383  	-0.2274  	0.50489  	0.03288  	0.31411  	0.06472  	-0.8798  	0.17007  	0.03921  	0.31877  	0.41637  	-0.1309  	-0.9390  	-1.5138  	1.00980  	-0.1324  	0.44109  	-0.2725  	0.63221  	-0.1697  	-0.2418  	-0.7657  	0.33984  	-0.1834  	-0.1536  	-0.6096  	-0.0211  	-0.0446  	-0.1863  	-0.2341  	0.28977  	0.28898  	-0.0621  	0.15104  	0.37171  	0.09899  	-0.0312  	-0.2373  	0.29819  	0.04302  	0.03002  	0.01124  	-0.0201  	-0.0835  	-0.0582  	0.04939  	-0.0132  	0.04987  	-0.0240  	0.00953  	0.01039  	-0.0009  	0.02309  	0.00798  	-0.0469  	0.04094  	0.00756  	-0.0377  	0.02531  	0.00153  	-0.0010  	0.04180  	-0.0043  	-0.0074  	-0.0267  	0.03628  	-0.0031  	0.02322  	-0.2291  	
-0.1470  	-0.0386  	-0.0849  	0.63988  	0.11599  	0.45828  	0.05241  	-0.7324  	0.23320  	-0.0512  	0.25981  	0.53267  	-0.0380  	-0.6815  	-1.2645  	0.99253  	-0.1118  	0.34839  	-0.3018  	0.61196  	-0.0066  	-0.2176  	-0.6978  	0.45263  	-0.3082  	-0.1537  	-0.5673  	-0.1372  	-0.1811  	-0.2259  	-0.2415  	0.28998  	0.34379  	-0.0696  	0.26202  	0.25888  	0.15939  	-0.0265  	-0.2540  	0.28190  	0.02252  	0.01000  	0.00544  	-0.0208  	-0.0998  	-0.0536  	0.05383  	-0.0062  	0.04689  	-0.0214  	0.00586  	0.00828  	-0.0079  	0.02180  	0.00037  	-0.0426  	0.04006  	0.00486  	-0.0422  	0.02320  	0.00473  	0.00552  	0.03139  	-0.0065  	-0.0074  	-0.0267  	0.03628  	-0.0031  	0.02322  	-0.2291  	
0.02793  	0.06240  	0.06171  	0.66943  	0.05452  	0.54069  	0.06191  	-0.6664  	0.25937  	0.01607  	0.18529  	0.49516  	0.03175  	-0.5380  	-1.2131  	1.06914  	-0.0875  	0.35992  	-0.2630  	0.57431  	0.03135  	-0.1991  	-0.7004  	0.35735  	-0.2713  	-0.1726  	-0.5704  	-0.1886  	-0.2344  	-0.2170  	-0.2254  	0.28148  	0.34937  	-0.0798  	0.23704  	0.23746  	0.20850  	0.00755  	-0.2727  	0.27485  	0.01960  	-0.0053  	0.04764  	-0.0124  	-0.1017  	-0.0545  	0.05265  	-0.0011  	0.05599  	-0.0132  	0.00065  	0.00849  	-0.0047  	0.02625  	0.00904  	-0.0335  	0.02581  	-1.5603  	-0.0402  	0.02668  	0.00280  	0.01619  	0.03395  	-0.0104  	-0.0074  	-0.0267  	0.03628  	-0.0031  	0.02322  	-0.2291  	
0.05453  	0.04439  	0.03720  	0.74519  	0.08003  	0.56670  	0.07309  	-0.6985  	0.27162  	-0.0445  	0.21853  	0.47067  	0.02008  	-0.6485  	-1.2854  	1.11393  	-0.1352  	0.34907  	-0.2935  	0.64359  	0.02714  	-0.2269  	-0.8031  	0.35805  	-0.2273  	-0.1762  	-0.5536  	-0.1153  	-0.1945  	-0.2062  	-0.2631  	0.31312  	0.35069  	-0.0657  	0.25622  	0.27316  	0.17571  	0.01487  	-0.2349  	0.28470  	0.01939  	0.00454  	0.04484  	-0.0264  	-0.1035  	-0.0604  	0.04004  	0.00685  	0.06115  	-0.0231  	0.01249  	0.01182  	-0.0010  	0.03064  	0.00524  	-0.0335  	0.03994  	-0.0003  	-0.0344  	0.02829  	-0.0017  	0.00315  	0.04597  	-0.0073  	-0.0074  	-0.0267  	0.03628  	-0.0031  	0.02322  	-0.2291  	
0.04192  	0.00046  	-0.0592  	0.96121  	0.26625  	0.58576  	0.05085  	-0.7324  	0.20718  	-0.0412  	0.01874  	0.48828  	0.05233  	-0.5805  	-1.0710  	1.03891  	-0.1304  	0.30944  	-0.2825  	0.57572  	-0.0604  	-0.1579  	-0.8107  	0.48454  	-0.2045  	-0.1733  	-0.4617  	-0.1737  	-0.2176  	-0.1704  	-0.2558  	0.32340  	0.31864  	-0.0592  	0.28824  	0.26434  	0.15441  	-0.0192  	-0.2639  	0.32732  	-0.0565  	0.04925  	0.00359  	-0.0051  	-0.1060  	-0.0532  	0.04240  	0.01145  	0.06260  	-0.0174  	0.00111  	0.00759  	-0.0105  	0.02692  	0.00478  	-0.0408  	0.04259  	0.00664  	-0.0364  	0.03006  	0.00278  	0.00406  	0.03891  	-0.0131  	-0.0074  	-0.0267  	0.03628  	-0.0031  	0.02322  	-0.2291  	
0.08431  	-0.0218  	-0.0386  	1.02633  	0.27129  	0.59590  	0.10537  	-0.7749  	0.23494  	-0.0460  	-0.0465  	0.41568  	0.06546  	-0.5417  	-1.0448  	1.04537  	-0.1396  	0.37326  	-0.3051  	0.62619  	-0.1044  	-0.1951  	-0.8187  	0.34908  	-0.0918  	-0.1680  	-0.5478  	-0.0892  	-0.0448  	-0.1201  	-0.2706  	0.28740  	0.31595  	-0.0472  	0.25926  	0.30680  	0.10620  	-0.0276  	-0.2138  	0.32488  	-0.0261  	0.03340  	0.03220  	-0.0157  	-0.0909  	-0.0621  	0.04666  	0.02026  	0.06485  	-0.0228  	0.01224  	0.01002  	-0.0069  	0.03093  	0.01624  	-0.0300  	0.04222  	0.00081  	-0.0338  	0.02839  	-0.0041  	0.00614  	0.03733  	-0.0160  	-0.0074  	-0.0267  	0.03628  	-0.0031  	0.02322  	-0.2291  	
0.14713  	0.04778  	0.07698  	0.85263  	0.16317  	0.61371  	0.13687  	-0.6951  	0.28257  	-0.0444  	0.10563  	0.41776  	0.06447  	-0.4866  	-1.1528  	1.09804  	-0.1472  	0.35442  	-0.2778  	0.57871  	-0.0073  	-0.1654  	-0.7844  	0.36718  	-0.1449  	-0.1993  	-0.5149  	-0.1616  	-0.1006  	-0.1462  	-0.2635  	0.27722  	0.35230  	-0.0594  	0.30134  	0.27995  	0.16218  	-0.0143  	-0.2385  	0.30746  	-0.0116  	0.02219  	0.02283  	-0.0094  	-0.1066  	-0.0644  	0.04002  	0.01883  	0.06512  	-0.0307  	0.01592  	0.01045  	-0.0013  	0.02571  	0.00968  	-0.0321  	0.03998  	0.00189  	-0.0412  	0.03285  	-0.0046  	0.00585  	0.04163  	-0.0067  	-0.0074  	-0.0267  	0.03628  	-0.0031  	0.02322  	-0.2291  	
-0.1651  	-0.0397  	-0.0819  	0.72503  	0.13206  	0.52188  	0.07810  	-0.8016  	0.18558  	-0.0511  	0.12584  	0.40751  	-0.0381  	-0.7216  	-1.3136  	0.98865  	-0.1293  	0.38964  	-0.2996  	0.63195  	-0.1126  	-0.1750  	-0.7877  	0.38699  	-0.1408  	-0.1933  	-0.4925  	-0.0629  	-0.1097  	-0.1627  	-0.2751  	0.31281  	0.31898  	-0.0713  	0.21491  	0.31697  	0.14698  	-0.0182  	-0.2291  	0.31483  	-0.0188  	0.02403  	0.01406  	-0.0039  	-0.0991  	-0.0655  	0.05003  	-0.0071  	0.06998  	-0.0360  	0.01590  	0.01102  	-0.0070  	0.03064  	0.00757  	-0.0387  	0.04176  	0.00119  	-0.0343  	0.03086  	-0.0021  	0.00418  	0.03706  	-0.0085  	-0.0074  	-0.0267  	0.03628  	-0.0031  	0.02322  	-0.2291  	
-0.1787  	-0.0516  	-0.1083  	0.60025  	0.07849  	0.39872  	0.11646  	-0.8379  	0.21021  	-0.0351  	0.20115  	0.40589  	-0.0577  	-0.7839  	-1.3615  	0.98554  	-0.1397  	0.40535  	-0.3022  	0.60482  	-0.1011  	-0.1808  	-0.7380  	0.39047  	-0.1746  	-0.1647  	-0.5470  	-0.0932  	-0.1026  	-0.1774  	-0.2517  	0.28983  	0.30880  	-0.0618  	0.19681  	0.33208  	0.12415  	-0.0083  	-0.2443  	0.32741  	0.02635  	0.02749  	0.01065  	-0.0069  	-0.0927  	-0.0631  	0.05179  	-0.0084  	0.05488  	-0.0254  	0.00439  	0.01152  	-0.0049  	0.03282  	0.01069  	-0.0424  	0.04080  	0.00528  	-0.0331  	0.02840  	-0.0056  	0.00350  	0.03902  	-0.0079  	-0.0074  	-0.0267  	0.03628  	-0.0031  	0.02322  	-0.2291  	
-0.2181  	-0.0669  	-0.1244  	0.65858  	0.10358  	0.43496  	0.07301  	-0.8424  	0.19873  	-0.0386  	0.23469  	0.39372  	-0.0661  	-0.8316  	-1.3302  	1.01153  	-0.1060  	0.36892  	-0.2891  	0.66129  	-0.1052  	-0.2000  	-0.7548  	0.33315  	-0.1334  	-0.1790  	-0.5330  	-0.0608  	-0.0972  	-0.1646  	-0.2682  	0.29568  	0.30052  	-0.0643  	0.20970  	0.34730  	0.14108  	-0.0111  	-0.2468  	0.27478  	0.03159  	0.01756  	0.01305  	-0.0189  	-0.0954  	-0.0589  	0.05647  	0.00360  	0.05250  	-0.0292  	0.00647  	0.01306  	-0.0074  	0.03099  	0.01102  	-0.0372  	0.03979  	0.00899  	-0.0351  	0.02963  	-0.0039  	-0.0093  	0.04271  	-0.0096  	-0.0074  	-0.0267  	0.03628  	-0.0031  	0.02322  	-0.2291  	
-0.2069  	-0.0382  	-0.1088  	0.76987  	0.15775  	0.48243  	0.08204  	-0.8259  	0.17340  	-0.0676  	0.19287  	0.43653  	-0.0497  	-0.7820  	-1.2341  	1.03837  	-0.0921  	0.35582  	-0.2756  	0.58769  	-0.0479  	-0.1881  	-0.7464  	0.41714  	-0.1319  	-0.1934  	-0.4842  	-0.1049  	-0.1089  	-0.1372  	-0.2884  	0.31130  	0.28771  	-0.0713  	0.24756  	0.30900  	0.17247  	-0.0113  	-0.2720  	0.29971  	-0.0192  	0.03581  	-0.0189  	-0.0350  	-0.0944  	-0.0587  	0.04041  	-0.0006  	0.05565  	-0.0318  	0.00064  	0.01077  	-0.0015  	0.02618  	0.00895  	-0.0341  	0.03994  	-4.0294  	-0.0300  	0.03366  	-0.0008  	-0.0027  	0.03968  	-0.0134  	-0.0074  	-0.0267  	0.03628  	-0.0031  	0.02322  	-0.2291  	
0.00918  	0.00510  	-0.0844  	0.96637  	0.26413  	0.57537  	0.07177  	-0.7745  	0.18789  	-0.0810  	-0.0343  	0.39407  	-0.0073  	-0.6703  	-1.0347  	0.99875  	-0.0803  	0.33921  	-0.2719  	0.56665  	-0.0573  	-0.1491  	-0.7376  	0.38807  	-0.0365  	-0.1880  	-0.4477  	-0.0811  	-0.0556  	-0.0828  	-0.2990  	0.30060  	0.29786  	-0.0692  	0.25068  	0.28196  	0.12667  	-0.0344  	-0.2389  	0.32952  	-0.0441  	0.04014  	0.00862  	-0.0108  	-0.1047  	-0.0558  	0.04128  	0.00378  	0.06069  	-0.0243  	0.01783  	0.01013  	-0.0058  	0.02262  	0.01195  	-0.0274  	0.04749  	0.00183  	-0.0382  	0.04067  	-0.0063  	-0.0006  	0.04413  	-0.0144  	-0.0074  	-0.0267  	0.03628  	-0.0031  	0.02322  	-0.2291  	
0.02573  	-0.0279  	-0.0228  	0.85539  	0.23579  	0.59113  	0.11897  	-0.7821  	0.21237  	-0.0598  	0.08246  	0.42832  	0.01344  	-0.6552  	-1.2761  	1.09790  	-0.1399  	0.36210  	-0.2828  	0.62225  	-0.1153  	-0.1563  	-0.8073  	0.39862  	-0.0508  	-0.1926  	-0.4884  	-0.0789  	-0.0509  	-0.1258  	-0.3019  	0.29863  	0.30281  	-0.0652  	0.24610  	0.32689  	0.11661  	-0.0235  	-0.2232  	0.34124  	-0.0160  	0.03913  	0.02454  	0.00235  	-0.1019  	-0.0585  	0.04086  	0.02213  	0.05695  	-0.0300  	0.01882  	0.01365  	-0.0080  	0.02975  	0.01118  	-0.0270  	0.04158  	0.00522  	-0.0360  	0.03108  	-0.0002  	-0.0140  	0.02463  	-0.0182  	-0.0074  	-0.0267  	0.03628  	-0.0031  	0.02322  	-0.2291  	
-0.0378  	0.02363  	-0.0623  	0.82006  	0.21749  	0.48583  	0.01409  	-0.7380  	0.14399  	-0.0547  	0.24203  	0.49688  	0.03975  	-0.6773  	-0.9451  	0.90185  	-0.0413  	0.15536  	-0.2120  	0.29316  	0.14325  	-0.3641  	-1.0482  	0.52644  	-0.2797  	-0.0755  	-0.4183  	-0.3486  	-0.2228  	-0.1661  	-0.1258  	0.29301  	0.21553  	-0.2595  	0.29656  	0.25476  	0.18400  	-0.0285  	-0.4469  	0.20682  	0.04290  	0.19839  	-0.1614  	0.04496  	-0.1630  	-0.0236  	0.01201  	0.01512  	0.03436  	-0.0313  	0.01737  	0.01595  	-0.0033  	0.03099  	0.00443  	-0.0299  	0.03642  	-0.0069  	-0.0351  	0.03881  	0.00236  	-0.0054  	-0.0033  	-0.0167  	-0.0074  	-0.0267  	0.03628  	-0.0031  	0.02322  	-0.2291  	
0.16655  	0.06173  	0.12730  	1.00749  	0.27502  	0.64243  	0.04598  	-0.6053  	0.15546  	-0.1420  	0.00415  	0.45202  	0.21936  	-0.4499  	-0.7102  	0.82022  	0.04634  	-0.0479  	-0.1802  	0.02791  	0.13330  	-0.5239  	-1.2342  	0.50615  	-0.3952  	-0.0290  	-0.4033  	-0.4549  	-0.0596  	-0.1927  	-0.0419  	0.23669  	0.16502  	-0.3689  	0.27476  	0.20398  	-0.0083  	-0.0639  	-0.4668  	0.16670  	0.07665  	0.30172  	-0.2437  	0.11637  	-0.2034  	-0.0236  	-0.0053  	0.04100  	0.04123  	-0.0595  	0.02217  	0.02292  	-0.0121  	0.04715  	0.01220  	-0.0352  	0.03020  	-0.0188  	-0.0379  	0.04505  	0.01561  	0.00842  	0.00571  	-0.0141  	-0.0074  	-0.0267  	0.03628  	-0.0031  	0.02322  	-0.2291  	
0.34055  	0.08602  	0.27261  	0.92103  	0.16908  	0.63583  	0.11037  	-0.5478  	0.21910  	-0.1050  	-0.0395  	0.32220  	0.25456  	-0.4373  	-0.7969  	0.80277  	0.08200  	-0.0682  	-0.1588  	-0.0852  	0.10859  	-0.5315  	-1.2049  	0.39088  	-0.2601  	0.00409  	-0.4162  	-0.5038  	0.05340  	-0.1670  	-0.0152  	0.21337  	0.14489  	-0.3854  	0.14707  	0.21486  	-0.0224  	-0.0042  	-0.4245  	0.13390  	0.15610  	0.29965  	-0.2034  	0.15088  	-0.2303  	-0.0241  	-0.0208  	0.09397  	0.05911  	-0.0620  	0.02089  	0.02389  	0.00706  	0.06268  	0.02538  	-0.0229  	0.02316  	-0.0247  	-0.0425  	0.05291  	0.01767  	-0.0026  	0.00827  	-0.0156  	-0.0074  	-0.0267  	0.03628  	-0.0031  	0.02322  	-0.2291  	
0.26214  	0.14035  	0.22850  	0.96381  	0.22679  	0.62493  	0.08583  	-0.5429  	0.23288  	-0.0062  	-0.0731  	0.30517  	0.23240  	-0.4785  	-0.7936  	0.84331  	0.05107  	-0.0659  	-0.1689  	-0.0620  	0.08667  	-0.4607  	-1.1328  	0.36489  	-0.1464  	-0.0139  	-0.3554  	-0.4689  	0.03314  	-0.1075  	-0.0565  	0.22558  	0.10723  	-0.3547  	0.13505  	0.20604  	0.00748  	-0.0135  	-0.4055  	0.16379  	0.09158  	0.27860  	-0.1804  	0.13626  	-0.2186  	-0.0220  	-0.0202  	0.07925  	0.06334  	-0.0434  	0.01889  	0.01977  	-0.0022  	0.05849  	0.02655  	-0.0303  	0.02272  	-0.0236  	-0.0438  	0.05693  	0.00999  	-0.0001  	0.01205  	-0.0130  	-0.0074  	-0.0267  	0.03628  	-0.0031  	0.02322  	-0.2291  	
0.12235  	0.04372  	-0.0010  	1.08319  	0.27284  	0.52580  	0.08483  	-0.6928  	0.17616  	-0.0499  	-0.1222  	0.31281  	0.15204  	-0.5157  	-0.7630  	0.87639  	-0.0026  	0.10375  	-0.2233  	0.23219  	0.00361  	-0.2955  	-0.9984  	0.43572  	-0.1196  	-0.0981  	-0.3211  	-0.4120  	-0.0526  	-0.0953  	-0.1591  	0.25032  	0.18639  	-0.2273  	0.26891  	0.24658  	0.08804  	-0.0374  	-0.3646  	0.22037  	0.01469  	0.20099  	-0.1166  	0.05368  	-0.1607  	-0.0408  	0.00573  	0.03743  	0.06798  	-0.0415  	0.02109  	0.02150  	-0.0134  	0.04547  	0.01375  	-0.0262  	0.03507  	-0.0068  	-0.0413  	0.03055  	0.00502  	0.00350  	0.00946  	-0.0210  	-0.0074  	-0.0267  	0.03628  	-0.0031  	0.02322  	-0.2291  	
0.01304  	-0.0740  	0.00713  	0.83988  	0.14604  	0.57698  	0.06568  	-0.7897  	0.20288  	-0.0316  	0.19208  	0.36368  	-0.0297  	-0.7926  	-1.2936  	1.17644  	-0.1088  	0.29086  	-0.2756  	0.58073  	-0.0299  	-0.1893  	-0.8181  	0.40544  	-0.1293  	-0.2034  	-0.4323  	-0.2096  	-0.2295  	-0.1210  	-0.2967  	0.34366  	0.28121  	-0.0914  	0.29075  	0.32539  	0.23497  	-0.0246  	-0.3091  	0.30412  	-0.0323  	0.01529  	0.01815  	-0.0024  	-0.0891  	-0.0543  	0.04962  	-0.0086  	0.06667  	-0.0311  	0.01448  	-0.0005  	-0.0102  	0.02418  	0.00494  	-0.0344  	0.04508  	0.00609  	-0.0483  	0.02617  	-0.0081  	-0.0019  	0.04099  	-0.0114  	-0.0074  	-0.0267  	0.03628  	-0.0031  	0.02322  	-0.2291  	
-0.0295  	-0.1138  	0.00946  	0.85321  	0.20396  	0.49612  	0.09085  	-0.8828  	0.19635  	0.08160  	0.21107  	0.45104  	-0.0663  	-0.8942  	-1.5062  	1.21834  	-0.1535  	0.35301  	-0.2471  	0.60960  	-0.1961  	-0.1807  	-0.9002  	0.45570  	-0.0144  	-0.2036  	-0.4156  	-0.0756  	-0.1266  	-0.1180  	-0.2936  	0.36470  	0.23842  	-0.0972  	0.23799  	0.46477  	0.13370  	-0.0123  	-0.2517  	0.32619  	-0.0067  	0.04885  	0.00442  	-0.0235  	-0.0979  	-0.0629  	0.03424  	0.01506  	0.07315  	-0.0357  	0.02055  	0.01237  	-0.0026  	0.02801  	0.01483  	-0.0361  	0.05040  	0.00409  	-0.0277  	0.04020  	-0.0007  	-0.0124  	0.05242  	-0.0109  	-0.0074  	-0.0267  	0.03628  	-0.0031  	0.02322  	-0.2291  	
-0.0957  	-0.1053  	-0.1363  	0.71978  	0.14505  	0.50995  	0.09749  	-0.9265  	0.17797  	0.04152  	0.09562  	0.36942  	-0.0930  	-0.8848  	-1.5170  	1.08874  	-0.1175  	0.41303  	-0.2615  	0.62313  	-0.2209  	-0.2145  	-0.8497  	0.40080  	0.00470  	-0.1923  	-0.4577  	0.02643  	-0.0100  	-0.0992  	-0.2843  	0.33631  	0.23624  	-0.0780  	0.19457  	0.47597  	0.07669  	-0.0286  	-0.2168  	0.32007  	0.00932  	0.03159  	0.01654  	-0.0007  	-0.0934  	-0.0599  	0.03334  	0.00887  	0.06030  	-0.0366  	0.02989  	0.01321  	-0.0021  	0.02397  	0.01623  	-0.0338  	0.04963  	0.00930  	-0.0330  	0.03226  	-0.0032  	-0.0156  	0.04704  	-0.0116  	-0.0074  	-0.0267  	0.03628  	-0.0031  	0.02322  	-0.2291  	
-0.1634  	-0.0671  	-0.1193  	0.77425  	0.12263  	0.50006  	0.07912  	-0.9086  	0.13139  	-0.0303  	0.05958  	0.33818  	-0.0907  	-0.7902  	-1.4061  	0.95851  	-0.1076  	0.39108  	-0.2709  	0.61412  	-0.1620  	-0.1811  	-0.7781  	0.42514  	-0.0143  	-0.1876  	-0.4405  	-0.0625  	-0.0155  	-0.0990  	-0.2972  	0.32190  	0.25012  	-0.0628  	0.21220  	0.43844  	0.11789  	-0.0139  	-0.2375  	0.30626  	-0.0047  	0.02276  	0.01110  	-0.0083  	-0.0915  	-0.0540  	0.03580  	0.00470  	0.05846  	-0.0374  	0.01935  	0.00956  	0.00085  	0.02342  	0.01083  	-0.0368  	0.05132  	0.01369  	-0.0276  	0.02918  	-0.0070  	-0.0235  	0.04299  	-0.0109  	-0.0074  	-0.0267  	0.03628  	-0.0031  	0.02322  	-0.2291  	
-0.1062  	-0.0484  	-0.0990  	0.69018  	0.08910  	0.46602  	0.07815  	-0.8619  	0.16938  	-0.0615  	0.11820  	0.35861  	-0.0632  	-0.7873  	-1.3203  	0.98543  	-0.1256  	0.39811  	-0.2784  	0.62102  	-0.1307  	-0.1703  	-0.7757  	0.38150  	-0.0524  	-0.1863  	-0.4848  	-0.0572  	-0.0477  	-0.1302  	-0.2869  	0.31464  	0.29366  	-0.0596  	0.21633  	0.40641  	0.13257  	-0.0140  	-0.2283  	0.29110  	0.02456  	0.01402  	0.02179  	-0.0158  	-0.0983  	-0.0625  	0.04847  	0.00301  	0.07093  	-0.0315  	0.01528  	0.01021  	-0.0008  	0.03274  	0.01490  	-0.0340  	0.04140  	0.00777  	-0.0314  	0.03422  	-0.0047  	-0.0115  	0.04172  	-0.0068  	-0.0074  	-0.0267  	0.03628  	-0.0031  	0.02322  	-0.2291  	
-0.1806  	-0.0344  	-0.1225  	0.71042  	0.12580  	0.52573  	0.05067  	-0.7800  	0.21772  	-0.1108  	0.21971  	0.44969  	-0.0718  	-0.7402  	-1.2410  	0.96481  	-0.1097  	0.34288  	-0.2890  	0.56327  	-0.0056  	-0.1679  	-0.7247  	0.42445  	-0.2095  	-0.1659  	-0.5131  	-0.1517  	-0.1675  	-0.1810  	-0.2523  	0.30320  	0.31889  	-0.0778  	0.25926  	0.26573  	0.18446  	-0.0161  	-0.2692  	0.28720  	0.01181  	0.03402  	0.00380  	-0.0145  	-0.0990  	-0.0581  	0.04907  	-0.0134  	0.05607  	-0.0221  	0.00410  	0.01121  	-0.0105  	0.02587  	0.00636  	-0.0394  	0.03985  	0.00532  	-0.0421  	0.02254  	-0.0050  	-0.0029  	0.03475  	-0.0110  	-0.0074  	-0.0267  	0.03628  	-0.0031  	0.02322  	-0.2291  	
-0.0684  	-0.0166  	-0.0431  	0.77476  	0.10639  	0.58299  	0.04533  	-0.7442  	0.23336  	-0.0922  	0.19530  	0.45714  	-0.0378  	-0.6827  	-1.2317  	1.03725  	-0.1077  	0.31509  	-0.2716  	0.58081  	0.02229  	-0.2152  	-0.6954  	0.40644  	-0.2205  	-0.1764  	-0.5243  	-0.1695  	-0.1802  	-0.1859  	-0.2669  	0.30585  	0.32085  	-0.0620  	0.27280  	0.24732  	0.21943  	-0.0045  	-0.2793  	0.27526  	0.01078  	0.01427  	0.01908  	-0.0122  	-0.1006  	-0.0633  	0.05178  	-0.0047  	0.05615  	-0.0200  	0.00615  	0.00780  	-0.0035  	0.02377  	0.00522  	-0.0345  	0.03335  	0.00023  	-0.0371  	0.03190  	0.00260  	0.00289  	0.03850  	-0.0123  	-0.0074  	-0.0267  	0.03628  	-0.0031  	0.02322  	-0.2291  	
0.09454  	0.07456  	0.12709  	0.67142  	0.04359  	0.58556  	0.07996  	-0.6432  	0.27086  	-0.0697  	0.23251  	0.48736  	0.00757  	-0.5539  	-1.2521  	1.11300  	-0.1175  	0.32806  	-0.2834  	0.58564  	0.10649  	-0.1887  	-0.7376  	0.37859  	-0.2071  	-0.1832  	-0.5091  	-0.1951  	-0.2120  	-0.2053  	-0.2542  	0.30007  	0.36300  	-0.0791  	0.26805  	0.26133  	0.24312  	0.01737  	-0.2599  	0.24129  	0.02372  	0.01080  	0.04061  	-0.0194  	-0.1024  	-0.0537  	0.05301  	0.00948  	0.06257  	-0.0192  	0.00941  	0.00891  	0.00085  	0.02925  	0.00599  	-0.0298  	0.03568  	0.00348  	-0.0383  	0.03225  	-0.0001  	0.00248  	0.04515  	-0.0119  	-0.0074  	-0.0267  	0.03628  	-0.0031  	0.02322  	-0.2291  	
-0.0504  	-0.0048  	-0.0128  	0.67849  	0.08982  	0.51952  	0.05966  	-0.7448  	0.23004  	-0.0351  	0.25495  	0.39408  	-0.0365  	-0.6975  	-1.2879  	1.10055  	-0.1077  	0.30167  	-0.2599  	0.57280  	0.03671  	-0.2146  	-0.7789  	0.44131  	-0.1515  	-0.1894  	-0.4424  	-0.1998  	-0.2173  	-0.1810  	-0.2779  	0.34641  	0.31573  	-0.0750  	0.31197  	0.27879  	0.25930  	0.00380  	-0.3045  	0.28267  	-0.0088  	0.02236  	0.02293  	-0.0158  	-0.0985  	-0.0578  	0.04370  	0.00157  	0.05584  	-0.0232  	0.00679  	0.01192  	-0.0036  	0.02299  	0.00430  	-0.0313  	0.03621  	-0.0025  	-0.0348  	0.03763  	0.00237  	-0.0017  	0.04076  	-0.0114  	-0.0074  	-0.0267  	0.03628  	-0.0031  	0.02322  	-0.2291  	
-0.0782  	-0.0431  	-0.0770  	0.90943  	0.21626  	0.58031  	0.05260  	-0.7742  	0.18852  	-0.0650  	0.07095  	0.43462  	-0.0042  	-0.6827  	-1.1361  	1.03428  	-0.1010  	0.29658  	-0.2812  	0.55552  	-0.0629  	-0.1602  	-0.7579  	0.44694  	-0.1314  	-0.1869  	-0.4548  	-0.1788  	-0.1444  	-0.1363  	-0.2678  	0.32382  	0.28633  	-0.0715  	0.27117  	0.27563  	0.19142  	-0.0133  	-0.2717  	0.30237  	-0.0518  	0.02907  	0.01216  	-0.0152  	-0.0985  	-0.0590  	0.04094  	0.00049  	0.06743  	-0.0223  	0.00067  	0.01066  	-0.0097  	0.02511  	0.00854  	-0.0394  	0.03916  	0.00275  	-0.0367  	0.03334  	0.00413  	-0.0050  	0.03649  	-0.0145  	-0.0074  	-0.0267  	0.03628  	-0.0031  	0.02322  	-0.2291  	
0.14784  	0.02897  	0.03452  	0.95035  	0.25082  	0.62863  	0.08307  	-0.6822  	0.25047  	-0.0368  	0.08705  	0.44101  	0.02516  	-0.5178  	-1.0547  	1.09545  	-0.1348  	0.32004  	-0.2754  	0.59874  	0.01992  	-0.1354  	-0.8109  	0.41139  	-0.0995  	-0.2002  	-0.4678  	-0.1600  	-0.1295  	-0.1347  	-0.2986  	0.30976  	0.32589  	-0.0650  	0.30758  	0.27796  	0.16183  	-0.0088  	-0.2612  	0.33697  	-0.0507  	0.03980  	0.00567  	-0.0095  	-0.1040  	-0.0572  	0.03766  	0.01837  	0.06674  	-0.0278  	0.01411  	0.01087  	-0.0063  	0.03469  	0.00810  	-0.0229  	0.03700  	0.00379  	-0.0367  	0.03981  	-0.0016  	0.00150  	0.03773  	-0.0132  	-0.0074  	-0.0267  	0.03628  	-0.0031  	0.02322  	-0.2291  	
0.10834  	0.02964  	-0.0084  	1.05632  	0.28363  	0.64220  	0.10562  	-0.7111  	0.25138  	-0.0548  	-0.0363  	0.41982  	0.08236  	-0.4380  	-0.9057  	0.99889  	-0.1337  	0.30622  	-0.3345  	0.59491  	-0.0858  	-0.1257  	-0.8237  	0.40215  	-0.0862  	-0.1992  	-0.4565  	-0.1164  	-0.0480  	-0.1021  	-0.3008  	0.29128  	0.33504  	-0.0533  	0.30909  	0.29449  	0.09251  	-0.0537  	-0.2075  	0.31507  	-0.0616  	0.04497  	0.00158  	-0.0213  	-0.0883  	-0.0596  	0.04324  	0.00473  	0.07287  	-0.0239  	0.01810  	0.00734  	-0.0096  	0.02228  	0.01193  	-0.0275  	0.03486  	0.01247  	-0.0334  	0.02653  	0.00171  	0.01144  	0.04267  	-0.0124  	-0.0074  	-0.0267  	0.03628  	-0.0031  	0.02322  	-0.2291  	
0.13317  	0.03046  	-0.0114  	1.08259  	0.27628  	0.63437  	0.13795  	-0.7308  	0.24261  	-0.0353  	-0.1319  	0.36337  	0.10518  	-0.3608  	-0.8337  	0.92002  	-0.1223  	0.27753  	-0.3192  	0.54859  	-0.0794  	-0.0648  	-0.7364  	0.40738  	-0.0631  	-0.2073  	-0.4130  	-0.2174  	-0.0727  	-0.0803  	-0.2954  	0.30164  	0.30659  	-0.0536  	0.30805  	0.26046  	0.13493  	-0.0409  	-0.2211  	0.32704  	-0.0566  	0.04906  	0.01553  	-0.0189  	-0.0973  	-0.0553  	0.03925  	0.02326  	0.07871  	-0.0302  	0.01127  	0.01065  	-0.0069  	0.01754  	0.00618  	-0.0274  	0.03539  	0.00254  	-0.0370  	0.03283  	0.00548  	0.00180  	0.03423  	-0.0129  	-0.0074  	-0.0267  	0.03628  	-0.0031  	0.02322  	-0.2291  	
0.02487  	-0.0081  	-0.0341  	0.97660  	0.25372  	0.60146  	0.07910  	-0.7444  	0.22794  	-0.0925  	0.01395  	0.46556  	0.03643  	-0.5634  	-1.1146  	1.01276  	-0.1079  	0.31471  	-0.2971  	0.60255  	-0.0172  	-0.1350  	-0.7654  	0.42110  	-0.0999  	-0.2131  	-0.4183  	-0.1427  	-0.1244  	-0.1221  	-0.2907  	0.30631  	0.30617  	-0.0694  	0.28170  	0.26238  	0.16275  	-0.0293  	-0.2391  	0.33492  	-0.0432  	0.04268  	-0.0013  	-0.0128  	-0.0972  	-0.0606  	0.03623  	0.01430  	0.06903  	-0.0265  	0.01993  	0.01142  	-0.0055  	0.02142  	0.00183  	-0.0271  	0.03945  	0.00150  	-0.0349  	0.03181  	0.00309  	0.00499  	0.03248  	-0.0135  	-0.0074  	-0.0267  	0.03628  	-0.0031  	0.02322  	-0.2291  	
-0.0919  	-0.0895  	-0.1013  	0.85645  	0.20197  	0.58509  	0.06032  	-0.8074  	0.19667  	-0.1067  	0.20889  	0.47374  	-0.0236  	-0.7277  	-1.1185  	1.03104  	-0.1140  	0.29034  	-0.2720  	0.55407  	0.00444  	-0.1660  	-0.7893  	0.49410  	-0.1716  	-0.1647  	-0.4572  	-0.2360  	-0.2735  	-0.1365  	-0.2583  	0.33447  	0.28826  	-0.0981  	0.32447  	0.28969  	0.24629  	-0.0291  	-0.2951  	0.27158  	-0.0342  	0.05806  	-0.0360  	-0.0154  	-0.0890  	-0.0486  	0.04122  	-0.0109  	0.04589  	-0.0062  	-0.0083  	0.00706  	-0.0074  	0.02464  	-0.0009  	-0.0445  	0.04267  	0.00455  	-0.0385  	0.01882  	-0.0018  	-0.0013  	0.02372  	-0.0170  	-0.0074  	-0.0267  	0.03628  	-0.0031  	0.02322  	-0.2291  	
0.19114  	0.05288  	0.06323  	0.86771  	0.21547  	0.65012  	0.09890  	-0.7200  	0.22382  	-0.0698  	-0.0174  	0.36385  	0.08887  	-0.4589  	-0.8754  	0.99833  	-0.1366  	0.27221  	-0.2960  	0.53229  	0.07645  	-0.1102  	-0.7383  	0.47408  	-0.1725  	-0.1885  	-0.4042  	-0.3088  	-0.2653  	-0.1671  	-0.2555  	0.33108  	0.32415  	-0.0751  	0.38508  	0.23849  	0.23079  	-0.0151  	-0.2777  	0.30855  	-0.0870  	0.05196  	0.00318  	-0.0142  	-0.0954  	-0.0622  	0.04123  	0.01407  	0.06975  	-0.0322  	0.01475  	0.01074  	-0.0039  	0.02225  	0.00792  	-0.0220  	0.03360  	-0.0014  	-0.0415  	0.03804  	0.00311  	0.00761  	0.03710  	-0.0114  	-0.0074  	-0.0267  	0.03628  	-0.0031  	0.02322  	-0.2291  	
0.27915  	0.05593  	0.14559  	0.89496  	0.14813  	0.65920  	0.12153  	-0.6460  	0.29607  	-0.0556  	0.02519  	0.37382  	0.10934  	-0.4097  	-1.0156  	1.04053  	-0.1201  	0.28433  	-0.2871  	0.51533  	0.09236  	-0.1155  	-0.7012  	0.38024  	-0.1445  	-0.2112  	-0.4247  	-0.2793  	-0.1953  	-0.1448  	-0.2656  	0.31174  	0.33677  	-0.0650  	0.32585  	0.25042  	0.23190  	0.00732  	-0.2497  	0.28556  	-0.0245  	0.02994  	0.03078  	-0.0139  	-0.1049  	-0.0562  	0.03159  	0.03403  	0.08092  	-0.0283  	0.00681  	0.01318  	-0.0043  	0.02526  	0.01581  	-0.0228  	0.03043  	0.00514  	-0.0364  	0.03484  	0.00372  	0.00479  	0.03957  	-0.0182  	-0.0074  	-0.0267  	0.03628  	-0.0031  	0.02322  	-0.2291  	
0.09345  	0.03966  	0.07926  	0.68871  	0.05185  	0.53440  	0.08379  	-0.7644  	0.22040  	-0.0169  	0.24620  	0.37236  	0.02115  	-0.5869  	-1.2395  	1.06140  	-0.1203  	0.32866  	-0.3081  	0.56313  	0.08264  	-0.1833  	-0.7417  	0.43813  	-0.1747  	-0.1891  	-0.5110  	-0.2665  	-0.2591  	-0.2037  	-0.2380  	0.28157  	0.32153  	-0.0684  	0.29640  	0.25762  	0.23978  	0.00656  	-0.2779  	0.27453  	0.02953  	0.01378  	0.02560  	-0.0214  	-0.1130  	-0.0510  	0.04842  	0.00520  	0.05687  	-0.0208  	0.00459  	0.01393  	-0.0011  	0.02450  	0.00297  	-0.0394  	0.03287  	0.00676  	-0.0384  	0.02832  	-0.0007  	0.00982  	0.04687  	-0.0150  	-0.0074  	-0.0267  	0.03628  	-0.0031  	0.02322  	-0.2291  	
-0.2581  	-0.0851  	-0.1199  	0.52770  	0.03193  	0.45104  	0.09391  	-0.8139  	0.18821  	-0.0148  	0.31010  	0.35470  	-0.1048  	-0.8490  	-1.3968  	1.04490  	-0.1456  	0.40022  	-0.2990  	0.64742  	-0.0253  	-0.1802  	-0.7445  	0.41076  	-0.1793  	-0.1726  	-0.5178  	-0.1221  	-0.1254  	-0.2046  	-0.2608  	0.30266  	0.29839  	-0.0816  	0.23764  	0.32654  	0.16708  	-0.0098  	-0.2708  	0.31009  	0.02904  	0.02876  	0.00440  	-0.0212  	-0.0954  	-0.0553  	0.05187  	-0.0120  	0.04741  	-0.0320  	0.00980  	0.01018  	-0.0028  	0.02686  	0.00787  	-0.0403  	0.04455  	0.00688  	-0.0328  	0.03237  	-0.0028  	-0.0008  	0.03504  	-0.0092  	-0.0074  	-0.0267  	0.03628  	-0.0031  	0.02322  	-0.2291  	
-0.1418  	-0.0776  	-0.1301  	0.78263  	0.13851  	0.49477  	0.05716  	-0.8136  	0.21090  	-0.0661  	0.17571  	0.45180  	-0.0298  	-0.7648  	-1.1978  	1.02207  	-0.1096  	0.34036  	-0.2960  	0.65468  	-0.0693  	-0.2009  	-0.7549  	0.41556  	-0.1596  	-0.1745  	-0.5115  	-0.0793  	-0.1174  	-0.1600  	-0.2746  	0.30984  	0.30598  	-0.0628  	0.25199  	0.30988  	0.14909  	-0.0303  	-0.2828  	0.30680  	-0.0207  	0.03369  	0.00534  	-0.0278  	-0.0825  	-0.0581  	0.04196  	-0.0075  	0.05923  	-0.0237  	0.00777  	0.00958  	-0.0062  	0.02261  	0.00321  	-0.0356  	0.04241  	0.00718  	-0.0307  	0.03014  	-0.0034  	-0.0034  	0.03248  	-0.0167  	-0.0074  	-0.0267  	0.03628  	-0.0031  	0.02322  	-0.2291  	
0.20222  	0.07033  	0.07392  	0.92849  	0.22178  	0.68833  	0.11233  	-0.6682  	0.26155  	-0.0392  	0.09934  	0.46194  	0.04944  	-0.4685  	-1.0456  	1.13613  	-0.1481  	0.30355  	-0.2866  	0.58961  	0.06646  	-0.1099  	-0.8063  	0.41881  	-0.1096  	-0.2010  	-0.4669  	-0.2377  	-0.1994  	-0.1549  	-0.2860  	0.32331  	0.34588  	-0.0647  	0.32416  	0.24768  	0.19168  	-0.0016  	-0.2375  	0.29356  	-0.0442  	0.04076  	0.00994  	-0.0242  	-0.1024  	-0.0546  	0.03287  	0.02766  	0.07170  	-0.0311  	0.01348  	0.01461  	-0.0024  	0.02670  	0.00927  	-0.0237  	0.03392  	-0.0007  	-0.0404  	0.03213  	0.00181  	0.00367  	0.03910  	-0.0119  	-0.0074  	-0.0267  	0.03628  	-0.0031  	0.02322  	-0.2291  	
0.22565  	0.06913  	0.11020  	0.92566  	0.17789  	0.69154  	0.13547  	-0.6727  	0.28656  	-0.0439  	0.10562  	0.39116  	0.07407  	-0.4306  	-1.0513  	1.08727  	-0.1535  	0.30331  	-0.2987  	0.53521  	0.04780  	-0.1139  	-0.7655  	0.43094  	-0.1078  	-0.2145  	-0.4597  	-0.2505  	-0.2009  	-0.1392  	-0.2877  	0.31092  	0.34691  	-0.0714  	0.34272  	0.24583  	0.20495  	-0.0040  	-0.2625  	0.29606  	-0.0284  	0.04046  	0.02587  	-0.0270  	-0.1118  	-0.0560  	0.03191  	0.01802  	0.07458  	-0.0328  	0.01061  	0.01138  	-0.0008  	0.02732  	0.00545  	-0.0242  	0.03179  	0.00240  	-0.0418  	0.03261  	0.00144  	0.00674  	0.03502  	-0.0160  	-0.0074  	-0.0267  	0.03628  	-0.0031  	0.02322  	-0.2291  	
0.05979  	0.02177  	-0.0335  	0.88216  	0.18261  	0.56781  	0.10696  	-0.7127  	0.24437  	-0.0517  	0.14056  	0.46481  	0.08513  	-0.4651  	-1.1019  	0.99821  	-0.1394  	0.32179  	-0.3113  	0.55980  	0.02531  	-0.1275  	-0.7494  	0.43966  	-0.1246  	-0.1983  	-0.4532  	-0.2093  	-0.1879  	-0.1543  	-0.2719  	0.30964  	0.33130  	-0.0810  	0.32951  	0.24037  	0.19131  	-0.0206  	-0.2630  	0.30226  	-0.0369  	0.04003  	0.01240  	-0.0225  	-0.1057  	-0.0590  	0.04425  	0.00643  	0.06761  	-0.0275  	0.00732  	0.00851  	-0.0071  	0.02129  	0.00806  	-0.0336  	0.03173  	-0.0019  	-0.0343  	0.03605  	0.00427  	0.00564  	0.03188  	-0.0121  	-0.0074  	-0.0267  	0.03628  	-0.0031  	0.02322  	-0.2291  	
-0.1266  	-0.0480  	-0.1236  	0.79675  	0.16440  	0.49231  	0.08151  	-0.7616  	0.21164  	-0.0771  	0.21860  	0.48518  	-0.0259  	-0.6913  	-1.1931  	1.00988  	-0.1112  	0.35716  	-0.2695  	0.59585  	0.04281  	-0.1606  	-0.7065  	0.47055  	-0.2130  	-0.1661  	-0.5275  	-0.1621  	-0.2239  	-0.2131  	-0.2515  	0.30472  	0.32595  	-0.0803  	0.27023  	0.24940  	0.19672  	-0.0116  	-0.2738  	0.29802  	-0.0311  	0.02898  	0.00812  	-0.0076  	-0.0931  	-0.0624  	0.05675  	-0.0151  	0.05245  	-0.0115  	0.00451  	0.01042  	-0.0080  	0.02720  	0.00750  	-0.0442  	0.04016  	-0.0015  	-0.0434  	0.02872  	-0.0011  	0.00339  	0.04029  	-0.0122  	-0.0074  	-0.0267  	0.03628  	-0.0031  	0.02322  	-0.2291  	
0.01887  	0.04313  	0.01079  	0.63590  	0.05801  	0.55741  	0.08174  	-0.7259  	0.25700  	-0.0604  	0.30511  	0.42869  	-0.0215  	-0.6627  	-1.3459  	1.09188  	-0.1375  	0.32440  	-0.2603  	0.57158  	0.05944  	-0.1813  	-0.7270  	0.43583  	-0.1947  	-0.1968  	-0.4682  	-0.2127  	-0.2397  	-0.1980  	-0.2447  	0.31608  	0.34000  	-0.0711  	0.31511  	0.26464  	0.27891  	0.00917  	-0.2866  	0.25274  	0.00548  	0.01390  	0.01115  	-0.0386  	-0.0910  	-0.0525  	0.04398  	-0.0025  	0.05658  	-0.0150  	0.00864  	0.01014  	0.00260  	0.01658  	0.00017  	-0.0315  	0.03060  	0.00580  	-0.0385  	0.03201  	-0.0011  	1.17607  	0.04169  	-0.0114  	-0.0074  	-0.0267  	0.03628  	-0.0031  	0.02322  	-0.2291  	
0.03776  	-0.0043  	0.03013  	0.52064  	-0.0431  	0.45324  	0.13292  	-0.7262  	0.26713  	0.10088  	0.32102  	0.34819  	0.02245  	-0.6555  	-1.5224  	1.18229  	-0.1765  	0.40198  	-0.2750  	0.70117  	-0.0262  	-0.2459  	-0.8513  	0.37986  	-0.0954  	-0.2212  	-0.5497  	-0.1559  	-0.1774  	-0.1975  	-0.2517  	0.29373  	0.35412  	-0.0573  	0.27210  	0.34441  	0.17982  	0.01035  	-0.2323  	0.27497  	0.05596  	0.00710  	0.03575  	-0.0430  	-0.1013  	-0.0566  	0.04725  	0.02196  	0.05719  	-0.0152  	0.01451  	0.00460  	0.00060  	0.02582  	0.01427  	-0.0385  	0.03509  	0.00520  	-0.0396  	0.03754  	-0.0048  	-0.0044  	0.05500  	-0.0007  	-0.0074  	-0.0267  	0.03628  	-0.0031  	0.02322  	-0.2291  	
-0.3009  	-0.0859  	-0.1459  	0.46597  	-0.0416  	0.32397  	0.11233  	-0.8095  	0.22106  	0.08779  	0.36999  	0.36047  	-0.0526  	-0.7307  	-1.5714  	1.04697  	-0.1389  	0.43676  	-0.2427  	0.66347  	-0.1238  	-0.2573  	-0.8327  	0.39803  	-0.0768  	-0.1854  	-0.5744  	-0.1462  	-0.1359  	-0.2003  	-0.2242  	0.28797  	0.33083  	-0.0824  	0.26171  	0.36989  	0.13155  	-0.0149  	-0.2472  	0.31184  	0.01558  	0.02865  	0.01230  	-0.0286  	-0.0975  	-0.0544  	0.05241  	0.00116  	0.04720  	-0.0222  	0.00904  	0.01319  	-0.0075  	0.02425  	0.00833  	-0.0435  	0.04065  	-0.0028  	-0.0439  	0.03209  	0.00450  	0.00498  	0.04142  	-0.0054  	-0.0074  	-0.0267  	0.03628  	-0.0031  	0.02322  	-0.2291  	
-0.5005  	-0.1496  	-0.2822  	0.31627  	-0.1013  	0.18918  	0.05943  	-0.8814  	0.17700  	0.11733  	0.43647  	0.36456  	-0.1076  	-0.8580  	-1.5642  	0.85404  	-0.1275  	0.42858  	-0.2770  	0.62041  	-0.1001  	-0.2261  	-0.7956  	0.35134  	-0.1186  	-0.1595  	-0.5522  	-0.1319  	-0.1367  	-0.1890  	-0.2182  	0.27916  	0.31752  	-0.0844  	0.18519  	0.37794  	0.14840  	-0.0151  	-0.2384  	0.28108  	0.02834  	0.02789  	-0.0006  	-0.0406  	-0.0765  	-0.0519  	0.04566  	-0.0196  	0.03651  	-0.0139  	-0.0010  	0.01163  	0.00100  	0.03279  	0.00952  	-0.0454  	0.04126  	0.00463  	-0.0381  	0.03784  	-0.0010  	0.00050  	0.03992  	-0.0080  	-0.0074  	-0.0267  	0.03628  	-0.0031  	0.02322  	-0.2291  	
-0.5362  	-0.1269  	-0.2245  	0.19305  	-0.1515  	0.25895  	0.04739  	-0.8925  	0.15591  	0.09706  	0.42827  	0.30512  	-0.1427  	-0.9390  	-1.5867  	0.86117  	-0.1029  	0.39149  	-0.2799  	0.59595  	-0.0823  	-0.2263  	-0.6635  	0.35338  	-0.1818  	-0.1390  	-0.5662  	-0.1193  	-0.1160  	-0.2169  	-0.2239  	0.26912  	0.27763  	-0.0812  	0.13296  	0.36321  	0.16019  	-0.0073  	-0.2552  	0.27595  	0.06393  	0.02019  	0.01321  	-0.0284  	-0.0908  	-0.0573  	0.05790  	-0.0298  	0.03423  	-0.0115  	-0.0033  	0.01285  	0.00214  	0.03255  	0.00514  	-0.0465  	0.04155  	0.00603  	-0.0407  	0.03517  	0.00191  	-0.0030  	0.04233  	-0.0120  	-0.0074  	-0.0267  	0.03628  	-0.0031  	0.02322  	-0.2291  	
-0.5419  	-0.1551  	-0.2379  	0.22224  	-0.1367  	0.30168  	0.07401  	-0.9311  	0.17591  	0.06781  	0.37196  	0.29134  	-0.1358  	-1.0318  	-1.6647  	0.94365  	-0.0948  	0.42360  	-0.2723  	0.60977  	-0.2257  	-0.2472  	-0.6394  	0.28265  	-0.1874  	-0.1143  	-0.6418  	-0.0262  	-0.0221  	-0.2157  	-0.2114  	0.28248  	0.27941  	-0.0819  	0.03789  	0.36749  	0.09895  	-0.0131  	-0.2189  	0.27895  	0.10015  	0.00979  	0.04337  	0.00362  	-0.0938  	-0.0699  	0.05459  	-0.0077  	0.03986  	-0.0198  	-0.0002  	0.01586  	-0.0038  	0.02598  	0.01579  	-0.0427  	0.03655  	0.00564  	-0.0403  	0.02361  	0.00896  	0.00548  	0.04123  	-0.0081  	-0.0074  	-0.0267  	0.03628  	-0.0031  	0.02322  	-0.2291  	
-0.4639  	-0.1033  	-0.2317  	0.35451  	-0.0657  	0.30630  	0.06310  	-0.8940  	0.18305  	0.05712  	0.24864  	0.36011  	-0.0897  	-1.0001  	-1.5581  	0.95137  	-0.1018  	0.43093  	-0.2613  	0.59536  	-0.2591  	-0.1920  	-0.6602  	0.25849  	-0.1909  	-0.1368  	-0.6485  	-0.0217  	0.00258  	-0.1843  	-0.2184  	0.25742  	0.29081  	-0.0555  	-0.0018  	0.36719  	0.06213  	-0.0231  	-0.2067  	0.30161  	0.10538  	0.00870  	0.04794  	0.00611  	-0.1060  	-0.0635  	0.05116  	0.00611  	0.05551  	-0.0306  	-0.0034  	0.01139  	-0.0067  	0.03375  	0.01567  	-0.0482  	0.04043  	0.00273  	-0.0334  	0.02932  	0.00530  	0.00150  	0.03950  	0.00123  	-0.0074  	-0.0267  	0.03628  	-0.0031  	0.02322  	-0.2291  	
-0.2373  	-0.0625  	-0.1542  	0.71354  	0.11115  	0.41273  	0.05276  	-0.8824  	0.16061  	-0.0345  	0.17252  	0.38397  	-0.0653  	-0.8876  	-1.3410  	0.98401  	-0.1002  	0.37782  	-0.2556  	0.65011  	-0.1643  	-0.1824  	-0.7991  	0.33479  	-0.0481  	-0.1807  	-0.4893  	-0.0218  	-0.0507  	-0.1214  	-0.2858  	0.31219  	0.30040  	-0.0595  	0.17191  	0.37580  	0.11873  	-0.0167  	-0.2371  	0.30466  	-0.0002  	0.03765  	-0.0078  	-0.0199  	-0.0931  	-0.0591  	0.05172  	0.00552  	0.06028  	-0.0421  	0.00991  	0.01090  	-0.0021  	0.03101  	0.00825  	-0.0375  	0.04834  	0.00589  	-0.0262  	0.04005  	-0.0060  	-0.0081  	0.05321  	-0.0074  	-0.0074  	-0.0267  	0.03628  	-0.0031  	0.02322  	-0.2291  	
-0.0992  	-0.0524  	-0.1514  	0.97349  	0.29585  	0.52368  	0.08586  	-0.7708  	0.18452  	-0.0580  	0.12984  	0.46073  	-0.0031  	-0.7016  	-1.1950  	1.09424  	-0.1328  	0.37662  	-0.2906  	0.69495  	-0.1461  	-0.1915  	-0.9162  	0.42783  	-0.0181  	-0.2001  	-0.4959  	-0.0368  	-0.0058  	-0.0915  	-0.3013  	0.27229  	0.29326  	-0.0505  	0.29261  	0.35838  	0.07681  	-0.0469  	-0.2449  	0.32957  	-0.0590  	0.04673  	-0.0247  	-0.0358  	-0.0859  	-0.0568  	0.04007  	-0.0004  	0.06590  	-0.0351  	0.01856  	0.00899  	-0.0043  	0.01933  	0.00936  	-0.0348  	0.04946  	0.00535  	-0.0347  	0.03963  	-0.0047  	-0.0138  	0.04256  	-0.0056  	-0.0074  	-0.0267  	0.03628  	-0.0031  	0.02322  	-0.2291  	
0.07237  	0.01016  	-0.1572  	1.09632  	0.38732  	0.56547  	0.09885  	-0.7625  	0.19658  	-0.0256  	-0.0612  	0.44401  	0.05045  	-0.5454  	-0.9403  	0.98859  	-0.1752  	0.31961  	-0.3135  	0.63013  	-0.1762  	-0.1070  	-0.8869  	0.38793  	-0.0526  	-0.2015  	-0.4945  	0.00119  	-0.0152  	-0.0634  	-0.2767  	0.29905  	0.31549  	-0.0501  	0.31343  	0.31108  	0.07345  	-0.0695  	-0.2123  	0.32170  	-0.0611  	0.04698  	-0.0077  	-0.0230  	-0.1017  	-0.0548  	0.03990  	0.00858  	0.07332  	-0.0321  	0.01604  	0.00641  	-0.0025  	0.02211  	0.00550  	-0.0368  	0.04500  	0.00286  	-0.0334  	0.03394  	-0.0040  	0.00177  	0.03371  	-0.0148  	-0.0074  	-0.0267  	0.03628  	-0.0031  	0.02322  	-0.2291  	
0.15242  	0.00953  	-0.0174  	1.10085  	0.36856  	0.68308  	0.10013  	-0.6854  	0.22232  	-0.0722  	-0.1400  	0.38908  	0.08640  	-0.4122  	-0.7823  	0.96232  	-0.1525  	0.28320  	-0.3074  	0.56894  	-0.0616  	-0.0813  	-0.8016  	0.44836  	-0.0583  	-0.2157  	-0.3963  	-0.1774  	-0.0961  	-0.0737  	-0.3125  	0.30987  	0.33094  	-0.0396  	0.38281  	0.27959  	0.13107  	-0.0500  	-0.2338  	0.34654  	-0.1017  	0.06341  	0.00508  	-0.0231  	-0.0973  	-0.0593  	0.04538  	0.02409  	0.08102  	-0.0338  	0.00792  	0.00944  	-0.0055  	0.02733  	0.01296  	-0.0263  	0.04024  	-0.0015  	-0.0360  	0.03642  	-0.0018  	-0.0013  	0.04430  	-0.0163  	-0.0074  	-0.0267  	0.03628  	-0.0031  	0.02322  	-0.2291  	
0.27536  	0.06419  	0.11574  	0.88284  	0.16449  	0.65321  	0.09449  	-0.6561  	0.27034  	-0.0517  	0.07854  	0.35297  	0.03877  	-0.4566  	-0.9819  	1.08153  	-0.1348  	0.27807  	-0.2840  	0.47512  	0.09382  	-0.0962  	-0.7457  	0.44415  	-0.1375  	-0.2186  	-0.4192  	-0.3206  	-0.2319  	-0.1428  	-0.2625  	0.32988  	0.32516  	-0.0706  	0.36782  	0.23469  	0.23821  	0.00128  	-0.2883  	0.29472  	-0.0520  	0.04736  	0.01991  	-0.0236  	-0.1082  	-0.0570  	0.03472  	0.02205  	0.08106  	-0.0252  	0.00381  	0.01536  	-0.0030  	0.03389  	0.01220  	-0.0251  	0.03175  	0.00098  	-0.0369  	0.03761  	-0.0007  	0.00596  	0.03963  	-0.0211  	-0.0074  	-0.0267  	0.03628  	-0.0031  	0.02322  	-0.2291  	
0.14370  	0.07744  	0.11402  	0.70854  	0.01437  	0.60307  	0.08385  	-0.6291  	0.28555  	-0.0725  	0.30889  	0.42247  	-0.0099  	-0.5273  	-1.0859  	1.09490  	-0.1054  	0.29450  	-0.2602  	0.49892  	0.19250  	-0.1586  	-0.6763  	0.46598  	-0.1980  	-0.1928  	-0.4347  	-0.3754  	-0.3334  	-0.1960  	-0.2561  	0.31613  	0.33903  	-0.0705  	0.34498  	0.19900  	0.31689  	0.04043  	-0.3093  	0.24955  	-0.0211  	0.02226  	0.01208  	-0.0093  	-0.1071  	-0.0525  	0.04114  	0.01030  	0.06227  	-0.0142  	-0.0042  	0.01356  	-0.0017  	0.03655  	0.00358  	-0.0319  	0.02979  	0.00835  	-0.0430  	0.03219  	-0.0007  	0.01152  	0.03949  	-0.0149  	-0.0074  	-0.0267  	0.03628  	-0.0031  	0.02322  	-0.2291  	
