0.13932  	0.09724  	0.17709  	0.56552  	-0.0303  	0.49116  	0.11117  	-0.4824  	0.25303  	-0.0565  	0.29278  	0.36116  	0.00425  	-0.3990  	-0.7991  	0.91521  	-0.0657  	0.19290  	-0.2722  	0.33400  	0.19078  	-0.2090  	-0.4516  	0.35313  	-0.2618  	-0.1502  	-0.2931  	-0.3452  	-0.3278  	-0.1541  	-0.1994  	0.27423  	0.28261  	-0.0645  	0.29929  	0.12135  	0.30283  	0.06377  	-0.2490  	0.16484  	-0.0345  	0.03053  	0.01804  	-0.0294  	-0.0833  	-0.0424  	0.03456  	0.00585  	0.04840  	-0.0091  	0.00028  	0.01875  	0.00170  	0.03200  	0.00279  	-0.0219  	0.01912  	0.00490  	-0.0349  	0.03383  	0.00814  	0.00330  	0.03167  	-0.0051  	-0.0069  	-0.0242  	0.03589  	-0.0073  	0.02253  	-0.2797  	
0.13932  	0.09724  	0.17709  	0.56552  	-0.0303  	0.49116  	0.11117  	-0.4824  	0.25303  	-0.0565  	0.29278  	0.36116  	0.00425  	-0.3990  	-0.7991  	0.91521  	-0.0657  	0.19290  	-0.2722  	0.33400  	0.19078  	-0.2090  	-0.4516  	0.35313  	-0.2618  	-0.1502  	-0.2931  	-0.3452  	-0.3278  	-0.1541  	-0.1994  	0.27423  	0.28261  	-0.0645  	0.29929  	0.12135  	0.30283  	0.06377  	-0.2490  	0.16484  	-0.0345  	0.03053  	0.01804  	-0.0294  	-0.0833  	-0.0424  	0.03456  	0.00585  	0.04840  	-0.0091  	0.00028  	0.01875  	0.00170  	0.03200  	0.00279  	-0.0219  	0.01912  	0.00490  	-0.0349  	0.03383  	0.00814  	0.00330  	0.03167  	-0.0051  	-0.0069  	-0.0242  	0.03589  	-0.0073  	0.02253  	-0.2797  	
0.14885  	0.09818  	0.17854  	0.58286  	-0.0155  	0.50375  	0.11659  	-0.4824  	0.24895  	-0.0618  	0.26241  	0.35035  	0.01803  	-0.3854  	-0.7927  	0.91508  	-0.0648  	0.19779  	-0.2685  	0.33455  	0.17696  	-0.2005  	-0.4597  	0.36109  	-0.2451  	-0.1503  	-0.2808  	-0.3475  	-0.3097  	-0.1493  	-0.2023  	0.26936  	0.27904  	-0.0645  	0.30361  	0.13028  	0.28433  	0.05385  	-0.2397  	0.17257  	-0.0466  	0.03195  	0.01641  	-0.0293  	-0.0827  	-0.0426  	0.03452  	0.00923  	0.05167  	-0.0089  	0.00520  	0.01763  	0.00155  	0.02997  	0.00309  	-0.0216  	0.01864  	0.00576  	-0.0356  	0.03295  	0.00665  	0.00425  	0.03518  	-0.0058  	-0.0069  	-0.0242  	0.03589  	-0.0073  	0.02253  	-0.2797  	
0.16223  	0.09066  	0.18700  	0.62920  	0.02162  	0.53254  	0.12027  	-0.4956  	0.22382  	-0.0573  	0.20151  	0.32690  	0.04257  	-0.3494  	-0.7758  	0.89798  	-0.0712  	0.20041  	-0.2754  	0.33495  	0.14661  	-0.1984  	-0.4857  	0.35882  	-0.1961  	-0.1555  	-0.2809  	-0.3157  	-0.2552  	-0.1321  	-0.2043  	0.26124  	0.27008  	-0.0663  	0.30145  	0.15041  	0.24837  	0.02276  	-0.2290  	0.18400  	-0.0540  	0.03897  	0.00648  	-0.0299  	-0.0801  	-0.0415  	0.03161  	0.01370  	0.05528  	-0.0084  	0.01130  	0.01631  	0.00308  	0.02549  	0.00335  	-0.0198  	0.01844  	0.00592  	-0.0351  	0.03317  	0.00681  	0.00604  	0.03833  	-0.0062  	-0.0069  	-0.0242  	0.03589  	-0.0073  	0.02253  	-0.2797  	
0.21325  	0.05406  	0.22059  	0.69830  	0.08289  	0.56123  	0.13813  	-0.5234  	0.24010  	0.03246  	0.02986  	0.27848  	0.11815  	-0.2983  	-0.7911  	0.82950  	-0.0767  	0.23931  	-0.2932  	0.37663  	-0.0044  	-0.1768  	-0.5432  	0.28098  	-0.1433  	-0.1578  	-0.3522  	-0.2147  	-0.1376  	-0.1040  	-0.2056  	0.24679  	0.26676  	-0.0546  	0.19835  	0.18162  	0.16131  	-0.0011  	-0.1619  	0.23422  	-0.0211  	0.03752  	0.04210  	-0.0107  	-0.0803  	-0.0401  	0.02257  	0.03201  	0.06439  	-0.0120  	0.01349  	0.01314  	-0.0007  	0.02120  	0.00603  	-0.0172  	0.01999  	-0.0008  	-0.0308  	0.03525  	0.00906  	0.00202  	0.03280  	-0.0050  	-0.0069  	-0.0242  	0.03589  	-0.0073  	0.02253  	-0.2797  	
0.12854  	0.02356  	0.07901  	0.62980  	0.07714  	0.38828  	0.18524  	-0.6143  	0.19372  	0.07492  	0.02724  	0.20498  	0.09613  	-0.3132  	-0.7677  	0.71732  	-0.0832  	0.25456  	-0.2936  	0.40025  	-0.0334  	-0.1950  	-0.5702  	0.29720  	-0.1014  	-0.1758  	-0.3143  	-0.2284  	-0.1088  	-0.0852  	-0.2174  	0.23916  	0.24254  	-0.0648  	0.24564  	0.21278  	0.14872  	-0.0118  	-0.1741  	0.26070  	-0.0129  	0.04198  	0.02460  	-0.0114  	-0.0772  	-0.0418  	0.02578  	0.02050  	0.06375  	-0.0119  	0.01465  	0.01285  	-0.0015  	0.02186  	0.00763  	-0.0211  	0.02536  	-0.0023  	-0.0323  	0.03623  	0.00367  	0.00337  	0.03193  	-0.0059  	-0.0069  	-0.0242  	0.03589  	-0.0073  	0.02253  	-0.2797  	
-0.1272  	-0.0036  	-0.0155  	0.51203  	0.04501  	0.34300  	0.12452  	-0.6335  	0.16555  	0.00238  	0.18665  	0.30728  	-0.0134  	-0.5360  	-0.8959  	0.74376  	-0.0862  	0.25970  	-0.2636  	0.41836  	0.01939  	-0.1917  	-0.5434  	0.32564  	-0.1846  	-0.1302  	-0.3579  	-0.1659  	-0.1552  	-0.1467  	-0.1898  	0.22891  	0.25350  	-0.0624  	0.22087  	0.21509  	0.17839  	-0.0122  	-0.1868  	0.25667  	-0.0195  	0.03931  	0.00138  	-0.0078  	-0.0738  	-0.0497  	0.03762  	-0.0086  	0.04405  	-0.0093  	0.00574  	0.01439  	-0.0024  	0.02834  	0.00187  	-0.0372  	0.03138  	0.00197  	-0.0313  	0.03399  	-0.0017  	-0.0012  	0.02936  	-0.0042  	-0.0069  	-0.0242  	0.03589  	-0.0073  	0.02253  	-0.2797  	
-0.0876  	-0.0426  	0.00042  	0.52203  	0.03658  	0.39417  	0.09549  	-0.6937  	0.15763  	0.04277  	0.16134  	0.31816  	-0.0323  	-0.6932  	-1.0168  	0.89184  	-0.0910  	0.29955  	-0.2532  	0.44012  	-0.0969  	-0.2365  	-0.5877  	0.26458  	-0.1680  	-0.1409  	-0.3965  	-0.0737  	-0.0973  	-0.1061  	-0.2060  	0.24653  	0.22769  	-0.0576  	0.18242  	0.29607  	0.11022  	-0.0090  	-0.1890  	0.25546  	0.01013  	0.03676  	0.01866  	-0.0189  	-0.0758  	-0.0441  	0.03320  	-0.0083  	0.04411  	-0.0160  	0.01893  	0.01629  	0.00089  	0.02255  	0.00674  	-0.0321  	0.03519  	0.00377  	-0.0267  	0.03011  	-0.0031  	-0.0070  	0.03301  	-0.0042  	-0.0069  	-0.0242  	0.03589  	-0.0073  	0.02253  	-0.2797  	
0.04436  	0.00020  	0.08023  	0.66711  	0.13054  	0.43186  	0.13550  	-0.6103  	0.17675  	0.04113  	0.15472  	0.36320  	0.01224  	-0.5555  	-0.9216  	0.93716  	-0.1266  	0.26577  	-0.2690  	0.49098  	-0.0495  	-0.2076  	-0.6503  	0.29360  	-0.1222  	-0.1627  	-0.3357  	-0.0808  	-0.1052  	-0.1024  	-0.2403  	0.25321  	0.25526  	-0.0538  	0.23977  	0.26877  	0.12184  	-0.0193  	-0.1735  	0.25989  	-0.0399  	0.05556  	0.00606  	-0.0237  	-0.0781  	-0.0511  	0.03126  	0.00574  	0.05390  	-0.0227  	0.02566  	0.01476  	-0.0038  	0.02645  	0.00397  	-0.0302  	0.03900  	0.00413  	-0.0257  	0.03003  	-0.0020  	-0.0118  	0.03482  	-0.0069  	-0.0069  	-0.0242  	0.03589  	-0.0073  	0.02253  	-0.2797  	
0.14699  	0.05002  	0.08034  	0.84195  	0.20430  	0.53235  	0.15272  	-0.5767  	0.18674  	0.03812  	0.03770  	0.37178  	0.07677  	-0.3810  	-0.7114  	0.87640  	-0.1044  	0.26393  	-0.2697  	0.47193  	-0.0541  	-0.1606  	-0.6502  	0.26946  	-0.0834  	-0.1607  	-0.3642  	-0.1216  	-0.0242  	-0.0661  	-0.2580  	0.23670  	0.24436  	-0.0459  	0.22138  	0.24452  	0.08181  	-0.0202  	-0.1333  	0.25626  	-0.0401  	0.04540  	0.01252  	-0.0311  	-0.0671  	-0.0432  	0.02138  	0.02336  	0.06088  	-0.0189  	0.02847  	0.01167  	0.00060  	0.01913  	0.00578  	-0.0218  	0.02769  	0.00230  	-0.0256  	0.02802  	-0.0010  	-0.0096  	0.02202  	-0.0072  	-0.0069  	-0.0242  	0.03589  	-0.0073  	0.02253  	-0.2797  	
0.11336  	0.05076  	-0.0102  	0.96433  	0.29620  	0.47036  	0.13097  	-0.5581  	0.18149  	0.01622  	-0.0554  	0.34481  	0.11002  	-0.3077  	-0.6309  	0.80678  	-0.0972  	0.25270  	-0.2736  	0.41142  	-0.0675  	-0.1406  	-0.6344  	0.29913  	-0.0799  	-0.1628  	-0.3366  	-0.1400  	-0.0455  	-0.0443  	-0.2492  	0.24095  	0.26156  	-0.0484  	0.25959  	0.22758  	0.07987  	-0.0330  	-0.1241  	0.27437  	-0.0684  	0.05449  	0.00923  	-0.0231  	-0.0779  	-0.0417  	0.03036  	0.01616  	0.05982  	-0.0155  	0.01484  	0.01778  	-0.0002  	0.02779  	0.01066  	-0.0245  	0.02207  	-0.0004  	-0.0270  	0.03680  	0.00265  	-0.0071  	0.02009  	-0.0121  	-0.0069  	-0.0242  	0.03589  	-0.0073  	0.02253  	-0.2797  	
-0.1403  	-0.0188  	-0.0195  	0.52851  	0.09162  	0.29878  	0.13749  	-0.6471  	0.14977  	0.02085  	0.14221  	0.34569  	-0.0030  	-0.5135  	-0.8645  	0.77379  	-0.0958  	0.28254  	-0.2902  	0.45423  	-0.0155  	-0.2029  	-0.5817  	0.33308  	-0.1456  	-0.1424  	-0.3580  	-0.1044  	-0.0759  	-0.1290  	-0.2111  	0.22265  	0.24274  	-0.0601  	0.20596  	0.22779  	0.14795  	-0.0152  	-0.1826  	0.27433  	-0.0347  	0.04026  	-0.0051  	-0.0269  	-0.0672  	-0.0467  	0.03144  	-0.0067  	0.05025  	-0.0272  	0.00966  	0.01264  	-0.0051  	0.02213  	0.00272  	-0.0344  	0.03336  	0.00382  	-0.0248  	0.03547  	-0.0013  	0.00335  	0.03560  	-0.0017  	-0.0069  	-0.0242  	0.03589  	-0.0073  	0.02253  	-0.2797  	
-0.2855  	-0.0756  	-0.0465  	0.37218  	-0.0740  	0.32190  	0.07982  	-0.6879  	0.13420  	-0.0010  	0.18384  	0.25782  	-0.0687  	-0.7131  	-1.0159  	0.77153  	-0.0597  	0.30554  	-0.2739  	0.43879  	-0.0880  	-0.1999  	-0.4820  	0.25496  	-0.1870  	-0.1207  	-0.4147  	-0.1012  	-0.0716  	-0.1402  	-0.1890  	0.22934  	0.21997  	-0.0607  	0.10537  	0.26219  	0.10579  	0.00167  	-0.1676  	0.24784  	0.03878  	0.02311  	0.01537  	-0.0136  	-0.0765  	-0.0448  	0.03932  	-0.0155  	0.03253  	-0.0123  	0.00466  	0.01671  	-0.0016  	0.02540  	0.00498  	-0.0372  	0.02992  	0.00276  	-0.0306  	0.02768  	0.00365  	-0.0029  	0.03160  	-0.0037  	-0.0069  	-0.0242  	0.03589  	-0.0073  	0.02253  	-0.2797  	
-0.2472  	-0.0565  	-0.0756  	0.41416  	-0.0304  	0.28548  	0.12045  	-0.7113  	0.15800  	0.04078  	0.11837  	0.30150  	-0.0252  	-0.6839  	-1.0195  	0.75856  	-0.0716  	0.33845  	-0.2882  	0.47048  	-0.1847  	-0.2095  	-0.5339  	0.18737  	-0.2030  	-0.1022  	-0.5120  	0.01894  	0.01641  	-0.1414  	-0.1767  	0.20849  	0.24546  	-0.0441  	0.05373  	0.27067  	0.04011  	-0.0138  	-0.1535  	0.25847  	0.06974  	0.01416  	0.04325  	-0.0169  	-0.0832  	-0.0492  	0.03620  	0.00608  	0.04103  	-0.0095  	0.00786  	0.01524  	-0.0025  	0.02453  	0.00631  	-0.0354  	0.03204  	0.00101  	-0.0291  	0.02653  	0.00231  	0.00143  	0.03267  	-0.0014  	-0.0069  	-0.0242  	0.03589  	-0.0073  	0.02253  	-0.2797  	
-0.2671  	-0.0319  	-0.0430  	0.38891  	-0.0079  	0.25110  	0.11493  	-0.7155  	0.16632  	0.08318  	0.17073  	0.30638  	-0.0316  	-0.6455  	-1.0943  	0.79203  	-0.0883  	0.35403  	-0.2811  	0.48501  	-0.2001  	-0.2406  	-0.5731  	0.18523  	-0.2004  	-0.1160  	-0.5207  	0.03120  	0.02236  	-0.1453  	-0.1792  	0.21181  	0.25187  	-0.0393  	0.07907  	0.30026  	0.01756  	-0.0241  	-0.1479  	0.25263  	0.07440  	0.01316  	0.03779  	-0.0183  	-0.0791  	-0.0513  	0.03992  	0.00927  	0.04274  	-0.0151  	0.00897  	0.01425  	-0.0011  	0.02547  	0.00779  	-0.0323  	0.02839  	0.00071  	-0.0286  	0.02711  	0.00436  	0.00024  	0.03286  	-0.0006  	-0.0069  	-0.0242  	0.03589  	-0.0073  	0.02253  	-0.2797  	
-0.3086  	-0.0586  	-0.0819  	0.32306  	-0.0532  	0.21087  	0.11820  	-0.7320  	0.14755  	0.06941  	0.24864  	0.26843  	-0.0805  	-0.7142  	-1.0913  	0.79156  	-0.0734  	0.32368  	-0.2759  	0.45277  	-0.1426  	-0.2395  	-0.5570  	0.19349  	-0.1753  	-0.1195  	-0.4562  	-0.0272  	-0.0268  	-0.1376  	-0.1914  	0.23166  	0.22584  	-0.0460  	0.09730  	0.30292  	0.07716  	0.00123  	-0.1630  	0.22185  	0.06441  	0.02070  	0.02622  	-0.0172  	-0.0758  	-0.0555  	0.04084  	-0.0053  	0.04133  	-0.0140  	0.01245  	0.01613  	0.00059  	0.02837  	0.00796  	-0.0371  	0.03073  	0.00648  	-0.0272  	0.02826  	0.00468  	-0.0014  	0.03843  	-0.0036  	-0.0069  	-0.0242  	0.03589  	-0.0073  	0.02253  	-0.2797  	
-0.3854  	-0.0981  	-0.1282  	0.31751  	-0.0686  	0.19386  	0.11050  	-0.7315  	0.13321  	0.09842  	0.25880  	0.26985  	-0.0883  	-0.7537  	-1.1153  	0.77387  	-0.0854  	0.31764  	-0.2718  	0.45405  	-0.1728  	-0.2369  	-0.5383  	0.19712  	-0.1817  	-0.1148  	-0.4648  	-0.0203  	0.00134  	-0.1275  	-0.1816  	0.22543  	0.22763  	-0.0475  	0.07069  	0.29474  	0.05318  	-0.0095  	-0.1543  	0.23844  	0.06782  	0.03122  	0.02536  	-0.0144  	-0.0739  	-0.0510  	0.04033  	-0.0036  	0.04473  	-0.0191  	0.01175  	0.01793  	-0.0017  	0.02707  	0.00731  	-0.0386  	0.03329  	0.00540  	-0.0314  	0.02579  	0.00763  	-0.0021  	0.03354  	-0.0023  	-0.0069  	-0.0242  	0.03589  	-0.0073  	0.02253  	-0.2797  	
-0.1941  	-0.0231  	-0.0476  	0.48805  	0.01290  	0.27444  	0.08688  	-0.6207  	0.14063  	0.01203  	0.14050  	0.34971  	0.03552  	-0.6739  	-0.9245  	0.70601  	0.00048  	0.16743  	-0.2216  	0.26307  	-0.0893  	-0.3743  	-0.7439  	0.21581  	-0.2726  	-0.0249  	-0.4771  	-0.0986  	0.03515  	-0.1583  	-0.0915  	0.16895  	0.18128  	-0.1757  	0.06381  	0.24219  	-0.0255  	-0.0178  	-0.2560  	0.18623  	0.09389  	0.12764  	-0.0631  	0.04548  	-0.1265  	-0.0359  	0.02196  	0.01865  	0.03355  	-0.0238  	0.01711  	0.01768  	-0.0031  	0.03253  	0.00785  	-0.0403  	0.03043  	-0.0046  	-0.0285  	0.03414  	0.00592  	-0.0048  	0.02271  	-0.0030  	-0.0069  	-0.0242  	0.03589  	-0.0073  	0.02253  	-0.2797  	
-0.2110  	-0.0071  	-0.0238  	0.43025  	0.01256  	0.24015  	0.07455  	-0.6253  	0.11596  	0.04495  	0.18496  	0.35521  	0.04251  	-0.7483  	-0.9710  	0.71085  	0.03518  	0.09877  	-0.1826  	0.10216  	-0.0773  	-0.5485  	-0.9523  	0.18003  	-0.3110  	0.03857  	-0.5252  	-0.0912  	0.13420  	-0.1768  	-0.0118  	0.13715  	0.11227  	-0.2855  	-0.0203  	0.25005  	-0.1089  	-0.0248  	-0.3134  	0.13366  	0.17997  	0.21744  	-0.1296  	0.09237  	-0.1719  	-0.0152  	0.00070  	0.03080  	0.01708  	-0.0301  	0.02088  	0.02035  	0.00159  	0.05014  	0.01721  	-0.0451  	0.03321  	-0.0129  	-0.0274  	0.03776  	0.00569  	-0.0067  	0.00860  	0.00103  	-0.0069  	-0.0242  	0.03589  	-0.0073  	0.02253  	-0.2797  	
-0.2142  	-0.0324  	0.04155  	0.42500  	-0.0063  	0.22745  	0.07467  	-0.5987  	0.11302  	0.03656  	0.25521  	0.32409  	0.04483  	-0.7498  	-0.9811  	0.73367  	0.03585  	0.08736  	-0.1725  	0.08829  	-0.0853  	-0.5977  	-0.9999  	0.20092  	-0.2987  	0.03986  	-0.5361  	-0.1093  	0.13583  	-0.1783  	0.00261  	0.14059  	0.10115  	-0.3190  	-0.0187  	0.25219  	-0.1010  	-0.0283  	-0.3423  	0.12805  	0.18450  	0.23175  	-0.1502  	0.11500  	-0.1774  	-0.0139  	0.00609  	0.03967  	0.02092  	-0.0420  	0.02649  	0.02073  	0.00473  	0.04933  	0.01802  	-0.0419  	0.03353  	-0.0153  	-0.0257  	0.04274  	0.01049  	-0.0133  	0.01032  	0.00199  	-0.0069  	-0.0242  	0.03589  	-0.0073  	0.02253  	-0.2797  	
-0.2885  	-0.0581  	0.00307  	0.38575  	-0.0464  	0.17217  	0.05492  	-0.6534  	0.10404  	0.05033  	0.27050  	0.30140  	0.01038  	-0.8141  	-1.0683  	0.72882  	0.04539  	0.10119  	-0.1638  	0.12229  	-0.0837  	-0.6023  	-0.9545  	0.23127  	-0.2597  	0.01873  	-0.4718  	-0.1162  	0.09505  	-0.1708  	-0.0216  	0.15714  	0.09635  	-0.2898  	0.01191  	0.26900  	-0.0583  	-0.0331  	-0.3387  	0.12617  	0.14898  	0.21416  	-0.1460  	0.10137  	-0.1501  	-0.0161  	0.00511  	0.01937  	0.02229  	-0.0301  	0.02726  	0.02253  	0.00222  	0.04636  	0.01456  	-0.0372  	0.02735  	-0.0092  	-0.0259  	0.04031  	0.01021  	-0.0107  	0.01296  	-0.0049  	-0.0069  	-0.0242  	0.03589  	-0.0073  	0.02253  	-0.2797  	
-0.3877  	-0.1002  	-0.1326  	0.32472  	-0.0455  	0.17057  	0.09361  	-0.6868  	0.10721  	0.07727  	0.26092  	0.26563  	-0.0511  	-0.7634  	-1.0561  	0.70614  	-0.0214  	0.19153  	-0.2260  	0.24520  	-0.1028  	-0.4321  	-0.7629  	0.22345  	-0.2244  	-0.0331  	-0.4375  	-0.1127  	0.06534  	-0.1482  	-0.0899  	0.17816  	0.14903  	-0.1834  	0.05446  	0.28367  	-0.0058  	-0.0171  	-0.2484  	0.17877  	0.10740  	0.13232  	-0.0813  	0.05176  	-0.1112  	-0.0330  	0.01910  	-0.0018  	0.02210  	-0.0265  	0.01543  	0.02118  	0.00092  	0.03601  	0.01089  	-0.0377  	0.02911  	-0.0022  	-0.0276  	0.03663  	0.00953  	-0.0082  	0.01689  	-0.0053  	-0.0069  	-0.0242  	0.03589  	-0.0073  	0.02253  	-0.2797  	
-0.3127  	-0.0558  	-0.0437  	0.35937  	-0.0203  	0.27162  	0.12801  	-0.7157  	0.14653  	0.04951  	0.14135  	0.28213  	-0.0350  	-0.6710  	-1.0794  	0.77953  	-0.0795  	0.33157  	-0.2888  	0.47802  	-0.1987  	-0.2383  	-0.5531  	0.17841  	-0.1685  	-0.1163  	-0.4888  	0.04010  	0.03234  	-0.1236  	-0.1884  	0.19642  	0.23323  	-0.0442  	0.04423  	0.30019  	0.02959  	-0.0226  	-0.1300  	0.24844  	0.05177  	0.02679  	0.03242  	-0.0191  	-0.0797  	-0.0512  	0.04004  	0.00447  	0.03770  	-0.0109  	0.01062  	0.01519  	-0.0041  	0.02354  	0.00857  	-0.0357  	0.03295  	0.00348  	-0.0272  	0.02521  	0.00441  	-0.0032  	0.03541  	-0.0030  	-0.0069  	-0.0242  	0.03589  	-0.0073  	0.02253  	-0.2797  	
-0.3421  	-0.0334  	-0.0770  	0.36806  	-0.0115  	0.22896  	0.10361  	-0.6951  	0.14923  	0.05631  	0.17412  	0.30516  	-0.0453  	-0.6549  	-1.0419  	0.75449  	-0.0705  	0.31769  	-0.2826  	0.45295  	-0.1469  	-0.2405  	-0.5438  	0.19194  	-0.1890  	-0.1281  	-0.4601  	-0.0278  	-0.0145  	-0.1258  	-0.1880  	0.20273  	0.23936  	-0.0449  	0.09054  	0.27992  	0.07352  	-0.0129  	-0.1548  	0.23381  	0.05319  	0.02106  	0.02466  	-0.0199  	-0.0753  	-0.0438  	0.04269  	-0.0072  	0.03786  	-0.0123  	0.00910  	0.01307  	-0.0032  	0.02864  	0.00412  	-0.0361  	0.03214  	0.00415  	-0.0284  	0.03007  	0.00193  	-0.0005  	0.03520  	-0.0056  	-0.0069  	-0.0242  	0.03589  	-0.0073  	0.02253  	-0.2797  	
-0.2967  	-0.0665  	-0.1001  	0.37140  	-0.0366  	0.27806  	0.06916  	-0.7021  	0.14592  	0.03485  	0.19746  	0.30348  	-0.0571  	-0.7103  	-1.0443  	0.77911  	-0.0642  	0.28925  	-0.2642  	0.43050  	-0.1329  	-0.2247  	-0.4945  	0.20996  	-0.1965  	-0.1042  	-0.4355  	-0.0535  	-0.0517  	-0.1339  	-0.1761  	0.21265  	0.24425  	-0.0475  	0.09967  	0.26389  	0.07819  	-0.0091  	-0.1630  	0.23741  	0.04655  	0.02542  	0.02407  	-0.0119  	-0.0765  	-0.0464  	0.04249  	-0.0028  	0.03280  	-0.0101  	0.01157  	0.01872  	-0.0029  	0.02825  	0.00284  	-0.0347  	0.03374  	0.00256  	-0.0256  	0.02956  	0.00444  	-0.0019  	0.02963  	-0.0044  	-0.0069  	-0.0242  	0.03589  	-0.0073  	0.02253  	-0.2797  	
-0.1553  	-0.0322  	-0.0233  	0.49751  	-0.0052  	0.35346  	0.08201  	-0.6367  	0.16257  	-0.0153  	0.15989  	0.32699  	-0.0294  	-0.5948  	-0.9061  	0.76504  	-0.0665  	0.27769  	-0.2838  	0.43175  	-0.0536  	-0.2219  	-0.5150  	0.25975  	-0.2208  	-0.1109  	-0.4227  	-0.0927  	-0.0845  	-0.1351  	-0.1898  	0.23203  	0.26308  	-0.0594  	0.16036  	0.21544  	0.12046  	-0.0106  	-0.1879  	0.23097  	0.02695  	0.02366  	0.02592  	-0.0210  	-0.0770  	-0.0489  	0.04155  	-0.0072  	0.04003  	-0.0100  	0.01286  	0.01634  	-0.0031  	0.02043  	0.00509  	-0.0352  	0.03161  	0.00209  	-0.0293  	0.03039  	0.00191  	-0.0026  	0.03050  	-0.0017  	-0.0069  	-0.0242  	0.03589  	-0.0073  	0.02253  	-0.2797  	
0.13718  	0.05663  	0.13851  	0.65021  	0.04476  	0.47590  	0.15463  	-0.5301  	0.21004  	-0.0083  	0.13288  	0.30225  	0.03701  	-0.3595  	-0.7561  	0.85923  	-0.1021  	0.24441  	-0.3030  	0.41821  	0.05063  	-0.1992  	-0.5713  	0.28090  	-0.1690  	-0.1406  	-0.3507  	-0.2200  	-0.1481  	-0.1350  	-0.1994  	0.26315  	0.27655  	-0.0627  	0.23656  	0.20134  	0.17389  	0.01594  	-0.1769  	0.23691  	-0.0065  	0.03274  	0.02093  	-0.0229  	-0.0806  	-0.0466  	0.03275  	0.01285  	0.05560  	-0.0068  	0.00917  	0.01672  	0.00046  	0.03022  	0.00757  	-0.0241  	0.02487  	-0.0003  	-0.0348  	0.03631  	0.00429  	0.00901  	0.03498  	-0.0074  	-0.0069  	-0.0242  	0.03589  	-0.0073  	0.02253  	-0.2797  	
0.25434  	0.09104  	0.22225  	0.56557  	0.05018  	0.48957  	0.20963  	-0.5524  	0.20091  	0.10121  	-0.0384  	0.13186  	0.12885  	-0.2741  	-0.7196  	0.71385  	-0.0947  	0.24710  	-0.2690  	0.29606  	-0.0283  	-0.0958  	-0.5087  	0.31315  	-0.0195  	-0.1833  	-0.2712  	-0.2821  	-0.0707  	-0.0586  	-0.1816  	0.23134  	0.24271  	-0.0661  	0.20087  	0.21056  	0.14282  	-0.0053  	-0.1687  	0.26586  	-0.0326  	0.04990  	0.04489  	-0.0179  	-0.0981  	-0.0414  	0.01658  	0.04131  	0.07345  	-0.0252  	0.01567  	0.01566  	-0.0011  	0.02202  	0.00269  	-0.0148  	0.01662  	0.00036  	-0.0343  	0.04107  	0.00240  	0.00406  	0.02838  	-0.0146  	-0.0069  	-0.0242  	0.03589  	-0.0073  	0.02253  	-0.2797  	
-0.0566  	0.01796  	0.05534  	0.57904  	0.08120  	0.29541  	0.15515  	-0.5885  	0.15539  	0.10843  	0.09631  	0.18514  	0.09953  	-0.2604  	-0.7490  	0.72174  	-0.1243  	0.21131  	-0.3004  	0.41883  	0.02410  	-0.1627  	-0.6109  	0.38591  	-0.0764  	-0.1671  	-0.2227  	-0.2777  	-0.1737  	-0.0779  	-0.1945  	0.24515  	0.25498  	-0.0663  	0.30814  	0.20084  	0.15965  	-0.0206  	-0.2194  	0.28919  	-0.0422  	0.06541  	-0.0157  	-0.0256  	-0.0674  	-0.0462  	0.02946  	-0.0033  	0.04730  	-0.0054  	0.01678  	0.01516  	-0.0014  	0.02756  	-0.0006  	-0.0317  	0.02171  	0.00199  	-0.0314  	0.03596  	0.00229  	0.00579  	0.02418  	-0.0115  	-0.0069  	-0.0242  	0.03589  	-0.0073  	0.02253  	-0.2797  	
-0.3828  	-0.0745  	-0.1672  	0.52808  	0.08681  	0.21024  	0.10810  	-0.6572  	0.15045  	0.06127  	0.30584  	0.41521  	0.01091  	-0.5161  	-0.8795  	0.72821  	-0.1474  	0.30377  	-0.3151  	0.52413  	0.02688  	-0.2498  	-0.6012  	0.31189  	-0.2733  	-0.1308  	-0.4492  	-0.0722  	-0.1375  	-0.1504  	-0.1881  	0.20855  	0.27018  	-0.0473  	0.23321  	0.19858  	0.10393  	-0.0358  	-0.2081  	0.26275  	-0.0408  	0.05337  	-0.0353  	-0.0513  	-0.0653  	-0.0439  	0.04436  	-0.0262  	0.03900  	-0.0038  	0.00791  	0.00594  	0.00047  	0.02696  	0.00075  	-0.0330  	0.03224  	6.42697  	-0.0274  	0.03136  	0.00183  	9.04232  	0.02591  	-0.0112  	-0.0069  	-0.0242  	0.03589  	-0.0073  	0.02253  	-0.2797  	
-0.3565  	-0.1015  	-0.1329  	0.32576  	-0.0111  	0.25310  	0.10787  	-0.7150  	0.14127  	0.07417  	0.26409  	0.30806  	-0.0418  	-0.7049  	-1.0753  	0.71919  	-0.0831  	0.35327  	-0.2769  	0.51630  	-0.1545  	-0.2559  	-0.5476  	0.23081  	-0.2136  	-0.1173  	-0.5103  	0.03238  	-0.0118  	-0.1281  	-0.1823  	0.20607  	0.24074  	-0.0372  	0.10993  	0.27559  	0.03350  	-0.0347  	-0.1505  	0.23702  	0.03341  	0.01542  	0.01133  	-0.0293  	-0.0681  	-0.0442  	0.03569  	-0.0116  	0.03680  	-0.0128  	0.00831  	0.01420  	-0.0014  	0.02312  	0.00389  	-0.0409  	0.03624  	0.00803  	-0.0298  	0.03085  	0.00251  	-0.0077  	0.03346  	-0.0088  	-0.0069  	-0.0242  	0.03589  	-0.0073  	0.02253  	-0.2797  	
-0.3690  	-0.0930  	-0.1105  	0.24680  	-0.0482  	0.27730  	0.12595  	-0.7321  	0.11888  	0.08496  	0.17716  	0.27328  	-0.0648  	-0.7455  	-1.1443  	0.75230  	-0.0795  	0.38836  	-0.2714  	0.48583  	-0.2595  	-0.2318  	-0.5400  	0.18869  	-0.1714  	-0.1046  	-0.5125  	0.06216  	0.08120  	-0.1351  	-0.1621  	0.19398  	0.22390  	-0.0518  	-0.0162  	0.31441  	0.00590  	-0.0312  	-0.1133  	0.25031  	0.06776  	0.01087  	0.04273  	-0.0046  	-0.0764  	-0.0502  	0.03603  	0.00470  	0.04030  	-0.0114  	0.00585  	0.01509  	-0.0052  	0.01969  	0.01023  	-0.0403  	0.03361  	0.00319  	-0.0217  	0.03280  	0.00278  	-0.0035  	0.03635  	4.47627  	-0.0069  	-0.0242  	0.03589  	-0.0073  	0.02253  	-0.2797  	
-0.2238  	-0.0557  	-0.0680  	0.41768  	0.00549  	0.33668  	0.09126  	-0.6897  	0.12462  	-0.0024  	0.15295  	0.34369  	-0.0429  	-0.7188  	-0.9723  	0.79222  	-0.0731  	0.31794  	-0.2879  	0.47743  	-0.1700  	-0.2365  	-0.5538  	0.23122  	-0.1549  	-0.1170  	-0.4236  	0.02555  	-0.0117  	-0.1425  	-0.1956  	0.22110  	0.25560  	-0.0504  	0.11254  	0.29484  	0.05751  	-0.0118  	-0.1433  	0.25802  	0.02459  	0.03815  	0.04073  	-0.0094  	-0.0787  	-0.0446  	0.04353  	0.00320  	0.04228  	-0.0138  	0.01210  	0.01862  	0.00049  	0.02543  	0.00785  	-0.0412  	0.03804  	0.00927  	-0.0332  	0.02953  	0.00496  	-0.0103  	0.03725  	0.00073  	-0.0069  	-0.0242  	0.03589  	-0.0073  	0.02253  	-0.2797  	
-0.1497  	-0.0414  	-0.0146  	0.45264  	0.04701  	0.32338  	0.14132  	-0.7119  	0.14783  	0.03225  	0.16437  	0.29994  	-0.0313  	-0.7123  	-0.9887  	0.84805  	-0.1049  	0.35147  	-0.2921  	0.48838  	-0.2109  	-0.2594  	-0.5972  	0.20287  	-0.1499  	-0.1255  	-0.4553  	0.07471  	0.00436  	-0.1398  	-0.1871  	0.22715  	0.25369  	-0.0374  	0.14779  	0.30811  	0.04366  	-0.0166  	-0.1331  	0.25438  	0.03671  	0.02796  	0.02455  	-0.0242  	-0.0763  	-0.0435  	0.04003  	0.00600  	0.04064  	-0.0149  	0.02559  	0.01885  	0.00086  	0.02044  	0.00639  	-0.0335  	0.03749  	0.00684  	-0.0322  	0.02916  	0.00268  	-0.0120  	0.03828  	0.00240  	-0.0069  	-0.0242  	0.03589  	-0.0073  	0.02253  	-0.2797  	
-0.1090  	-0.0377  	0.05771  	0.41906  	-0.0009  	0.28945  	0.15833  	-0.7220  	0.16864  	0.11049  	0.21445  	0.31079  	-0.0420  	-0.7119  	-1.0872  	0.91156  	-0.1224  	0.36977  	-0.3024  	0.54578  	-0.2161  	-0.2733  	-0.6555  	0.15861  	-0.1912  	-0.1474  	-0.5137  	0.07820  	-0.0043  	-0.1373  	-0.1972  	0.23637  	0.24347  	-0.0311  	0.13260  	0.32135  	0.03510  	-0.0220  	-0.1361  	0.26933  	0.04009  	0.02555  	0.01775  	-0.0241  	-0.0855  	-0.0473  	0.03342  	0.00423  	0.04933  	-0.0158  	0.02227  	0.01345  	0.00077  	0.02524  	0.00991  	-0.0277  	0.03667  	0.00685  	-0.0331  	0.02818  	0.00231  	-0.0005  	0.03388  	-0.0007  	-0.0069  	-0.0242  	0.03589  	-0.0073  	0.02253  	-0.2797  	
-0.0866  	-0.0352  	0.06683  	0.31673  	-0.0690  	0.28326  	0.15892  	-0.7154  	0.13560  	0.11632  	0.20047  	0.22097  	-0.0436  	-0.7152  	-1.1684  	0.88314  	-0.1324  	0.36762  	-0.2980  	0.50901  	-0.2265  	-0.2663  	-0.6188  	0.16651  	-0.1649  	-0.1302  	-0.5077  	0.04657  	0.01463  	-0.1225  	-0.1989  	0.23257  	0.24613  	-0.0450  	0.10995  	0.35841  	0.04662  	-0.0245  	-0.1447  	0.26507  	0.03684  	0.02255  	0.02021  	-0.0194  	-0.0806  	-0.0498  	0.03440  	0.00243  	0.05046  	-0.0163  	0.02381  	0.01243  	0.00025  	0.01974  	0.00923  	-0.0395  	0.03628  	0.00567  	-0.0334  	0.02478  	-0.0010  	-0.0087  	0.04032  	-0.0011  	-0.0069  	-0.0242  	0.03589  	-0.0073  	0.02253  	-0.2797  	
-0.3614  	-0.0883  	-0.0856  	0.35506  	-0.0486  	0.19018  	0.11281  	-0.7261  	0.13383  	0.11033  	0.24295  	0.23971  	-0.0271  	-0.6806  	-1.1084  	0.80227  	-0.1037  	0.29638  	-0.2882  	0.49442  	-0.1464  	-0.2524  	-0.6038  	0.23888  	-0.1284  	-0.1386  	-0.4293  	-0.0169  	-0.0234  	-0.1216  	-0.1937  	0.24214  	0.23664  	-0.0486  	0.14293  	0.34011  	0.08387  	-0.0209  	-0.1794  	0.24732  	0.02612  	0.03787  	0.00969  	-0.0284  	-0.0640  	-0.0486  	0.03907  	-0.0127  	0.04010  	-0.0183  	0.01661  	0.01517  	-0.0004  	0.02583  	0.00425  	-0.0382  	0.03219  	0.00784  	-0.0297  	0.02829  	0.00506  	-0.0082  	0.03716  	-0.0003  	-0.0069  	-0.0242  	0.03589  	-0.0073  	0.02253  	-0.2797  	
-0.3503  	-0.0954  	-0.1166  	0.39795  	-0.0071  	0.18770  	0.07129  	-0.6610  	0.10438  	0.00993  	0.23710  	0.30658  	-0.0260  	-0.6820  	-0.9455  	0.64272  	-0.0113  	0.17308  	-0.2310  	0.24666  	-0.0434  	-0.4437  	-0.7525  	0.23670  	-0.2255  	-0.0503  	-0.4103  	-0.1350  	0.03007  	-0.1538  	-0.1125  	0.19050  	0.15542  	-0.1887  	0.09707  	0.26154  	0.01842  	-0.0140  	-0.2684  	0.16457  	0.07804  	0.13174  	-0.0945  	0.04039  	-0.1116  	-0.0319  	0.01836  	0.00015  	0.01861  	-0.0254  	0.01080  	0.01904  	-0.0009  	0.03468  	0.00800  	-0.0392  	0.03212  	-0.0033  	-0.0250  	0.03868  	0.00897  	-0.0092  	0.02495  	-0.0019  	-0.0069  	-0.0242  	0.03589  	-0.0073  	0.02253  	-0.2797  	
-0.2888  	-0.0365  	-0.0067  	0.40737  	0.00080  	0.23605  	0.03308  	-0.5955  	0.11638  	0.01292  	0.18193  	0.34840  	0.03551  	-0.7275  	-0.8963  	0.67815  	0.06591  	0.07027  	-0.1820  	0.05679  	-0.0223  	-0.5582  	-0.8925  	0.19774  	-0.2782  	0.03302  	-0.4622  	-0.1678  	0.11297  	-0.1571  	-0.0233  	0.13596  	0.10211  	-0.2856  	-0.0115  	0.22957  	-0.0739  	-0.0105  	-0.3228  	0.12234  	0.13833  	0.21396  	-0.1461  	0.09306  	-0.1626  	-0.0177  	0.00980  	0.02534  	0.01603  	-0.0311  	0.02359  	0.02659  	-0.0010  	0.04774  	0.01449  	-0.0439  	0.02893  	-0.0102  	-0.0256  	0.04126  	0.01112  	-0.0130  	0.01641  	-0.0023  	-0.0069  	-0.0242  	0.03589  	-0.0073  	0.02253  	-0.2797  	
-0.3191  	-0.0209  	-0.0007  	0.38417  	-0.0400  	0.22962  	0.05283  	-0.5987  	0.12070  	0.02454  	0.18776  	0.29810  	0.03355  	-0.7825  	-0.9645  	0.67158  	0.07930  	0.06735  	-0.1606  	0.03859  	-0.0435  	-0.6066  	-0.9391  	0.18256  	-0.3071  	0.05674  	-0.4934  	-0.1554  	0.12912  	-0.1791  	0.00662  	0.12848  	0.07952  	-0.3110  	-0.0554  	0.23587  	-0.0858  	-0.0152  	-0.3323  	0.10308  	0.18855  	0.22385  	-0.1533  	0.11505  	-0.1771  	-0.0155  	0.00308  	0.03254  	0.01430  	-0.0306  	0.01917  	0.02073  	0.00356  	0.05339  	0.01527  	-0.0421  	0.02743  	-0.0126  	-0.0265  	0.04492  	0.01196  	-0.0068  	0.00930  	-0.0017  	-0.0069  	-0.0242  	0.03589  	-0.0073  	0.02253  	-0.2797  	
-0.3005  	-0.0362  	-0.0031  	0.38993  	-0.0470  	0.24851  	0.04894  	-0.6351  	0.12083  	0.00560  	0.19637  	0.26799  	0.00916  	-0.8385  	-1.0106  	0.69400  	0.06750  	0.08446  	-0.1689  	0.05955  	-0.0616  	-0.5679  	-0.8850  	0.17108  	-0.2950  	0.04198  	-0.4678  	-0.1401  	0.12379  	-0.1690  	-0.0204  	0.15619  	0.09061  	-0.2875  	-0.0473  	0.25086  	-0.0716  	-0.0147  	-0.3101  	0.12275  	0.19244  	0.20586  	-0.1176  	0.10663  	-0.1683  	-0.0202  	0.00344  	0.03105  	0.01715  	-0.0354  	0.01854  	0.02273  	0.00263  	0.05053  	0.01428  	-0.0386  	0.02635  	-0.0119  	-0.0271  	0.04278  	0.01063  	-0.0057  	0.00945  	-0.0030  	-0.0069  	-0.0242  	0.03589  	-0.0073  	0.02253  	-0.2797  	
-0.3459  	-0.0569  	-0.0413  	0.30394  	-0.0711  	0.24959  	0.07543  	-0.6867  	0.11796  	0.02724  	0.21000  	0.23216  	-0.0343  	-0.8253  	-1.0682  	0.73693  	0.01302  	0.19826  	-0.2166  	0.23640  	-0.1041  	-0.4265  	-0.7305  	0.17752  	-0.2274  	-0.0300  	-0.4667  	-0.1006  	0.06119  	-0.1538  	-0.0970  	0.18657  	0.14123  	-0.1797  	-0.0074  	0.27403  	-0.0068  	-0.0054  	-0.2388  	0.17067  	0.14674  	0.12299  	-0.0567  	0.05020  	-0.1272  	-0.0287  	0.02037  	0.01410  	0.02476  	-0.0274  	0.01347  	0.02198  	0.00269  	0.04042  	0.00993  	-0.0394  	0.02601  	-0.0043  	-0.0279  	0.03481  	0.00856  	-0.0087  	0.02066  	-0.0027  	-0.0069  	-0.0242  	0.03589  	-0.0073  	0.02253  	-0.2797  	
-0.4141  	-0.1020  	-0.1365  	0.25848  	-0.0692  	0.18075  	0.12025  	-0.7453  	0.13257  	0.10301  	0.26008  	0.26662  	-0.0738  	-0.7611  	-1.1780  	0.77514  	-0.0966  	0.33599  	-0.2822  	0.47116  	-0.2078  	-0.2416  	-0.5339  	0.18352  	-0.2040  	-0.1077  	-0.4935  	0.02219  	0.02321  	-0.1426  	-0.1744  	0.21469  	0.22815  	-0.0446  	0.04913  	0.30450  	0.03483  	-0.0162  	-0.1442  	0.22994  	0.07637  	0.02394  	0.03222  	-0.0172  	-0.0779  	-0.0478  	0.04012  	-0.0058  	0.04066  	-0.0155  	0.00775  	0.01709  	-0.0003  	0.02368  	0.00651  	-0.0418  	0.02610  	0.00315  	-0.0282  	0.02698  	0.00746  	-0.0006  	0.03437  	-0.0001  	-0.0069  	-0.0242  	0.03589  	-0.0073  	0.02253  	-0.2797  	
-0.4167  	-0.1007  	-0.1801  	0.30577  	-0.0156  	0.14455  	0.12065  	-0.7318  	0.12499  	0.10225  	0.26815  	0.30270  	-0.0692  	-0.7359  	-1.1535  	0.78003  	-0.1006  	0.34501  	-0.2910  	0.48215  	-0.1811  	-0.2406  	-0.5666  	0.20521  	-0.2031  	-0.1151  	-0.4797  	0.02042  	0.02216  	-0.1450  	-0.1831  	0.21976  	0.22857  	-0.0465  	0.07594  	0.30179  	0.03565  	-0.0184  	-0.1427  	0.24431  	0.05920  	0.02100  	0.01447  	-0.0207  	-0.0763  	-0.0452  	0.04118  	-0.0097  	0.03816  	-0.0170  	0.00802  	0.01422  	0.00110  	0.02262  	0.00754  	-0.0385  	0.02682  	0.00103  	-0.0249  	0.03058  	0.00620  	-0.0006  	0.03257  	-0.0032  	-0.0069  	-0.0242  	0.03589  	-0.0073  	0.02253  	-0.2797  	
-0.4192  	-0.0954  	-0.1632  	0.31747  	0.01950  	0.14440  	0.12465  	-0.7198  	0.13134  	0.10249  	0.29041  	0.30355  	-0.0621  	-0.7069  	-1.1311  	0.77759  	-0.0990  	0.33964  	-0.2898  	0.48547  	-0.1563  	-0.2514  	-0.5773  	0.22245  	-0.2164  	-0.1102  	-0.4868  	0.02889  	0.00373  	-0.1564  	-0.1812  	0.21557  	0.23758  	-0.0438  	0.08678  	0.28568  	0.04175  	-0.0260  	-0.1432  	0.23376  	0.05017  	0.02048  	0.01313  	-0.0239  	-0.0777  	-0.0439  	0.03930  	-0.0081  	0.04086  	-0.0183  	0.00979  	0.01297  	0.00070  	0.02013  	0.00748  	-0.0373  	0.02860  	0.00327  	-0.0252  	0.02937  	0.00630  	-0.0010  	0.03180  	-0.0014  	-0.0069  	-0.0242  	0.03589  	-0.0073  	0.02253  	-0.2797  	
-0.3717  	-0.0825  	-0.1319  	0.36717  	0.02469  	0.21117  	0.10473  	-0.7121  	0.14236  	0.07682  	0.21299  	0.33112  	-0.0351  	-0.6912  	-1.0690  	0.77861  	-0.0882  	0.32985  	-0.2764  	0.46597  	-0.1715  	-0.2447  	-0.5582  	0.19339  	-0.2137  	-0.1125  	-0.4944  	0.01395  	0.01720  	-0.1307  	-0.1732  	0.20493  	0.24816  	-0.0483  	0.08942  	0.27550  	0.03129  	-0.0295  	-0.1349  	0.23765  	0.04987  	0.02762  	0.03145  	-0.0235  	-0.0755  	-0.0456  	0.04381  	-0.0024  	0.04343  	-0.0184  	0.01107  	0.01271  	-0.0027  	0.02136  	0.00718  	-0.0361  	0.03016  	0.00247  	-0.0304  	0.02816  	0.00357  	-0.0040  	0.03324  	-0.0018  	-0.0069  	-0.0242  	0.03589  	-0.0073  	0.02253  	-0.2797  	
-0.2518  	-0.0408  	-0.0663  	0.47222  	0.04725  	0.29165  	0.09465  	-0.6641  	0.17251  	0.04467  	0.14311  	0.38143  	-0.0137  	-0.6238  	-0.9600  	0.78460  	-0.0756  	0.32451  	-0.2874  	0.46925  	-0.1313  	-0.2298  	-0.5489  	0.21166  	-0.2477  	-0.1040  	-0.5035  	0.01751  	-0.0145  	-0.1412  	-0.1800  	0.20549  	0.27134  	-0.0436  	0.10206  	0.23449  	0.02907  	-0.0366  	-0.1348  	0.24122  	0.04034  	0.02593  	0.02932  	-0.0240  	-0.0791  	-0.0440  	0.03956  	0.00165  	0.03912  	-0.0116  	0.01076  	0.01527  	-0.0054  	0.01994  	0.00244  	-0.0377  	0.03205  	0.00396  	-0.0321  	0.02625  	0.00016  	-0.0010  	0.03390  	-0.0004  	-0.0069  	-0.0242  	0.03589  	-0.0073  	0.02253  	-0.2797  	
-0.0912  	-0.0283  	-0.0124  	0.74360  	0.16894  	0.42947  	0.09449  	-0.5999  	0.16408  	-0.0283  	0.06781  	0.43807  	0.03385  	-0.4847  	-0.8468  	0.84160  	-0.1281  	0.33981  	-0.2792  	0.51103  	-0.1707  	-0.2280  	-0.6364  	0.27261  	-0.2140  	-0.1318  	-0.4982  	0.04133  	-0.0077  	-0.1089  	-0.2070  	0.21259  	0.27669  	-0.0459  	0.14923  	0.23286  	0.01396  	-0.0521  	-0.1449  	0.26943  	-0.0021  	0.03405  	0.01620  	-0.0235  	-0.0715  	-0.0462  	0.03450  	0.01678  	0.05256  	-0.0141  	0.02834  	0.00783  	-0.0117  	0.01241  	0.00336  	-0.0301  	0.04500  	0.00888  	-0.0346  	0.02492  	-0.0007  	-0.0081  	0.02813  	-0.0085  	-0.0069  	-0.0242  	0.03589  	-0.0073  	0.02253  	-0.2797  	
0.04962  	0.00681  	0.03284  	0.81109  	0.19018  	0.52299  	0.12488  	-0.6127  	0.19391  	0.00773  	0.03063  	0.42061  	0.03586  	-0.4810  	-0.8228  	0.89242  	-0.0848  	0.30356  	-0.2709  	0.46636  	-0.1056  	-0.2190  	-0.5869  	0.24981  	-0.1384  	-0.1395  	-0.4391  	0.01608  	-0.0149  	-0.0960  	-0.2086  	0.23185  	0.26719  	-0.0462  	0.14667  	0.22543  	0.03518  	-0.0168  	-0.1207  	0.27356  	0.00808  	0.02152  	0.03182  	-0.0145  	-0.0842  	-0.0432  	0.02745  	0.02409  	0.05041  	-0.0145  	0.02266  	0.01360  	-0.0074  	0.02214  	0.00892  	-0.0297  	0.03415  	0.00674  	-0.0273  	0.03066  	-0.0040  	-0.0073  	0.03580  	-0.0047  	-0.0069  	-0.0242  	0.03589  	-0.0073  	0.02253  	-0.2797  	
0.03366  	0.01796  	0.05826  	0.68601  	0.14394  	0.48121  	0.13362  	-0.5884  	0.19039  	0.00176  	0.15131  	0.40377  	0.02960  	-0.4564  	-0.8961  	0.90788  	-0.1153  	0.29409  	-0.2709  	0.47440  	-0.0290  	-0.2047  	-0.5837  	0.26119  	-0.1304  	-0.1467  	-0.4050  	-0.0625  	-0.0519  	-0.1161  	-0.2090  	0.21262  	0.26359  	-0.0457  	0.17976  	0.24351  	0.09413  	-0.0212  	-0.1517  	0.23692  	-0.0128  	0.03211  	0.02570  	-0.0148  	-0.0712  	-0.0466  	0.03323  	0.01577  	0.04541  	-0.0145  	0.01732  	0.01073  	-5.4106  	0.02654  	0.00153  	-0.0276  	0.04095  	0.00716  	-0.0338  	0.02546  	-0.0016  	-0.0131  	0.03158  	-0.0006  	-0.0069  	-0.0242  	0.03589  	-0.0073  	0.02253  	-0.2797  	
-0.2123  	-0.0552  	-0.1478  	0.54765  	0.10484  	0.25027  	0.12159  	-0.6508  	0.15813  	0.02972  	0.22353  	0.39970  	-0.0185  	-0.5152  	-0.9159  	0.77578  	-0.1176  	0.34641  	-0.2981  	0.51109  	-0.0538  	-0.2127  	-0.6176  	0.25824  	-0.1789  	-0.1516  	-0.4435  	-0.0133  	-0.0363  	-0.1348  	-0.2051  	0.21344  	0.26956  	-0.0482  	0.18500  	0.23799  	0.07682  	-0.0285  	-0.1608  	0.24051  	-0.0125  	0.03421  	-0.0039  	-0.0326  	-0.0680  	-0.0407  	0.04153  	-0.0078  	0.04656  	-0.0151  	0.01812  	0.01431  	-0.0038  	0.02357  	0.00889  	-0.0332  	0.03406  	0.00369  	-0.0269  	0.03161  	-0.0008  	-0.0032  	0.02873  	-0.0041  	-0.0069  	-0.0242  	0.03589  	-0.0073  	0.02253  	-0.2797  	
-0.3304  	-0.0884  	-0.1902  	0.49559  	0.10183  	0.18286  	0.11736  	-0.6923  	0.15604  	0.04556  	0.28365  	0.37633  	-0.0241  	-0.6158  	-1.0171  	0.75702  	-0.1260  	0.32348  	-0.3011  	0.51447  	-0.1016  	-0.2507  	-0.6043  	0.24325  	-0.2181  	-0.1262  	-0.4732  	0.02560  	-0.0230  	-0.1364  	-0.1922  	0.21683  	0.26329  	-0.0436  	0.15906  	0.25946  	0.05359  	-0.0386  	-0.1628  	0.24562  	-0.0052  	0.04064  	-0.0189  	-0.0383  	-0.0649  	-0.0457  	0.03871  	-0.0155  	0.04530  	-0.0138  	0.01643  	0.01179  	-0.0028  	0.02409  	0.00624  	-0.0327  	0.03384  	0.00313  	-0.0239  	0.02851  	0.00299  	0.00050  	0.03061  	-0.0029  	-0.0069  	-0.0242  	0.03589  	-0.0073  	0.02253  	-0.2797  	
-0.0517  	0.05118  	0.03573  	0.63468  	0.08819  	0.38816  	0.10704  	-0.5877  	0.19707  	-0.0304  	0.13821  	0.40932  	0.06064  	-0.3875  	-0.7346  	0.81986  	-0.0885  	0.25106  	-0.2816  	0.47324  	0.01321  	-0.2552  	-0.5701  	0.32351  	-0.2403  	-0.1443  	-0.4276  	-0.1262  	-0.1391  	-0.1491  	-0.1959  	0.22060  	0.28991  	-0.0517  	0.20226  	0.16839  	0.13496  	-0.0265  	-0.1641  	0.24825  	-0.0232  	0.02791  	0.00449  	-0.0264  	-0.0792  	-0.0430  	0.03227  	0.00803  	0.04091  	-0.0140  	0.00966  	0.01176  	-0.0075  	0.02311  	0.00305  	-0.0267  	0.03119  	0.00023  	-0.0320  	0.02579  	0.01171  	0.00225  	0.03260  	0.00264  	-0.0069  	-0.0242  	0.03589  	-0.0073  	0.02253  	-0.2797  	
0.16371  	0.10378  	0.21638  	0.51592  	-0.0361  	0.45181  	0.11163  	-0.4985  	0.23380  	-0.0114  	0.20469  	0.35602  	0.01499  	-0.4015  	-0.8064  	0.94067  	-0.0926  	0.27496  	-0.2512  	0.38451  	0.11171  	-0.2075  	-0.4950  	0.31383  	-0.2199  	-0.1511  	-0.3494  	-0.2547  	-0.2313  	-0.1414  	-0.2075  	0.26275  	0.28337  	-0.0584  	0.25153  	0.14915  	0.22649  	0.03665  	-0.2197  	0.18945  	-0.0266  	0.03162  	0.02959  	-0.0295  	-0.0787  	-0.0419  	0.02660  	0.01070  	0.05487  	-0.0124  	0.00171  	0.01343  	0.00073  	0.02578  	0.00252  	-0.0260  	0.01901  	0.00300  	-0.0337  	0.03275  	0.00233  	0.00050  	0.02941  	-0.0143  	-0.0069  	-0.0242  	0.03589  	-0.0073  	0.02253  	-0.2797  	
0.22820  	0.06162  	0.27099  	0.51579  	-0.0491  	0.47318  	0.15054  	-0.4927  	0.24731  	0.02577  	0.30620  	0.39471  	-0.0131  	-0.4320  	-0.8801  	0.96082  	-0.0875  	0.22946  	-0.2563  	0.38949  	0.18360  	-0.2142  	-0.4704  	0.30529  	-0.2127  	-0.1554  	-0.3355  	-0.3015  	-0.2718  	-0.1649  	-0.2059  	0.27273  	0.28640  	-0.0540  	0.25120  	0.14563  	0.29145  	0.05153  	-0.2069  	0.17139  	-0.0430  	0.03408  	0.04199  	-0.0138  	-0.0651  	-0.0421  	0.02996  	0.01467  	0.06116  	-0.0048  	0.00780  	0.01322  	0.00327  	0.03040  	0.00381  	-0.0178  	0.01420  	0.00552  	-0.0301  	0.03505  	0.00273  	-0.0003  	0.03661  	-0.0084  	-0.0069  	-0.0242  	0.03589  	-0.0073  	0.02253  	-0.2797  	
0.20862  	0.03046  	0.20983  	0.56588  	0.00941  	0.45522  	0.12328  	-0.5392  	0.22392  	0.03937  	0.27626  	0.34076  	0.00561  	-0.4819  	-0.9439  	1.00114  	-0.1048  	0.22927  	-0.2543  	0.42746  	0.18788  	-0.2231  	-0.5485  	0.31565  	-0.1787  	-0.1681  	-0.3235  	-0.2547  	-0.3250  	-0.1525  	-0.1951  	0.27389  	0.28729  	-0.0661  	0.30096  	0.17271  	0.26293  	0.03211  	-0.2301  	0.18473  	-0.0309  	0.04094  	0.02652  	-0.0292  	-0.0846  	-0.0366  	0.03503  	0.01427  	0.06228  	-0.0118  	0.01904  	0.01476  	0.00289  	0.02525  	0.00518  	-0.0217  	0.02320  	0.00544  	-0.0319  	0.03283  	0.00017  	-0.0042  	0.03743  	-0.0136  	-0.0069  	-0.0242  	0.03589  	-0.0073  	0.02253  	-0.2797  	
0.00261  	-0.0353  	0.14114  	0.53154  	0.02134  	0.41777  	0.09897  	-0.6135  	0.14897  	0.07781  	0.25775  	0.29511  	-0.0425  	-0.5933  	-1.0777  	0.99378  	-0.1175  	0.28220  	-0.2600  	0.46646  	0.04933  	-0.2078  	-0.5989  	0.33239  	-0.1156  	-0.1737  	-0.3255  	-0.1707  	-0.1902  	-0.1274  	-0.2183  	0.28231  	0.24749  	-0.0599  	0.25545  	0.26425  	0.19466  	0.02249  	-0.2004  	0.23082  	-0.0249  	0.03366  	0.01991  	-0.0205  	-0.0767  	-0.0452  	0.03012  	0.01789  	0.04902  	-0.0201  	0.02443  	0.01370  	-0.0011  	0.02348  	0.00713  	-0.0281  	0.03181  	0.00280  	-0.0346  	0.03686  	0.00276  	-0.0182  	0.03309  	-0.0041  	-0.0069  	-0.0242  	0.03589  	-0.0073  	0.02253  	-0.2797  	
-0.1462  	-0.0220  	0.00016  	0.50510  	0.02129  	0.34223  	0.11297  	-0.6978  	0.12451  	0.01306  	0.14123  	0.25204  	-0.0616  	-0.6306  	-0.9910  	0.82264  	-0.1084  	0.29079  	-0.2630  	0.45322  	-0.0660  	-0.2246  	-0.5484  	0.27700  	-0.1198  	-0.1464  	-0.3580  	-0.1047  	-0.0883  	-0.0991  	-0.2184  	0.25279  	0.21423  	-0.0557  	0.20561  	0.32134  	0.14847  	0.00882  	-0.2000  	0.22362  	0.00732  	0.03433  	0.00721  	-0.0179  	-0.0734  	-0.0384  	0.03195  	-0.0121  	0.03993  	-0.0158  	0.02022  	0.01578  	0.00468  	0.02336  	0.00697  	-0.0357  	0.03869  	0.01107  	-0.0297  	0.02504  	-0.0010  	-0.0148  	0.04122  	-0.0042  	-0.0069  	-0.0242  	0.03589  	-0.0073  	0.02253  	-0.2797  	
-0.1400  	-0.0302  	-0.0321  	0.52341  	0.02781  	0.33870  	0.11305  	-0.6662  	0.14136  	-0.0310  	0.17344  	0.25737  	-0.0630  	-0.6228  	-0.8760  	0.75342  	-0.0900  	0.27397  	-0.2755  	0.43317  	-0.0361  	-0.2193  	-0.5257  	0.27805  	-0.1451  	-0.1349  	-0.3617  	-0.1136  	-0.1060  	-0.1165  	-0.2191  	0.25651  	0.23121  	-0.0633  	0.20151  	0.26491  	0.16503  	0.00421  	-0.2024  	0.21650  	0.01173  	0.04070  	0.00498  	-0.0266  	-0.0707  	-0.0448  	0.03733  	-0.0152  	0.03958  	-0.0160  	0.01124  	0.01370  	0.00256  	0.02740  	0.00806  	-0.0348  	0.03868  	0.00942  	-0.0270  	0.02827  	-0.0017  	-0.0057  	0.03949  	-0.0029  	-0.0069  	-0.0242  	0.03589  	-0.0073  	0.02253  	-0.2797  	
-0.0878  	0.00729  	0.01068  	0.52355  	0.00247  	0.35364  	0.10319  	-0.6336  	0.16393  	-0.0475  	0.21949  	0.28160  	-0.0384  	-0.5441  	-0.8137  	0.76214  	-0.0967  	0.24640  	-0.2852  	0.41456  	0.03319  	-0.2080  	-0.5259  	0.29907  	-0.1798  	-0.1426  	-0.3748  	-0.1685  	-0.1550  	-0.1366  	-0.1920  	0.24764  	0.25979  	-0.0577  	0.22861  	0.20437  	0.20005  	0.01453  	-0.2149  	0.20939  	0.00599  	0.04270  	-0.0030  	-0.0276  	-0.0794  	-0.0427  	0.04073  	-0.0189  	0.03545  	-0.0115  	0.00366  	0.01841  	0.00220  	0.03050  	0.00756  	-0.0349  	0.03111  	0.00501  	-0.0280  	0.02869  	0.00464  	0.00044  	0.03430  	-0.0034  	-0.0069  	-0.0242  	0.03589  	-0.0073  	0.02253  	-0.2797  	
0.07754  	0.07592  	0.11272  	0.59264  	-0.0051  	0.43640  	0.10122  	-0.5247  	0.23150  	-0.0536  	0.24607  	0.32364  	0.00153  	-0.4311  	-0.7694  	0.85418  	-0.0724  	0.21244  	-0.2804  	0.35327  	0.16681  	-0.2157  	-0.4998  	0.31656  	-0.2563  	-0.1500  	-0.3173  	-0.3100  	-0.2942  	-0.1599  	-0.2063  	0.26626  	0.27686  	-0.0653  	0.29531  	0.12978  	0.27794  	0.05080  	-0.2584  	0.18477  	-0.0221  	0.02654  	0.00602  	-0.0287  	-0.0792  	-0.0404  	0.03851  	-0.0093  	0.04103  	-0.0051  	0.00306  	0.01612  	0.00031  	0.02978  	0.00225  	-0.0244  	0.02159  	0.00379  	-0.0325  	0.03092  	0.00869  	0.00589  	0.02607  	-0.0085  	-0.0069  	-0.0242  	0.03589  	-0.0073  	0.02253  	-0.2797  	
0.13477  	0.10195  	0.17437  	0.56114  	-0.0400  	0.48494  	0.11104  	-0.4853  	0.25226  	-0.0666  	0.29085  	0.35649  	0.00094  	-0.3989  	-0.7896  	0.90834  	-0.0680  	0.19405  	-0.2692  	0.33229  	0.19882  	-0.2044  	-0.4520  	0.35285  	-0.2573  	-0.1499  	-0.2926  	-0.3489  	-0.3266  	-0.1568  	-0.1974  	0.27284  	0.28222  	-0.0647  	0.30223  	0.11883  	0.30409  	0.06222  	-0.2529  	0.16514  	-0.0318  	0.02999  	0.01849  	-0.0303  	-0.0828  	-0.0431  	0.03561  	0.00583  	0.04767  	-0.0069  	-0.0005  	0.01831  	0.00094  	0.03173  	0.00233  	-0.0215  	0.01948  	0.00513  	-0.0352  	0.03341  	0.00783  	0.00358  	0.03102  	-0.0058  	-0.0069  	-0.0242  	0.03589  	-0.0073  	0.02253  	-0.2797  	
0.13932  	0.09724  	0.17709  	0.56552  	-0.0303  	0.49116  	0.11117  	-0.4824  	0.25303  	-0.0565  	0.29278  	0.36116  	0.00425  	-0.3990  	-0.7991  	0.91521  	-0.0657  	0.19290  	-0.2722  	0.33400  	0.19078  	-0.2090  	-0.4516  	0.35313  	-0.2618  	-0.1502  	-0.2931  	-0.3452  	-0.3278  	-0.1541  	-0.1994  	0.27423  	0.28261  	-0.0645  	0.29929  	0.12135  	0.30283  	0.06377  	-0.2490  	0.16484  	-0.0345  	0.03053  	0.01804  	-0.0294  	-0.0833  	-0.0424  	0.03456  	0.00585  	0.04840  	-0.0091  	0.00028  	0.01875  	0.00170  	0.03200  	0.00279  	-0.0219  	0.01912  	0.00490  	-0.0349  	0.03383  	0.00814  	0.00330  	0.03167  	-0.0051  	-0.0069  	-0.0242  	0.03589  	-0.0073  	0.02253  	-0.2797  	
0.13932  	0.09724  	0.17709  	0.56552  	-0.0303  	0.49116  	0.11117  	-0.4824  	0.25303  	-0.0565  	0.29278  	0.36116  	0.00425  	-0.3990  	-0.7991  	0.91521  	-0.0657  	0.19290  	-0.2722  	0.33400  	0.19078  	-0.2090  	-0.4516  	0.35313  	-0.2618  	-0.1502  	-0.2931  	-0.3452  	-0.3278  	-0.1541  	-0.1994  	0.27423  	0.28261  	-0.0645  	0.29929  	0.12135  	0.30283  	0.06377  	-0.2490  	0.16484  	-0.0345  	0.03053  	0.01804  	-0.0294  	-0.0833  	-0.0424  	0.03456  	0.00585  	0.04840  	-0.0091  	0.00028  	0.01875  	0.00170  	0.03200  	0.00279  	-0.0219  	0.01912  	0.00490  	-0.0349  	0.03383  	0.00814  	0.00330  	0.03167  	-0.0051  	-0.0069  	-0.0242  	0.03589  	-0.0073  	0.02253  	-0.2797  	
0.13932  	0.09724  	0.17709  	0.56552  	-0.0303  	0.49116  	0.11117  	-0.4824  	0.25303  	-0.0565  	0.29278  	0.36116  	0.00425  	-0.3990  	-0.7991  	0.91521  	-0.0657  	0.19290  	-0.2722  	0.33400  	0.19078  	-0.2090  	-0.4516  	0.35313  	-0.2618  	-0.1502  	-0.2931  	-0.3452  	-0.3278  	-0.1541  	-0.1994  	0.27423  	0.28261  	-0.0645  	0.29929  	0.12135  	0.30283  	0.06377  	-0.2490  	0.16484  	-0.0345  	0.03053  	0.01804  	-0.0294  	-0.0833  	-0.0424  	0.03456  	0.00585  	0.04840  	-0.0091  	0.00028  	0.01875  	0.00170  	0.03200  	0.00279  	-0.0219  	0.01912  	0.00490  	-0.0349  	0.03383  	0.00814  	0.00330  	0.03167  	-0.0051  	-0.0069  	-0.0242  	0.03589  	-0.0073  	0.02253  	-0.2797  	
0.13932  	0.09724  	0.17709  	0.56552  	-0.0303  	0.49116  	0.11117  	-0.4824  	0.25303  	-0.0565  	0.29278  	0.36116  	0.00425  	-0.3990  	-0.7991  	0.91521  	-0.0657  	0.19290  	-0.2722  	0.33400  	0.19078  	-0.2090  	-0.4516  	0.35313  	-0.2618  	-0.1502  	-0.2931  	-0.3452  	-0.3278  	-0.1541  	-0.1994  	0.27423  	0.28261  	-0.0645  	0.29929  	0.12135  	0.30283  	0.06377  	-0.2490  	0.16484  	-0.0345  	0.03053  	0.01804  	-0.0294  	-0.0833  	-0.0424  	0.03456  	0.00585  	0.04840  	-0.0091  	0.00028  	0.01875  	0.00170  	0.03200  	0.00279  	-0.0219  	0.01912  	0.00490  	-0.0349  	0.03383  	0.00814  	0.00330  	0.03167  	-0.0051  	-0.0069  	-0.0242  	0.03589  	-0.0073  	0.02253  	-0.2797  	
0.13875  	0.09703  	0.17617  	0.57623  	-0.0200  	0.49275  	0.11223  	-0.4854  	0.25009  	-0.0545  	0.28772  	0.35815  	0.00570  	-0.4012  	-0.7987  	0.91226  	-0.0669  	0.19510  	-0.2726  	0.34161  	0.18068  	-0.2098  	-0.4580  	0.34744  	-0.2604  	-0.1490  	-0.3017  	-0.3322  	-0.3157  	-0.1532  	-0.2018  	0.27244  	0.28546  	-0.0638  	0.29473  	0.12615  	0.29507  	0.06134  	-0.2441  	0.16582  	-0.0342  	0.02969  	0.01873  	-0.0290  	-0.0827  	-0.0418  	0.03493  	0.00576  	0.04795  	-0.0094  	0.00096  	0.01855  	0.00158  	0.03109  	0.00344  	-0.0226  	0.02032  	0.00466  	-0.0352  	0.03368  	0.00755  	0.00261  	0.03149  	-0.0053  	-0.0069  	-0.0242  	0.03589  	-0.0073  	0.02253  	-0.2797  	
-0.3389  	-0.0797  	-0.1257  	0.24216  	-0.0887  	0.15721  	0.09971  	-0.7344  	0.15515  	0.13064  	0.30503  	0.33421  	-0.0348  	-0.6482  	-1.1932  	0.80757  	-0.0737  	0.32710  	-0.2896  	0.47640  	-0.1759  	-0.2617  	-0.5672  	0.18583  	-0.2805  	-0.0891  	-0.5412  	0.01531  	-0.0508  	-0.1778  	-0.1475  	0.20843  	0.26831  	-0.0575  	0.07457  	0.28878  	0.03245  	-0.0175  	-0.1461  	0.22150  	0.07875  	0.01975  	0.02685  	-0.0219  	-0.0890  	-0.0499  	0.04450  	0.00461  	0.04393  	-0.0088  	0.00519  	0.01420  	-0.0028  	0.02269  	0.00849  	-0.0385  	0.02994  	0.00617  	-0.0340  	0.03099  	0.01113  	0.00429  	0.03973  	-0.0005  	-0.0069  	-0.0242  	0.03589  	-0.0073  	0.02253  	-0.2797  	
-0.4764  	-0.1432  	-0.2002  	0.14964  	-0.0771  	0.06647  	0.12185  	-0.7590  	0.12998  	0.13058  	0.36994  	0.26114  	-0.0852  	-0.7695  	-1.2792  	0.75695  	-0.0828  	0.34286  	-0.2741  	0.48208  	-0.1760  	-0.2669  	-0.5777  	0.18720  	-0.2215  	-0.0942  	-0.5208  	0.02520  	-0.0105  	-0.1655  	-0.1718  	0.21627  	0.24739  	-0.0571  	0.07451  	0.31581  	0.04430  	-0.0212  	-0.1577  	0.21118  	0.07400  	0.02189  	0.02223  	-0.0256  	-0.0673  	-0.0456  	0.03387  	-0.0004  	0.03586  	-0.0187  	0.00460  	0.01783  	0.00319  	0.02115  	0.00775  	-0.0387  	0.03202  	0.00424  	-0.0274  	0.03055  	0.01201  	-4.9123  	0.03340  	-0.0033  	-0.0069  	-0.0242  	0.03589  	-0.0073  	0.02253  	-0.2797  	
-0.4988  	-0.1242  	-0.1771  	0.14077  	-0.0781  	0.06664  	0.10633  	-0.7550  	0.12245  	0.13998  	0.37903  	0.25359  	-0.0835  	-0.7591  	-1.2497  	0.75131  	-0.0863  	0.33452  	-0.2771  	0.48399  	-0.1491  	-0.2435  	-0.5628  	0.21343  	-0.2152  	-0.0979  	-0.5065  	-0.0018  	-0.0267  	-0.1790  	-0.1733  	0.20990  	0.25048  	-0.0496  	0.06547  	0.30268  	0.04907  	-0.0088  	-0.1623  	0.20775  	0.07041  	0.02331  	0.01883  	-0.0340  	-0.0743  	-0.0458  	0.03983  	-0.0005  	0.03120  	-0.0203  	0.00481  	0.01832  	0.00224  	0.02311  	0.00471  	-0.0424  	0.03140  	0.00391  	-0.0255  	0.03184  	0.00985  	-0.0009  	0.03209  	-0.0007  	-0.0069  	-0.0242  	0.03589  	-0.0073  	0.02253  	-0.2797  	
-0.5036  	-0.1113  	-0.1280  	0.17534  	-0.0855  	0.13233  	0.11978  	-0.7495  	0.12051  	0.15087  	0.30724  	0.25945  	-0.0817  	-0.7419  	-1.2521  	0.75701  	-0.0906  	0.32572  	-0.2785  	0.46743  	-0.1883  	-0.2386  	-0.5380  	0.19897  	-0.1993  	-0.1019  	-0.4896  	-0.0078  	0.00381  	-0.1637  	-0.1682  	0.21121  	0.23536  	-0.0467  	0.04423  	0.30336  	0.03226  	-0.0130  	-0.1380  	0.21656  	0.07471  	0.02417  	0.02713  	-0.0157  	-0.0722  	-0.0449  	0.03649  	0.00244  	0.03307  	-0.0160  	0.00480  	0.01527  	9.60072  	0.02152  	0.00468  	-0.0411  	0.03076  	0.00485  	-0.0251  	0.02784  	0.00928  	-0.0016  	0.03550  	0.00066  	-0.0069  	-0.0242  	0.03589  	-0.0073  	0.02253  	-0.2797  	
-0.4574  	-0.0964  	-0.1134  	0.22741  	-0.0851  	0.16845  	0.10569  	-0.7351  	0.14159  	0.11339  	0.23249  	0.26283  	-0.0831  	-0.7624  	-1.1930  	0.77364  	-0.0898  	0.32691  	-0.2683  	0.45013  	-0.2023  	-0.2375  	-0.5134  	0.18431  	-0.2054  	-0.1044  	-0.4970  	-0.0120  	0.01430  	-0.1398  	-0.1653  	0.21531  	0.23190  	-0.0435  	0.03314  	0.29335  	0.03101  	-0.0165  	-0.1331  	0.23902  	0.07657  	0.02355  	0.03927  	-0.0095  	-0.0780  	-0.0467  	0.03986  	0.00328  	0.04391  	-0.0171  	0.00701  	0.01546  	-0.0022  	0.02590  	0.00709  	-0.0410  	0.02875  	0.00461  	-0.0298  	0.02431  	0.00733  	-0.0030  	0.03648  	0.00080  	-0.0069  	-0.0242  	0.03589  	-0.0073  	0.02253  	-0.2797  	
-0.3126  	-0.0557  	-0.0927  	0.38237  	-0.0198  	0.26206  	0.09728  	-0.6827  	0.15052  	0.06320  	0.14030  	0.33277  	-0.0303  	-0.6927  	-1.0496  	0.79276  	-0.0697  	0.32019  	-0.2781  	0.45688  	-0.1770  	-0.2049  	-0.5197  	0.19255  	-0.2272  	-0.0951  	-0.5020  	0.00258  	-0.0016  	-0.1475  	-0.1659  	0.20778  	0.24788  	-0.0445  	0.05109  	0.26249  	0.03352  	-0.0208  	-0.1358  	0.25177  	0.05426  	0.02339  	0.03296  	-0.0140  	-0.0827  	-0.0467  	0.03916  	0.00459  	0.03772  	-0.0124  	0.00656  	0.01481  	-0.0033  	0.02298  	0.00665  	-0.0407  	0.03137  	0.00211  	-0.0318  	0.02659  	0.00197  	-0.0013  	0.03439  	-0.0008  	-0.0069  	-0.0242  	0.03589  	-0.0073  	0.02253  	-0.2797  	
-0.1915  	-0.0586  	-0.0478  	0.42884  	0.01494  	0.28643  	0.10887  	-0.6959  	0.14233  	0.08821  	0.18035  	0.32962  	-0.0421  	-0.7072  	-1.0749  	0.84842  	-0.1011  	0.32700  	-0.2808  	0.48266  	-0.1623  	-0.2520  	-0.5810  	0.21605  	-0.2021  	-0.1251  	-0.4695  	-0.0065  	-0.0381  	-0.1418  	-0.1827  	0.23086  	0.23912  	-0.0539  	0.12144  	0.29991  	0.05851  	-0.0230  	-0.1720  	0.25396  	0.04552  	0.02260  	0.02494  	-0.0164  	-0.0832  	-0.0485  	0.03842  	9.59098  	0.04336  	-0.0182  	0.01198  	0.01344  	-0.0018  	0.02511  	0.00842  	-0.0378  	0.03568  	0.00400  	-0.0289  	0.02540  	-0.0018  	-0.0023  	0.03404  	-0.0030  	-0.0069  	-0.0242  	0.03589  	-0.0073  	0.02253  	-0.2797  	
-0.1466  	-0.0292  	0.02210  	0.41776  	0.00552  	0.29528  	0.13555  	-0.6770  	0.16329  	0.11427  	0.21758  	0.30807  	-0.0390  	-0.6864  	-1.1057  	0.90874  	-0.1371  	0.35235  	-0.2758  	0.51085  	-0.1749  	-0.2335  	-0.6220  	0.18956  	-0.1879  	-0.1287  	-0.4674  	0.01706  	-0.0286  	-0.1362  	-0.1948  	0.22793  	0.25642  	-0.0473  	0.15367  	0.31277  	0.05695  	-0.0223  	-0.1646  	0.25098  	0.02756  	0.03987  	0.02451  	-0.0160  	-0.0795  	-0.0455  	0.03920  	0.00375  	0.04230  	-0.0211  	0.02184  	0.01439  	0.00172  	0.01845  	0.01048  	-0.0381  	0.03674  	0.00624  	-0.0289  	0.02675  	-0.0005  	-0.0037  	0.03491  	-0.0001  	-0.0069  	-0.0242  	0.03589  	-0.0073  	0.02253  	-0.2797  	
-0.1661  	-0.0282  	-0.0067  	0.40460  	-0.0260  	0.28462  	0.11192  	-0.7098  	0.14439  	0.08159  	0.20398  	0.25999  	-0.0578  	-0.7230  	-1.0779  	0.85785  	-0.1288  	0.33722  	-0.2772  	0.49493  	-0.1483  	-0.2383  	-0.6063  	0.18637  	-0.1649  	-0.1262  	-0.4694  	0.01163  	-0.0220  	-0.1389  	-0.1931  	0.23777  	0.23849  	-0.0477  	0.14338  	0.31577  	0.06301  	-0.0170  	-0.1609  	0.25380  	0.03621  	0.03007  	0.02382  	-0.0193  	-0.0841  	-0.0456  	0.03580  	-0.0041  	0.03700  	-0.0154  	0.02267  	0.01275  	-0.0006  	0.01989  	0.00889  	-0.0348  	0.03548  	0.00718  	-0.0272  	0.02951  	0.00331  	-0.0031  	0.03997  	0.00216  	-0.0069  	-0.0242  	0.03589  	-0.0073  	0.02253  	-0.2797  	
-0.2075  	-0.0504  	-0.0658  	0.42931  	-0.0270  	0.27295  	0.10998  	-0.7207  	0.12732  	0.01924  	0.19503  	0.27162  	-0.0780  	-0.7110  	-1.0233  	0.80867  	-0.0910  	0.32150  	-0.2712  	0.46068  	-0.1391  	-0.2537  	-0.5645  	0.22406  	-0.1564  	-0.1255  	-0.4103  	-0.0250  	-0.0320  	-0.1277  	-0.2019  	0.23356  	0.22358  	-0.0562  	0.16089  	0.31945  	0.08959  	-0.0131  	-0.1815  	0.23921  	0.03273  	0.04023  	0.00914  	-0.0231  	-0.0712  	-0.0484  	0.03764  	-0.0056  	0.03811  	-0.0103  	0.01692  	0.01458  	0.00296  	0.02604  	0.01240  	-0.0325  	0.03795  	0.00580  	-0.0263  	0.02608  	0.00011  	-0.0022  	0.04475  	-0.0013  	-0.0069  	-0.0242  	0.03589  	-0.0073  	0.02253  	-0.2797  	
-0.1010  	-0.0070  	0.00220  	0.49212  	0.00976  	0.33167  	0.10814  	-0.6304  	0.16172  	-0.0381  	0.24832  	0.29623  	-0.0527  	-0.5636  	-0.8410  	0.77926  	-0.0867  	0.25551  	-0.2846  	0.40807  	0.03065  	-0.2228  	-0.5368  	0.29194  	-0.2072  	-0.1380  	-0.3877  	-0.1862  	-0.1589  	-0.1422  	-0.1924  	0.25249  	0.26821  	-0.0620  	0.22509  	0.19313  	0.19378  	0.01923  	-0.2244  	0.20321  	0.01591  	0.03712  	0.00200  	-0.0304  	-0.0749  	-0.0402  	0.04346  	-0.0176  	0.03669  	-0.0133  	0.00665  	0.01800  	0.00056  	0.02636  	0.00766  	-0.0357  	0.02905  	0.00289  	-0.0338  	0.02672  	0.00665  	-0.0001  	0.03374  	-0.0037  	-0.0069  	-0.0242  	0.03589  	-0.0073  	0.02253  	-0.2797  	
0.00312  	0.04969  	0.07317  	0.54741  	-0.0040  	0.38708  	0.10576  	-0.5562  	0.20069  	-0.0346  	0.25172  	0.32337  	-0.0137  	-0.4642  	-0.8061  	0.82838  	-0.0733  	0.24161  	-0.2846  	0.36356  	0.12474  	-0.2305  	-0.5161  	0.28016  	-0.2591  	-0.1400  	-0.3448  	-0.2514  	-0.2352  	-0.1581  	-0.2056  	0.25657  	0.27261  	-0.0592  	0.26682  	0.14817  	0.23801  	0.04604  	-0.2459  	0.19208  	-0.0011  	0.02824  	0.01025  	-0.0269  	-0.0755  	-0.0399  	0.04307  	-0.0114  	0.03818  	-0.0097  	0.00285  	0.01794  	0.00077  	0.02834  	0.00467  	-0.0291  	0.01826  	0.00344  	-0.0322  	0.02562  	0.00746  	0.00513  	0.02709  	-0.0101  	-0.0069  	-0.0242  	0.03589  	-0.0073  	0.02253  	-0.2797  	
0.02168  	0.07935  	0.10049  	0.50921  	0.00233  	0.38386  	0.11156  	-0.5586  	0.23000  	0.02799  	0.24562  	0.39098  	0.03330  	-0.4424  	-0.9372  	0.88582  	-0.0892  	0.28606  	-0.2872  	0.44925  	0.03740  	-0.2530  	-0.5551  	0.26906  	-0.2316  	-0.1257  	-0.4299  	-0.1391  	-0.1524  	-0.1586  	-0.1801  	0.21964  	0.31243  	-0.0609  	0.20353  	0.17972  	0.15299  	0.00810  	-0.1804  	0.20191  	0.03333  	0.02072  	0.03071  	-0.0374  	-0.0850  	-0.0411  	0.04029  	0.00882  	0.04592  	-0.0038  	0.01149  	0.01456  	-0.0013  	0.02461  	0.00562  	-0.0318  	0.02242  	0.00466  	-0.0310  	0.02890  	0.00513  	-0.0018  	0.03567  	-0.0044  	-0.0069  	-0.0242  	0.03589  	-0.0073  	0.02253  	-0.2797  	
-0.2413  	-0.0444  	-0.0771  	0.32972  	-0.0301  	0.21882  	0.12005  	-0.6956  	0.16655  	0.07939  	0.27745  	0.28953  	-0.0376  	-0.6189  	-1.1181  	0.78066  	-0.0869  	0.32054  	-0.2792  	0.49183  	-0.1230  	-0.2457  	-0.5771  	0.22142  	-0.2108  	-0.1180  	-0.4719  	-0.0389  	-0.0793  	-0.1535  	-0.1840  	0.21164  	0.25903  	-0.0601  	0.12498  	0.27559  	0.09336  	-0.0051  	-0.1687  	0.23365  	0.05424  	0.02478  	0.03014  	-0.0198  	-0.0768  	-0.0497  	0.03999  	0.00333  	0.03686  	-0.0139  	0.00725  	0.01617  	-0.0042  	0.02297  	0.00633  	-0.0316  	0.02987  	0.00363  	-0.0333  	0.02833  	0.00446  	-0.0017  	0.03079  	-0.0012  	-0.0069  	-0.0242  	0.03589  	-0.0073  	0.02253  	-0.2797  	
-0.3008  	-0.0833  	-0.0906  	0.34124  	-0.0688  	0.23808  	0.10963  	-0.7199  	0.14344  	0.05873  	0.27158  	0.23785  	-0.0734  	-0.7217  	-1.0972  	0.79347  	-0.0667  	0.30526  	-0.2807  	0.45810  	-0.1024  	-0.2397  	-0.5641  	0.23464  	-0.1650  	-0.1225  	-0.4236  	-0.0552  	-0.0542  	-0.1393  	-0.2021  	0.23776  	0.22615  	-0.0576  	0.12159  	0.28912  	0.10337  	-0.0047  	-0.1735  	0.22610  	0.04832  	0.03200  	0.01859  	-0.0241  	-0.0715  	-0.0471  	0.03920  	-0.0032  	0.03954  	-0.0096  	0.01081  	0.01819  	0.00066  	0.02919  	0.00846  	-0.0345  	0.03262  	0.00681  	-0.0274  	0.02807  	0.00399  	-0.0042  	0.03158  	-0.0035  	-0.0069  	-0.0242  	0.03589  	-0.0073  	0.02253  	-0.2797  	
-0.2467  	-0.0374  	-0.0388  	0.45077  	-0.0117  	0.27615  	0.06591  	-0.6336  	0.13402  	-0.0128  	0.15970  	0.34080  	0.00926  	-0.7053  	-0.9508  	0.70674  	0.01282  	0.17165  	-0.2210  	0.23618  	-0.0809  	-0.3888  	-0.7206  	0.21917  	-0.2654  	-0.0251  	-0.4517  	-0.0943  	0.03951  	-0.1517  	-0.0813  	0.17046  	0.17490  	-0.1864  	0.04388  	0.24287  	-0.0059  	-0.0137  	-0.2566  	0.17889  	0.10484  	0.12650  	-0.0627  	0.04913  	-0.1286  	-0.0339  	0.02132  	0.01843  	0.02726  	-0.0234  	0.01569  	0.01881  	-0.0040  	0.03320  	0.00872  	-0.0385  	0.03125  	-0.0054  	-0.0306  	0.03376  	0.00682  	-0.0050  	0.02520  	-0.0021  	-0.0069  	-0.0242  	0.03589  	-0.0073  	0.02253  	-0.2797  	
-0.1925  	-0.0066  	-0.0126  	0.45866  	0.00028  	0.23866  	0.07683  	-0.6202  	0.12264  	0.01455  	0.17584  	0.34439  	0.05230  	-0.7156  	-0.9306  	0.69035  	0.04537  	0.09872  	-0.1819  	0.09558  	-0.0624  	-0.5364  	-0.9272  	0.18995  	-0.3132  	0.04008  	-0.5219  	-0.1046  	0.12916  	-0.1794  	-0.0138  	0.13635  	0.12179  	-0.2842  	-0.0060  	0.23644  	-0.0971  	-0.0220  	-0.3250  	0.12578  	0.17109  	0.21726  	-0.1326  	0.09071  	-0.1683  	-0.0160  	0.00189  	0.03152  	0.01749  	-0.0290  	0.02145  	0.02059  	0.00147  	0.04988  	0.01580  	-0.0429  	0.02968  	-0.0125  	-0.0257  	0.03963  	0.00517  	-0.0066  	0.01005  	0.00041  	-0.0069  	-0.0242  	0.03589  	-0.0073  	0.02253  	-0.2797  	
-0.2026  	-0.0033  	0.02167  	0.42939  	0.00340  	0.25484  	0.07072  	-0.5926  	0.12469  	0.02099  	0.22372  	0.32650  	0.05867  	-0.7142  	-0.9162  	0.71239  	0.04160  	0.08130  	-0.1750  	0.07563  	-0.0452  	-0.5923  	-0.9995  	0.17850  	-0.3218  	0.04648  	-0.5294  	-0.1094  	0.13787  	-0.1907  	0.00127  	0.13321  	0.10759  	-0.3105  	-0.0159  	0.23985  	-0.0997  	-0.0189  	-0.3387  	0.11533  	0.18900  	0.22835  	-0.1509  	0.11016  	-0.1773  	-0.0135  	0.00398  	0.03270  	0.01427  	-0.0353  	0.02430  	0.02093  	0.00317  	0.05069  	0.01850  	-0.0424  	0.03169  	-0.0142  	-0.0251  	0.04161  	0.00915  	-0.0079  	0.01199  	0.00240  	-0.0069  	-0.0242  	0.03589  	-0.0073  	0.02253  	-0.2797  	
-0.2470  	-0.0315  	0.01659  	0.39366  	-0.0323  	0.24309  	0.04970  	-0.6279  	0.11634  	0.01644  	0.26523  	0.29153  	0.02465  	-0.7704  	-0.9724  	0.72302  	0.04780  	0.08145  	-0.1694  	0.07733  	-0.0267  	-0.5852  	-0.9385  	0.20320  	-0.2960  	0.02900  	-0.4740  	-0.1628  	0.08038  	-0.1773  	-0.0241  	0.15864  	0.11047  	-0.2938  	0.01887  	0.24216  	-0.0324  	-0.0130  	-0.3441  	0.10474  	0.17169  	0.20311  	-0.1445  	0.09560  	-0.1568  	-0.0138  	0.00965  	0.02355  	0.01677  	-0.0346  	0.01925  	0.02132  	0.00443  	0.04763  	0.01597  	-0.0443  	0.02682  	-0.0055  	-0.0292  	0.03678  	0.00656  	-0.0142  	0.01893  	-0.0004  	-0.0069  	-0.0242  	0.03589  	-0.0073  	0.02253  	-0.2797  	
-0.2739  	-0.0611  	-0.0477  	0.37817  	-0.0338  	0.22576  	0.08358  	-0.6807  	0.11661  	0.02406  	0.20610  	0.27180  	-0.0134  	-0.7894  	-1.0218  	0.75121  	-0.0018  	0.19822  	-0.2211  	0.25848  	-0.1229  	-0.4180  	-0.7578  	0.19573  	-0.2222  	-0.0311  	-0.4693  	-0.0569  	0.08101  	-0.1546  	-0.1034  	0.19378  	0.14975  	-0.1793  	0.01134  	0.27577  	-0.0207  	-0.0171  	-0.2441  	0.18059  	0.12494  	0.12436  	-0.0644  	0.04487  	-0.1237  	-0.0271  	0.01928  	0.01307  	0.02578  	-0.0225  	0.01320  	0.01864  	0.00369  	0.03698  	0.00819  	-0.0378  	0.02645  	-0.0058  	-0.0263  	0.03642  	0.00791  	-0.0094  	0.01537  	-0.0059  	-0.0069  	-0.0242  	0.03589  	-0.0073  	0.02253  	-0.2797  	
-0.3244  	-0.0877  	-0.1312  	0.42827  	0.05377  	0.20615  	0.11875  	-0.7184  	0.13826  	0.07338  	0.19735  	0.33163  	-0.0398  	-0.6879  	-1.0308  	0.78611  	-0.1035  	0.34092  	-0.2940  	0.47719  	-0.1966  	-0.2368  	-0.5695  	0.19901  	-0.1952  	-0.1137  	-0.4807  	0.04245  	0.03723  	-0.1225  	-0.1837  	0.20989  	0.24355  	-0.0424  	0.08391  	0.28980  	0.02988  	-0.0259  	-0.1383  	0.25095  	0.04382  	0.02433  	0.01948  	-0.0173  	-0.0760  	-0.0465  	0.04452  	-0.0055  	0.03929  	-0.0181  	0.01294  	0.01559  	0.00111  	0.02230  	0.00727  	-0.0406  	0.03235  	0.00413  	-0.0276  	0.02638  	0.00311  	-0.0045  	0.03252  	-0.0034  	-0.0069  	-0.0242  	0.03589  	-0.0073  	0.02253  	-0.2797  	
-0.2880  	-0.0670  	-0.1200  	0.46919  	0.08319  	0.22999  	0.10675  	-0.7099  	0.15084  	0.05850  	0.20313  	0.34263  	-0.0280  	-0.6406  	-0.9962  	0.77036  	-0.1059  	0.32735  	-0.3085  	0.47296  	-0.1626  	-0.2381  	-0.5788  	0.20275  	-0.2110  	-0.1125  	-0.4797  	0.05270  	0.02175  	-0.1164  	-0.1821  	0.20859  	0.25531  	-0.0387  	0.11267  	0.27774  	0.03485  	-0.0333  	-0.1428  	0.25000  	0.03276  	0.03278  	0.01981  	-0.0286  	-0.0721  	-0.0461  	0.04390  	-0.0104  	0.03972  	-0.0116  	0.01631  	0.01456  	0.00057  	0.02207  	0.00743  	-0.0381  	0.03464  	0.00540  	-0.0276  	0.02862  	0.00052  	-0.0011  	0.03115  	-0.0021  	-0.0069  	-0.0242  	0.03589  	-0.0073  	0.02253  	-0.2797  	
-0.2358  	-0.0451  	-0.0585  	0.53050  	0.09164  	0.26974  	0.08735  	-0.6762  	0.16608  	0.01591  	0.17805  	0.36315  	-0.0229  	-0.5915  	-0.8921  	0.77180  	-0.0836  	0.31272  	-0.3099  	0.45559  	-0.1084  	-0.2345  	-0.5589  	0.23479  	-0.2282  	-0.1161  	-0.4743  	0.00728  	-0.0152  	-0.1303  	-0.1887  	0.21435  	0.26565  	-0.0416  	0.13718  	0.22867  	0.06710  	-0.0206  	-0.1524  	0.24215  	0.03322  	0.03144  	0.01481  	-0.0291  	-0.0780  	-0.0445  	0.04176  	-0.0110  	0.03644  	-0.0119  	0.01240  	0.01583  	-0.0049  	0.02319  	0.00791  	-0.0354  	0.03391  	0.00364  	-0.0286  	0.02700  	0.00254  	0.00043  	0.02835  	-0.0016  	-0.0069  	-0.0242  	0.03589  	-0.0073  	0.02253  	-0.2797  	
-0.1911  	-0.0190  	-0.0204  	0.55877  	0.08410  	0.31314  	0.08165  	-0.6378  	0.17280  	0.01288  	0.14917  	0.38415  	-0.0210  	-0.5547  	-0.8636  	0.78209  	-0.0801  	0.31091  	-0.3095  	0.46162  	-0.0709  	-0.2357  	-0.5444  	0.22290  	-0.2536  	-0.1114  	-0.4951  	-0.0168  	-0.0293  	-0.1434  	-0.1885  	0.21275  	0.26999  	-0.0393  	0.13731  	0.20160  	0.07578  	-0.0155  	-0.1532  	0.23131  	0.03521  	0.02609  	0.01665  	-0.0231  	-0.0788  	-0.0430  	0.04110  	-0.0070  	0.03295  	-0.0115  	0.00528  	0.01770  	-0.0030  	0.02108  	0.00557  	-0.0365  	0.03114  	0.00345  	-0.0341  	0.02596  	0.00659  	-0.0013  	0.02809  	-0.0021  	-0.0069  	-0.0242  	0.03589  	-0.0073  	0.02253  	-0.2797  	
-0.0773  	0.02843  	0.02257  	0.60824  	0.07171  	0.36403  	0.08096  	-0.5934  	0.18258  	-0.0167  	0.16727  	0.37650  	0.00045  	-0.4892  	-0.8047  	0.80195  	-0.0833  	0.26028  	-0.3067  	0.45399  	0.00859  	-0.2386  	-0.5322  	0.24827  	-0.2544  	-0.1256  	-0.4554  	-0.0882  	-0.1131  	-0.1522  	-0.1953  	0.22701  	0.27475  	-0.0455  	0.19641  	0.16151  	0.13371  	-0.0010  	-0.1809  	0.21802  	0.00730  	0.02825  	0.02095  	-0.0269  	-0.0839  	-0.0465  	0.04585  	-0.0016  	0.03971  	-0.0071  	0.00821  	0.01350  	-0.0029  	0.02572  	0.00363  	-0.0303  	0.02814  	0.00033  	-0.0306  	0.03212  	0.00907  	0.00083  	0.02813  	-0.0052  	-0.0069  	-0.0242  	0.03589  	-0.0073  	0.02253  	-0.2797  	
0.11435  	0.09582  	0.15314  	0.58785  	-0.0109  	0.46652  	0.09822  	-0.4995  	0.23442  	-0.0548  	0.23754  	0.32465  	0.00712  	-0.4176  	-0.7500  	0.88957  	-0.0775  	0.21082  	-0.2727  	0.36505  	0.18778  	-0.2088  	-0.4905  	0.33154  	-0.2292  	-0.1526  	-0.3051  	-0.3246  	-0.2865  	-0.1614  	-0.1990  	0.26853  	0.27959  	-0.0640  	0.29550  	0.13550  	0.27992  	0.05522  	-0.2416  	0.18343  	-0.0370  	0.03220  	0.00528  	-0.0272  	-0.0783  	-0.0430  	0.03578  	-0.0005  	0.04340  	-0.0053  	0.00192  	0.01509  	0.00101  	0.02917  	0.00419  	-0.0190  	0.02544  	0.00354  	-0.0317  	0.03235  	0.00967  	0.00596  	0.02916  	-0.0066  	-0.0069  	-0.0242  	0.03589  	-0.0073  	0.02253  	-0.2797  	
0.13650  	0.10079  	0.17500  	0.57748  	-0.0329  	0.49658  	0.10884  	-0.4820  	0.24402  	-0.0758  	0.25775  	0.33638  	0.00432  	-0.4075  	-0.7513  	0.89993  	-0.0679  	0.20042  	-0.2596  	0.35108  	0.20994  	-0.2013  	-0.4568  	0.35028  	-0.2337  	-0.1523  	-0.2901  	-0.3462  	-0.3145  	-0.1609  	-0.2032  	0.27057  	0.27708  	-0.0650  	0.29931  	0.12477  	0.29911  	0.06152  	-0.2459  	0.17036  	-0.0431  	0.03109  	0.01538  	-0.0247  	-0.0779  	-0.0422  	0.03509  	0.00720  	0.04591  	-0.0060  	0.00034  	0.01706  	5.62526  	0.02871  	0.00394  	-0.0208  	0.02346  	0.00506  	-0.0364  	0.03176  	0.00718  	0.00154  	0.03001  	-0.0060  	-0.0069  	-0.0242  	0.03589  	-0.0073  	0.02253  	-0.2797  	
0.15984  	0.09072  	0.20633  	0.58721  	-0.0001  	0.52423  	0.12808  	-0.4966  	0.24357  	-0.0205  	0.24936  	0.35199  	0.02556  	-0.3751  	-0.8641  	0.94856  	-0.0769  	0.20898  	-0.2712  	0.35472  	0.15897  	-0.2094  	-0.4981  	0.34203  	-0.2237  	-0.1522  	-0.2796  	-0.3182  	-0.2828  	-0.1448  	-0.1958  	0.27364  	0.28897  	-0.0614  	0.28549  	0.15180  	0.26585  	0.04413  	-0.2369  	0.17704  	-0.0334  	0.03295  	0.02937  	-0.0240  	-0.0802  	-0.0438  	0.03443  	0.01536  	0.05432  	-0.0098  	0.00118  	0.01668  	0.00123  	0.03205  	0.00589  	-0.0221  	0.01743  	0.00166  	-0.0358  	0.03409  	0.01120  	0.00160  	0.03744  	-0.0042  	-0.0069  	-0.0242  	0.03589  	-0.0073  	0.02253  	-0.2797  	
0.20667  	0.08513  	0.22988  	0.57946  	0.03405  	0.46492  	0.14340  	-0.5467  	0.22751  	0.07590  	0.09165  	0.22337  	0.10756  	-0.3630  	-0.8658  	0.83596  	-0.0795  	0.23264  	-0.2618  	0.34018  	-0.0077  	-0.1629  	-0.5465  	0.28213  	-0.0751  	-0.1766  	-0.2978  	-0.2812  	-0.1683  	-0.0881  	-0.1833  	0.23664  	0.25331  	-0.0620  	0.20283  	0.21094  	0.17361  	0.00965  	-0.1715  	0.22890  	-0.0179  	0.03606  	0.05379  	-0.0123  	-0.0852  	-0.0442  	0.01832  	0.03952  	0.06854  	-0.0180  	0.00928  	0.01368  	-0.0018  	0.02651  	0.00833  	-0.0128  	0.02133  	-0.0033  	-0.0354  	0.03534  	0.00718  	0.00265  	0.03179  	-0.0060  	-0.0069  	-0.0242  	0.03589  	-0.0073  	0.02253  	-0.2797  	
0.09032  	0.05789  	0.12954  	0.52719  	0.06849  	0.31958  	0.17741  	-0.6069  	0.18464  	0.13262  	0.11071  	0.19908  	0.11558  	-0.2573  	-0.8117  	0.76771  	-0.0773  	0.19664  	-0.2675  	0.43047  	-0.0194  	-0.1684  	-0.6287  	0.30980  	-0.0459  	-0.1993  	-0.2468  	-0.2644  	-0.1501  	-0.0718  	-0.2000  	0.26414  	0.25563  	-0.0562  	0.26426  	0.22844  	0.16720  	-0.0154  	-0.1811  	0.26507  	-0.0242  	0.04806  	0.01794  	-0.0198  	-0.0741  	-0.0440  	0.03141  	0.01931  	0.05845  	-0.0154  	0.01718  	0.01442  	-0.0138  	0.02248  	0.00657  	-0.0202  	0.02263  	-0.0015  	-0.0359  	0.03485  	0.00849  	0.00122  	0.02505  	-0.0094  	-0.0069  	-0.0242  	0.03589  	-0.0073  	0.02253  	-0.2797  	
-0.3127  	-0.0511  	-0.1687  	0.63928  	0.13304  	0.23381  	0.12641  	-0.6521  	0.13132  	0.05163  	0.24731  	0.46465  	0.02164  	-0.4406  	-0.8267  	0.74856  	-0.1441  	0.29517  	-0.3278  	0.51676  	-0.0136  	-0.2177  	-0.6312  	0.31122  	-0.2449  	-0.1499  	-0.4386  	-0.0520  	-0.1042  	-0.1347  	-0.2068  	0.20648  	0.27502  	-0.0383  	0.23781  	0.20020  	0.07218  	-0.0310  	-0.2147  	0.25446  	-0.0473  	0.05096  	-0.0305  	-0.0519  	-0.0686  	-0.0411  	0.04427  	-0.0190  	0.04004  	-0.0094  	0.01289  	0.00902  	-0.0039  	0.02313  	-0.0002  	-0.0324  	0.03459  	-0.0012  	-0.0295  	0.03138  	0.00059  	0.00542  	0.03236  	-0.0145  	-0.0069  	-0.0242  	0.03589  	-0.0073  	0.02253  	-0.2797  	
-0.2752  	-0.0596  	-0.1008  	0.49302  	0.06619  	0.29820  	0.10489  	-0.6776  	0.14156  	0.05067  	0.20265  	0.37522  	-0.0344  	-0.5873  	-0.9675  	0.75415  	-0.1080  	0.35135  	-0.2974  	0.52153  	-0.1196  	-0.2409  	-0.5708  	0.23578  	-0.2056  	-0.1356  	-0.4908  	0.01684  	-0.0313  	-0.1049  	-0.1858  	0.20106  	0.24894  	-0.0348  	0.15155  	0.25543  	0.05091  	-0.0278  	-0.1571  	0.23711  	0.00986  	0.02023  	0.01095  	-0.0329  	-0.0668  	-0.0398  	0.03510  	-0.0132  	0.03880  	-0.0165  	0.01541  	0.01346  	-0.0006  	0.01879  	0.00166  	-0.0331  	0.03654  	0.00868  	-0.0284  	0.03191  	0.00157  	-0.0074  	0.03285  	-0.0054  	-0.0069  	-0.0242  	0.03589  	-0.0073  	0.02253  	-0.2797  	
-0.2902  	-0.0715  	-0.1145  	0.40195  	0.02284  	0.29856  	0.10723  	-0.7170  	0.12535  	0.06298  	0.13273  	0.31467  	-0.0479  	-0.6868  	-1.0640  	0.74656  	-0.0910  	0.38700  	-0.2800  	0.49694  	-0.2110  	-0.2374  	-0.5977  	0.19007  	-0.1595  	-0.1227  	-0.5040  	0.05682  	0.05207  	-0.1116  	-0.1783  	0.19574  	0.22792  	-0.0398  	0.03490  	0.30000  	0.00504  	-0.0346  	-0.1219  	0.26423  	0.03062  	0.02048  	0.03010  	-0.0233  	-0.0672  	-0.0506  	0.04163  	-0.0062  	0.04102  	-0.0115  	0.00987  	0.01390  	-0.0021  	0.02453  	0.00681  	-0.0392  	0.03926  	0.00659  	-0.0279  	0.03161  	-0.0009  	-0.0058  	0.03653  	0.00033  	-0.0069  	-0.0242  	0.03589  	-0.0073  	0.02253  	-0.2797  	
-0.2649  	-0.0670  	-0.1068  	0.36722  	-0.0386  	0.34202  	0.06431  	-0.7084  	0.12480  	0.00056  	0.14750  	0.30902  	-0.0514  	-0.7681  	-0.9864  	0.78348  	-0.0406  	0.33297  	-0.2757  	0.49262  	-0.1579  	-0.2498  	-0.5202  	0.22425  	-0.1426  	-0.1205  	-0.4101  	-0.0085  	-0.0469  	-0.1316  	-0.1992  	0.21602  	0.26106  	-0.0521  	0.07740  	0.27155  	0.06849  	-0.0045  	-0.1447  	0.25271  	0.02971  	0.03566  	0.03274  	-0.0121  	-0.0785  	-0.0431  	0.04405  	-0.0074  	0.03704  	-0.0105  	0.01255  	0.01723  	-6.5679  	0.03014  	0.00292  	-0.0391  	0.03338  	0.00460  	-0.0296  	0.03361  	0.00252  	-0.0037  	0.03681  	-0.0014  	-0.0069  	-0.0242  	0.03589  	-0.0073  	0.02253  	-0.2797  	
-0.1647  	-0.0423  	-0.0264  	0.42498  	0.03465  	0.34457  	0.11986  	-0.6972  	0.14433  	-0.0142  	0.16502  	0.29338  	-0.0645  	-0.7164  	-0.9694  	0.83270  	-0.0895  	0.32134  	-0.2962  	0.49727  	-0.1773  	-0.2479  	-0.5660  	0.22618  	-0.1342  	-0.1203  	-0.4327  	0.05080  	-0.0096  	-0.1442  	-0.2001  	0.21873  	0.257  	-0.0466  	0.14194  	0.32216  	0.06832  	-0.0210  	-0.1538  	0.24633  	0.02232  	0.02573  	0.02932  	-0.0261  	-0.0725  	-0.0369  	0.04611  	0.01210  	0.03829  	-0.0119  	0.02130  	0.01253  	0.00184  	0.02338  	0.00294  	-0.0333  	0.03662  	0.01069  	-0.0326  	0.03076  	-0.0009  	-0.0138  	0.03961  	0.00249  	-0.0069  	-0.0242  	0.03589  	-0.0073  	0.02253  	-0.2797  	
-0.1034  	-0.0341  	0.03179  	0.45369  	0.01964  	0.29616  	0.14198  	-0.6990  	0.16145  	0.10100  	0.23199  	0.30758  	-0.0418  	-0.7073  	-1.0629  	0.88870  	-0.1272  	0.34390  	-0.2818  	0.53124  	-0.1855  	-0.2714  	-0.6170  	0.20206  	-0.1780  	-0.1586  	-0.4984  	0.04579  	-0.0186  	-0.1304  	-0.2142  	0.24683  	0.24201  	-0.0383  	0.16563  	0.31908  	0.06420  	-0.0147  	-0.1591  	0.25610  	0.02798  	0.02248  	0.01033  	-0.0214  	-0.0825  	-0.0424  	0.03569  	0.00106  	0.04709  	-0.0196  	0.02071  	0.01591  	0.00105  	0.02233  	0.00726  	-0.0322  	0.03685  	0.00725  	-0.0300  	0.03022  	0.00369  	-0.0116  	0.03587  	-0.0027  	-0.0069  	-0.0242  	0.03589  	-0.0073  	0.02253  	-0.2797  	
-0.0860  	-0.0429  	0.08995  	0.32400  	-0.0474  	0.29401  	0.15021  	-0.7472  	0.14682  	0.10204  	0.22959  	0.24540  	-0.0409  	-0.7329  	-1.1710  	0.91243  	-0.1340  	0.37419  	-0.2935  	0.54052  	-0.2242  	-0.2788  	-0.6475  	0.16730  	-0.1921  	-0.1333  	-0.5067  	0.03603  	-0.0166  	-0.1386  	-0.1824  	0.23216  	0.25491  	-0.0326  	0.13009  	0.34551  	0.03936  	-0.0164  	-0.1448  	0.27277  	0.04433  	0.02534  	0.02072  	-0.0259  	-0.0864  	-0.0489  	0.03715  	0.00347  	0.04934  	-0.0116  	0.02680  	0.01614  	0.00216  	0.02408  	0.00848  	-0.0334  	0.03587  	0.00518  	-0.0371  	0.02435  	0.00157  	-0.0037  	0.03860  	-0.0040  	-0.0069  	-0.0242  	0.03589  	-0.0073  	0.02253  	-0.2797  	
-0.2459  	-0.0661  	-0.0226  	0.30677  	-0.0893  	0.22624  	0.12503  	-0.7267  	0.13389  	0.11628  	0.22406  	0.21099  	-0.0390  	-0.7276  	-1.1738  	0.82835  	-0.1283  	0.33913  	-0.2920  	0.48892  	-0.1705  	-0.2449  	-0.5999  	0.19707  	-0.1503  	-0.1188  	-0.4666  	0.02337  	-0.0208  	-0.1413  	-0.1850  	0.23629  	0.24519  	-0.0458  	0.12623  	0.33893  	0.05344  	-0.0246  	-0.1631  	0.25602  	0.04412  	0.03727  	0.02146  	-0.0175  	-0.0709  	-0.0493  	0.04127  	0.00078  	0.04796  	-0.0160  	0.02151  	0.01865  	0.00146  	0.02450  	0.00537  	-0.0406  	0.03227  	0.00522  	-0.0281  	0.02815  	0.00028  	-0.0051  	0.03341  	-0.0052  	-0.0069  	-0.0242  	0.03589  	-0.0073  	0.02253  	-0.2797  	
-0.4106  	-0.1018  	-0.1736  	0.35930  	-0.0112  	0.16323  	0.10932  	-0.7396  	0.11318  	0.07473  	0.24822  	0.29077  	-0.0726  	-0.6777  	-1.0725  	0.73904  	-0.0989  	0.32684  	-0.2715  	0.47770  	-0.1154  	-0.2387  	-0.6024  	0.24338  	-0.1263  	-0.1320  	-0.4054  	-0.0376  	-0.0340  	-0.1270  	-0.2016  	0.22795  	0.22559  	-0.0507  	0.14423  	0.32615  	0.07674  	-0.0270  	-0.1749  	0.23835  	0.01117  	0.04071  	-0.0016  	-0.0248  	-0.0637  	-0.0520  	0.03514  	-0.0154  	0.03073  	-0.0178  	0.01127  	0.01420  	0.00238  	0.02737  	0.00780  	-0.0346  	0.03767  	0.00811  	-0.0246  	0.03363  	0.00119  	-0.0104  	0.03830  	-0.0021  	-0.0069  	-0.0242  	0.03589  	-0.0073  	0.02253  	-0.2797  	
-0.3768  	-0.1042  	-0.1443  	0.42457  	3.68975  	0.20053  	0.07981  	-0.6749  	0.11963  	0.01512  	0.24945  	0.33050  	-0.0556  	-0.5869  	-0.9706  	0.68157  	-0.0883  	0.26934  	-0.2997  	0.46632  	-0.0646  	-0.2578  	-0.5508  	0.26285  	-0.1856  	-0.1325  	-0.3839  	-0.0969  	-0.0727  	-0.1346  	-0.1970  	0.22235  	0.23537  	-0.0641  	0.18288  	0.26267  	0.10424  	-0.0095  	-0.1755  	0.21929  	-0.0123  	0.03892  	-0.0052  	-0.0317  	-0.0631  	-0.0492  	0.04481  	-0.0122  	0.03303  	-0.0115  	0.01205  	0.01385  	-0.0042  	0.02121  	0.00366  	-0.0370  	0.03301  	0.00666  	-0.0259  	0.03246  	0.00442  	-0.0051  	0.03789  	0.00127  	-0.0069  	-0.0242  	0.03589  	-0.0073  	0.02253  	-0.2797  	
-0.0281  	0.02211  	0.06617  	0.52292  	0.02724  	0.40480  	0.09737  	-0.5802  	0.16910  	0.03936  	0.13257  	0.33072  	0.04649  	-0.4345  	-0.7812  	0.76167  	-0.0708  	0.25174  	-0.2820  	0.37484  	0.03133  	-0.2063  	-0.5343  	0.31831  	-0.2425  	-0.1264  	-0.3777  	-0.1878  	-0.1815  	-0.1553  	-0.1768  	0.24307  	0.28162  	-0.0683  	0.21125  	0.18395  	0.16139  	-0.0086  	-0.1951  	0.23642  	-0.0062  	0.03381  	0.02202  	-0.0258  	-0.0829  	-0.0383  	0.04565  	0.00445  	0.04258  	-0.0045  	0.01281  	0.01713  	-0.0031  	0.02164  	-0.0022  	-0.0335  	0.02293  	0.00337  	-0.0290  	0.03017  	0.00264  	0.00821  	0.03172  	-0.0051  	-0.0069  	-0.0242  	0.03589  	-0.0073  	0.02253  	-0.2797  	
-0.0292  	-0.0044  	0.06313  	0.54919  	0.03041  	0.36604  	0.14434  	-0.6564  	0.18184  	0.03206  	0.10862  	0.30859  	0.01802  	-0.5737  	-0.9480  	0.85547  	-0.0967  	0.34504  	-0.2513  	0.48507  	-0.0982  	-0.2065  	-0.6030  	0.22209  	-0.1772  	-0.1454  	-0.4893  	-0.0652  	-0.0441  	-0.1465  	-0.2154  	0.22155  	0.26867  	-0.0436  	0.14776  	0.26224  	0.07992  	-0.0124  	-0.1471  	0.25912  	0.02342  	0.03782  	0.03036  	-0.0157  	-0.0801  	-0.0460  	0.03724  	0.01565  	0.04415  	-0.0228  	0.01546  	0.01229  	-0.0045  	0.02272  	0.00700  	-0.0269  	0.03364  	0.00643  	-0.0327  	0.02981  	0.00454  	-0.0067  	0.02822  	-0.0035  	-0.0069  	-0.0242  	0.03589  	-0.0073  	0.02253  	-0.2797  	
-0.0356  	0.01464  	0.07273  	0.43081  	-0.0024  	0.34557  	0.13594  	-0.6960  	0.17856  	0.12306  	0.20168  	0.29092  	-0.0128  	-0.6197  	-1.0853  	0.92588  	-0.1230  	0.34745  	-0.2829  	0.52367  	-0.1665  	-0.2434  	-0.6536  	0.19417  	-0.1669  	-0.1332  	-0.5230  	0.00917  	-0.0110  	-0.1253  	-0.1972  	0.22234  	0.26497  	-0.0391  	0.14265  	0.31532  	0.04014  	-0.0335  	-0.1445  	0.28313  	0.03553  	0.02587  	0.04154  	-0.0211  	-0.0853  	-0.0430  	0.03897  	0.01392  	0.04126  	-0.0193  	0.02364  	0.01361  	-0.0033  	0.01913  	0.01092  	-0.0347  	0.03045  	0.00181  	-0.0333  	0.02579  	0.00051  	-0.0048  	0.03382  	-0.0019  	-0.0069  	-0.0242  	0.03589  	-0.0073  	0.02253  	-0.2797  	
-0.2138  	-0.0436  	-0.0362  	0.37091  	-0.0433  	0.24894  	0.12287  	-0.7087  	0.14342  	0.11190  	0.22588  	0.24686  	-0.0564  	-0.6544  	-1.1412  	0.83960  	-0.1158  	0.34219  	-0.2768  	0.49885  	-0.1328  	-0.2478  	-0.6317  	0.23962  	-0.1098  	-0.1502  	-0.4228  	-0.0292  	-0.0178  	-0.1331  	-0.1991  	0.22343  	0.23120  	-0.0649  	0.15375  	0.33735  	0.05975  	-0.0178  	-0.1691  	0.26648  	0.03691  	0.03118  	0.01165  	-0.0187  	-0.0782  	-0.0509  	0.03995  	0.00098  	0.04058  	-0.0204  	0.02484  	0.02102  	0.00281  	0.02355  	0.00791  	-0.0365  	0.03672  	0.00692  	-0.0319  	0.03260  	0.00604  	-0.0066  	0.04105  	-0.0044  	-0.0069  	-0.0242  	0.03589  	-0.0073  	0.02253  	-0.2797  	
-0.3864  	-0.1068  	-0.1649  	0.29216  	-0.0792  	0.20033  	0.12068  	-0.7332  	0.12124  	0.07447  	0.25522  	0.25271  	-0.0897  	-0.6980  	-1.0751  	0.71327  	-0.0921  	0.32937  	-0.2671  	0.42574  	-0.1358  	-0.2326  	-0.5786  	0.23312  	-0.1079  	-0.1324  	-0.3899  	-0.0441  	-0.0116  	-0.1236  	-0.1891  	0.22627  	0.21702  	-0.0556  	0.13543  	0.33084  	0.07925  	-0.0212  	-0.1727  	0.24265  	0.02609  	0.03145  	0.01230  	-0.0191  	-0.0567  	-0.0468  	0.03445  	-0.0137  	0.03043  	-0.0108  	0.01100  	0.01689  	0.00033  	0.02484  	0.00831  	-0.0394  	0.03551  	0.01015  	-0.0283  	0.03270  	0.00057  	-0.0158  	0.03582  	-0.0015  	-0.0069  	-0.0242  	0.03589  	-0.0073  	0.02253  	-0.2797  	
-0.2766  	-0.0807  	-0.0620  	0.37693  	-0.0505  	0.30129  	0.10412  	-0.7104  	0.14013  	0.02679  	0.21456  	0.28577  	-0.0611  	-0.7188  	-1.0259  	0.78996  	-0.0662  	0.29369  	-0.2699  	0.43355  	-0.1237  	-0.2244  	-0.5211  	0.23727  	-0.1821  	-0.1190  	-0.4064  	-0.0225  	-0.0492  	-0.1363  	-0.2008  	0.24055  	0.22992  	-0.0477  	0.11344  	0.29693  	0.09104  	-0.0042  	-0.1874  	0.23644  	0.03485  	0.02469  	0.01716  	-0.0258  	-0.0778  	-0.0491  	0.04023  	-0.0082  	0.04160  	-0.0176  	0.01062  	0.01503  	0.00040  	0.02701  	0.00640  	-0.0398  	0.03184  	0.00649  	-0.0273  	0.03049  	0.00270  	-0.0056  	0.03493  	-0.0009  	-0.0069  	-0.0242  	0.03589  	-0.0073  	0.02253  	-0.2797  	
-0.1530  	-0.0723  	-0.0206  	0.52784  	0.07603  	0.27628  	0.14030  	-0.7298  	0.12888  	0.09655  	0.17813  	0.33779  	-0.0553  	-0.7258  	-1.0634  	0.89105  	-0.1139  	0.34857  	-0.2896  	0.50283  	-0.2171  	-0.2433  	-0.6275  	0.23524  	-0.1594  	-0.1350  	-0.4563  	0.04328  	-0.0142  	-0.1176  	-0.1987  	0.23983  	0.21885  	-0.0500  	0.13676  	0.34038  	0.04229  	-0.0297  	-0.1623  	0.26236  	0.03035  	0.02179  	0.01719  	-0.0218  	-0.0770  	-0.0498  	0.03894  	-0.0007  	0.04756  	-0.0147  	0.02204  	0.01382  	0.00470  	0.02200  	0.00899  	-0.0374  	0.03889  	0.00709  	-0.0308  	0.03214  	-0.0039  	-0.0096  	0.03640  	-0.0049  	-0.0069  	-0.0242  	0.03589  	-0.0073  	0.02253  	-0.2797  	
-0.1344  	-0.0599  	0.00919  	0.56088  	0.12005  	0.26640  	0.15184  	-0.7219  	0.15426  	0.16142  	0.17518  	0.35185  	-0.0548  	-0.7081  	-1.0829  	0.96710  	-0.1480  	0.37574  	-0.2884  	0.52539  	-0.2531  	-0.2255  	-0.6909  	0.21129  	-0.1046  	-0.1401  	-0.4642  	0.07376  	0.05546  	-0.1066  	-0.2154  	0.23610  	0.22656  	-0.0404  	0.12226  	0.35647  	-0.0007  	-0.0294  	-0.1365  	0.28431  	0.02050  	0.03693  	0.02825  	-0.0151  	-0.0882  	-0.0442  	0.03377  	0.01611  	0.05246  	-0.0217  	0.02712  	0.01061  	-0.0007  	0.02247  	0.01094  	-0.0323  	0.03916  	0.00462  	-0.0266  	0.03449  	-0.0025  	-0.0099  	0.03633  	-1.3912  	-0.0069  	-0.0242  	0.03589  	-0.0073  	0.02253  	-0.2797  	
-0.1326  	-0.0870  	-0.0090  	0.51912  	0.09563  	0.31405  	0.15507  	-0.7467  	0.14893  	0.14523  	0.11675  	0.28427  	-0.0335  	-0.7196  	-1.0701  	0.93931  	-0.1398  	0.35265  	-0.2657  	0.48774  	-0.2502  	-0.2219  	-0.6654  	0.20235  	-0.0559  	-0.1467  	-0.4190  	0.08233  	0.07027  	-0.0615  	-0.2113  	0.24843  	0.19519  	-0.0386  	0.11510  	0.38119  	0.01755  	-0.0313  	-0.1356  	0.27780  	0.00837  	0.04417  	0.03069  	-0.0045  	-0.0831  	-0.0403  	0.03360  	0.01136  	0.04961  	-0.0256  	0.03338  	0.01398  	-0.0011  	0.02526  	0.01022  	-0.0335  	0.03730  	0.00443  	-0.0241  	0.03237  	-0.0041  	-0.0146  	0.03605  	-0.0030  	-0.0069  	-0.0242  	0.03589  	-0.0073  	0.02253  	-0.2797  	
-0.1786  	-0.0868  	-0.0837  	0.47561  	0.03542  	0.34409  	0.13619  	-0.7478  	0.11693  	0.04854  	0.07626  	0.21980  	-0.0443  	-0.7161  	-0.9960  	0.81195  	-0.1009  	0.34430  	-0.2720  	0.43126  	-0.2021  	-0.2152  	-0.5933  	0.24139  	-0.0652  	-0.1534  	-0.3934  	0.04305  	0.03347  	-0.0912  	-0.2099  	0.24888  	0.19484  	-0.0562  	0.12818  	0.35556  	0.04609  	-0.0209  	-0.1571  	0.25578  	0.02053  	0.03393  	0.01489  	-0.0098  	-0.0873  	-0.0414  	0.03314  	-0.0077  	0.04003  	-0.0152  	0.02824  	0.01701  	0.00186  	0.02694  	0.00877  	-0.0358  	0.04266  	0.01073  	-0.0198  	0.02918  	-0.0060  	-0.0102  	0.03762  	-0.0074  	-0.0069  	-0.0242  	0.03589  	-0.0073  	0.02253  	-0.2797  	
-0.1433  	-0.0479  	-0.0400  	0.46225  	0.01796  	0.35245  	0.13469  	-0.7191  	0.13072  	-0.0094  	0.12722  	0.23262  	-0.0552  	-0.6877  	-0.9339  	0.77604  	-0.1052  	0.30439  	-0.2746  	0.44094  	-0.1127  	-0.2339  	-0.5366  	0.22279  	-0.1197  	-0.1449  	-0.4196  	-0.0291  	-0.0403  	-0.1129  	-0.2110  	0.24957  	0.21011  	-0.0517  	0.16811  	0.31711  	0.10397  	-1.0578  	-0.1860  	0.23464  	0.01508  	0.03141  	0.01070  	-0.0214  	-0.0858  	-0.0458  	0.03228  	-0.0170  	0.03515  	-0.0204  	0.02403  	0.01556  	0.00300  	0.02409  	0.01238  	-0.0353  	0.03871  	0.00824  	-0.0217  	0.02973  	-0.0029  	-0.0050  	0.03997  	-0.0045  	-0.0069  	-0.0242  	0.03589  	-0.0073  	0.02253  	-0.2797  	
-0.0871  	-0.0210  	0.00707  	0.52842  	0.04617  	0.34469  	0.10892  	-0.6554  	0.11228  	-0.0065  	0.18581  	0.29454  	-0.0113  	-0.6610  	-0.8922  	0.75692  	-0.0368  	0.17495  	-0.2233  	0.25987  	-0.0118  	-0.4046  	-0.7910  	0.24513  	-0.1971  	-0.0725  	-0.4162  	-0.1112  	-0.0143  	-0.1315  	-0.1188  	0.20941  	0.15340  	-0.1813  	0.15288  	0.28679  	0.03651  	-0.0100  	-0.2827  	0.16437  	0.05362  	0.15085  	-0.0840  	0.02952  	-0.1250  	-0.0342  	0.01704  	-0.0011  	0.03266  	-0.0286  	0.03139  	0.01727  	0.00373  	0.03799  	0.01499  	-0.0344  	0.03693  	-0.0005  	-0.0253  	0.03773  	-0.0016  	-0.0092  	0.02430  	-0.0047  	-0.0069  	-0.0242  	0.03589  	-0.0073  	0.02253  	-0.2797  	
-0.0755  	-0.0135  	0.05938  	0.52795  	0.07120  	0.32248  	0.10362  	-0.6025  	0.12109  	0.01880  	0.23348  	0.30500  	0.02970  	-0.6901  	-0.9125  	0.75151  	0.01034  	0.07290  	-0.1904  	0.13261  	0.01439  	-0.5677  	-1.0011  	0.24566  	-0.2444  	-0.0069  	-0.4337  	-0.1414  	0.07231  	-0.1475  	-0.0356  	0.17531  	0.09771  	-0.2825  	0.10543  	0.27371  	-0.0271  	-0.0217  	-0.3496  	0.12373  	0.10149  	0.22474  	-0.1616  	0.08885  	-0.1532  	-0.0184  	0.00387  	0.01797  	0.02359  	-0.0346  	0.03879  	0.02031  	0.00419  	0.04334  	0.02029  	-0.0356  	0.03815  	-0.0067  	-0.0269  	0.04275  	0.00301  	-0.0165  	0.01562  	-0.0024  	-0.0069  	-0.0242  	0.03589  	-0.0073  	0.02253  	-0.2797  	
-0.0494  	-0.0133  	0.08893  	0.52570  	0.08128  	0.33083  	0.11347  	-0.6022  	0.13164  	0.05284  	0.20763  	0.30900  	0.05256  	-0.7261  	-0.9417  	0.78580  	-0.0045  	0.05648  	-0.1694  	0.08791  	-0.0408  	-0.5977  	-1.0878  	0.21136  	-0.2245  	0.01068  	-0.4414  	-0.1233  	0.14833  	-0.1365  	-0.0057  	0.16118  	0.07818  	-0.3010  	0.05639  	0.29352  	-0.0809  	-0.0193  	-0.3405  	0.13636  	0.13076  	0.24864  	-0.1655  	0.11589  	-0.1725  	-0.0116  	-0.0014  	0.03666  	0.01798  	-0.0354  	0.03662  	0.02524  	0.00208  	0.04560  	0.02478  	-0.0380  	0.03562  	-0.0111  	-0.0290  	0.04198  	0.00552  	-0.0216  	0.01196  	-0.0053  	-0.0069  	-0.0242  	0.03589  	-0.0073  	0.02253  	-0.2797  	
-0.0312  	-0.0170  	0.08892  	0.51617  	0.09138  	0.33279  	0.12397  	-0.6357  	0.12462  	0.05883  	0.19307  	0.30306  	0.05627  	-0.7182  	-1.0041  	0.82367  	-0.0243  	0.09982  	-0.1866  	0.16198  	-0.0802  	-0.5599  	-1.0476  	0.22217  	-0.2345  	1.69057  	-0.4428  	-0.1040  	0.13170  	-0.1492  	-0.0425  	0.17670  	0.10266  	-0.2671  	0.07129  	0.31277  	-0.0794  	-0.0196  	-0.3232  	0.17292  	0.13684  	0.22688  	-0.1448  	0.09595  	-0.1624  	-0.0166  	0.00167  	0.03323  	0.02390  	-0.0331  	0.03657  	0.02083  	0.00431  	0.04497  	0.02069  	-0.0388  	0.03548  	-0.0107  	-0.0289  	0.03882  	0.00555  	-0.0160  	0.01018  	-0.0048  	-0.0069  	-0.0242  	0.03589  	-0.0073  	0.02253  	-0.2797  	
-0.0519  	-0.0099  	0.03993  	0.59134  	0.09642  	0.38292  	0.11452  	-0.6689  	0.12671  	0.04757  	0.12883  	0.31974  	-0.0074  	-0.7075  	-1.0289  	0.86907  	-0.0492  	0.19944  	-0.2035  	0.30135  	-0.1035  	-0.3989  	-0.8815  	0.27647  	-0.1356  	-0.0740  	-0.3445  	-0.0795  	0.02816  	-0.1193  	-0.1328  	0.21634  	0.14669  	-0.1965  	0.12363  	0.31711  	-0.0040  	-0.0220  	-0.2458  	0.19340  	0.07444  	0.15051  	-0.0785  	0.04631  	-0.1219  	-0.0351  	0.00862  	0.02680  	0.04027  	-0.0344  	0.03884  	0.01575  	0.00523  	0.03207  	0.01655  	-0.0321  	0.04309  	-0.0029  	-0.0276  	0.03752  	0.00138  	-0.0123  	0.02399  	-0.0037  	-0.0069  	-0.0242  	0.03589  	-0.0073  	0.02253  	-0.2797  	
-0.0080  	-0.0044  	-0.0012  	0.65619  	0.12834  	0.39671  	0.14215  	-0.6841  	0.13150  	0.03859  	0.06867  	0.29790  	-0.0145  	-0.5624  	-0.9289  	0.82665  	-0.0998  	0.28692  	-0.2876  	0.49997  	-0.1132  	-0.1805  	-0.6240  	0.28717  	-0.0410  	-0.1691  	-0.3234  	-0.0426  	-0.0301  	-0.0738  	-0.2298  	0.24515  	0.22764  	-0.0372  	0.19704  	0.30247  	0.10352  	-0.0322  	-0.1539  	0.26156  	-0.0321  	0.04049  	0.02088  	-0.0146  	-0.0736  	-0.0472  	0.02949  	0.01451  	0.05036  	-0.0258  	0.03182  	0.01363  	-0.0015  	0.02586  	0.00661  	-0.0248  	0.03892  	0.00025  	-0.0293  	0.03139  	-0.0021  	-0.0151  	0.03703  	-0.0042  	-0.0069  	-0.0242  	0.03589  	-0.0073  	0.02253  	-0.2797  	
0.10231  	0.02393  	0.04451  	0.75717  	0.13756  	0.48089  	0.13273  	-0.6210  	0.16621  	-0.0438  	0.02250  	0.32817  	0.04263  	-0.4446  	-0.7548  	0.79744  	-0.1019  	0.25396  	-0.2874  	0.42447  	0.00617  	-0.1875  	-0.5687  	0.27533  	-0.1006  	-0.1664  	-0.3096  	-0.1381  	-0.0711  	-0.0714  	-0.2408  	0.24964  	0.22920  	-0.0415  	0.24534  	0.23471  	0.13478  	-0.0039  	-0.1714  	0.24935  	-0.0482  	0.05491  	0.01274  	-0.0147  	-0.0695  	-0.0467  	0.02577  	0.00839  	0.04931  	-0.0184  	0.02012  	0.01468  	0.00208  	0.02398  	0.00839  	-0.0256  	0.03630  	0.00618  	-0.0300  	0.02350  	0.00406  	-0.0123  	0.03235  	-0.0062  	-0.0069  	-0.0242  	0.03589  	-0.0073  	0.02253  	-0.2797  	
0.12578  	0.04820  	0.09526  	0.68123  	0.15243  	0.48139  	0.18037  	-0.5910  	0.17815  	-0.0195  	0.10735  	0.35447  	0.00513  	-0.4778  	-0.8215  	0.90651  	-0.1132  	0.29623  	-0.2933  	0.47937  	0.00830  	-0.2027  	-0.6158  	0.28051  	-0.1517  	-0.1699  	-0.3892  	-0.1228  	-0.0790  	-0.1248  	-0.2374  	0.24688  	0.25757  	-0.0586  	0.22270  	0.24186  	0.13830  	-7.6074  	-0.1770  	0.25837  	-0.0167  	0.04056  	0.01415  	-0.0171  	-0.0765  	-0.0486  	0.02568  	0.01036  	0.05824  	-0.0131  	0.01935  	0.01000  	-0.0014  	0.02639  	0.01033  	-0.0244  	0.03773  	-0.0001  	-0.0321  	0.03134  	-0.0026  	-0.0059  	0.03587  	-0.0114  	-0.0069  	-0.0242  	0.03589  	-0.0073  	0.02253  	-0.2797  	
-0.0387  	-0.0032  	0.04209  	0.45085  	-0.0014  	0.36842  	0.12967  	-0.6702  	0.16533  	0.08085  	0.18452  	0.27787  	-0.0302  	-0.6205  	-1.0787  	0.89821  	-0.1249  	0.36829  	-0.2706  	0.51679  	-0.1099  	-0.2481  	-0.6387  	0.22944  	-0.1405  	-0.1534  	-0.4602  	-0.0189  	-0.0430  	-0.1334  	-0.1968  	0.22469  	0.24878  	-0.0462  	0.16465  	0.31152  	0.08443  	-0.0264  	-0.1605  	0.26812  	0.01028  	0.02660  	0.01735  	-0.0213  	-0.0770  	-0.0452  	0.03401  	0.00566  	0.04343  	-0.0166  	0.02500  	0.01327  	0.00035  	0.01930  	0.00856  	-0.0304  	0.03314  	0.00525  	-0.0325  	0.03136  	-0.0013  	-0.0133  	0.03264  	-0.0046  	-0.0069  	-0.0242  	0.03589  	-0.0073  	0.02253  	-0.2797  	
-0.3075  	-0.0979  	-0.1439  	0.47826  	0.04598  	0.23659  	0.12951  	-0.7264  	0.12027  	0.05313  	0.19950  	0.26490  	-0.0565  	-0.6821  	-1.0747  	0.81809  	-0.1062  	0.34311  	-0.2773  	0.48250  	-0.1646  	-0.2495  	-0.6490  	0.28746  	-0.0833  	-0.1481  	-0.3695  	0.00204  	-0.0130  	-0.1080  	-0.2197  	0.24984  	0.22578  	-0.0559  	0.14933  	0.34308  	0.05668  	-0.0234  	-0.1636  	0.27783  	-0.0036  	0.03183  	0.01176  	-0.0234  	-0.0645  	-0.0514  	0.03939  	-0.0096  	0.03977  	-0.0149  	0.02084  	0.01735  	0.00040  	0.02217  	0.00541  	-0.0354  	0.03610  	0.00536  	-0.0228  	0.03488  	0.00222  	-0.0126  	0.03435  	-0.0038  	-0.0069  	-0.0242  	0.03589  	-0.0073  	0.02253  	-0.2797  	
-0.2661  	-0.0604  	-0.1337  	0.53154  	0.08114  	0.27037  	0.07097  	-0.6809  	0.14887  	-0.0057  	0.10692  	0.33732  	-0.0411  	-0.5742  	-0.9026  	0.72892  	-0.0943  	0.28080  	-0.2763  	0.45780  	-0.1097  	-0.2191  	-0.5822  	0.23596  	-0.1358  	-0.1460  	-0.4065  	-0.0289  	-0.0563  	-0.1022  	-0.2139  	0.22916  	0.21983  	-0.0526  	0.16498  	0.26064  	0.07614  	-0.0331  	-0.1625  	0.21761  	-0.0226  	0.04150  	-0.0155  	-0.0291  	-0.0606  	-0.0469  	0.03572  	-0.0069  	0.04040  	-0.0114  	0.01645  	0.01480  	0.00076  	0.02422  	-0.0004  	-0.0343  	0.04428  	0.01089  	-0.0253  	0.02891  	0.00094  	-0.0101  	0.03677  	-0.0058  	-0.0069  	-0.0242  	0.03589  	-0.0073  	0.02253  	-0.2797  	
-0.1128  	-0.0039  	0.02205  	0.57740  	0.03538  	0.38227  	0.07714  	-0.6402  	0.18369  	-0.0144  	0.11314  	0.33440  	0.00373  	-0.5341  	-0.8610  	0.76856  	-0.0915  	0.29291  	-0.2826  	0.46987  	-0.0860  	-0.2095  	-0.5739  	0.26168  	-0.1748  	-0.1232  	-0.4616  	-0.0247  	-0.0439  	-0.1241  	-0.2259  	0.22553  	0.26834  	-0.0469  	0.18201  	0.25115  	0.09606  	-0.0258  	-0.1662  	0.24507  	-0.0046  	0.01983  	0.01261  	-0.0256  	-0.0760  	-0.0496  	0.04327  	0.00697  	0.05080  	-0.0219  	0.02437  	0.01089  	-0.0015  	0.02360  	0.00179  	-0.0305  	0.03172  	0.00486  	-0.0252  	0.03432  	-0.0038  	-0.0073  	0.02207  	-0.0006  	-0.0069  	-0.0242  	0.03589  	-0.0073  	0.02253  	-0.2797  	
-0.0305  	0.00449  	0.04086  	0.55883  	0.08319  	0.40220  	0.11856  	-0.6793  	0.16957  	0.05527  	0.14849  	0.35993  	-0.0071  	-0.5747  	-0.9905  	0.88428  	-0.1117  	0.34056  	-0.2726  	0.49718  	-0.1057  	-0.2322  	-0.6563  	0.24032  	-0.1504  	-0.1447  	-0.4760  	0.00027  	-0.0316  	-0.1279  	-0.2077  	0.22473  	0.26186  	-0.0427  	0.17432  	0.29237  	0.08169  	-0.0338  	-0.1460  	0.26011  	0.01136  	0.03766  	0.02070  	-0.0348  	-0.0708  	-0.0430  	0.03693  	0.00962  	0.05050  	-0.0128  	0.02418  	0.01382  	0.00101  	0.02010  	0.00426  	-0.0293  	0.03990  	0.00776  	-0.0275  	0.03016  	-0.0023  	-0.0092  	0.03094  	-0.0066  	-0.0069  	-0.0242  	0.03589  	-0.0073  	0.02253  	-0.2797  	
-0.0202  	-0.0303  	0.03790  	0.57348  	0.05569  	0.41142  	0.12831  	-0.6629  	0.16660  	0.05089  	0.15307  	0.32556  	-0.0248  	-0.5999  	-1.0277  	0.90803  	-0.1255  	0.34801  	-0.2691  	0.49429  	-0.0666  	-0.2349  	-0.6256  	0.25097  	-0.1287  	-0.1553  	-0.4135  	-0.0226  	-0.0537  	-0.1169  	-0.2192  	0.24980  	0.24670  	-0.0567  	0.19020  	0.29592  	0.10661  	-0.0191  	-0.1602  	0.24651  	-0.0042  	0.04683  	0.01773  	-0.0240  	-0.0736  	-0.0449  	0.03499  	0.01249  	0.05164  	-0.0178  	0.02591  	0.01545  	0.00324  	0.02005  	0.00779  	-0.0278  	0.03975  	0.00690  	-0.0262  	0.02982  	-0.0011  	-0.0142  	0.03057  	-0.0062  	-0.0069  	-0.0242  	0.03589  	-0.0073  	0.02253  	-0.2797  	
-0.0592  	-0.0467  	0.04817  	0.56786  	0.02450  	0.43537  	0.11850  	-0.6417  	0.13847  	-0.0365  	0.16414  	0.26214  	-0.0540  	-0.5966  	-0.8998  	0.84114  	-0.0893  	0.27948  	-0.2653  	0.41551  	0.02044  	-0.2156  	-0.5221  	0.30728  	-0.1374  	-0.1582  	-0.3434  	-0.1672  	-0.1314  	-0.1032  	-0.2229  	0.27753  	0.23945  	-0.0627  	0.22293  	0.27021  	0.17028  	0.01354  	-0.2027  	0.22432  	-0.0024  	0.03665  	0.01807  	-0.0258  	-0.0803  	-0.0419  	0.03321  	-0.0030  	0.04650  	-0.0190  	0.01532  	0.01719  	0.00164  	0.02500  	0.01173  	-0.0335  	0.03613  	0.00789  	-0.0291  	0.02837  	-0.0007  	-0.0188  	0.03675  	-0.0075  	-0.0069  	-0.0242  	0.03589  	-0.0073  	0.02253  	-0.2797  	
-0.0293  	0.01333  	0.05845  	0.52123  	-0.0197  	0.42595  	0.13404  	-0.6309  	0.16414  	-0.0335  	0.21367  	0.26195  	-0.0323  	-0.5797  	-0.8606  	0.83281  	-0.0993  	0.26104  	-0.2695  	0.43413  	0.05717  	-0.2066  	-0.5341  	0.30224  	-0.1538  	-0.1508  	-0.3663  	-0.1875  	-0.1669  	-0.1439  	-0.2026  	0.26442  	0.24750  	-0.0540  	0.22867  	0.24591  	0.21212  	0.02087  	-0.1993  	0.22337  	-0.0029  	0.02948  	0.01047  	-0.0201  	-0.0791  	-0.0433  	0.03811  	-0.0022  	0.03940  	-0.0101  	0.01371  	0.01749  	0.00324  	0.02801  	0.01046  	-0.0301  	0.03017  	0.00618  	-0.0283  	0.03294  	0.00390  	-0.0108  	0.03016  	-0.0034  	-0.0069  	-0.0242  	0.03589  	-0.0073  	0.02253  	-0.2797  	
0.01235  	0.02778  	0.05561  	0.58566  	0.06892  	0.41676  	0.16479  	-0.6439  	0.17991  	0.03773  	0.15694  	0.27972  	0.01062  	-0.5495  	-0.9062  	0.87834  	-0.1241  	0.28979  	-0.2721  	0.47989  	-0.0411  	-0.2114  	-0.5969  	0.26769  	-0.1221  	-0.1633  	-0.3969  	-0.0861  	-0.0880  	-0.1265  	-0.2188  	0.24296  	0.24276  	-0.0515  	0.20923  	0.27408  	0.14068  	-0.0091  	-0.1794  	0.27903  	-0.0125  	0.03290  	0.00891  	-0.0196  	-0.0813  	-0.0432  	0.02917  	0.00195  	0.04497  	-0.0141  	0.02402  	0.01248  	0.00223  	0.02621  	0.00906  	-0.0231  	0.03265  	0.00462  	-0.0281  	0.03664  	0.00301  	-0.0079  	0.03404  	-0.0036  	-0.0069  	-0.0242  	0.03589  	-0.0073  	0.02253  	-0.2797  	
-0.0086  	-0.0170  	0.02494  	0.60478  	0.10280  	0.41625  	0.14163  	-0.6727  	0.16105  	0.07334  	0.15512  	0.34835  	-0.0091  	-0.6083  	-0.9765  	0.89374  	-0.1282  	0.31137  	-0.2551  	0.50272  	-0.1103  	-0.2180  	-0.6525  	0.27990  	-0.1066  	-0.1672  	-0.3881  	-0.0013  	-0.0465  	-0.1120  	-0.2290  	0.24304  	0.23969  	-0.0418  	0.18722  	0.31109  	0.08570  	-0.0246  	-0.1574  	0.26231  	-0.0070  	0.03324  	0.01825  	-0.0214  	-0.0712  	-0.0468  	0.03138  	0.00553  	0.04794  	-0.0252  	0.02551  	0.01205  	0.00227  	0.02152  	0.00625  	-0.0309  	0.04137  	0.00593  	-0.0265  	0.03125  	-0.0001  	-0.0111  	0.03638  	-0.0043  	-0.0069  	-0.0242  	0.03589  	-0.0073  	0.02253  	-0.2797  	
0.03420  	0.00484  	0.03212  	0.68790  	0.13077  	0.40839  	0.13781  	-0.6560  	0.14675  	0.06035  	0.09023  	0.31562  	-0.0165  	-0.5424  	-0.8999  	0.87454  	-0.1039  	0.28558  	-0.2947  	0.49390  	-0.0716  	-0.1861  	-0.6399  	0.30326  	-0.0497  	-0.1746  	-0.3242  	-0.0852  	-0.0762  	-0.0944  	-0.2316  	0.25373  	0.22794  	-0.0434  	0.20709  	0.28553  	0.12250  	-0.0320  	-0.1491  	0.26652  	-0.0333  	0.04568  	0.01511  	-0.0225  	-0.0749  	-0.0431  	0.02444  	0.01584  	0.05478  	-0.0190  	0.03120  	0.01444  	-0.0010  	0.02620  	0.00798  	-0.0247  	0.03555  	-0.0001  	-0.0288  	0.03401  	-0.0013  	-0.0172  	0.03309  	-0.0054  	-0.0069  	-0.0242  	0.03589  	-0.0073  	0.02253  	-0.2797  	
0.12826  	0.01958  	0.05857  	0.78989  	0.18281  	0.49246  	0.13523  	-0.5863  	0.16932  	-0.0182  	-0.0312  	0.26782  	0.05650  	-0.3865  	-0.6534  	0.76700  	-0.0866  	0.24585  	-0.2684  	0.42089  	-0.0180  	-0.1663  	-0.6115  	0.27912  	-0.0984  	-0.1781  	-0.3068  	-0.1484  	-0.0307  	-0.0463  	-0.2550  	0.25847  	0.21867  	-0.0458  	0.27087  	0.24341  	0.10804  	-0.0222  	-0.1671  	0.26444  	-0.0637  	0.06087  	0.00051  	-0.0257  	-0.0680  	-0.0432  	0.02870  	0.01536  	0.06559  	-0.0218  	0.02422  	0.01317  	-0.0001  	0.02004  	0.01237  	-0.0250  	0.03041  	0.00504  	-0.0304  	0.02658  	0.00053  	-0.0118  	0.02552  	-0.0069  	-0.0069  	-0.0242  	0.03589  	-0.0073  	0.02253  	-0.2797  	
0.14817  	0.03413  	0.06744  	0.79968  	0.16101  	0.53759  	0.14793  	-0.5498  	0.19724  	-0.0511  	-0.0312  	0.28086  	0.07562  	-0.3515  	-0.6015  	0.78882  	-0.0805  	0.22403  	-0.2835  	0.41432  	0.00543  	-0.1438  	-0.5822  	0.26276  	-0.0998  	-0.1706  	-0.3174  	-0.1665  	-0.0428  	-0.0530  	-0.2514  	0.24558  	0.24252  	-0.0412  	0.26302  	0.21536  	0.12288  	-0.0130  	-0.1690  	0.25010  	-0.0604  	0.06062  	0.00061  	-0.0172  	-0.0703  	-0.0424  	0.03153  	0.00811  	0.05683  	-0.0199  	0.02178  	0.01284  	0.00029  	0.02308  	0.01141  	-0.0218  	0.02947  	0.00411  	-0.0300  	0.03212  	0.00032  	-0.0075  	0.02272  	-0.0092  	-0.0069  	-0.0242  	0.03589  	-0.0073  	0.02253  	-0.2797  	
0.16511  	0.04580  	0.09351  	0.81066  	0.15692  	0.54451  	0.15100  	-0.5027  	0.21500  	-0.0638  	0.01089  	0.31944  	0.07324  	-0.3534  	-0.6392  	0.81926  	-0.0977  	0.23272  	-0.3166  	0.42422  	0.04423  	-0.1273  	-0.5650  	0.27265  	-0.1406  	-0.1593  	-0.3303  	-0.1758  	-0.0836  	-0.0775  	-0.2465  	0.23956  	0.25836  	-0.0430  	0.25488  	0.19628  	0.14506  	-0.0104  	-0.1715  	0.23832  	-0.0588  	0.06344  	0.00661  	-0.0155  	-0.0763  	-0.0443  	0.03097  	0.00770  	0.05304  	-0.0161  	0.01580  	0.01356  	0.00239  	0.02534  	0.00647  	-0.0260  	0.02963  	0.00463  	-0.0292  	0.02918  	0.00027  	0.00032  	0.02866  	-0.0126  	-0.0069  	-0.0242  	0.03589  	-0.0073  	0.02253  	-0.2797  	
0.13979  	0.05622  	0.12060  	0.70496  	0.18289  	0.48042  	0.16854  	-0.5232  	0.20756  	-0.0335  	0.10607  	0.34199  	0.00457  	-0.4086  	-0.8016  	0.87608  	-0.1164  	0.24617  	-0.2995  	0.42145  	0.06817  	-0.1451  	-0.5727  	0.33260  	-0.1624  	-0.1718  	-0.3196  	-0.1563  	-0.1362  	-0.1306  	-0.2535  	0.26135  	0.26224  	-0.0612  	0.26223  	0.21256  	0.18318  	-0.0113  	-0.1937  	0.24910  	-0.0329  	0.06396  	0.00862  	-0.0192  	-0.0829  	-0.0451  	0.02951  	0.02165  	0.05710  	-0.0098  	0.02263  	0.01310  	-0.0004  	0.02894  	0.00828  	-0.0290  	0.03074  	0.00155  	-0.0303  	0.03447  	-0.0025  	-0.0009  	0.02978  	-0.0164  	-0.0069  	-0.0242  	0.03589  	-0.0073  	0.02253  	-0.2797  	
0.04439  	0.00632  	0.06047  	0.60692  	0.09714  	0.41917  	0.15314  	-0.6015  	0.18200  	0.02348  	0.18842  	0.32531  	-0.0439  	-0.5595  	-0.9327  	0.89027  	-0.0990  	0.30074  	-0.2818  	0.46120  	0.00692  	-0.1842  	-0.5917  	0.32213  	-0.1461  	-0.1672  	-0.3405  	-0.1243  	-0.0942  	-0.1124  	-0.2267  	0.27161  	0.25496  	-0.0530  	0.22179  	0.26034  	0.15360  	-0.0119  	-0.1823  	0.27589  	-0.0265  	0.04017  	0.00992  	-0.0236  	-0.0761  	-0.0411  	0.03530  	0.01005  	0.05507  	-0.0161  	0.02550  	0.01274  	-0.0006  	0.02504  	0.00869  	-0.0308  	0.03522  	0.00555  	-0.0301  	0.03304  	-0.0071  	-0.0142  	0.03019  	-0.0085  	-0.0069  	-0.0242  	0.03589  	-0.0073  	0.02253  	-0.2797  	
-0.0321  	-0.0551  	0.05979  	0.47310  	0.06231  	0.38245  	0.16244  	-0.6891  	0.15622  	0.07800  	0.19988  	0.28477  	-0.0411  	-0.6430  	-1.0716  	0.92367  	-0.1384  	0.34256  	-0.2789  	0.50465  	-0.1188  	-0.2178  	-0.6342  	0.26423  	-0.1258  	-0.1511  	-0.4109  	-0.0303  	-0.0342  	-0.1237  	-0.2050  	0.25798  	0.24076  	-0.0471  	0.16810  	0.33580  	0.09828  	-0.0034  	-0.1680  	0.27973  	0.02131  	0.04121  	0.03109  	-0.0214  	-0.0819  	-0.0431  	0.04117  	0.01131  	0.04920  	-0.0175  	0.02467  	0.01671  	0.00085  	0.02227  	0.01499  	-0.0394  	0.03546  	0.00466  	-0.0294  	0.03079  	-0.0029  	-0.0119  	0.03400  	-0.0056  	-0.0069  	-0.0242  	0.03589  	-0.0073  	0.02253  	-0.2797  	
-0.1272  	-0.0563  	0.02082  	0.41587  	0.01745  	0.33681  	0.15875  	-0.6961  	0.14397  	0.04803  	0.18918  	0.24246  	-0.0432  	-0.6522  	-1.0512  	0.87769  	-0.1256  	0.33201  	-0.2792  	0.48564  	-0.1556  	-0.2277  	-0.5964  	0.24337  	-0.1338  	-0.1370  	-0.4105  	-0.0075  	-0.0234  	-0.1223  	-0.2034  	0.24717  	0.24264  	-0.0536  	0.15926  	0.32906  	0.08689  	-0.0131  	-0.1692  	0.25841  	0.03341  	0.04012  	0.02837  	-0.0111  	-0.0830  	-0.0488  	0.03854  	0.00410  	0.04337  	-0.0191  	0.01991  	0.01451  	0.00491  	0.02650  	0.01217  	-0.0376  	0.03495  	0.00256  	-0.0298  	0.03264  	0.00187  	-0.0078  	0.03906  	-0.0001  	-0.0069  	-0.0242  	0.03589  	-0.0073  	0.02253  	-0.2797  	
-0.2003  	-0.0591  	-0.0452  	0.43725  	0.00290  	0.33866  	0.14005  	-0.7235  	0.12993  	-0.0058  	0.15213  	0.23730  	-0.0727  	-0.7038  	-1.0177  	0.82891  	-0.0867  	0.28790  	-0.2838  	0.46694  	-0.1352  	-0.2451  	-0.5827  	0.25529  	-0.1196  	-0.1405  	-0.3592  	-0.0156  	-0.0511  	-0.1141  	-0.2171  	0.26202  	0.21704  	-0.0598  	0.15923  	0.32441  	0.10011  	-0.0111  	-0.1801  	0.24388  	0.02019  	0.03268  	0.02349  	-0.0228  	-0.0766  	-0.0528  	0.03963  	-0.0051  	0.04095  	-0.0148  	0.02286  	0.01553  	0.00261  	0.02151  	0.01061  	-0.0364  	0.03846  	0.00962  	-0.0271  	0.02729  	-0.0017  	-0.0119  	0.03636  	-0.0001  	-0.0069  	-0.0242  	0.03589  	-0.0073  	0.02253  	-0.2797  	
-0.1066  	-0.0415  	-0.0315  	0.62697  	0.07151  	0.38801  	0.12153  	-0.6553  	0.15413  	-0.0462  	0.11902  	0.34207  	-0.0406  	-0.5830  	-0.8561  	0.80988  	-0.0855  	0.27623  	-0.2869  	0.46195  	-0.0664  	-0.2158  	-0.5640  	0.29681  	-0.1444  	-0.1340  	-0.3431  	-0.0695  	-0.0712  	-0.0981  	-0.2331  	0.25062  	0.23635  	-0.0545  	0.21083  	0.26763  	0.11717  	-0.0159  	-0.1901  	0.22327  	-0.0226  	0.04103  	0.01389  	-0.0181  	-0.0749  	-0.0531  	0.03481  	0.00387  	0.05297  	-0.0199  	0.02123  	0.01023  	0.00151  	0.02676  	0.00803  	-0.0280  	0.03959  	0.00188  	-0.0238  	0.03118  	-0.0033  	-0.0096  	0.02891  	-0.0040  	-0.0069  	-0.0242  	0.03589  	-0.0073  	0.02253  	-0.2797  	
0.07522  	0.01649  	0.04662  	0.76258  	0.15544  	0.48528  	0.12707  	-0.5971  	0.17503  	-0.0248  	0.02652  	0.35696  	0.01349  	-0.4616  	-0.7299  	0.85673  	-0.0823  	0.27499  	-0.2744  	0.43753  	-0.0180  	-0.1998  	-0.5702  	0.28731  	-0.1011  	-0.1495  	-0.3495  	-0.0949  	-0.0588  	-0.0928  	-0.2356  	0.23955  	0.24924  	-0.0485  	0.21161  	0.22942  	0.10298  	-0.0150  	-0.1601  	0.25502  	-0.0414  	0.04070  	0.02279  	-0.0129  	-0.0782  	-0.0511  	0.02743  	0.01383  	0.05065  	-0.0181  	0.02984  	0.01060  	-0.0029  	0.02240  	0.00557  	-0.0204  	0.03698  	0.00507  	-0.0302  	0.03316  	-0.0045  	-0.0080  	0.03618  	-0.0029  	-0.0069  	-0.0242  	0.03589  	-0.0073  	0.02253  	-0.2797  	
0.08894  	0.01929  	0.00971  	0.89693  	0.21974  	0.48748  	0.13251  	-0.5759  	0.19009  	-0.0191  	-0.0508  	0.36118  	0.06138  	-0.3484  	-0.5991  	0.76596  	-0.1058  	0.26882  	-0.2885  	0.41835  	-0.0566  	-0.1526  	-0.6181  	0.24462  	-0.0679  	-0.1667  	-0.3550  	-0.0667  	0.01491  	-0.0558  	-0.2541  	0.23713  	0.25520  	-0.0472  	0.23733  	0.21477  	0.07547  	-0.0418  	-0.1261  	0.23588  	-0.0512  	0.05890  	0.00756  	-0.0268  	-0.0783  	-0.0429  	0.02994  	0.00954  	0.06095  	-0.0271  	0.01225  	0.01576  	0.00033  	0.02653  	0.01088  	-0.0264  	0.02646  	0.00194  	-0.0199  	0.03181  	0.00174  	-0.0064  	0.02656  	-0.0142  	-0.0069  	-0.0242  	0.03589  	-0.0073  	0.02253  	-0.2797  	
0.03606  	0.02320  	-0.0270  	0.85704  	0.22367  	0.48502  	0.12361  	-0.5977  	0.18939  	-0.0472  	-0.0871  	0.36228  	0.07206  	-0.3814  	-0.6493  	0.78353  	-0.0882  	0.28177  	-0.3056  	0.45115  	-0.0675  	-0.1762  	-0.6070  	0.25667  	-0.0798  	-0.1560  	-0.3504  	0.00046  	0.03257  	-0.0479  	-0.2530  	0.22049  	0.25176  	-0.0440  	0.20031  	0.20991  	0.05412  	-0.0339  	-0.1250  	0.25659  	-0.0581  	0.05221  	0.00279  	-0.0221  	-0.0839  	-0.0492  	0.03603  	0.00612  	0.05874  	-0.0189  	0.01714  	0.01088  	-0.0023  	0.02624  	0.01012  	-0.0271  	0.03362  	0.00203  	-0.0232  	0.02856  	-0.0022  	-8.5243  	0.03468  	-0.0045  	-0.0069  	-0.0242  	0.03589  	-0.0073  	0.02253  	-0.2797  	
0.02025  	0.01416  	0.03805  	0.85199  	0.22340  	0.42885  	0.07857  	-0.5433  	0.15402  	-0.0563  	-0.0506  	0.38334  	0.12557  	-0.4186  	-0.5672  	0.70989  	-0.0468  	0.10770  	-0.2484  	0.22890  	-0.0066  	-0.3366  	-0.8287  	0.31421  	-0.1789  	-0.0711  	-0.3477  	-0.1418  	0.02537  	-0.0767  	-0.1469  	0.18900  	0.18298  	-0.1807  	0.17885  	0.18048  	0.01200  	-0.0443  	-0.2359  	0.19489  	-0.0147  	0.16803  	-0.1034  	0.04348  	-0.1218  	-0.0306  	0.01693  	0.01317  	0.04494  	-0.0245  	0.02225  	0.01418  	-0.0022  	0.03626  	0.01018  	-0.0331  	0.03183  	-0.0024  	-0.0290  	0.03247  	0.00378  	-0.0042  	0.02404  	-0.0036  	-0.0069  	-0.0242  	0.03589  	-0.0073  	0.02253  	-0.2797  	
0.13490  	0.05960  	0.18018  	0.81958  	0.18530  	0.49289  	0.09257  	-0.4752  	0.16650  	-0.0374  	-0.0478  	0.31525  	0.15626  	-0.3946  	-0.5244  	0.70819  	0.02970  	-0.0002  	-0.1896  	0.04994  	0.07428  	-0.4852  	-0.9401  	0.29869  	-0.2425  	-0.0150  	-0.3502  	-0.2999  	0.03389  	-0.1063  	-0.0556  	0.16887  	0.11340  	-0.2769  	0.15393  	0.15094  	-0.0147  	-0.0289  	-0.3212  	0.14976  	0.05528  	0.24724  	-0.1625  	0.08917  	-0.1620  	-0.0138  	-0.0049  	0.04739  	0.03636  	-0.0315  	0.02691  	0.01831  	-0.0025  	0.04703  	0.01741  	-0.0244  	0.02766  	-0.0128  	-0.0279  	0.04419  	0.00863  	-0.0047  	0.00673  	-0.0069  	-0.0069  	-0.0242  	0.03589  	-0.0073  	0.02253  	-0.2797  	
0.23973  	0.07353  	0.24746  	0.77397  	0.15067  	0.43862  	0.11270  	-0.4875  	0.18214  	-0.0121  	0.02306  	0.33016  	0.13473  	-0.4513  	-0.6697  	0.75811  	0.03550  	-0.0027  	-0.1840  	0.00161  	0.11317  	-0.5378  	-1.0177  	0.27979  	-0.2712  	0.00148  	-0.3616  	-0.3298  	0.04000  	-0.1391  	-0.0394  	0.18123  	0.10537  	-0.3045  	0.11492  	0.16826  	-0.0357  	-0.0158  	-0.3426  	0.14422  	0.09932  	0.25657  	-0.1649  	0.11095  	-0.1715  	-0.0153  	-0.0134  	0.05957  	0.03950  	-0.0342  	0.03785  	0.02164  	0.00650  	0.05460  	0.01603  	-0.0232  	0.02428  	-0.0161  	-0.0297  	0.04404  	0.00916  	-0.0118  	0.00320  	-0.0069  	-0.0069  	-0.0242  	0.03589  	-0.0073  	0.02253  	-0.2797  	
0.13843  	0.06452  	0.16429  	0.77842  	0.16705  	0.42973  	0.10024  	-0.4863  	0.16561  	0.00556  	0.07842  	0.31467  	0.11658  	-0.5190  	-0.6890  	0.74700  	0.01327  	-0.0105  	-0.1888  	0.06121  	0.07693  	-0.4659  	-0.9818  	0.29700  	-0.1733  	-0.0310  	-0.2959  	-0.2831  	0.05908  	-0.0983  	-0.0916  	0.18773  	0.09375  	-0.2947  	0.13687  	0.19521  	-0.0088  	-0.0152  	-0.3342  	0.14574  	0.07486  	0.24564  	-0.1535  	0.09891  	-0.1614  	-0.0195  	-0.0083  	0.05199  	0.04140  	-0.0432  	0.03303  	0.02093  	0.00238  	0.05291  	0.01775  	-0.0312  	0.02348  	-0.0162  	-0.0290  	0.04340  	0.00831  	-0.0172  	0.00763  	-0.0085  	-0.0069  	-0.0242  	0.03589  	-0.0073  	0.02253  	-0.2797  	
0.12016  	0.03788  	0.09595  	0.84115  	0.16997  	0.48057  	0.10690  	-0.5555  	0.14788  	-0.0539  	-0.0026  	0.33018  	0.08723  	-0.4399  	-0.6416  	0.72932  	-0.0217  	0.08805  	-0.2338  	0.19153  	0.04955  	-0.3069  	-0.7851  	0.28467  	-0.1508  	-0.0884  	-0.2956  	-0.2370  	-0.0100  	-0.0687  	-0.1661  	0.21229  	0.162  	-0.1767  	0.19193  	0.18753  	0.04944  	-0.0090  	-0.2545  	0.19252  	0.01028  	0.16631  	-0.0815  	0.03802  	-0.1144  	-0.0320  	0.00661  	0.03188  	0.04764  	-0.0327  	0.02719  	0.01911  	0.00046  	0.03909  	0.00951  	-0.0280  	0.03165  	-0.0060  	-0.0294  	0.03522  	0.00403  	-0.0191  	0.01902  	-0.0059  	-0.0069  	-0.0242  	0.03589  	-0.0073  	0.02253  	-0.2797  	
0.14340  	0.04043  	0.09303  	0.77876  	0.16850  	0.51779  	0.15487  	-0.5633  	0.19405  	-0.0117  	0.02129  	0.34012  	0.05018  	-0.4174  	-0.7783  	0.86968  	-0.1035  	0.28708  	-0.2970  	0.44015  	-0.0033  	-0.1837  	-0.5986  	0.26837  	-0.1603  	-0.1677  	-0.3703  	-0.1348  	-0.0692  	-0.0978  	-0.2371  	0.23106  	0.26653  	-0.0435  	0.23603  	0.21927  	0.10501  	-0.0101  	-0.1670  	0.25823  	-0.0315  	0.04904  	0.01627  	-0.0169  	-0.0787  	-0.0469  	0.03024  	0.00919  	0.05995  	-0.0100  	0.02565  	0.01349  	0.00013  	0.02845  	0.00810  	-0.0268  	0.03493  	0.00067  	-0.0348  	0.02815  	0.00174  	0.00322  	0.03554  	-0.0103  	-0.0069  	-0.0242  	0.03589  	-0.0073  	0.02253  	-0.2797  	
-0.0127  	-0.0096  	0.05271  	0.47210  	0.01965  	0.38074  	0.13224  	-0.6660  	0.15361  	0.08328  	0.16529  	0.30587  	-0.0299  	-0.6152  	-1.0703  	0.89997  	-0.1309  	0.37080  	-0.2681  	0.52208  	-0.1226  	-0.2399  	-0.6475  	0.23098  	-0.1316  	-0.1629  	-0.4477  	-0.0208  	-0.0298  	-0.1259  	-0.2002  	0.22504  	0.24586  	-0.0469  	0.16578  	0.31324  	0.08433  	-0.0283  	-0.1567  	0.26605  	0.01293  	0.02459  	0.01652  	-0.0216  	-0.0719  	-0.0445  	0.03160  	0.01070  	0.04607  	-0.0178  	0.02297  	0.01320  	0.00241  	0.01755  	0.00703  	-0.0297  	0.03404  	0.00420  	-0.0322  	0.03389  	-0.0012  	-0.0155  	0.03232  	-0.0044  	-0.0069  	-0.0242  	0.03589  	-0.0073  	0.02253  	-0.2797  	
-0.2423  	-0.0682  	-0.0823  	0.44250  	0.03154  	0.27313  	0.15484  	-0.7050  	0.14863  	0.06878  	0.21269  	0.26156  	-0.0493  	-0.6298  	-1.0958  	0.82882  	-0.1292  	0.31949  	-0.2998  	0.51067  	-0.1433  	-0.2407  	-0.6230  	0.26640  	-0.0944  	-0.1448  	-0.3975  	-0.0051  	-0.0166  	-0.1123  	-0.2091  	0.24946  	0.24794  	-0.0528  	0.15353  	0.33624  	0.06932  	-0.0227  	-0.1635  	0.26832  	0.01122  	0.04190  	0.02209  	-0.0266  	-0.0716  	-0.0475  	0.03927  	0.00560  	0.04432  	-0.0246  	0.01958  	0.01459  	0.00267  	0.02017  	0.00772  	-0.0323  	0.03595  	0.00767  	-0.0289  	0.03355  	0.00358  	-0.0145  	0.03378  	0.00175  	-0.0069  	-0.0242  	0.03589  	-0.0073  	0.02253  	-0.2797  	
-0.2744  	-0.0669  	-0.1472  	0.48844  	0.05724  	0.24523  	0.07735  	-0.7041  	0.14605  	-0.0066  	0.14620  	0.31281  	-0.0480  	-0.5975  	-0.9145  	0.71614  	-0.0945  	0.28624  	-0.2920  	0.46239  	-0.0955  	-0.2242  	-0.5771  	0.24642  	-0.1426  	-0.1406  	-0.4200  	-0.0329  	-0.0521  	-0.1187  	-0.2134  	0.22973  	0.22129  	-0.0490  	0.16840  	0.26246  	0.08200  	-0.0246  	-0.1699  	0.22784  	-0.0182  	0.03913  	-0.0063  	-0.0288  	-0.0625  	-0.0474  	0.03884  	-0.0126  	0.03867  	-0.0115  	0.01494  	0.01567  	0.00107  	0.02373  	0.00334  	-0.0363  	0.04187  	0.01113  	-0.0273  	0.02778  	0.00053  	-0.0097  	0.03912  	-0.0035  	-0.0069  	-0.0242  	0.03589  	-0.0073  	0.02253  	-0.2797  	
-0.1375  	-0.0272  	-0.0010  	0.54401  	0.04350  	0.35688  	0.08490  	-0.6508  	0.16438  	-0.0144  	0.14243  	0.29941  	-0.0223  	-0.5681  	-0.8822  	0.78747  	-0.1028  	0.30066  	-0.2864  	0.46253  	-0.0854  	-0.2247  	-0.5685  	0.25465  	-0.1782  	-0.1214  	-0.4438  	-0.0308  	-0.0491  	-0.1298  	-0.2190  	0.23387  	0.25471  	-0.0510  	0.18115  	0.25533  	0.10662  	-0.0116  	-0.1797  	0.23282  	-0.0082  	0.02599  	0.01633  	-0.0235  	-0.0731  	-0.0493  	0.04141  	0.00048  	0.04649  	-0.0165  	0.02288  	0.01300  	-0.0002  	0.02172  	0.00684  	-0.0328  	0.03687  	0.00412  	-0.0291  	0.03277  	-0.0010  	-0.0077  	0.03066  	-0.0001  	-0.0069  	-0.0242  	0.03589  	-0.0073  	0.02253  	-0.2797  	
-0.0416  	-0.0018  	0.02599  	0.52964  	0.05750  	0.38269  	0.13719  	-0.6859  	0.16985  	0.06524  	0.14977  	0.34247  	-0.0233  	-0.6120  	-1.0082  	0.89226  	-0.1229  	0.35164  	-0.2821  	0.50040  	-0.1354  	-0.2384  	-0.6482  	0.21665  	-0.1597  	-0.1393  	-0.4696  	0.02853  	-0.0105  	-0.1274  	-0.2085  	0.22874  	0.24900  	-0.0409  	0.16170  	0.30046  	0.05856  	-0.0308  	-0.1449  	0.26072  	0.01172  	0.03980  	0.02126  	-0.0280  	-0.0757  	-0.0450  	0.03685  	0.00925  	0.04880  	-0.0128  	0.02860  	0.01535  	0.00207  	0.01916  	0.00599  	-0.0344  	0.04277  	0.00778  	-0.0258  	0.02680  	-0.0036  	-0.0095  	0.03378  	-0.0050  	-0.0069  	-0.0242  	0.03589  	-0.0073  	0.02253  	-0.2797  	
-0.0386  	-0.0399  	0.01195  	0.53734  	0.05006  	0.38327  	0.15153  	-0.6763  	0.16205  	0.04883  	0.13326  	0.31534  	-0.0276  	-0.6178  	-1.0027  	0.88237  	-0.1325  	0.35941  	-0.2765  	0.50343  	-0.1255  	-0.2337  	-0.6324  	0.20645  	-0.1277  	-0.1532  	-0.4404  	0.03736  	0.00447  	-0.1157  	-0.2149  	0.24424  	0.23476  	-0.0495  	0.16381  	0.32321  	0.06205  	-0.0270  	-0.1466  	0.25514  	-0.0020  	0.04394  	0.01740  	-0.0198  	-0.0769  	-0.0444  	0.03583  	0.01066  	0.04938  	-0.0175  	0.02767  	0.01743  	0.00443  	0.01706  	0.00917  	-0.0334  	0.04016  	0.00963  	-0.0251  	0.02575  	-0.0014  	-0.0125  	0.03584  	-0.0061  	-0.0069  	-0.0242  	0.03589  	-0.0073  	0.02253  	-0.2797  	
-0.0833  	-0.0365  	0.01986  	0.52475  	0.01596  	0.41593  	0.13945  	-0.6568  	0.13310  	-0.0244  	0.17321  	0.25717  	-0.0609  	-0.6286  	-0.9381  	0.81011  	-0.1002  	0.30385  	-0.2777  	0.44928  	-0.0086  	-0.2139  	-0.5209  	0.27387  	-0.1565  	-0.1488  	-0.3837  	-0.0918  	-0.0711  	-0.1125  	-0.2215  	0.25720  	0.22560  	-0.0620  	0.18882  	0.29445  	0.13020  	-0.0037  	-0.1859  	0.22876  	0.00343  	0.04774  	0.01405  	-0.0265  	-0.0788  	-0.0468  	0.03629  	-0.0089  	0.04835  	-0.0223  	0.02436  	0.01496  	0.00481  	0.02052  	0.01050  	-0.0355  	0.04110  	0.01193  	-0.0242  	0.02467  	-0.0031  	-0.0171  	0.03857  	-0.0046  	-0.0069  	-0.0242  	0.03589  	-0.0073  	0.02253  	-0.2797  	
-0.0463  	0.00348  	-0.0151  	0.50265  	0.03180  	0.40215  	0.15098  	-0.6742  	0.15714  	0.01352  	0.19345  	0.25713  	-0.0214  	-0.6347  	-0.9204  	0.81813  	-0.1136  	0.28975  	-0.2670  	0.48444  	-0.0365  	-0.2272  	-0.5735  	0.24187  	-0.1513  	-0.1340  	-0.4210  	-0.0607  	-0.0920  	-0.1390  	-0.2098  	0.25342  	0.24464  	-0.0580  	0.17704  	0.27444  	0.13165  	0.00080  	-0.1657  	0.23962  	0.01144  	0.02241  	0.01867  	-0.0179  	-0.0763  	-0.0444  	0.04183  	-0.0036  	0.04086  	-0.0179  	0.01975  	0.01311  	-0.0008  	0.02570  	0.01283  	-0.0350  	0.03323  	0.00638  	-0.0299  	0.02974  	-0.0022  	-0.0128  	0.03278  	-0.0050  	-0.0069  	-0.0242  	0.03589  	-0.0073  	0.02253  	-0.2797  	
0.00607  	0.01256  	0.04165  	0.58799  	0.08160  	0.40516  	0.15776  	-0.6552  	0.17649  	0.05912  	0.14737  	0.31222  	0.01246  	-0.5721  	-0.9365  	0.87560  	-0.1290  	0.29931  	-0.2594  	0.49414  	-0.0816  	-0.2062  	-0.6193  	0.26031  	-0.1311  	-0.1642  	-0.4079  	-0.0423  	-0.0614  	-0.1234  	-0.2248  	0.23703  	0.24560  	-0.0472  	0.18949  	0.28976  	0.11540  	-0.0157  	-0.1688  	0.28390  	0.00103  	0.03108  	0.01321  	-0.0217  	-0.0751  	-0.0430  	0.02992  	0.00269  	0.04517  	-0.0158  	0.02594  	0.01393  	0.00228  	0.02442  	0.00660  	-0.0279  	0.03454  	0.00353  	-0.0284  	0.03237  	-0.0012  	-0.0097  	0.03179  	-0.0070  	-0.0069  	-0.0242  	0.03589  	-0.0073  	0.02253  	-0.2797  	
0.03367  	0.00650  	0.05749  	0.64278  	0.10693  	0.42907  	0.15588  	-0.6362  	0.16296  	0.05120  	0.13397  	0.32474  	-0.0057  	-0.5529  	-0.9291  	0.91158  	-0.1150  	0.29491  	-0.2733  	0.50735  	-0.0634  	-0.2061  	-0.6462  	0.29462  	-0.0931  	-0.1687  	-0.3570  	-0.0466  	-0.0812  	-0.1031  	-0.2299  	0.24975  	0.24881  	-0.0456  	0.22463  	0.28420  	0.12330  	-0.0253  	-0.1702  	0.26171  	-0.0278  	0.03751  	0.02208  	-0.0165  	-0.0745  	-0.0488  	0.02778  	0.00868  	0.05299  	-0.0253  	0.02960  	0.01384  	-0.0041  	0.02389  	0.00659  	-0.0250  	0.04004  	0.00222  	-0.0306  	0.03160  	-0.0011  	-0.0148  	0.03592  	-0.0075  	-0.0069  	-0.0242  	0.03589  	-0.0073  	0.02253  	-0.2797  	
0.07731  	0.01630  	0.02114  	0.77155  	0.17987  	0.44704  	0.14140  	-0.6429  	0.15468  	0.03879  	0.04787  	0.34294  	0.03691  	-0.4721  	-0.8029  	0.83218  	-0.1242  	0.26068  	-0.3023  	0.46036  	-0.0586  	-0.1822  	-0.6421  	0.29547  	-0.0705  	-0.1651  	-0.3280  	-0.0945  	-0.0635  	-0.0853  	-0.2332  	0.25251  	0.24162  	-0.0479  	0.23587  	0.25508  	0.09900  	-0.0341  	-0.1442  	0.27810  	-0.0391  	0.06120  	0.00435  	-0.0324  	-0.0673  	-0.0450  	0.02085  	0.02286  	0.05488  	-0.0129  	0.02830  	0.01668  	-0.0010  	0.02367  	0.00467  	-0.0262  	0.03598  	0.00260  	-0.0252  	0.02968  	-0.0002  	-0.0162  	0.03613  	-0.0058  	-0.0069  	-0.0242  	0.03589  	-0.0073  	0.02253  	-0.2797  	
0.10594  	0.02394  	0.03537  	0.79420  	0.18099  	0.46474  	0.14505  	-0.6113  	0.17072  	0.00041  	-0.0233  	0.29360  	0.04234  	-0.4202  	-0.6787  	0.74040  	-0.1026  	0.25588  	-0.2673  	0.41431  	-0.0406  	-0.1656  	-0.6158  	0.26015  	-0.0842  	-0.1727  	-0.3236  	-0.0952  	-0.0247  	-0.0552  	-0.2617  	0.25545  	0.23913  	-0.0428  	0.25786  	0.23649  	0.08721  	-0.0324  	-0.1379  	0.26753  	-0.0628  	0.05687  	0.00102  	-0.0318  	-0.0664  	-0.0426  	0.02754  	0.01496  	0.06125  	-0.0223  	0.02643  	0.01579  	0.00152  	0.02170  	0.00854  	-0.0264  	0.02699  	0.00373  	-0.0274  	0.02822  	-0.0018  	-0.0131  	0.03038  	-0.0066  	-0.0069  	-0.0242  	0.03589  	-0.0073  	0.02253  	-0.2797  	
0.12410  	0.03738  	0.01496  	0.87320  	0.21033  	0.50784  	0.15719  	-0.5765  	0.18550  	-0.0339  	-0.0882  	0.28338  	0.07126  	-0.3384  	-0.5852  	0.73738  	-0.1054  	0.24292  	-0.2874  	0.39948  	-0.0672  	-0.1580  	-0.6355  	0.25426  	-0.0546  	-0.1793  	-0.3167  	-0.0644  	0.03203  	-0.0331  	-0.2721  	0.25076  	0.24641  	-0.0360  	0.26703  	0.23670  	0.06136  	-0.0503  	-0.1351  	0.27200  	-0.0704  	0.06221  	0.00465  	-0.0329  	-0.0701  	-0.0412  	0.02945  	0.01344  	0.06348  	-0.0226  	0.02222  	0.01038  	-0.0021  	0.02185  	0.01155  	-0.0225  	0.02698  	0.00549  	-0.0242  	0.03209  	-0.0018  	-0.0058  	0.02681  	-0.0126  	-0.0069  	-0.0242  	0.03589  	-0.0073  	0.02253  	-0.2797  	
0.15644  	0.03889  	0.01329  	0.96962  	0.25841  	0.52324  	0.17097  	-0.5265  	0.19469  	-0.0671  	-0.1112  	0.29358  	0.07780  	-0.2706  	-0.5066  	0.72301  	-0.1130  	0.23808  	-0.2971  	0.40449  	-0.0814  	-0.1505  	-0.6341  	0.26486  	-0.0500  	-0.1837  	-0.3091  	-0.0512  	0.05993  	-0.0147  	-0.2945  	0.24582  	0.25237  	-0.0412  	0.27856  	0.22583  	0.04979  	-0.0649  	-0.1290  	0.28796  	-0.0946  	0.07380  	-0.0009  	-0.0329  	-0.0682  	-0.0357  	0.03019  	0.01756  	0.06613  	-0.0210  	0.01807  	0.00719  	-0.0013  	0.01611  	0.01122  	-0.0200  	0.02899  	0.00712  	-0.0242  	0.03612  	-0.0033  	-0.0080  	0.02554  	-0.0173  	-0.0069  	-0.0242  	0.03589  	-0.0073  	0.02253  	-0.2797  	
0.19003  	0.04934  	0.02721  	1.00173  	0.26654  	0.55869  	0.15717  	-0.5074  	0.20555  	-0.0838  	-0.1188  	0.31073  	0.10275  	-0.2216  	-0.4862  	0.76431  	-0.1026  	0.23409  	-0.2886  	0.41501  	-0.0740  	-0.1416  	-0.6257  	0.27009  	-0.0468  	-0.1819  	-0.3246  	-0.0694  	0.05270  	-0.0083  	-0.2814  	0.22805  	0.25083  	-0.0398  	0.27615  	0.21784  	0.06044  	-0.0655  	-0.1307  	0.28332  	-0.1062  	0.07588  	-0.0169  	-0.0424  	-0.0654  	-0.0315  	0.02528  	0.02223  	0.05868  	-0.0141  	0.02096  	0.00919  	-0.0009  	0.01422  	0.00915  	-0.0169  	0.02481  	0.00643  	-0.0241  	0.03683  	-0.0037  	-0.0023  	0.02346  	-0.0184  	-0.0069  	-0.0242  	0.03589  	-0.0073  	0.02253  	-0.2797  	
0.21694  	0.11681  	0.10300  	1.06683  	0.35626  	0.52431  	0.14985  	-0.5056  	0.19081  	-0.0501  	-0.1367  	0.33870  	0.16514  	-0.2249  	-0.4748  	0.75102  	-0.0480  	0.08693  	-0.2460  	0.19941  	-0.0993  	-0.3120  	-0.8704  	0.25173  	-0.0711  	-0.0952  	-0.3437  	-0.1092  	0.14357  	0.01533  	-0.1835  	0.17726  	0.18076  	-0.1584  	0.18354  	0.21175  	-0.0425  	-0.0627  	-0.2009  	0.20320  	-0.0275  	0.17434  	-0.0949  	0.03288  	-0.1144  	-0.0147  	0.00107  	0.04592  	0.05093  	-0.0254  	0.02969  	0.01359  	0.00094  	0.03231  	0.01036  	-0.0217  	0.02215  	0.00028  	-0.0245  	0.03630  	8.53829  	-0.0069  	0.01440  	-0.0159  	-0.0069  	-0.0242  	0.03589  	-0.0073  	0.02253  	-0.2797  	
0.21046  	0.13314  	0.01791  	1.13591  	0.42141  	0.40022  	0.11618  	-0.4936  	0.17249  	-0.0143  	-0.2757  	0.30216  	0.26546  	-0.2048  	-0.3593  	0.63094  	-0.0023  	-0.0131  	-0.2097  	-0.0026  	-0.0907  	-0.4403  	-1.0239  	0.23973  	-0.0831  	-0.0272  	-0.3150  	-0.2012  	0.25288  	0.01791  	-0.0933  	0.13200  	0.11706  	-0.2794  	0.13181  	0.18261  	-0.1445  	-0.0786  	-0.2560  	0.17148  	0.00975  	0.27121  	-0.1736  	0.09719  	-0.1499  	-0.0070  	-0.0114  	0.05349  	0.04494  	-0.0399  	0.02873  	0.02189  	0.00919  	0.04969  	0.01580  	-0.0176  	0.01869  	-0.0151  	-0.0221  	0.04981  	0.00827  	-0.0036  	-0.0036  	-0.0150  	-0.0069  	-0.0242  	0.03589  	-0.0073  	0.02253  	-0.2797  	
-0.0502  	0.00108  	-0.0779  	1.07206  	0.39979  	0.20749  	0.09675  	-0.4723  	0.16113  	0.03103  	0.04331  	0.39754  	0.19976  	-0.2514  	-0.4669  	0.63071  	0.00704  	-0.0297  	-0.1710  	0.07947  	-0.0005  	-0.5526  	-1.1582  	0.33467  	-0.1820  	-0.0105  	-0.3623  	-0.2007  	0.10607  	-0.0767  	-0.0359  	0.14744  	0.12630  	-0.3054  	0.20674  	0.15836  	-0.0731  	-0.0865  	-0.3661  	0.14996  	0.01054  	0.28824  	-0.2266  	0.09084  	-0.1638  	-0.0050  	-0.0002  	0.03693  	0.02905  	-0.0293  	0.02343  	0.02161  	-0.0065  	0.05109  	0.00623  	-0.0286  	0.02065  	-0.0265  	-0.0252  	0.05161  	0.00973  	-0.0027  	-0.0129  	-0.0225  	-0.0069  	-0.0242  	0.03589  	-0.0073  	0.02253  	-0.2797  	
-0.2535  	-0.0439  	-0.1295  	0.68063  	0.20121  	0.07059  	0.10221  	-0.5981  	0.12240  	0.03423  	0.19481  	0.49863  	0.11818  	-0.5272  	-0.8080  	0.65880  	-0.0179  	0.10086  	-0.2149  	0.20270  	-0.0327  	-0.5633  	-1.0796  	0.32011  	-0.3444  	-0.0038  	-0.5116  	-0.1108  	0.05796  	-0.1371  	-0.0305  	0.14494  	0.15252  	-0.2667  	0.15234  	0.18195  	-0.1093  	-0.0466  	-0.3334  	0.15042  	0.04692  	0.24225  	-0.2046  	0.06458  	-0.1507  	-0.0275  	0.00022  	0.02772  	0.02524  	-0.0307  	0.02095  	0.02384  	-0.0001  	0.04933  	0.00942  	-0.0396  	0.03637  	-0.0156  	-0.0312  	0.03999  	0.00775  	-0.0035  	0.00377  	-0.0089  	-0.0069  	-0.0242  	0.03589  	-0.0073  	0.02253  	-0.2797  	
-0.2511  	-0.0375  	-0.0507  	0.48210  	0.10699  	0.24686  	0.09159  	-0.5995  	0.15728  	0.02801  	0.24308  	0.38507  	0.01396  	-0.6282  	-0.9126  	0.74183  	-0.0618  	0.19825  	-0.2382  	0.30657  	-0.0372  	-0.4096  	-0.7801  	0.29652  	-0.2770  	-0.0618  	-0.4693  	-0.0986  	-0.0122  	-0.1506  	-0.1001  	0.18658  	0.19396  	-0.1745  	0.12407  	0.20389  	0.01679  	-0.0276  	-0.2606  	0.17200  	0.06183  	0.14742  	-0.1067  	0.02348  	-0.1232  	-0.0197  	0.01980  	0.00540  	0.03111  	-0.0163  	0.01971  	0.01897  	0.00423  	0.03584  	0.00468  	-0.0329  	0.03176  	-0.0070  	-0.0246  	0.03734  	0.00936  	-0.0098  	0.01278  	-0.0048  	-0.0069  	-0.0242  	0.03589  	-0.0073  	0.02253  	-0.2797  	
-0.1344  	-0.0342  	-0.0044  	0.54860  	0.03159  	0.36793  	0.12037  	-0.6579  	0.15901  	0.00605  	0.10734  	0.31902  	-0.0116  	-0.5569  	-0.8261  	0.74973  	-0.0751  	0.28629  	-0.2969  	0.42915  	-0.0534  	-0.2170  	-0.4973  	0.27324  	-0.2013  	-0.1209  	-0.4311  	-0.1119  	-0.0881  	-0.1223  	-0.2008  	0.23271  	0.25837  	-0.0464  	0.15515  	0.21225  	0.10717  	-0.0055  	-0.1771  	0.24190  	0.02438  	0.02971  	0.02987  	-0.0159  	-0.0792  	-0.0436  	0.03911  	0.00151  	0.04398  	-0.0136  	0.01333  	0.01787  	0.00043  	0.02244  	0.00470  	-0.0373  	0.02660  	0.00921  	-0.0249  	0.02813  	0.00043  	-0.0033  	0.03085  	-0.0038  	-0.0069  	-0.0242  	0.03589  	-0.0073  	0.02253  	-0.2797  	
-0.0075  	0.04959  	0.09917  	0.60787  	0.03501  	0.41877  	0.11139  	-0.5811  	0.18181  	0.00427  	0.13139  	0.33027  	0.00660  	-0.4905  	-0.8122  	0.79846  	-0.0726  	0.27612  	-0.2884  	0.42811  	0.03519  	-0.2044  	-0.5211  	0.24067  	-0.2202  	-0.1379  	-0.4224  	-0.1576  	-0.1115  	-0.1389  	-0.1912  	0.23810  	0.26508  	-0.0455  	0.18370  	0.19034  	0.15064  	0.01250  	-0.1854  	0.21418  	0.01511  	0.01728  	0.03099  	-0.0169  	-0.0779  	-0.0413  	0.03858  	0.00224  	0.04322  	-0.0155  	0.00491  	0.01246  	0.00084  	0.02077  	0.00279  	-0.0295  	0.02995  	0.00587  	-0.0316  	0.02677  	0.00444  	0.00462  	0.03376  	-0.0078  	-0.0069  	-0.0242  	0.03589  	-0.0073  	0.02253  	-0.2797  	
0.10586  	0.08542  	0.17179  	0.58114  	-0.0225  	0.50373  	0.10852  	-0.4954  	0.23028  	-0.0423  	0.25263  	0.33359  	-0.0157  	-0.4355  	-0.7671  	0.90040  	-0.0755  	0.20477  	-0.2720  	0.37004  	0.18966  	-0.1930  	-0.4820  	0.33169  	-0.2252  	-0.1529  	-0.3212  	-0.3340  	-0.2805  	-0.1702  	-0.1979  	0.27161  	0.27822  	-0.0637  	0.25997  	0.14781  	0.28505  	0.05468  	-0.2321  	0.16795  	-0.0151  	0.02148  	0.02329  	-0.0239  	-0.0775  	-0.0414  	0.03643  	0.00563  	0.04904  	-0.0087  	-0.0018  	0.01546  	0.00400  	0.03179  	0.00054  	-0.0245  	0.02283  	0.00416  	-0.0338  	0.03439  	0.00641  	0.00262  	0.03259  	-0.0068  	-0.0069  	-0.0242  	0.03589  	-0.0073  	0.02253  	-0.2797  	
0.12089  	0.08979  	0.17573  	0.58189  	-0.0370  	0.51102  	0.12388  	-0.4813  	0.23883  	-0.0523  	0.27909  	0.31200  	-0.0042  	-0.4217  	-0.7624  	0.90429  	-0.0791  	0.19180  	-0.2648  	0.35468  	0.20822  	-0.1954  	-0.4829  	0.35120  	-0.2226  	-0.1608  	-0.2941  	-0.3667  	-0.3111  	-0.1661  	-0.2014  	0.28189  	0.27732  	-0.0619  	0.28094  	0.14096  	0.30313  	0.06172  	-0.2401  	0.17593  	-0.0309  	0.02638  	0.01692  	-0.0240  	-0.0791  	-0.0436  	0.03294  	0.00667  	0.04923  	-0.0079  	0.00101  	0.01636  	0.00562  	0.03431  	0.00181  	-0.0212  	0.02125  	0.00452  	-0.0352  	0.03679  	0.00927  	0.00201  	0.03403  	-0.0055  	-0.0069  	-0.0242  	0.03589  	-0.0073  	0.02253  	-0.2797  	
0.12599  	0.10129  	0.18388  	0.56476  	-0.0486  	0.49727  	0.11480  	-0.4820  	0.24606  	-0.0551  	0.29605  	0.32011  	0.00165  	-0.4124  	-0.7900  	0.90871  	-0.0780  	0.19643  	-0.2641  	0.34208  	0.20681  	-0.2069  	-0.4775  	0.35220  	-0.2408  	-0.1561  	-0.2974  	-0.3624  	-0.3194  	-0.1626  	-0.1988  	0.27892  	0.28213  	-0.0633  	0.29175  	0.13600  	0.30285  	0.06228  	-0.2454  	0.17113  	-0.0310  	0.02924  	0.01843  	-0.0299  	-0.0815  	-0.0439  	0.03402  	0.00584  	0.04761  	-0.0068  	0.00111  	0.01655  	0.00482  	0.03369  	0.00235  	-0.0216  	0.02107  	0.00444  	-0.0347  	0.03597  	0.00875  	0.00174  	0.03253  	-0.0060  	-0.0069  	-0.0242  	0.03589  	-0.0073  	0.02253  	-0.2797  	
0.12847  	0.10232  	0.18071  	0.56519  	-0.0477  	0.49337  	0.11127  	-0.4777  	0.25198  	-0.0673  	0.29436  	0.33811  	0.00447  	-0.4044  	-0.7914  	0.91122  	-0.0751  	0.19681  	-0.2629  	0.33392  	0.20901  	-0.2066  	-0.4667  	0.35184  	-0.2517  	-0.1551  	-0.2947  	-0.3583  	-0.3288  	-0.1595  	-0.1979  	0.27758  	0.28230  	-0.0637  	0.29896  	0.12720  	0.30923  	0.06264  	-0.2511  	0.16847  	-0.0316  	0.02936  	0.01713  	-0.0305  	-0.0819  	-0.0433  	0.03469  	0.00470  	0.04694  	-0.0060  	-0.0002  	0.01670  	0.00404  	0.03355  	0.00208  	-0.0214  	0.02015  	0.00508  	-0.0352  	0.03572  	0.00839  	0.00318  	0.03226  	-0.0059  	-0.0069  	-0.0242  	0.03589  	-0.0073  	0.02253  	-0.2797  	
0.14023  	0.10173  	0.17744  	0.56486  	-0.0373  	0.49017  	0.11186  	-0.4827  	0.25326  	-0.0647  	0.29332  	0.35822  	0.00211  	-0.3990  	-0.7915  	0.91222  	-0.0675  	0.19353  	-0.2689  	0.33294  	0.19843  	-0.2045  	-0.4525  	0.35310  	-0.2587  	-0.1502  	-0.2921  	-0.3502  	-0.3284  	-0.1553  	-0.1980  	0.27390  	0.28326  	-0.0634  	0.30083  	0.12016  	0.30522  	0.06374  	-0.2510  	0.16553  	-0.0338  	0.03013  	0.01843  	-0.0297  	-0.0825  	-0.0430  	0.03544  	0.00569  	0.04790  	-0.0082  	-0.0008  	0.01824  	0.00179  	0.03213  	0.00233  	-0.0216  	0.01916  	0.00539  	-0.0355  	0.03394  	0.00798  	0.00340  	0.03171  	-0.0054  	-0.0069  	-0.0242  	0.03589  	-0.0073  	0.02253  	-0.2797  	
