0.13932  	0.09724  	0.17709  	0.56552  	-0.0303  	0.49116  	0.11117  	-0.4824  	0.25303  	-0.0565  	0.29278  	0.36116  	0.00425  	-0.3990  	-0.7991  	0.91521  	-0.0657  	0.19290  	-0.2722  	0.33400  	0.19078  	-0.2090  	-0.4516  	0.35313  	-0.2618  	-0.1502  	-0.2931  	-0.3452  	-0.3278  	-0.1541  	-0.1994  	0.27423  	0.28261  	-0.0645  	0.29929  	0.12135  	0.30283  	0.06377  	-0.2490  	0.16484  	-0.0345  	0.03053  	0.01804  	-0.0294  	-0.0833  	-0.0424  	0.03456  	0.00585  	0.04840  	-0.0091  	0.00028  	0.01875  	0.00170  	0.03200  	0.00279  	-0.0219  	0.01912  	0.00490  	-0.0349  	0.03383  	0.00814  	0.00330  	0.03167  	-0.0051  	-0.0069  	-0.0242  	0.03589  	-0.0073  	0.02253  	-0.2797  	
0.13932  	0.09724  	0.17709  	0.56552  	-0.0303  	0.49116  	0.11117  	-0.4824  	0.25303  	-0.0565  	0.29278  	0.36116  	0.00425  	-0.3990  	-0.7991  	0.91521  	-0.0657  	0.19290  	-0.2722  	0.33400  	0.19078  	-0.2090  	-0.4516  	0.35313  	-0.2618  	-0.1502  	-0.2931  	-0.3452  	-0.3278  	-0.1541  	-0.1994  	0.27423  	0.28261  	-0.0645  	0.29929  	0.12135  	0.30283  	0.06377  	-0.2490  	0.16484  	-0.0345  	0.03053  	0.01804  	-0.0294  	-0.0833  	-0.0424  	0.03456  	0.00585  	0.04840  	-0.0091  	0.00028  	0.01875  	0.00170  	0.03200  	0.00279  	-0.0219  	0.01912  	0.00490  	-0.0349  	0.03383  	0.00814  	0.00330  	0.03167  	-0.0051  	-0.0069  	-0.0242  	0.03589  	-0.0073  	0.02253  	-0.2797  	
0.13932  	0.09724  	0.17709  	0.56552  	-0.0303  	0.49116  	0.11117  	-0.4824  	0.25303  	-0.0565  	0.29278  	0.36116  	0.00425  	-0.3990  	-0.7991  	0.91521  	-0.0657  	0.19290  	-0.2722  	0.33400  	0.19078  	-0.2090  	-0.4516  	0.35313  	-0.2618  	-0.1502  	-0.2931  	-0.3452  	-0.3278  	-0.1541  	-0.1994  	0.27423  	0.28261  	-0.0645  	0.29929  	0.12135  	0.30283  	0.06377  	-0.2490  	0.16484  	-0.0345  	0.03053  	0.01804  	-0.0294  	-0.0833  	-0.0424  	0.03456  	0.00585  	0.04840  	-0.0091  	0.00028  	0.01875  	0.00170  	0.03200  	0.00279  	-0.0219  	0.01912  	0.00490  	-0.0349  	0.03383  	0.00814  	0.00330  	0.03167  	-0.0051  	-0.0069  	-0.0242  	0.03589  	-0.0073  	0.02253  	-0.2797  	
0.13945  	0.09727  	0.17715  	0.56575  	-0.0301  	0.49132  	0.11121  	-0.4824  	0.25298  	-0.0565  	0.29249  	0.36123  	0.00435  	-0.3988  	-0.7990  	0.91520  	-0.0657  	0.19294  	-0.2722  	0.33398  	0.19065  	-0.2090  	-0.4517  	0.35319  	-0.2618  	-0.1502  	-0.2929  	-0.3453  	-0.3277  	-0.1540  	-0.1994  	0.27423  	0.28259  	-0.0645  	0.29929  	0.12143  	0.30272  	0.06374  	-0.2490  	0.16485  	-0.0346  	0.03053  	0.01805  	-0.0294  	-0.0833  	-0.0423  	0.03457  	0.00590  	0.04844  	-0.0091  	0.00028  	0.01873  	0.00171  	0.03199  	0.00280  	-0.0219  	0.01910  	0.00492  	-0.0349  	0.03383  	0.00813  	0.00330  	0.03171  	-0.0051  	-0.0069  	-0.0242  	0.03589  	-0.0073  	0.02253  	-0.2797  	
0.14118  	0.09454  	0.17034  	0.60339  	0.03180  	0.50273  	0.12597  	-0.4962  	0.24545  	-0.0336  	0.21420  	0.35118  	0.03068  	-0.3895  	-0.8146  	0.89990  	-0.0702  	0.22190  	-0.2784  	0.37702  	0.09830  	-0.2152  	-0.4939  	0.32292  	-0.2367  	-0.1384  	-0.3355  	-0.2621  	-0.2361  	-0.1480  	-0.2033  	0.25757  	0.29520  	-0.0650  	0.25732  	0.14964  	0.22477  	0.03283  	-0.2139  	0.19011  	-0.0324  	0.02705  	0.03074  	-0.0239  	-0.0820  	-0.0418  	0.03764  	0.01328  	0.05395  	-0.0086  	0.00752  	0.01670  	-0.0003  	0.02675  	0.00396  	-0.0248  	0.02066  	0.00304  	-0.0346  	0.03138  	0.00596  	0.00189  	0.03374  	-0.0067  	-0.0069  	-0.0242  	0.03589  	-0.0073  	0.02253  	-0.2797  	
0.08752  	0.05398  	0.12343  	0.58274  	0.05683  	0.43816  	0.14492  	-0.5528  	0.23914  	0.01512  	0.18125  	0.36079  	0.03285  	-0.4653  	-0.8523  	0.87909  	-0.0898  	0.27248  	-0.2977  	0.42868  	0.00457  	-0.2486  	-0.5620  	0.25169  	-0.2294  	-0.1369  	-0.4234  	-0.1413  	-0.1362  	-0.1478  	-0.1972  	0.24594  	0.29839  	-0.0624  	0.20731  	0.19569  	0.13632  	0.00759  	-0.1743  	0.22559  	-0.0143  	0.02807  	0.02600  	-0.0261  	-0.0779  	-0.0449  	0.03221  	0.01042  	0.05363  	-0.0169  	0.01631  	0.01498  	-0.0006  	0.02132  	0.00252  	-0.0274  	0.03115  	0.00228  	-0.0312  	0.02869  	0.00615  	-0.0041  	0.03735  	-0.0005  	-0.0069  	-0.0242  	0.03589  	-0.0073  	0.02253  	-0.2797  	
0.11096  	0.04218  	0.16547  	0.59455  	0.04361  	0.47991  	0.15653  	-0.5562  	0.22225  	0.01249  	0.12425  	0.26686  	0.07686  	-0.3925  	-0.8480  	0.84716  	-0.0956  	0.27962  	-0.2850  	0.40561  	-0.0175  	-0.2103  	-0.5835  	0.27911  	-0.1571  	-0.1529  	-0.3986  	-0.1772  	-0.1210  	-0.1020  	-0.1896  	0.22845  	0.29008  	-0.0547  	0.20459  	0.19719  	0.14621  	-0.0051  	-0.1770  	0.22954  	-0.0110  	0.03469  	0.03118  	-0.0262  	-0.0907  	-0.0453  	0.03334  	0.02000  	0.05460  	-0.0142  	0.01001  	0.01328  	-0.0003  	0.02108  	0.00338  	-0.0212  	0.02339  	0.00194  	-0.0387  	0.03336  	0.00856  	0.00173  	0.03880  	0.00087  	-0.0069  	-0.0242  	0.03589  	-0.0073  	0.02253  	-0.2797  	
-0.2067  	-0.0064  	-0.0874  	0.50269  	0.06825  	0.24330  	0.12619  	-0.6336  	0.16791  	0.05466  	0.27722  	0.35818  	0.02838  	-0.4275  	-0.9943  	0.75552  	-0.1036  	0.30212  	-0.2685  	0.49506  	-0.0400  	-0.2175  	-0.6099  	0.34101  	-0.1464  	-0.1501  	-0.4205  	-0.1008  	-0.1564  	-0.1513  	-0.1769  	0.20767  	0.28750  	-0.0583  	0.22133  	0.25017  	0.12522  	-0.0343  	-0.1721  	0.25849  	-0.0233  	0.04816  	-0.0278  	-0.0341  	-0.0782  	-0.0472  	0.04064  	-0.0109  	0.04704  	-0.0077  	0.00732  	0.00973  	-0.0114  	0.02564  	-0.0049  	-0.0357  	0.03381  	0.00350  	-0.0264  	0.03971  	0.00457  	0.00062  	0.03782  	-0.0039  	-0.0069  	-0.0242  	0.03589  	-0.0073  	0.02253  	-0.2797  	
-0.4606  	-0.1059  	-0.2079  	0.38353  	0.04773  	0.10226  	0.11666  	-0.7054  	0.13165  	0.10476  	0.35444  	0.37549  	-0.0678  	-0.6780  	-1.0122  	0.73425  	-0.1112  	0.32391  	-0.2752  	0.53688  	-0.0559  	-0.2680  	-0.5943  	0.26628  	-0.2479  	-0.1234  	-0.4303  	-0.0759  	-0.1011  	-0.1702  	-0.1864  	0.20460  	0.28599  	-0.0418  	0.18003  	0.26050  	0.07599  	-0.0070  	-0.1840  	0.24943  	-0.0041  	0.04438  	-0.0108  	-0.0364  	-0.0713  	-0.0476  	0.04944  	-0.0109  	0.02817  	-0.0130  	0.00908  	0.01487  	-0.0092  	0.03148  	0.00286  	-0.0379  	0.03496  	0.00377  	-0.0328  	0.03238  	0.00504  	-0.0186  	0.03375  	-0.0063  	-0.0069  	-0.0242  	0.03589  	-0.0073  	0.02253  	-0.2797  	
-0.4266  	-0.1103  	-0.1281  	0.19657  	-0.0975  	0.12377  	0.12570  	-0.6971  	0.13231  	0.14187  	0.34692  	0.27523  	-0.0539  	-0.6927  	-1.1243  	0.70614  	-0.0733  	0.31008  	-0.2841  	0.48240  	-0.0952  	-0.2440  	-0.5492  	0.23968  	-0.1796  	-0.1127  	-0.4488  	-0.0741  	-0.0655  	-0.1640  	-0.1706  	0.21173  	0.25358  	-0.0555  	0.11659  	0.26776  	0.08026  	-0.0156  	-0.1532  	0.22308  	0.02963  	0.03494  	0.00574  	-0.0299  	-0.0657  	-0.0479  	0.04191  	-0.0115  	0.03444  	-0.0132  	0.00285  	0.01549  	-0.0011  	0.02799  	0.00746  	-0.0384  	0.03186  	0.00227  	-0.0291  	0.03406  	0.00595  	-0.0017  	0.03173  	-0.0051  	-0.0069  	-0.0242  	0.03589  	-0.0073  	0.02253  	-0.2797  	
-0.3514  	-0.0837  	-0.0516  	0.26649  	-0.0973  	0.23258  	0.12567  	-0.6951  	0.16709  	0.07164  	0.18978  	0.25043  	-0.0432  	-0.7137  	-1.0689  	0.77851  	-0.0625  	0.33076  	-0.2615  	0.45687  	-0.1505  	-0.2198  	-0.5329  	0.20261  	-0.1722  	-0.1117  	-0.4267  	-0.0418  	-0.0496  	-0.1441  	-0.1739  	0.22993  	0.25188  	-0.0560  	0.05807  	0.25900  	0.07108  	-0.0186  	-0.1486  	0.24056  	0.05554  	0.01047  	0.02888  	-0.0218  	-0.0751  	-0.0485  	0.03860  	0.00184  	0.03801  	-0.0182  	0.00820  	0.01860  	-0.0039  	0.01953  	0.00504  	-0.0406  	0.02267  	0.00151  	-0.0280  	0.03300  	0.00597  	0.00219  	0.04301  	0.00086  	-0.0069  	-0.0242  	0.03589  	-0.0073  	0.02253  	-0.2797  	
-0.2076  	-0.0551  	-0.0326  	0.38913  	-0.0066  	0.30112  	0.09895  	-0.6813  	0.16418  	0.09533  	0.15810  	0.31765  	-0.0364  	-0.7385  	-1.1079  	0.84240  	-0.0870  	0.34264  	-0.2638  	0.49000  	-0.1805  	-0.2588  	-0.5697  	0.18776  	-0.2046  	-0.1242  	-0.4928  	0.00606  	-0.0284  	-0.1528  	-0.1787  	0.22227  	0.25145  	-0.0571  	0.08446  	0.28719  	0.04046  	-0.0173  	-0.1438  	0.26682  	0.06421  	0.01256  	0.03812  	-0.0079  	-0.0806  	-0.0498  	0.03518  	0.00462  	0.04526  	-0.0190  	0.01381  	0.01504  	-0.0022  	0.02623  	0.01038  	-0.0373  	0.03566  	0.00282  	-0.0303  	0.02594  	0.00468  	-0.0005  	0.03475  	-0.0012  	-0.0069  	-0.0242  	0.03589  	-0.0073  	0.02253  	-0.2797  	
-0.2192  	-0.0647  	-0.0155  	0.39957  	-0.0370  	0.27032  	0.10083  	-0.7037  	0.15015  	0.10887  	0.23960  	0.30066  	-0.0687  	-0.7368  	-1.1072  	0.84864  	-0.1009  	0.35305  	-0.2722  	0.49306  	-0.1589  	-0.2493  	-0.6077  	0.20982  	-0.1688  	-0.1292  	-0.4914  	0.02010  	-0.0164  	-0.1361  	-0.1971  	0.23678  	0.23662  	-0.0576  	0.12200  	0.29795  	0.05415  	-0.0245  	-0.1649  	0.25628  	0.04918  	0.02630  	0.03054  	-0.0132  	-0.0805  	-0.0453  	0.03659  	0.00165  	0.03972  	-0.0192  	0.02215  	0.01401  	0.00204  	0.01847  	0.00882  	-0.0343  	0.03815  	0.00742  	-0.0240  	0.03194  	0.00425  	-0.0095  	0.03656  	0.00063  	-0.0069  	-0.0242  	0.03589  	-0.0073  	0.02253  	-0.2797  	
-0.2478  	-0.0811  	-0.0777  	0.35350  	-0.0599  	0.30914  	0.10675  	-0.7523  	0.10729  	0.02334  	0.24115  	0.25117  	-0.1040  	-0.7843  	-1.1027  	0.82061  	-0.0678  	0.29556  	-0.2664  	0.42965  	-0.1193  	-0.2650  	-0.5680  	0.25361  	-0.1311  	-0.1388  	-0.3831  	-0.0466  	-0.0459  	-0.1220  	-0.2045  	0.25544  	0.20690  	-0.0590  	0.14070  	0.32588  	0.12263  	-0.0115  	-0.1881  	0.23586  	0.03205  	0.02570  	0.01725  	-0.0148  	-0.0644  	-0.0475  	0.03465  	-0.0203  	0.03630  	-0.0128  	0.01588  	0.01522  	0.00155  	0.02267  	0.01097  	-0.0334  	0.03587  	0.00751  	-0.0274  	0.02378  	-0.0002  	-0.0135  	0.03992  	-0.0007  	-0.0069  	-0.0242  	0.03589  	-0.0073  	0.02253  	-0.2797  	
-0.2224  	-0.0677  	-0.0531  	0.40163  	-0.0319  	0.31624  	0.08042  	-0.6836  	0.14149  	-0.0148  	0.19351  	0.25485  	-0.0698  	-0.7017  	-0.9778  	0.80375  	-0.0801  	0.27730  	-0.2793  	0.41714  	-0.0760  	-0.2113  	-0.5238  	0.26873  	-0.1794  	-0.1292  	-0.3819  	-0.1379  	-0.1014  	-0.1432  	-0.1998  	0.25651  	0.23502  	-0.0553  	0.16863  	0.26950  	0.13891  	0.01208  	-0.2042  	0.22517  	0.02747  	0.04303  	0.01387  	-0.0284  	-0.0794  	-0.0483  	0.03980  	-0.0079  	0.03773  	-0.0194  	0.00882  	0.01585  	-7.8851  	0.02679  	0.00893  	-0.0352  	0.03404  	0.00207  	-0.0298  	0.02894  	0.00084  	-0.0093  	0.03299  	0.00254  	-0.0069  	-0.0242  	0.03589  	-0.0073  	0.02253  	-0.2797  	
-0.1514  	-0.0324  	-0.0117  	0.44738  	0.02256  	0.29840  	0.14194  	-0.6797  	0.15200  	0.04529  	0.19300  	0.28511  	-0.0365  	-0.6642  	-1.0130  	0.82774  	-0.1352  	0.33210  	-0.2917  	0.48734  	-0.1502  	-0.2494  	-0.5870  	0.22201  	-0.1970  	-0.1234  	-0.4390  	-0.0280  	-0.0376  	-0.1425  	-0.1942  	0.24155  	0.26428  	-0.0460  	0.15868  	0.29249  	0.07834  	-0.0121  	-0.1682  	0.25016  	0.02546  	0.04038  	0.01238  	-0.0240  	-0.0796  	-0.0524  	0.04077  	-0.0067  	0.04515  	-0.0162  	0.01578  	0.01462  	-0.0008  	0.02621  	0.01012  	-0.0353  	0.03228  	0.00573  	-0.0319  	0.03098  	-0.0035  	-0.0017  	0.03444  	-0.0018  	-0.0069  	-0.0242  	0.03589  	-0.0073  	0.02253  	-0.2797  	
-0.1092  	-0.0185  	0.04590  	0.45231  	0.03463  	0.32579  	0.14273  	-0.6928  	0.16558  	0.12305  	0.23400  	0.33767  	-0.0345  	-0.6579  	-1.0808  	0.89015  	-0.1270  	0.35566  	-0.2803  	0.55055  	-0.1808  	-0.2649  	-0.6710  	0.20231  	-0.1847  	-0.1467  	-0.4881  	0.03760  	-0.0052  	-0.1418  	-0.2026  	0.23467  	0.24890  	-0.0405  	0.15750  	0.32683  	0.04362  	-0.0206  	-0.1529  	0.26248  	0.03441  	0.02581  	0.01490  	-0.0255  	-0.0773  	-0.0481  	0.03821  	0.00261  	0.04944  	-0.0209  	0.02206  	0.01335  	0.00162  	0.02097  	0.01382  	-0.0345  	0.03724  	0.00509  	-0.0275  	0.03039  	0.00143  	-0.0058  	0.03873  	-0.0001  	-0.0069  	-0.0242  	0.03589  	-0.0073  	0.02253  	-0.2797  	
-0.1133  	-0.0367  	0.06968  	0.32808  	-0.0770  	0.29199  	0.13494  	-0.7112  	0.13136  	0.14059  	0.21839  	0.23487  	-0.0578  	-0.7295  	-1.1701  	0.91333  	-0.1313  	0.36496  	-0.2828  	0.49909  	-0.2194  	-0.2660  	-0.6384  	0.17111  	-0.1686  	-0.1338  	-0.4967  	0.01193  	0.01063  	-0.1208  	-0.1920  	0.23949  	0.24280  	-0.0471  	0.11709  	0.35786  	0.04491  	-0.0220  	-0.1443  	0.26563  	0.05217  	0.02075  	0.02787  	-0.0221  	-0.0834  	-0.0481  	0.03410  	0.00315  	0.04986  	-0.0168  	0.02154  	0.01218  	0.00087  	0.02325  	0.01134  	-0.0373  	0.03604  	0.00355  	-0.0354  	0.02542  	0.00130  	-0.0089  	0.04207  	-0.0011  	-0.0069  	-0.0242  	0.03589  	-0.0073  	0.02253  	-0.2797  	
-0.3844  	-0.1149  	-0.1165  	0.34872  	-0.0882  	0.18415  	0.11597  	-0.7126  	0.11494  	0.07615  	0.29883  	0.22832  	-0.0539  	-0.7497  	-1.1111  	0.79467  	-0.0876  	0.28589  	-0.2640  	0.44150  	-0.1332  	-0.2733  	-0.6161  	0.29896  	-0.0955  	-0.1435  	-0.3593  	-0.0235  	-0.0630  	-0.1233  	-0.1896  	0.25714  	0.21519  	-0.0596  	0.19458  	0.35451  	0.10955  	-0.0178  	-0.2038  	0.24513  	0.00210  	0.03479  	-0.0009  	-0.0252  	-0.0633  	-0.0529  	0.03613  	-0.0239  	0.04512  	-0.0111  	0.02404  	0.01686  	0.00042  	0.02702  	0.00699  	-0.0313  	0.03313  	0.00782  	-0.0263  	0.03037  	0.00282  	-0.0094  	0.03706  	-0.0018  	-0.0069  	-0.0242  	0.03589  	-0.0073  	0.02253  	-0.2797  	
-0.2020  	-0.0253  	-0.0475  	0.44123  	0.04636  	0.27443  	0.05249  	-0.6194  	0.12536  	0.01327  	0.23833  	0.33190  	-0.0387  	-0.5603  	-0.7801  	0.76350  	-0.0862  	0.22474  	-0.2546  	0.46455  	0.05273  	-0.2610  	-0.5630  	0.33462  	-0.2270  	-0.1301  	-0.3114  	-0.1965  	-0.2411  	-0.1579  	-0.1873  	0.24895  	0.25435  	-0.0740  	0.28213  	0.19185  	0.22431  	-0.0008  	-0.2263  	0.23278  	-0.0401  	0.03012  	-0.0186  	-0.0134  	-0.0685  	-0.0483  	0.04483  	-0.0094  	0.03120  	-0.0028  	0.01215  	0.01423  	-0.0108  	0.01703  	0.00310  	-0.0375  	0.04102  	0.00041  	-0.0283  	0.03565  	0.00437  	-0.0122  	0.03630  	-0.0061  	-0.0069  	-0.0242  	0.03589  	-0.0073  	0.02253  	-0.2797  	
0.16898  	0.06192  	0.15944  	0.68192  	0.10253  	0.47514  	0.13501  	-0.5733  	0.20641  	0.04114  	-0.0660  	0.32361  	0.12369  	-0.3365  	-0.6519  	0.78131  	-0.1067  	0.21486  	-0.2810  	0.36999  	-0.0337  	-0.1739  	-0.5460  	0.29451  	-0.1683  	-0.1364  	-0.3353  	-0.2210  	-0.1915  	-0.1073  	-0.1860  	0.24298  	0.26881  	-0.0567  	0.26312  	0.20288  	0.15318  	-0.0117  	-0.1708  	0.23758  	-0.0557  	0.04003  	0.02316  	-0.0176  	-0.0857  	-0.0421  	0.03044  	0.02571  	0.06040  	-0.0136  	0.02256  	0.01427  	-0.0089  	0.02147  	0.01029  	-0.0249  	0.01965  	0.00118  	-0.0355  	0.02955  	0.00207  	0.00099  	0.02598  	-0.0119  	-0.0069  	-0.0242  	0.03589  	-0.0073  	0.02253  	-0.2797  	
0.13475  	0.03004  	0.15280  	0.72973  	0.07528  	0.47919  	0.17473  	-0.5524  	0.20138  	0.04315  	0.01292  	0.23841  	0.11298  	-0.2768  	-0.6360  	0.73433  	-0.0611  	0.21336  	-0.2889  	0.38686  	0.04341  	-0.1577  	-0.4816  	0.29529  	-0.1404  	-0.1538  	-0.3094  	-0.2183  	-0.1280  	-0.0973  	-0.2212  	0.22831  	0.24816  	-0.0552  	0.26226  	0.18618  	0.17214  	0.00560  	-0.1870  	0.23735  	-0.0357  	0.05269  	0.01744  	-0.0246  	-0.0830  	-0.0409  	0.02542  	0.01515  	0.06400  	-0.0107  	0.01808  	0.01511  	-0.0021  	0.02513  	0.00753  	-0.0193  	0.01673  	0.00411  	-0.0307  	0.03810  	0.00659  	-0.0028  	0.02384  	-0.0166  	-0.0069  	-0.0242  	0.03589  	-0.0073  	0.02253  	-0.2797  	
-0.0452  	-0.0145  	0.02159  	0.58448  	0.08088  	0.38360  	0.10857  	-0.6520  	0.14304  	-0.0298  	0.20217  	0.32738  	-0.0294  	-0.5925  	-0.8701  	0.84483  	-0.0953  	0.25405  	-0.2528  	0.42980  	0.05584  	-0.2141  	-0.5350  	0.30173  	-0.1887  	-0.1400  	-0.3361  	-0.2320  	-0.2163  	-0.1361  	-0.2049  	0.25657  	0.23897  	-0.0773  	0.21721  	0.20544  	0.22245  	0.00018  	-0.2102  	0.21032  	0.01849  	0.04591  	-0.0003  	-0.0078  	-0.0747  	-0.0460  	0.03350  	0.01135  	0.04843  	-0.0090  	-0.0019  	0.01302  	-0.0010  	0.02693  	-0.0026  	-0.0313  	0.03023  	0.00469  	-0.0355  	0.02127  	-0.0008  	-0.0129  	0.03105  	-0.0134  	-0.0069  	-0.0242  	0.03589  	-0.0073  	0.02253  	-0.2797  	
-0.1475  	-0.0523  	-0.0075  	0.49915  	0.03088  	0.37266  	0.10708  	-0.6974  	0.14373  	0.02626  	0.17732  	0.28845  	-0.0455  	-0.6834  	-1.0189  	0.86315  	-0.0932  	0.29543  	-0.2641  	0.44055  	-0.0964  	-0.2315  	-0.5835  	0.27074  	-0.1569  	-0.1398  	-0.3735  	-0.0843  	-0.1043  	-0.1110  	-0.2163  	0.25245  	0.23067  	-0.0609  	0.18467  	0.29440  	0.12177  	-0.0063  	-0.1933  	0.24603  	0.01358  	0.03512  	0.00402  	-0.0219  	-0.0825  	-0.0398  	0.03526  	-0.0087  	0.04065  	-0.0189  	0.01820  	0.01637  	0.00182  	0.02314  	0.00522  	-0.0306  	0.03369  	0.00362  	-0.0273  	0.02862  	-0.0004  	-0.0112  	0.03648  	-0.0059  	-0.0069  	-0.0242  	0.03589  	-0.0073  	0.02253  	-0.2797  	
-0.1179  	-0.0565  	-0.0395  	0.54866  	0.06600  	0.37466  	0.11288  	-0.6986  	0.14776  	0.03133  	0.19396  	0.29431  	-0.0396  	-0.6911  	-1.0439  	0.89503  	-0.0864  	0.27470  	-0.2647  	0.49341  	-0.0962  	-0.2516  	-0.6330  	0.28142  	-0.1111  	-0.1454  	-0.3552  	-0.0324  	-0.0810  	-0.0877  	-0.2355  	0.26524  	0.22704  	-0.0634  	0.20536  	0.31445  	0.12140  	-0.0126  	-0.1926  	0.24219  	-0.0091  	0.03920  	0.00683  	-0.0105  	-0.0661  	-0.0427  	0.03407  	0.00626  	0.04869  	-0.0215  	0.02369  	0.01322  	-0.0032  	0.02079  	0.00618  	-0.0280  	0.04090  	0.00470  	-0.0244  	0.03144  	-0.0035  	-0.0179  	0.03931  	-0.0065  	-0.0069  	-0.0242  	0.03589  	-0.0073  	0.02253  	-0.2797  	
0.01979  	-0.0291  	-0.0196  	0.79140  	0.20308  	0.36829  	0.11769  	-0.6568  	0.14400  	0.04388  	0.00300  	0.34695  	0.01836  	-0.5198  	-0.8059  	0.85798  	-0.1102  	0.27005  	-0.2784  	0.48638  	-0.1275  	-0.1968  	-0.6959  	0.30933  	-0.0791  	-0.1473  	-0.3633  	-0.0670  	-0.0305  	-0.0839  	-0.2354  	0.24810  	0.22592  	-0.0485  	0.24090  	0.27699  	0.06518  	-0.0418  	-0.1580  	0.28875  	-0.0391  	0.06811  	0.00540  	-0.0088  	-0.0680  	-0.0403  	0.01950  	0.00765  	0.05367  	-0.0092  	0.02434  	0.01284  	-4.2306  	0.02315  	0.00371  	-0.0315  	0.03688  	0.00823  	-0.0231  	0.03169  	-0.0032  	-0.0103  	0.02433  	-0.0097  	-0.0069  	-0.0242  	0.03589  	-0.0073  	0.02253  	-0.2797  	
0.11484  	0.07416  	0.07351  	0.91654  	0.26829  	0.44800  	0.11334  	-0.5286  	0.16229  	-0.0060  	-0.0329  	0.36013  	0.11398  	-0.4143  	-0.5883  	0.75315  	-0.0333  	0.12278  	-0.2079  	0.23600  	-0.0243  	-0.3399  	-0.8677  	0.26910  	-0.1244  	-0.0835  	-0.3104  	-0.1659  	0.05014  	-0.0645  	-0.1663  	0.20673  	0.18470  	-0.1747  	0.21061  	0.22163  	0.00857  	-0.0395  	-0.2414  	0.20250  	-0.0082  	0.16058  	-0.0876  	0.03577  	-0.1140  	-0.0285  	0.00671  	0.04220  	0.05540  	-0.0338  	0.02775  	0.01348  	-0.0025  	0.03767  	0.01633  	-0.0223  	0.02981  	-0.0100  	-0.0271  	0.04036  	0.00238  	-0.0096  	0.01479  	-0.0105  	-0.0069  	-0.0242  	0.03589  	-0.0073  	0.02253  	-0.2797  	
0.14215  	0.09900  	0.04875  	1.02795  	0.27868  	0.41734  	0.11294  	-0.4738  	0.16978  	-0.0489  	-0.0768  	0.34006  	0.19102  	-0.2684  	-0.4517  	0.65343  	0.01807  	0.01604  	-0.2255  	0.02231  	0.00703  	-0.4545  	-1.0261  	0.33531  	-0.1327  	-0.0284  	-0.3403  	-0.2322  	0.10448  	-0.0797  	-0.0688  	0.15036  	0.13093  	-0.2734  	0.16475  	0.17560  	-0.0874  	-0.0498  	-0.2994  	0.16246  	0.00668  	0.25522  	-0.1866  	0.08088  	-0.1670  	-0.0175  	-0.0035  	0.03340  	0.03572  	-0.0333  	0.03433  	0.02081  	-0.0038  	0.04934  	0.01228  	-0.0263  	0.02495  	-0.0121  	-0.0243  	0.04615  	0.00800  	-0.0051  	-0.0002  	-0.0098  	-0.0069  	-0.0242  	0.03589  	-0.0073  	0.02253  	-0.2797  	
-0.0728  	-0.0235  	-0.0613  	0.85262  	0.27248  	0.22274  	0.10583  	-0.5104  	0.13919  	-0.0100  	0.14942  	0.42583  	0.19485  	-0.3531  	-0.6079  	0.65198  	0.00930  	-0.0207  	-0.1969  	0.05699  	0.05049  	-0.5603  	-1.1086  	0.33301  	-0.2484  	0.01072  	-0.3925  	-0.2337  	0.06344  	-0.1133  	-0.0245  	0.14734  	0.12571  	-0.3128  	0.17756  	0.16462  	-0.0536  	-0.0590  	-0.3584  	0.14044  	0.06284  	0.27528  	-0.2126  	0.08899  	-0.1694  	-0.0061  	-0.0005  	0.04148  	0.02899  	-0.0301  	0.02775  	0.02213  	-0.0068  	0.04666  	0.00888  	-0.0240  	0.02286  	-0.0195  	-0.0295  	0.04578  	0.02493  	-0.0089  	-0.0108  	-0.0100  	-0.0069  	-0.0242  	0.03589  	-0.0073  	0.02253  	-0.2797  	
-0.2981  	-0.0277  	-0.1318  	0.62421  	0.19762  	0.12226  	0.09399  	-0.5976  	0.10446  	0.02629  	0.24473  	0.48794  	0.10266  	-0.5828  	-0.8231  	0.65041  	-0.0073  	0.10403  	-0.1875  	0.17158  	0.02027  	-0.5554  	-1.0134  	0.29969  	-0.3403  	0.02684  	-0.5120  	-0.1249  	0.02233  	-0.1865  	-0.0328  	0.13295  	0.14556  	-0.2846  	0.12449  	0.20667  	-0.0969  	-0.0346  	-0.3320  	0.15413  	0.07428  	0.24614  	-0.1871  	0.06813  	-0.1606  	-0.0194  	0.01089  	0.01824  	0.01543  	-0.0207  	0.03169  	0.01569  	-0.0043  	0.04506  	0.01273  	-0.0383  	0.03627  	-0.0120  	-0.0322  	0.04132  	0.00591  	-0.0079  	0.00471  	-0.0106  	-0.0069  	-0.0242  	0.03589  	-0.0073  	0.02253  	-0.2797  	
-0.2525  	-0.0547  	-0.0251  	0.44498  	0.04265  	0.29054  	0.07304  	-0.5926  	0.16093  	-0.0119  	0.23503  	0.34698  	0.01384  	-0.6489  	-0.8795  	0.73313  	-0.0342  	0.18161  	-0.2358  	0.29130  	-0.0046  	-0.4111  	-0.7368  	0.28797  	-0.2715  	-0.0531  	-0.4614  	-0.1391  	-0.0314  	-0.1656  	-0.1073  	0.18041  	0.18447  	-0.1777  	0.11704  	0.19530  	0.03429  	-0.0102  	-0.2680  	0.16933  	0.07091  	0.13935  	-0.0946  	0.03517  	-0.1259  	-0.0267  	0.02514  	0.00527  	0.03512  	-0.0219  	0.01564  	0.01888  	0.00114  	0.03761  	0.00721  	-0.0346  	0.02926  	-0.0079  	-0.0256  	0.03465  	0.00767  	-0.0132  	0.01673  	-0.0018  	-0.0069  	-0.0242  	0.03589  	-0.0073  	0.02253  	-0.2797  	
-0.1259  	-0.0337  	-0.0048  	0.51869  	0.01660  	0.37480  	0.10775  	-0.6542  	0.15969  	0.00180  	0.12883  	0.31100  	-0.0382  	-0.6053  	-0.8530  	0.77167  	-0.0828  	0.29938  	-0.2853  	0.44549  	-0.0408  	-0.2364  	-0.5046  	0.24049  	-0.2102  	-0.1159  	-0.4413  	-0.0924  	-0.1036  	-0.1365  	-0.1911  	0.23428  	0.26932  	-0.0511  	0.14396  	0.20921  	0.11180  	-0.0001  	-0.1720  	0.24213  	0.03095  	0.02682  	0.02980  	-0.0095  	-0.0785  	-0.0453  	0.03649  	-0.0032  	0.04338  	-0.0134  	0.01347  	0.01819  	-0.0026  	0.02426  	0.00540  	-0.0363  	0.03228  	0.00621  	-0.0289  	0.02685  	0.00116  	-0.0013  	0.03648  	-0.0028  	-0.0069  	-0.0242  	0.03589  	-0.0073  	0.02253  	-0.2797  	
0.01697  	0.05823  	0.12274  	0.59843  	0.02181  	0.43469  	0.11113  	-0.5727  	0.18808  	-0.0072  	0.18410  	0.34526  	0.00489  	-0.4967  	-0.8263  	0.82194  	-0.0863  	0.27792  	-0.2960  	0.43407  	0.05751  	-0.2034  	-0.5215  	0.22185  	-0.2256  	-0.1428  	-0.4516  	-0.1624  	-0.1267  	-0.1484  	-0.1892  	0.23148  	0.26866  	-0.0474  	0.18919  	0.19215  	0.17033  	0.01519  	-0.1832  	0.21309  	0.01903  	0.01264  	0.03529  	-0.0214  	-0.0755  	-0.0444  	0.03928  	0.00423  	0.04534  	-0.0117  	0.00618  	0.01267  	0.00096  	0.02065  	0.00373  	-0.0284  	0.02923  	0.00721  	-0.0342  	0.02892  	0.00105  	0.00158  	0.03321  	-0.0048  	-0.0069  	-0.0242  	0.03589  	-0.0073  	0.02253  	-0.2797  	
0.13043  	0.08365  	0.17924  	0.58906  	-0.0198  	0.52458  	0.11124  	-0.4884  	0.23590  	-0.0447  	0.25882  	0.33753  	-0.0069  	-0.4317  	-0.7625  	0.90651  	-0.0746  	0.18912  	-0.2654  	0.36329  	0.19243  	-0.1822  	-0.4708  	0.32977  	-0.2363  	-0.1529  	-0.3157  	-0.3470  	-0.2949  	-0.1643  	-0.1975  	0.27740  	0.28246  	-0.0639  	0.25799  	0.14615  	0.29487  	0.05975  	-0.2337  	0.16740  	-0.0156  	0.02337  	0.02611  	-0.0237  	-0.0774  	-0.0421  	0.03738  	0.00926  	0.05010  	-0.0106  	-0.0043  	0.01586  	0.00392  	0.03206  	0.00315  	-0.0252  	0.02228  	0.00398  	-0.0341  	0.03582  	0.00685  	-9.8031  	0.03369  	-0.0072  	-0.0069  	-0.0242  	0.03589  	-0.0073  	0.02253  	-0.2797  	
0.13829  	0.09294  	0.18732  	0.59323  	-0.0182  	0.51731  	0.12755  	-0.4822  	0.23307  	-0.0432  	0.25805  	0.29796  	-0.0017  	-0.4168  	-0.7590  	0.89595  	-0.0813  	0.18738  	-0.2657  	0.35811  	0.19814  	-0.1964  	-0.4865  	0.34979  	-0.2067  	-0.1615  	-0.2870  	-0.3680  	-0.2973  	-0.1627  	-0.2078  	0.28067  	0.27130  	-0.0629  	0.27834  	0.15001  	0.29113  	0.05889  	-0.2318  	0.18169  	-0.0399  	0.02866  	0.01680  	-0.0206  	-0.0780  	-0.0431  	0.03209  	0.01088  	0.05135  	-0.0103  	0.00267  	0.01626  	0.00565  	0.03170  	0.00363  	-0.0200  	0.02269  	0.00423  	-0.0352  	0.03666  	0.00965  	-0.0002  	0.03374  	-0.0052  	-0.0069  	-0.0242  	0.03589  	-0.0073  	0.02253  	-0.2797  	
0.14031  	0.09418  	0.18300  	0.57362  	-0.0379  	0.49830  	0.11143  	-0.4811  	0.24639  	-0.0502  	0.28638  	0.32405  	0.00651  	-0.4150  	-0.7854  	0.90572  	-0.0773  	0.19876  	-0.2618  	0.34624  	0.19972  	-0.2081  	-0.4742  	0.34279  	-0.2451  	-0.1562  	-0.3016  	-0.3519  	-0.3099  	-0.1617  	-0.2022  	0.27733  	0.28431  	-0.0630  	0.28827  	0.13858  	0.29546  	0.06091  	-0.2411  	0.17306  	-0.0330  	0.02949  	0.01828  	-0.0261  	-0.0780  	-0.0437  	0.03408  	0.00543  	0.04704  	-0.0063  	0.00145  	0.01587  	0.00500  	0.03211  	0.00397  	-0.0220  	0.02253  	0.00490  	-0.0342  	0.03653  	0.00815  	0.00066  	0.03146  	-0.0058  	-0.0069  	-0.0242  	0.03589  	-0.0073  	0.02253  	-0.2797  	
0.13820  	0.10336  	0.18592  	0.57211  	-0.0382  	0.49521  	0.10935  	-0.4736  	0.25169  	-0.0647  	0.28734  	0.34596  	0.00403  	-0.4025  	-0.7888  	0.91462  	-0.0760  	0.20109  	-0.2594  	0.33885  	0.20466  	-0.2097  	-0.4657  	0.34196  	-0.2547  	-0.1552  	-0.3011  	-0.3496  	-0.3216  	-0.1586  	-0.2010  	0.27555  	0.28454  	-0.0632  	0.29336  	0.12822  	0.30580  	0.06300  	-0.2474  	0.16877  	-0.0308  	0.02847  	0.01709  	-0.0272  	-0.0799  	-0.0430  	0.03472  	0.00606  	0.04750  	-0.0060  	-0.0010  	0.01623  	0.00444  	0.03335  	0.00274  	-0.0217  	0.02064  	0.00530  	-0.0349  	0.03593  	0.00804  	0.00266  	0.03165  	-0.0066  	-0.0069  	-0.0242  	0.03589  	-0.0073  	0.02253  	-0.2797  	
0.13932  	0.09724  	0.17709  	0.56552  	-0.0303  	0.49116  	0.11117  	-0.4824  	0.25303  	-0.0565  	0.29278  	0.36116  	0.00425  	-0.3990  	-0.7991  	0.91521  	-0.0657  	0.19290  	-0.2722  	0.33400  	0.19078  	-0.2090  	-0.4516  	0.35313  	-0.2618  	-0.1502  	-0.2931  	-0.3452  	-0.3278  	-0.1541  	-0.1994  	0.27423  	0.28261  	-0.0645  	0.29929  	0.12135  	0.30283  	0.06377  	-0.2490  	0.16484  	-0.0345  	0.03053  	0.01804  	-0.0294  	-0.0833  	-0.0424  	0.03456  	0.00585  	0.04840  	-0.0091  	0.00028  	0.01875  	0.00170  	0.03200  	0.00279  	-0.0219  	0.01912  	0.00490  	-0.0349  	0.03383  	0.00814  	0.00330  	0.03167  	-0.0051  	-0.0069  	-0.0242  	0.03589  	-0.0073  	0.02253  	-0.2797  	
0.13932  	0.09724  	0.17709  	0.56552  	-0.0303  	0.49116  	0.11117  	-0.4824  	0.25303  	-0.0565  	0.29278  	0.36116  	0.00425  	-0.3990  	-0.7991  	0.91521  	-0.0657  	0.19290  	-0.2722  	0.33400  	0.19078  	-0.2090  	-0.4516  	0.35313  	-0.2618  	-0.1502  	-0.2931  	-0.3452  	-0.3278  	-0.1541  	-0.1994  	0.27423  	0.28261  	-0.0645  	0.29929  	0.12135  	0.30283  	0.06377  	-0.2490  	0.16484  	-0.0345  	0.03053  	0.01804  	-0.0294  	-0.0833  	-0.0424  	0.03456  	0.00585  	0.04840  	-0.0091  	0.00028  	0.01875  	0.00170  	0.03200  	0.00279  	-0.0219  	0.01912  	0.00490  	-0.0349  	0.03383  	0.00814  	0.00330  	0.03167  	-0.0051  	-0.0069  	-0.0242  	0.03589  	-0.0073  	0.02253  	-0.2797  	
0.13938  	0.09719  	0.17713  	0.56555  	-0.0303  	0.49127  	0.11118  	-0.4824  	0.25307  	-0.0565  	0.29277  	0.36115  	0.00432  	-0.3990  	-0.7992  	0.91529  	-0.0657  	0.19289  	-0.2722  	0.33404  	0.19082  	-0.2090  	-0.4516  	0.35319  	-0.2618  	-0.1502  	-0.2930  	-0.3453  	-0.3278  	-0.1541  	-0.1994  	0.27425  	0.28263  	-0.0645  	0.29930  	0.12134  	0.30285  	0.06379  	-0.2490  	0.16484  	-0.0346  	0.03054  	0.01806  	-0.0294  	-0.0833  	-0.0424  	0.03455  	0.00585  	0.04842  	-0.0091  	0.00029  	0.01875  	0.00169  	0.03200  	0.00280  	-0.0219  	0.01912  	0.00490  	-0.0350  	0.03383  	0.00813  	0.00330  	0.03168  	-0.0051  	-0.0069  	-0.0242  	0.03589  	-0.0073  	0.02253  	-0.2797  	
0.13934  	0.09722  	0.17709  	0.56552  	-0.0303  	0.49119  	0.11119  	-0.4824  	0.25303  	-0.0565  	0.29281  	0.36115  	0.00426  	-0.3990  	-0.7991  	0.91523  	-0.0656  	0.19291  	-0.2722  	0.33401  	0.19081  	-0.2090  	-0.4516  	0.35316  	-0.2618  	-0.1502  	-0.2930  	-0.3452  	-0.3278  	-0.1541  	-0.1994  	0.27423  	0.28261  	-0.0645  	0.29929  	0.12137  	0.30285  	0.06377  	-0.2490  	0.16484  	-0.0346  	0.03053  	0.01804  	-0.0294  	-0.0833  	-0.0424  	0.03456  	0.00585  	0.04841  	-0.0091  	0.00029  	0.01875  	0.00170  	0.03200  	0.00279  	-0.0219  	0.01912  	0.00491  	-0.0349  	0.03383  	0.00814  	0.00330  	0.03168  	-0.0051  	-0.0069  	-0.0242  	0.03589  	-0.0073  	0.02253  	-0.2797  	
0.13938  	0.09722  	0.17713  	0.56559  	-0.0303  	0.49136  	0.11117  	-0.4823  	0.25311  	-0.0565  	0.29269  	0.36120  	0.00436  	-0.3990  	-0.7991  	0.91528  	-0.0657  	0.19283  	-0.2722  	0.33402  	0.19082  	-0.2090  	-0.4515  	0.35316  	-0.2619  	-0.1502  	-0.2930  	-0.3452  	-0.3278  	-0.1540  	-0.1994  	0.27424  	0.28262  	-0.0645  	0.29924  	0.12134  	0.30283  	0.06379  	-0.2490  	0.16483  	-0.0346  	0.03054  	0.01807  	-0.0294  	-0.0833  	-0.0424  	0.03456  	0.00585  	0.04842  	-0.0091  	0.00029  	0.01874  	0.00170  	0.03200  	0.00280  	-0.0219  	0.01911  	0.00491  	-0.0350  	0.03383  	0.00814  	0.00330  	0.03168  	-0.0051  	-0.0069  	-0.0242  	0.03589  	-0.0073  	0.02253  	-0.2797  	
0.12441  	0.09223  	0.16841  	0.56947  	-0.0115  	0.47274  	0.11012  	-0.5052  	0.25001  	-0.0336  	0.28613  	0.39296  	0.00211  	-0.4099  	-0.8323  	0.92074  	-0.0652  	0.22088  	-0.2775  	0.37079  	0.15162  	-0.2216  	-0.4766  	0.32332  	-0.2591  	-0.1405  	-0.3471  	-0.2820  	-0.2784  	-0.1578  	-0.1896  	0.25624  	0.29475  	-0.0632  	0.26737  	0.13328  	0.26350  	0.04857  	-0.2351  	0.16820  	-0.0094  	0.02290  	0.02666  	-0.0318  	-0.0814  	-0.0423  	0.03697  	0.00676  	0.04661  	-0.0078  	0.00045  	0.01870  	6.47567  	0.02883  	0.00240  	-0.0249  	0.01908  	0.00479  	-0.0335  	0.03178  	0.00779  	0.00179  	0.03186  	-0.0077  	-0.0069  	-0.0242  	0.03589  	-0.0073  	0.02253  	-0.2797  	
-0.1602  	0.00477  	0.02409  	0.35739  	-0.0458  	0.27114  	0.09922  	-0.6323  	0.20424  	0.06954  	0.31306  	0.34703  	0.02006  	-0.5219  	-1.0767  	0.84415  	-0.0881  	0.30036  	-0.2915  	0.49262  	-0.0639  	-0.2618  	-0.5575  	0.22783  	-0.2748  	-0.0968  	-0.4877  	-0.0538  	-0.1411  	-0.1828  	-0.1581  	0.20585  	0.31859  	-0.0621  	0.14226  	0.21087  	0.12009  	-0.0084  	-0.1624  	0.23380  	0.06882  	0.02196  	0.03644  	-0.0211  	-0.0847  	-0.0454  	0.04404  	0.00910  	0.03866  	-0.0033  	0.00446  	0.01683  	-0.0024  	0.02585  	0.00381  	-0.0298  	0.02172  	-0.0030  	-0.0343  	0.02890  	0.00962  	0.00920  	0.02692  	0.00118  	-0.0069  	-0.0242  	0.03589  	-0.0073  	0.02253  	-0.2797  	
-0.3450  	-0.1159  	-0.1573  	0.29173  	-0.0291  	0.14074  	0.12783  	-0.7134  	0.16571  	0.09631  	0.32609  	0.33016  	-0.0414  	-0.6395  	-1.1718  	0.74985  	-0.1006  	0.33612  	-0.2916  	0.51830  	-0.1488  	-0.2598  	-0.6090  	0.22542  	-0.2393  	-0.1081  	-0.5220  	0.02201  	-0.0415  	-0.1733  	-0.1878  	0.21413  	0.27127  	-0.0523  	0.10669  	0.27667  	0.04678  	-0.0302  	-0.1583  	0.22625  	0.03614  	0.02705  	0.01556  	-0.0282  	-0.0723  	-0.0471  	0.04066  	0.00317  	0.04658  	-0.0156  	0.00612  	0.01252  	0.00209  	0.02330  	0.00754  	-0.0422  	0.03149  	0.00638  	-0.0326  	0.02768  	0.00710  	-0.0045  	0.03724  	-0.0020  	-0.0069  	-0.0242  	0.03589  	-0.0073  	0.02253  	-0.2797  	
-0.4897  	-0.1402  	-0.2204  	0.23986  	-0.0211  	0.06298  	0.11936  	-0.7444  	0.14515  	0.11657  	0.35054  	0.31848  	-0.0694  	-0.7280  	-1.1570  	0.74786  	-0.0920  	0.33085  	-0.2882  	0.50641  	-0.1405  	-0.2598  	-0.6138  	0.22810  	-0.2137  	-0.1040  	-0.5136  	-0.0038  	-0.0247  	-0.1659  	-0.1769  	0.20526  	0.25983  	-0.0466  	0.11262  	0.29109  	0.03526  	-0.0239  	-0.1562  	0.22431  	0.03794  	0.03250  	0.01771  	-0.0363  	-0.0683  	-0.0443  	0.04018  	-0.0052  	0.03341  	-0.0126  	0.00971  	0.01700  	-0.0023  	0.02323  	0.00750  	-0.0395  	0.03406  	0.00696  	-0.0303  	0.03263  	0.00747  	-0.0044  	0.03317  	-0.0041  	-0.0069  	-0.0242  	0.03589  	-0.0073  	0.02253  	-0.2797  	
-0.4574  	-0.1104  	-0.1499  	0.21725  	-0.0548  	0.08454  	0.10554  	-0.7024  	0.14691  	0.07913  	0.36231  	0.29473  	-0.0597  	-0.6930  	-1.0795  	0.74719  	-0.0828  	0.28986  	-0.2908  	0.48278  	-0.0783  	-0.2655  	-0.5759  	0.25437  	-0.2222  	-0.1063  	-0.4467  	-0.0753  	-0.1008  	-0.1610  	-0.1703  	0.21413  	0.26618  	-0.0563  	0.14921  	0.26190  	0.09649  	-0.0277  	-0.1746  	0.21275  	0.03126  	0.03644  	0.00307  	-0.0373  	-0.0679  	-0.0458  	0.04079  	-0.0054  	0.03198  	-0.0093  	0.01060  	0.01408  	-0.0029  	0.02385  	0.00453  	-0.0361  	0.03393  	0.00527  	-0.0349  	0.03220  	0.00278  	0.00179  	0.03004  	-0.0020  	-0.0069  	-0.0242  	0.03589  	-0.0073  	0.02253  	-0.2797  	
0.06719  	0.05713  	0.14089  	0.53798  	0.04156  	0.42894  	0.09423  	-0.5655  	0.20772  	0.02065  	0.17803  	0.38212  	0.05544  	-0.3920  	-0.7665  	0.83091  	-0.0674  	0.22400  	-0.2800  	0.41997  	0.06761  	-0.2255  	-0.4987  	0.29256  	-0.2643  	-0.1364  	-0.3950  	-0.2215  	-0.2150  	-0.1517  	-0.1854  	0.23971  	0.29739  	-0.0788  	0.23606  	0.16004  	0.19921  	0.00392  	-0.2029  	0.23242  	-0.0127  	0.03268  	0.02563  	-0.0139  	-0.0808  	-0.0457  	0.03732  	0.00872  	0.05596  	-0.0043  	0.00244  	0.01457  	-0.0059  	0.02841  	0.00263  	-0.0250  	0.02292  	-0.0067  	-0.0386  	0.03268  	0.00751  	0.00363  	0.03309  	-0.0066  	-0.0069  	-0.0242  	0.03589  	-0.0073  	0.02253  	-0.2797  	
0.23846  	0.09578  	0.21591  	0.41147  	-0.0675  	0.48129  	0.12588  	-0.4694  	0.23680  	-0.0543  	0.23909  	0.39101  	0.01165  	-0.4520  	-0.8541  	0.96161  	-0.0981  	0.25978  	-0.2481  	0.42438  	0.13535  	-0.2067  	-0.4932  	0.28376  	-0.2633  	-0.1464  	-0.4045  	-0.1886  	-0.2083  	-0.1732  	-0.1913  	0.26308  	0.30146  	-0.0575  	0.22470  	0.14087  	0.24890  	0.03439  	-0.2018  	0.18291  	-0.0123  	0.01599  	0.03580  	-0.0257  	-0.0798  	-0.0413  	0.02883  	0.01505  	0.05248  	-0.0131  	0.01099  	0.01583  	0.00418  	0.02180  	-0.0015  	-0.0220  	0.01711  	0.00019  	-0.0333  	0.03549  	0.00442  	-0.0001  	0.02784  	-0.0122  	-0.0069  	-0.0242  	0.03589  	-0.0073  	0.02253  	-0.2797  	
0.20130  	0.07349  	0.27529  	0.47548  	-0.0619  	0.46108  	0.18522  	-0.4835  	0.24548  	0.07665  	0.33031  	0.41710  	-0.0349  	-0.4378  	-0.9271  	1.00480  	-0.1008  	0.23193  	-0.2508  	0.40457  	0.17735  	-0.2279  	-0.4985  	0.27574  	-0.1789  	-0.1554  	-0.3386  	-0.2699  	-0.2121  	-0.1669  	-0.2335  	0.25716  	0.28934  	-0.0631  	0.22978  	0.15396  	0.29172  	0.05203  	-0.2039  	0.18363  	-0.0279  	0.03307  	0.04666  	-0.0085  	-0.0718  	-0.0450  	0.02966  	0.02985  	0.06336  	-0.0111  	0.01416  	0.01328  	0.00420  	0.03187  	0.00528  	-0.0160  	0.01294  	0.00385  	-0.0331  	0.04086  	0.00386  	-0.0081  	0.03405  	-0.0044  	-0.0069  	-0.0242  	0.03589  	-0.0073  	0.02253  	-0.2797  	
0.09201  	0.06048  	0.16942  	0.67195  	0.04356  	0.43004  	0.16134  	-0.5625  	0.21397  	0.06876  	0.12935  	0.28646  	0.00196  	-0.3771  	-0.7399  	0.90033  	-0.0776  	0.22969  	-0.2662  	0.41646  	0.07661  	-0.1809  	-0.5890  	0.30133  	-0.0727  	-0.1661  	-0.2872  	-0.2478  	-0.1307  	-0.1020  	-0.2609  	0.25745  	0.26163  	-0.0558  	0.23958  	0.19561  	0.19850  	0.00756  	-0.1687  	0.24622  	-0.0589  	0.04071  	0.02176  	-0.0233  	-0.0733  	-0.0529  	0.02696  	0.02720  	0.06699  	-0.0279  	0.02316  	0.01560  	-0.0022  	0.03182  	0.00478  	-0.0186  	0.02186  	0.00214  	-0.0287  	0.03739  	0.00574  	-0.0121  	0.03704  	-0.0059  	-0.0069  	-0.0242  	0.03589  	-0.0073  	0.02253  	-0.2797  	
0.03834  	0.03380  	0.00409  	1.01449  	0.30709  	0.42957  	0.16819  	-0.6169  	0.17993  	0.01578  	-0.0093  	0.39790  	0.08384  	-0.2483  	-0.6276  	0.82002  	-0.0822  	0.23234  	-0.3153  	0.44760  	-0.0614  	-0.1695  	-0.6839  	0.32242  	-0.0320  	-0.1721  	-0.2985  	-0.0868  	-0.0237  	-0.0572  	-0.2568  	0.23419  	0.24227  	-0.0513  	0.26120  	0.23893  	0.08741  	-0.0404  	-0.1477  	0.27464  	-0.0871  	0.06531  	-0.0006  	-0.0271  	-0.0729  	-0.0508  	0.02763  	0.01416  	0.06247  	-0.0200  	0.02238  	0.01117  	-0.0045  	0.02770  	0.00839  	-0.0260  	0.03645  	0.00975  	-0.0232  	0.03185  	0.00272  	-0.0010  	0.03543  	-0.0023  	-0.0069  	-0.0242  	0.03589  	-0.0073  	0.02253  	-0.2797  	
0.00371  	0.03157  	-0.1164  	1.11501  	0.42394  	0.38873  	0.15751  	-0.5901  	0.17499  	-0.0265  	-0.0527  	0.44727  	0.12279  	-0.1893  	-0.5792  	0.79442  	-0.1240  	0.24915  	-0.3402  	0.50309  	-0.1623  	-0.1827  	-0.7484  	0.28665  	-0.0219  	-0.1607  	-0.3318  	0.03731  	0.05999  	0.00541  	-0.2646  	0.23119  	0.25938  	-0.0244  	0.29064  	0.24292  	0.00027  	-0.0726  	-0.1293  	0.27871  	-0.1232  	0.07290  	-0.0223  	-0.0536  	-0.0589  	-0.0429  	0.03147  	0.00574  	0.05077  	-0.0188  	0.02322  	0.01077  	0.00240  	0.02005  	0.00102  	-0.0221  	0.03311  	0.00027  	-0.0235  	0.03082  	0.00013  	-0.0044  	0.02878  	-0.0127  	-0.0069  	-0.0242  	0.03589  	-0.0073  	0.02253  	-0.2797  	
-0.0557  	0.01972  	-0.1501  	1.03172  	0.38847  	0.36831  	0.12788  	-0.5775  	0.17857  	-0.0566  	-0.1117  	0.45739  	0.15578  	-0.2153  	-0.5791  	0.79634  	-0.1281  	0.28713  	-0.3283  	0.54499  	-0.1834  	-0.1987  	-0.7517  	0.25920  	-0.0481  	-0.1547  	-0.3779  	0.10002  	0.10770  	0.00182  	-0.2663  	0.20418  	0.27302  	-0.0106  	0.25016  	0.23046  	-0.0297  	-0.0776  	-0.1212  	0.27872  	-0.1207  	0.06871  	-0.0205  	-0.0510  	-0.0659  	-0.0405  	0.03801  	0.00260  	0.05941  	-0.0221  	0.02162  	0.00789  	-0.0027  	0.02674  	0.00063  	-0.0201  	0.02725  	-0.0005  	-0.0202  	0.02657  	0.00195  	-0.0021  	0.02580  	-0.0165  	-0.0069  	-0.0242  	0.03589  	-0.0073  	0.02253  	-0.2797  	
-0.0884  	0.03800  	-0.1488  	0.90901  	0.28864  	0.38965  	0.11451  	-0.5847  	0.17372  	-0.0451  	-0.1521  	0.43989  	0.12128  	-0.3049  	-0.6125  	0.81327  	-0.1176  	0.31968  	-0.2910  	0.53119  	-0.1687  	-0.1886  	-0.6894  	0.20543  	-0.0546  	-0.1384  	-0.3873  	0.08533  	0.13211  	-0.0186  	-0.2708  	0.19022  	0.26526  	-0.0061  	0.18835  	0.21824  	-0.0371  	-0.0644  	-0.1142  	0.28069  	-0.0913  	0.05328  	-0.0079  	-0.0295  	-0.0753  	-0.0438  	0.03830  	0.01116  	0.05994  	-0.0272  	0.01890  	0.00780  	-0.0017  	0.02749  	-0.0022  	-0.0168  	0.03043  	0.00078  	-0.0231  	0.02355  	0.00211  	-0.0047  	0.02739  	-0.0180  	-0.0069  	-0.0242  	0.03589  	-0.0073  	0.02253  	-0.2797  	
-0.0998  	0.01463  	-0.0754  	0.75457  	0.15842  	0.45699  	0.09963  	-0.6258  	0.16873  	-0.0235  	-0.1120  	0.36163  	0.05458  	-0.4815  	-0.7086  	0.82424  	-0.0769  	0.31168  	-0.2661  	0.48828  	-0.1412  	-0.1810  	-0.5804  	0.24979  	-0.1151  	-0.1225  	-0.4223  	0.00625  	0.04404  	-0.0681  	-0.2467  	0.20916  	0.26276  	-0.0343  	0.13071  	0.22468  	0.02624  	-0.0396  	-0.1296  	0.27486  	-0.0523  	0.04654  	0.01606  	-0.0122  	-0.0719  	-0.0498  	0.03435  	0.02126  	0.05377  	-0.0176  	0.00682  	0.01322  	0.00014  	0.02306  	0.00983  	-0.0245  	0.03570  	0.00393  	-0.0245  	0.03060  	-0.0007  	-0.0031  	0.02495  	-0.0077  	-0.0069  	-0.0242  	0.03589  	-0.0073  	0.02253  	-0.2797  	
-0.0366  	0.01815  	0.00671  	0.67064  	0.13524  	0.45063  	0.11713  	-0.6192  	0.16833  	0.00986  	-0.0433  	0.28671  	0.02721  	-0.5661  	-0.7893  	0.84566  	-0.0882  	0.32680  	-0.2984  	0.47120  	-0.1201  	-0.2265  	-0.6002  	0.22331  	-0.1554  	-0.1426  	-0.4376  	-0.0433  	-0.0068  	-0.0884  	-0.2252  	0.22474  	0.25659  	-0.0321  	0.15858  	0.24123  	0.01851  	-0.0355  	-0.1295  	0.27395  	-0.0156  	0.02242  	0.03557  	-0.0224  	-0.0907  	-0.0404  	0.03488  	0.02282  	0.05786  	-0.0256  	0.02829  	0.01206  	0.00145  	0.01891  	0.00954  	-0.0222  	0.02978  	0.00029  	-0.0332  	0.03688  	0.00257  	-0.0120  	0.03499  	-0.0036  	-0.0069  	-0.0242  	0.03589  	-0.0073  	0.02253  	-0.2797  	
0.02083  	-0.0230  	0.02001  	0.62306  	0.11699  	0.43003  	0.11393  	-0.6479  	0.19236  	0.01384  	0.08168  	0.33359  	0.00190  	-0.6394  	-0.9323  	0.86936  	-0.0917  	0.29509  	-0.2876  	0.47423  	-0.0970  	-0.2468  	-0.5927  	0.27590  	-0.1664  	-0.1314  	-0.4009  	-0.0450  	-0.0866  	-0.0971  	-0.2123  	0.24924  	0.25698  	-0.0443  	0.18761  	0.25715  	0.07542  	-0.0283  	-0.1490  	0.24633  	-0.0031  	0.03704  	0.03291  	-0.0107  	-0.0717  	-0.0473  	0.03718  	0.00803  	0.05547  	-0.0207  	0.01999  	0.01567  	-0.0050  	0.01843  	0.00659  	-0.0318  	0.04118  	0.00769  	-0.0273  	0.02850  	-0.0038  	-0.0127  	0.03797  	-0.0060  	-0.0069  	-0.0242  	0.03589  	-0.0073  	0.02253  	-0.2797  	
0.07686  	0.03378  	0.06549  	0.64929  	0.09544  	0.41730  	0.11306  	-0.5980  	0.19388  	0.02413  	0.12256  	0.30244  	0.02663  	-0.4892  	-0.8042  	0.85349  	-0.0974  	0.23933  	-0.2811  	0.42778  	0.00330  	-0.2161  	-0.5722  	0.33476  	-0.1496  	-0.1533  	-0.3194  	-0.1708  	-0.1516  	-0.1187  	-0.2142  	0.27274  	0.25125  	-0.0580  	0.24604  	0.21038  	0.17333  	0.00553  	-0.1980  	0.25483  	-0.0373  	0.04203  	0.01301  	-0.0179  	-0.0814  	-0.0498  	0.02711  	0.01108  	0.05287  	-0.0122  	0.01527  	0.01527  	-0.0042  	0.03185  	0.01007  	-0.0271  	0.03555  	-0.0006  	-0.0271  	0.03361  	0.00204  	-0.0034  	0.03963  	-0.0029  	-0.0069  	-0.0242  	0.03589  	-0.0073  	0.02253  	-0.2797  	
0.09642  	0.03472  	0.07295  	0.73496  	0.15966  	0.41772  	0.14995  	-0.5938  	0.18510  	0.03331  	0.01218  	0.31255  	0.07286  	-0.3914  	-0.7174  	0.80177  	-0.1155  	0.25354  	-0.2906  	0.42400  	-0.0631  	-0.1816  	-0.6255  	0.25425  	-0.1172  	-0.1613  	-0.3343  	-0.1329  	-0.0439  	-0.0695  	-0.2386  	0.24417  	0.25607  	-0.0497  	0.22603  	0.22771  	0.10377  	-0.0204  	-0.1688  	0.25839  	-0.0233  	0.05858  	0.01251  	-0.0181  	-0.0735  	-0.0457  	0.02722  	0.01540  	0.05925  	-0.0178  	0.01864  	0.01182  	-0.0018  	0.02580  	0.00736  	-0.0273  	0.02919  	0.00428  	-0.0279  	0.02679  	0.00304  	-0.0043  	0.02376  	-0.0081  	-0.0069  	-0.0242  	0.03589  	-0.0073  	0.02253  	-0.2797  	
0.07396  	0.04582  	0.01370  	0.87058  	0.22330  	0.40883  	0.14847  	-0.5774  	0.16616  	-0.0052  	-0.0562  	0.29812  	0.08628  	-0.2823  	-0.6147  	0.74368  	-0.1045  	0.24455  	-0.3201  	0.41908  	-0.0715  	-0.1857  	-0.6569  	0.27803  	-0.0542  	-0.1834  	-0.3067  	-0.0986  	0.00067  	-0.0569  	-0.2637  	0.23898  	0.24424  	-0.0496  	0.25644  	0.25228  	0.07230  	-0.0490  	-0.1338  	0.28170  	-0.0749  	0.06834  	-0.0018  	-0.0284  	-0.0632  	-0.0438  	0.02820  	0.02121  	0.05981  	-0.0233  	0.02292  	0.00993  	-0.0059  	0.01835  	0.00766  	-0.0213  	0.03862  	0.00499  	-0.0228  	0.03048  	0.00066  	0.00041  	0.03387  	-0.0080  	-0.0069  	-0.0242  	0.03589  	-0.0073  	0.02253  	-0.2797  	
0.06215  	0.05715  	-0.0487  	1.05074  	0.34873  	0.43533  	0.13976  	-0.5920  	0.18107  	-0.0331  	-0.0880  	0.36182  	0.09463  	-0.2193  	-0.5553  	0.74476  	-0.0968  	0.21831  	-0.3123  	0.41985  	-0.0886  	-0.1497  	-0.7009  	0.30941  	0.00940  	-0.1798  	-0.2834  	-0.0418  	0.03173  	-0.0273  	-0.2746  	0.22878  	0.23529  	-0.0495  	0.29123  	0.26059  	0.05381  	-0.0592  	-0.1335  	0.29087  	-0.1040  	0.07856  	-0.0221  	-0.0334  	-0.0804  	-0.0473  	0.03121  	0.01800  	0.06496  	-0.0213  	0.02254  	0.00917  	-0.0013  	0.02247  	0.00694  	-0.0265  	0.04022  	0.00472  	-0.0187  	0.03241  	-0.0030  	0.00113  	0.02749  	-0.0068  	-0.0069  	-0.0242  	0.03589  	-0.0073  	0.02253  	-0.2797  	
0.04888  	0.04936  	-0.1095  	1.11127  	0.40109  	0.45880  	0.12688  	-0.5769  	0.17372  	-0.0873  	-0.1714  	0.35475  	0.11632  	-0.2123  	-0.4920  	0.73028  	-0.1204  	0.23806  	-0.3271  	0.46058  	-0.1935  	-0.1525  	-0.7123  	0.28272  	-0.0073  	-0.1704  	-0.3547  	0.05326  	0.13230  	0.01558  	-0.2845  	0.21988  	0.24030  	-0.0332  	0.27030  	0.26016  	-0.0246  	-0.0762  	-0.0949  	0.30130  	-0.1255  	0.07475  	-0.0229  	-0.0342  	-0.0636  	-0.0449  	0.03124  	0.01020  	0.05659  	-0.0214  	0.02376  	0.00972  	0.00389  	0.01662  	0.00205  	-0.0238  	0.04075  	0.00264  	-0.0203  	0.02534  	0.00193  	-0.0038  	0.01851  	-0.0065  	-0.0069  	-0.0242  	0.03589  	-0.0073  	0.02253  	-0.2797  	
0.06710  	0.05726  	-0.0709  	0.99075  	0.30801  	0.50809  	0.13989  	-0.5789  	0.18619  	-0.0576  	-0.1756  	0.32760  	0.11654  	-0.2977  	-0.5324  	0.75468  	-0.0999  	0.24560  	-0.3154  	0.45401  	-0.1665  	-0.1782  	-0.7043  	0.25941  	-0.0530  	-0.1677  	-0.3982  	0.05168  	0.10750  	-0.0196  	-0.2857  	0.22092  	0.25132  	-0.0268  	0.23746  	0.24509  	-0.0049  	-0.0724  	-0.0714  	0.29748  	-0.0668  	0.06207  	8.40686  	-0.0327  	-0.0658  	-0.0339  	0.02704  	0.00788  	0.05915  	-0.0180  	0.02111  	0.01112  	-0.0042  	0.01556  	0.00834  	-0.0276  	0.03038  	0.00587  	-0.0218  	0.02910  	-0.0002  	0.00290  	0.03104  	-0.0055  	-0.0069  	-0.0242  	0.03589  	-0.0073  	0.02253  	-0.2797  	
0.04853  	0.05888  	-0.0294  	0.95392  	0.25925  	0.46713  	0.12487  	-0.5829  	0.17877  	-0.0361  	-0.1283  	0.32194  	0.10629  	-0.2861  	-0.5565  	0.77176  	-0.0905  	0.25133  	-0.3044  	0.45270  	-0.0882  	-0.1836  	-0.6644  	0.26050  	-0.0499  	-0.1728  	-0.3634  	-0.0550  	0.05365  	-0.0336  	-0.2705  	0.22169  	0.24405  	-0.0343  	0.23555  	0.23237  	0.03901  	-0.0570  	-0.1009  	0.29265  	-0.0599  	0.07515  	-0.0069  	-0.0398  	-0.0692  	-0.0322  	0.02539  	0.01791  	0.05479  	-0.0212  	0.02386  	0.01493  	-0.0038  	0.02292  	0.00545  	-0.0214  	0.02999  	0.00578  	-0.0209  	0.03129  	-0.0021  	0.00439  	0.02680  	-0.0087  	-0.0069  	-0.0242  	0.03589  	-0.0073  	0.02253  	-0.2797  	
0.02396  	0.03187  	-0.0264  	1.03077  	0.28237  	0.45481  	0.12274  	-0.6020  	0.18510  	-0.0602  	-0.1472  	0.36589  	0.08368  	-0.2930  	-0.5827  	0.75705  	-0.0969  	0.22086  	-0.2996  	0.41117  	-0.0955  	-0.1364  	-0.6379  	0.25995  	-0.0332  	-0.1606  	-0.3002  	-0.0499  	0.04564  	-0.0175  	-0.2698  	0.21396  	0.24422  	-0.0439  	0.24223  	0.22196  	0.04248  	-0.0540  	-0.1332  	0.26688  	-0.0954  	0.08017  	-0.0176  	-0.0296  	-0.0762  	-0.0462  	0.02934  	0.01583  	0.06588  	-0.0191  	0.02061  	0.01195  	-0.0004  	0.02579  	0.00188  	-0.0287  	0.03361  	0.00360  	-0.0198  	0.02792  	-0.0025  	0.00423  	0.03005  	-0.0046  	-0.0069  	-0.0242  	0.03589  	-0.0073  	0.02253  	-0.2797  	
0.07440  	0.03232  	0.00977  	0.98987  	0.33177  	0.52359  	0.12083  	-0.5939  	0.16154  	-0.0778  	-0.1689  	0.32152  	0.10894  	-0.2453  	-0.4314  	0.70241  	-0.1147  	0.19883  	-0.3073  	0.40533  	-0.1087  	-0.1587  	-0.5920  	0.30570  	-0.0723  	-0.1678  	-0.2894  	-0.0677  	-0.0258  	-0.0263  	-0.2710  	0.23092  	0.26047  	-0.0284  	0.28606  	0.21547  	0.06617  	-0.0616  	-0.1480  	0.28218  	-0.1107  	0.07646  	0.00079  	-0.0456  	-0.0709  	-0.0425  	0.03435  	0.01496  	0.06390  	-0.0133  	0.01435  	0.00703  	-0.0038  	0.01546  	0.00305  	-0.0234  	0.03615  	0.00207  	-0.0277  	0.02962  	-0.0045  	-0.0009  	0.02910  	-0.0160  	-0.0069  	-0.0242  	0.03589  	-0.0073  	0.02253  	-0.2797  	
0.24932  	0.10054  	0.16609  	0.77886  	0.16150  	0.54061  	0.15056  	-0.5711  	0.21211  	0.02760  	-0.1752  	0.15758  	0.16465  	-0.2404  	-0.5870  	0.72146  	-0.0831  	0.22803  	-0.2914  	0.32747  	-0.0869  	-0.1422  	-0.5305  	0.23979  	-0.0414  	-0.1672  	-0.3287  	-0.1814  	0.01769  	-0.0273  	-0.2071  	0.21682  	0.24843  	-0.0398  	0.17834  	0.21158  	0.05243  	-0.0414  	-0.1077  	0.27306  	-0.0207  	0.04676  	0.04112  	-0.0251  	-0.0886  	-0.0380  	0.01418  	0.04320  	0.07164  	-0.0223  	0.01270  	0.01130  	-0.0010  	0.02270  	0.00674  	-0.0128  	0.02714  	0.00133  	-0.0319  	0.03506  	0.00219  	-0.0019  	0.02565  	-0.0138  	-0.0069  	-0.0242  	0.03589  	-0.0073  	0.02253  	-0.2797  	
0.12585  	0.11462  	0.12863  	0.57307  	0.10554  	0.37640  	0.22935  	-0.5893  	0.19821  	0.09978  	-0.0685  	0.12818  	0.16072  	-0.1449  	-0.6505  	0.63680  	-0.1076  	0.19617  	-0.3042  	0.31435  	-0.0640  	-0.0802  	-0.6112  	0.32363  	-0.0051  	-0.1878  	-0.2223  	-0.2618  	-0.0572  	-0.0651  	-0.1773  	0.22039  	0.25944  	-0.0615  	0.25574  	0.22359  	0.12782  	-0.0408  	-0.1627  	0.29566  	-0.0487  	0.05821  	0.01879  	-0.0225  	-0.0834  	-0.0415  	0.03406  	0.02910  	0.06425  	-0.0200  	0.02591  	0.02182  	-0.0128  	0.01920  	0.00228  	-0.0234  	0.01740  	-0.0073  	-0.0333  	0.03652  	0.00294  	0.01392  	0.02605  	-0.0103  	-0.0069  	-0.0242  	0.03589  	-0.0073  	0.02253  	-0.2797  	
-0.2499  	-0.0071  	-0.1068  	0.41136  	0.06624  	0.19003  	0.15946  	-0.6186  	0.16116  	0.03592  	0.24668  	0.28015  	0.01450  	-0.4102  	-0.8462  	0.70767  	-0.0996  	0.27634  	-0.3049  	0.45300  	0.02235  	-0.1816  	-0.6085  	0.41836  	-0.2298  	-0.1414  	-0.3427  	-0.2025  	-0.1825  	-0.1476  	-0.1944  	0.23946  	0.29765  	-0.0622  	0.29906  	0.20423  	0.16968  	-0.0408  	-0.2142  	0.31046  	-0.0497  	0.07789  	-0.0356  	-0.0452  	-0.0866  	-0.0515  	0.05215  	-0.0118  	0.03997  	-0.0047  	0.01904  	0.02004  	-0.0110  	0.02642  	-0.0051  	-0.0410  	0.01553  	0.00120  	-0.0257  	0.03596  	-0.0040  	-0.0013  	0.01535  	-0.0140  	-0.0069  	-0.0242  	0.03589  	-0.0073  	0.02253  	-0.2797  	
-0.5144  	-0.1542  	-0.2152  	0.30243  	-0.0007  	0.08740  	0.07110  	-0.6796  	0.12005  	0.12268  	0.36395  	0.28562  	-0.0514  	-0.6895  	-1.0374  	0.72407  	-0.1226  	0.29947  	-0.2723  	0.52998  	-0.0422  	-0.2693  	-0.5969  	0.25635  	-0.2767  	-0.1135  	-0.4752  	-0.1298  	-0.1860  	-0.1679  	-0.1870  	0.21066  	0.26778  	-0.0528  	0.23011  	0.24077  	0.11904  	-0.0056  	-0.2081  	0.24404  	-0.0333  	0.05786  	-0.0049  	-0.0347  	-0.0697  	-0.0423  	0.05798  	-0.0268  	0.01939  	-0.0015  	0.00803  	0.01184  	-0.0087  	0.03513  	0.00233  	-0.0436  	0.03258  	0.00308  	-0.0444  	0.03331  	-0.0019  	-0.0071  	0.03644  	-0.0003  	-0.0069  	-0.0242  	0.03589  	-0.0073  	0.02253  	-0.2797  	
-0.4479  	-0.1500  	-0.0918  	0.15732  	-0.1507  	0.15677  	0.14631  	-0.7269  	0.12500  	0.13455  	0.37786  	0.24119  	-0.0613  	-0.7393  	-1.1622  	0.71657  	-0.0505  	0.30693  	-0.2990  	0.48574  	-0.1132  	-0.2392  	-0.5134  	0.26243  	-0.1830  	-0.1013  	-0.4678  	-0.0946  	-0.0887  	-0.1638  	-0.1656  	0.20703  	0.24953  	-0.0611  	0.09014  	0.26260  	0.09908  	0.00700  	-0.1693  	0.21616  	0.04419  	0.03955  	0.00865  	-0.0348  	-0.0654  	-0.0465  	0.04608  	-0.0116  	0.03509  	-0.0086  	0.00458  	0.01696  	-0.0050  	0.02886  	0.00640  	-0.0437  	0.03034  	0.00789  	-0.0335  	0.03299  	0.00113  	-0.0039  	0.03355  	-0.0038  	-0.0069  	-0.0242  	0.03589  	-0.0073  	0.02253  	-0.2797  	
-0.3430  	-0.0669  	-0.0857  	0.30861  	-0.0866  	0.25432  	0.14451  	-0.7357  	0.16346  	0.07750  	0.14812  	0.26341  	-0.0365  	-0.7407  	-1.0837  	0.74953  	-0.0577  	0.33616  	-0.2878  	0.48592  	-0.1918  	-0.2165  	-0.5280  	0.16201  	-0.2019  	-0.0902  	-0.5007  	0.01957  	0.00680  	-0.1509  	-0.1543  	0.21580  	0.24995  	-0.0431  	0.01193  	0.27400  	0.02457  	-0.0180  	-0.1219  	0.24344  	0.08663  	0.00367  	0.04347  	-0.0130  	-0.0824  	-0.0520  	0.03958  	0.00502  	0.04432  	-0.0146  	0.00791  	0.01352  	-0.0026  	0.02144  	0.00931  	-0.0418  	0.02706  	0.00786  	-0.0307  	0.02871  	0.00596  	0.00631  	0.03682  	-0.0018  	-0.0069  	-0.0242  	0.03589  	-0.0073  	0.02253  	-0.2797  	
-0.3037  	-0.0121  	-0.0601  	0.31376  	-0.0411  	0.23614  	0.10505  	-0.6941  	0.15689  	0.07902  	0.13035  	0.28704  	-0.0042  	-0.6766  	-1.0794  	0.77521  	-0.0694  	0.37305  	-0.2752  	0.49166  	-0.2024  	-0.2296  	-0.5496  	0.15086  	-0.2272  	-0.0948  	-0.5571  	0.07626  	0.05196  	-0.1552  	-0.1773  	0.20994  	0.26021  	-0.0439  	0.01200  	0.26969  	-0.0073  	-0.0327  	-0.1097  	0.27178  	0.09633  	0.00689  	0.05200  	-0.0134  	-0.0866  	-0.0464  	0.03897  	0.00673  	0.04367  	-0.0141  	0.00856  	0.01330  	-0.0053  	0.02286  	0.00671  	-0.0381  	0.03018  	0.00191  	-0.0314  	0.02439  	0.00988  	0.00615  	0.03109  	-0.0035  	-0.0069  	-0.0242  	0.03589  	-0.0073  	0.02253  	-0.2797  	
-0.3330  	-0.0342  	-0.0694  	0.40035  	-0.0101  	0.21892  	0.06118  	-0.6631  	0.11975  	0.04597  	0.20626  	0.31496  	-0.0175  	-0.7422  	-1.0128  	0.72529  	0.00088  	0.19357  	-0.2207  	0.23854  	-0.1000  	-0.4367  	-0.7665  	0.20074  	-0.2365  	-0.0353  	-0.4629  	-0.0778  	0.05951  	-0.1441  	-0.0904  	0.17161  	0.16380  	-0.1787  	0.04844  	0.26078  	-0.0174  	-0.0280  	-0.2325  	0.18391  	0.10749  	0.13449  	-0.0680  	0.04756  	-0.1210  	-0.0301  	0.02430  	0.00837  	0.02281  	-0.0203  	0.02157  	0.02099  	-0.0009  	0.04022  	0.01124  	-0.0394  	0.03167  	-0.0046  	-0.0280  	0.03646  	0.00572  	-0.0042  	0.01654  	-0.0027  	-0.0069  	-0.0242  	0.03589  	-0.0073  	0.02253  	-0.2797  	
-0.3228  	-0.0537  	-0.0307  	0.36566  	-0.0476  	0.22220  	0.04271  	-0.6093  	0.10591  	0.01107  	0.24231  	0.29223  	0.00102  	-0.8158  	-1.0006  	0.71714  	0.06702  	0.06520  	-0.1820  	0.07824  	-0.0603  	-0.5578  	-0.8895  	0.20881  	-0.2737  	0.04820  	-0.4473  	-0.1333  	0.09500  	-0.1725  	-0.0012  	0.14494  	0.09396  	-0.2892  	-0.0108  	0.25216  	-0.0698  	-0.0199  	-0.3179  	0.11534  	0.15850  	0.21479  	-0.1430  	0.09579  	-0.1602  	-0.0191  	0.00536  	0.02589  	0.01381  	-0.0278  	0.02349  	0.02335  	0.00175  	0.04923  	0.01466  	-0.0385  	0.02740  	-0.0129  	-0.0247  	0.04425  	0.01064  	-0.0050  	0.00507  	-0.0014  	-0.0069  	-0.0242  	0.03589  	-0.0073  	0.02253  	-0.2797  	
-0.2239  	-0.0142  	0.04064  	0.39833  	-0.0307  	0.26714  	0.06677  	-0.5811  	0.11945  	0.00528  	0.22101  	0.30422  	0.04299  	-0.7688  	-0.9759  	0.71668  	0.04547  	0.06210  	-0.1573  	0.04244  	-0.0435  	-0.6019  	-0.9579  	0.17987  	-0.3149  	0.04518  	-0.4829  	-0.1462  	0.10730  	-0.1773  	-0.0028  	0.14016  	0.10912  	-0.3210  	-0.0206  	0.22730  	-0.0687  	-0.0097  	-0.3417  	0.10953  	0.19907  	0.23802  	-0.1452  	0.11439  	-0.1779  	-0.0169  	-0.0029  	0.03374  	0.01693  	-0.0340  	0.02065  	0.02418  	0.00114  	0.05611  	0.01854  	-0.0386  	0.02799  	-0.0165  	-0.0292  	0.04314  	0.01072  	-0.0047  	0.00276  	0.00118  	-0.0069  	-0.0242  	0.03589  	-0.0073  	0.02253  	-0.2797  	
-0.2792  	-0.0487  	0.00360  	0.37439  	-0.0325  	0.20342  	0.04483  	-0.6348  	0.12533  	0.01584  	0.25546  	0.29614  	0.03225  	-0.7517  	-1.0230  	0.71246  	0.05228  	0.08713  	-0.1661  	0.09452  	-0.0296  	-0.5875  	-0.9413  	0.20815  	-0.2679  	0.02240  	-0.4707  	-0.1360  	0.09788  	-0.1718  	-0.0274  	0.16138  	0.10408  	-0.2842  	0.00937  	0.26287  	-0.0473  	-0.0124  	-0.3341  	0.10914  	0.16736  	0.21619  	-0.1423  	0.09467  	-0.1578  	-0.0215  	0.00574  	0.02506  	0.01601  	-0.0290  	0.02149  	0.02194  	0.00076  	0.04827  	0.01661  	-0.0359  	0.02567  	-0.0096  	-0.0252  	0.03996  	0.01200  	-0.0083  	0.00971  	-0.0010  	-0.0069  	-0.0242  	0.03589  	-0.0073  	0.02253  	-0.2797  	
-0.3356  	-0.0648  	-0.1047  	0.32693  	-0.0596  	0.18861  	0.07314  	-0.6782  	0.10888  	0.02438  	0.26160  	0.25503  	-0.0511  	-0.7754  	-1.0180  	0.71047  	-0.0021  	0.17563  	-0.2146  	0.23036  	-0.0606  	-0.4165  	-0.7559  	0.23183  	-0.2132  	-0.0433  	-0.4201  	-0.1162  	0.01923  	-0.1563  	-0.0940  	0.18996  	0.14420  	-0.1844  	0.07322  	0.27281  	0.01890  	-0.0117  	-0.2659  	0.16922  	0.09952  	0.13903  	-0.0816  	0.04376  	-0.1176  	-0.0324  	0.01905  	0.00104  	0.02358  	-0.0177  	0.01398  	0.02166  	0.00130  	0.04182  	0.01217  	-0.0367  	0.02946  	-0.0029  	-0.0261  	0.03725  	0.00512  	-0.0064  	0.01720  	-0.0049  	-0.0069  	-0.0242  	0.03589  	-0.0073  	0.02253  	-0.2797  	
-0.2051  	-0.0710  	-0.0379  	0.44983  	0.00265  	0.32510  	0.10294  	-0.6941  	0.13926  	0.02713  	0.18477  	0.30753  	-0.0534  	-0.6945  	-1.0175  	0.84215  	-0.0836  	0.29671  	-0.2731  	0.44242  	-0.1494  	-0.2373  	-0.5629  	0.24010  	-0.1666  	-0.1256  	-0.4247  	-0.0071  	-0.0352  	-0.1297  	-0.2012  	0.24536  	0.22334  	-0.0458  	0.11845  	0.30707  	0.07794  	-0.0020  	-0.1662  	0.24799  	0.03066  	0.02074  	0.02053  	-0.0192  	-0.0830  	-0.0477  	0.03500  	0.00256  	0.04095  	-0.0169  	0.01278  	0.01595  	-0.0009  	0.02522  	0.01168  	-0.0381  	0.03398  	0.00489  	-0.0297  	0.02777  	0.00398  	-0.0099  	0.03454  	3.46321  	-0.0069  	-0.0242  	0.03589  	-0.0073  	0.02253  	-0.2797  	
-0.1348  	-0.0513  	0.00051  	0.54673  	0.09173  	0.28434  	0.14545  	-0.7290  	0.13969  	0.10644  	0.13251  	0.34540  	-0.0395  	-0.6973  	-1.0697  	0.92161  	-0.1170  	0.35365  	-0.2791  	0.49773  	-0.2303  	-0.2355  	-0.6524  	0.21208  	-0.1363  	-0.1313  	-0.4736  	0.05633  	0.01208  	-0.1211  	-0.2017  	0.23383  	0.22166  	-0.0434  	0.11537  	0.34251  	0.01931  	-0.0263  	-0.1344  	0.27430  	0.04369  	0.03140  	0.03074  	-0.0228  	-0.0800  	-0.0434  	0.03960  	0.01311  	0.04762  	-0.0165  	0.02244  	0.01710  	0.00064  	0.02014  	0.00989  	-0.0390  	0.03893  	0.00557  	-0.0295  	0.03138  	-0.0036  	-0.0125  	0.03252  	-0.0053  	-0.0069  	-0.0242  	0.03589  	-0.0073  	0.02253  	-0.2797  	
-0.1049  	-0.0718  	0.00998  	0.51429  	0.09730  	0.29133  	0.16745  	-0.7248  	0.17286  	0.14076  	0.15599  	0.34235  	-0.0360  	-0.7144  	-1.0962  	0.95677  	-0.1440  	0.38681  	-0.3002  	0.52189  	-0.2644  	-0.2427  	-0.6967  	0.17608  	-0.1196  	-0.1359  	-0.4730  	0.08750  	0.07998  	-0.1022  	-0.2098  	0.23145  	0.22320  	-0.0298  	0.10999  	0.36031  	-0.0092  	-0.0324  	-0.1361  	0.28700  	0.02811  	0.02860  	0.03315  	-0.0065  	-0.0849  	-0.0450  	0.03348  	0.01705  	0.05359  	-0.0231  	0.02987  	0.01227  	0.00028  	0.02259  	0.01349  	-0.0320  	0.03417  	0.00404  	-0.0266  	0.03353  	-0.0013  	-0.0112  	0.03632  	-2.7462  	-0.0069  	-0.0242  	0.03589  	-0.0073  	0.02253  	-0.2797  	
-0.1967  	-0.0664  	-0.0602  	0.40200  	0.00545  	0.30670  	0.14075  	-0.7365  	0.12679  	0.05774  	0.11915  	0.23609  	-0.0370  	-0.7158  	-1.0541  	0.83900  	-0.1207  	0.35469  	-0.2856  	0.48845  	-0.2027  	-0.2348  	-0.6280  	0.21598  	-0.1154  	-0.1392  	-0.4416  	0.04054  	0.01875  	-0.1122  	-0.1980  	0.23688  	0.21616  	-0.0426  	0.12497  	0.35782  	0.03219  	-0.0172  	-0.1516  	0.27652  	0.04290  	0.02339  	0.02991  	-0.0118  	-0.0816  	-0.0475  	0.03278  	-0.0119  	0.03677  	-0.0174  	0.01812  	0.01609  	-0.0003  	0.02188  	0.00897  	-0.0379  	0.03717  	0.00566  	-0.0255  	0.02890  	-0.0021  	-0.0048  	0.03494  	-0.0006  	-0.0069  	-0.0242  	0.03589  	-0.0073  	0.02253  	-0.2797  	
-0.2840  	-0.0955  	-0.0916  	0.37433  	-0.0452  	0.29517  	0.11201  	-0.7460  	0.10884  	-0.0024  	0.14284  	0.20377  	-0.0607  	-0.7415  	-1.0027  	0.78055  	-0.0756  	0.32413  	-0.2832  	0.45767  	-0.1502  	-0.2449  	-0.5554  	0.23311  	-0.1168  	-0.1371  	-0.4081  	-0.0051  	-0.0150  	-0.1361  	-0.2003  	0.24551  	0.20626  	-0.0438  	0.12448  	0.30640  	0.08291  	-0.0037  	-0.1717  	0.23423  	0.04162  	0.02256  	0.02468  	-0.0190  	-0.0656  	-0.0429  	0.03968  	-0.0187  	0.03664  	-0.0116  	0.01708  	0.01268  	0.00184  	0.02657  	0.00421  	-0.0382  	0.03457  	0.01119  	-0.0265  	0.02826  	0.00190  	-0.0134  	0.03977  	-0.0064  	-0.0069  	-0.0242  	0.03589  	-0.0073  	0.02253  	-0.2797  	
-0.2205  	-0.0609  	-0.0405  	0.42571  	-0.0210  	0.31791  	0.08657  	-0.6851  	0.14032  	-0.0170  	0.18279  	0.23310  	-0.0684  	-0.7001  	-0.9477  	0.80782  	-0.0743  	0.28133  	-0.2864  	0.43641  	-0.0899  	-0.2114  	-0.5432  	0.23708  	-0.1674  	-0.1334  	-0.4061  	-0.0824  	-0.0785  	-0.1312  	-0.2109  	0.25953  	0.22973  	-0.0468  	0.15476  	0.27641  	0.12729  	0.01112  	-0.1879  	0.21873  	0.02825  	0.03296  	0.02081  	-0.0323  	-0.0762  	-0.0463  	0.04010  	-0.0108  	0.03693  	-0.0164  	0.01061  	0.01442  	-0.0009  	0.02600  	0.00770  	-0.0366  	0.03502  	0.00458  	-0.0318  	0.02901  	0.00085  	-0.0119  	0.03670  	0.00277  	-0.0069  	-0.0242  	0.03589  	-0.0073  	0.02253  	-0.2797  	
-0.1413  	-0.0387  	-0.0253  	0.43885  	0.01989  	0.30798  	0.13536  	-0.6868  	0.14657  	0.01530  	0.19324  	0.27501  	-0.0385  	-0.6894  	-0.9779  	0.81895  	-0.1162  	0.33791  	-0.2836  	0.47977  	-0.1441  	-0.2600  	-0.5857  	0.20491  	-0.1688  	-0.1365  	-0.4220  	0.00858  	-0.0404  	-0.1346  	-0.1957  	0.24271  	0.24818  	-0.0446  	0.17119  	0.29646  	0.09149  	-0.0024  	-0.1684  	0.23582  	0.02251  	0.02625  	0.00972  	-0.0217  	-0.0772  	-0.0480  	0.03877  	-0.0074  	0.04112  	-0.0182  	0.02010  	0.01650  	2.95251  	0.02326  	0.00902  	-0.0352  	0.03629  	0.00753  	-0.0329  	0.02901  	-0.0022  	-0.0027  	0.03628  	-0.0022  	-0.0069  	-0.0242  	0.03589  	-0.0073  	0.02253  	-0.2797  	
-0.1016  	-0.0314  	0.05996  	0.43827  	-0.0147  	0.34109  	0.15330  	-0.6849  	0.17575  	0.07382  	0.19518  	0.31026  	-0.0223  	-0.6679  	-1.0650  	0.87732  	-0.1149  	0.36938  	-0.2816  	0.55207  	-0.1929  	-0.2688  	-0.6491  	0.18518  	-0.1785  	-0.1478  	-0.5099  	0.05704  	0.01708  	-0.1357  	-0.2029  	0.22831  	0.24556  	-0.0387  	0.13316  	0.32515  	0.02899  	-0.0117  	-0.1359  	0.27660  	0.04285  	0.02682  	0.01665  	-0.0262  	-0.0879  	-0.0453  	0.03709  	0.00523  	0.04731  	-0.0217  	0.02553  	0.01853  	0.00179  	0.02060  	0.01426  	-0.0311  	0.03375  	0.00682  	-0.0269  	0.03175  	0.00165  	-0.0058  	0.02993  	-0.0054  	-0.0069  	-0.0242  	0.03589  	-0.0073  	0.02253  	-0.2797  	
-0.1909  	-0.0533  	-0.0119  	0.32822  	-0.0677  	0.25378  	0.14883  	-0.7478  	0.12724  	0.11268  	0.14633  	0.20723  	-0.0092  	-0.6822  	-1.1247  	0.82263  	-0.1265  	0.34798  	-0.3055  	0.51009  	-0.2396  	-0.2559  	-0.6258  	0.17031  	-0.1505  	-0.1108  	-0.5168  	0.06651  	0.04614  	-0.1152  	-0.1727  	0.22672  	0.24850  	-0.0353  	0.10160  	0.35704  	-0.0035  	-0.0339  	-0.1202  	0.27547  	0.06749  	0.02888  	0.03255  	-0.0235  	-0.0762  	-0.0469  	0.03844  	-0.0032  	0.04252  	-0.0183  	0.02292  	0.01702  	-0.0030  	0.02359  	0.01133  	-0.0395  	0.03296  	0.00780  	-0.0288  	0.02874  	0.00148  	-0.0091  	0.03458  	-0.0016  	-0.0069  	-0.0242  	0.03589  	-0.0073  	0.02253  	-0.2797  	
-0.3894  	-0.0919  	-0.1119  	0.27081  	-0.1027  	0.22540  	0.11567  	-0.7567  	0.11977  	0.06902  	0.19522  	0.19566  	-0.0464  	-0.7116  	-1.0633  	0.73163  	-0.0798  	0.30648  	-0.2844  	0.45437  	-0.1366  	-0.2731  	-0.5674  	0.22200  	-0.1215  	-0.1328  	-0.4061  	-0.0284  	-0.0355  	-0.1470  	-0.1885  	0.24453  	0.23024  	-0.0411  	0.14201  	0.31946  	0.06778  	-0.0026  	-0.1764  	0.23428  	0.04343  	0.02808  	0.01569  	-0.0165  	-0.0647  	-0.0511  	0.03264  	-0.0225  	0.03273  	-0.0162  	0.01350  	0.01636  	0.00388  	0.03035  	0.00503  	-0.0389  	0.03189  	0.00977  	-0.0280  	0.03103  	0.00430  	-0.0097  	0.04496  	-0.0030  	-0.0069  	-0.0242  	0.03589  	-0.0073  	0.02253  	-0.2797  	
-0.2841  	-0.1032  	-0.0579  	0.27552  	-0.1113  	0.26911  	0.09689  	-0.7084  	0.12599  	0.01001  	0.21758  	0.19100  	-0.0563  	-0.7332  	-1.0293  	0.73621  	-0.0529  	0.26888  	-0.2984  	0.45005  	-0.0994  	-0.2101  	-0.4806  	0.22394  	-0.1624  	-0.1083  	-0.3960  	-0.0798  	-0.0832  	-0.1479  	-0.1904  	0.24214  	0.23509  	-0.0520  	0.13061  	0.27350  	0.12251  	0.02415  	-0.1953  	0.21269  	0.05250  	0.02224  	0.01581  	-0.0201  	-0.0730  	-0.0471  	0.04148  	-0.0099  	0.03258  	-0.0155  	0.01183  	0.02027  	0.00322  	0.02260  	0.00485  	-0.0370  	0.02382  	0.00835  	-0.0268  	0.03066  	0.00228  	-0.0111  	0.03419  	-0.0043  	-0.0069  	-0.0242  	0.03589  	-0.0073  	0.02253  	-0.2797  	
-0.2568  	-0.0648  	-0.0659  	0.36838  	-0.0619  	0.28691  	0.07975  	-0.7064  	0.14248  	0.01155  	0.18880  	0.28128  	-0.0247  	-0.7250  	-0.9916  	0.77034  	-0.0554  	0.29615  	-0.2816  	0.42910  	-0.1244  	-0.2144  	-0.5121  	0.18663  	-0.2013  	-0.1025  	-0.4558  	-0.0193  	-0.0488  	-0.1543  	-0.1887  	0.21945  	0.25441  	-0.0515  	0.08808  	0.26587  	0.09155  	0.00387  	-0.1727  	0.22508  	0.04977  	0.02145  	0.03163  	-0.0271  	-0.0822  	-0.0452  	0.04035  	-0.0053  	0.03711  	-0.0103  	0.01218  	0.01468  	-0.0017  	0.02271  	0.00567  	-0.0384  	0.03014  	0.00743  	-0.0272  	0.02924  	0.00151  	-0.0049  	0.03748  	-0.0006  	-0.0069  	-0.0242  	0.03589  	-0.0073  	0.02253  	-0.2797  	
-0.1763  	-0.0283  	-0.0329  	0.42210  	0.01421  	0.31894  	0.13233  	-0.6835  	0.16299  	0.05145  	0.17567  	0.31697  	-0.0157  	-0.6425  	-0.9912  	0.83514  	-0.1139  	0.33839  	-0.2827  	0.48925  	-0.1469  	-0.2181  	-0.5945  	0.17925  	-0.2039  	-0.1285  	-0.5044  	0.02284  	-0.0178  	-0.1482  	-0.1953  	0.22200  	0.25642  	-0.0484  	0.11218  	0.28515  	0.06137  	-0.0124  	-0.1627  	0.24704  	0.06310  	0.02790  	0.03647  	-0.0157  	-0.0832  	-0.0476  	0.03932  	-0.0002  	0.04205  	-0.0181  	0.01532  	0.01288  	0.00252  	0.02340  	0.01204  	-0.0368  	0.03944  	0.00399  	-0.0265  	0.03031  	0.00333  	-0.0038  	0.03393  	0.00249  	-0.0069  	-0.0242  	0.03589  	-0.0073  	0.02253  	-0.2797  	
-0.0006  	0.01059  	-0.0168  	0.64226  	0.14918  	0.37952  	0.09685  	-0.6520  	0.13442  	0.02154  	0.14302  	0.36703  	-0.0028  	-0.5146  	-0.7944  	0.83558  	-0.0942  	0.26799  	-0.2855  	0.46770  	-0.0085  	-0.2072  	-0.6415  	0.36918  	-0.2158  	-0.1246  	-0.3494  	-0.1746  	-0.2148  	-0.1434  	-0.2196  	0.25930  	0.24653  	-0.0734  	0.29192  	0.22824  	0.14995  	-0.0167  	-0.2130  	0.27636  	-0.0469  	0.05533  	-0.0163  	-0.0279  	-0.0779  	-0.0394  	0.03818  	-0.0008  	0.04704  	-0.0085  	0.02281  	0.01145  	-0.0031  	0.02118  	0.00483  	-0.0334  	0.03113  	0.00013  	-0.0303  	0.03164  	-0.0009  	-0.0038  	0.02722  	-0.0101  	-0.0069  	-0.0242  	0.03589  	-0.0073  	0.02253  	-0.2797  	
0.20381  	0.04129  	0.11151  	0.79552  	0.15096  	0.47229  	0.15458  	-0.6329  	0.15840  	0.07710  	-0.0601  	0.26031  	0.11218  	-0.3214  	-0.5877  	0.74580  	-0.1096  	0.22984  	-0.3032  	0.37590  	-0.0420  	-0.1623  	-0.5751  	0.31677  	-0.1302  	-0.1524  	-0.3202  	-0.2391  	-0.0975  	-0.0813  	-0.2171  	0.23669  	0.24009  	-0.0607  	0.25900  	0.22802  	0.10901  	-0.0247  	-0.1444  	0.27074  	-0.0650  	0.05831  	3.80065  	-0.0184  	-0.0774  	-0.0400  	0.02534  	0.01421  	0.05033  	-0.0091  	0.02542  	0.01656  	-0.0050  	0.02108  	0.00851  	-0.0261  	0.02256  	0.00341  	-0.0355  	0.03123  	-0.0005  	0.00218  	0.02598  	-0.0107  	-0.0069  	-0.0242  	0.03589  	-0.0073  	0.02253  	-0.2797  	
0.30591  	0.11149  	0.18688  	0.74590  	0.17049  	0.51891  	0.20790  	-0.5425  	0.21445  	0.08663  	-0.1962  	0.20637  	0.16095  	-0.1964  	-0.5566  	0.69363  	-0.0979  	0.22977  	-0.2902  	0.24889  	-0.1152  	-0.0586  	-0.4724  	0.24680  	-0.0440  	-0.1759  	-0.2991  	-0.2160  	0.02565  	-0.0430  	-0.1963  	0.22489  	0.24588  	-0.0579  	0.15797  	0.21334  	0.08686  	-0.0445  	-0.1044  	0.27564  	-0.0382  	0.04629  	0.04400  	0.00275  	-0.0954  	-0.0480  	0.00925  	0.04487  	0.07540  	-0.0227  	0.02135  	0.01531  	0.00426  	0.02070  	0.00506  	-0.0120  	0.01980  	-0.0048  	-0.0343  	0.03729  	0.00742  	0.01173  	0.02839  	-0.0131  	-0.0069  	-0.0242  	0.03589  	-0.0073  	0.02253  	-0.2797  	
0.05178  	0.10510  	0.13551  	0.56237  	0.05757  	0.35330  	0.21406  	-0.5775  	0.19380  	0.13322  	-0.0705  	0.10244  	0.13838  	-0.1332  	-0.6647  	0.63828  	-0.1212  	0.16220  	-0.3340  	0.30478  	-0.0350  	-0.0800  	-0.5879  	0.43264  	-0.0060  	-0.1947  	-0.1990  	-0.2840  	-0.0629  	-0.0692  	-0.1956  	0.23861  	0.23619  	-0.0872  	0.27536  	0.20033  	0.14918  	-0.0460  	-0.1589  	0.30541  	-0.0543  	0.07036  	0.01205  	-0.0200  	-0.0922  	-0.0422  	0.02607  	0.02118  	0.06190  	-0.0077  	0.03579  	0.02312  	-0.0071  	0.02038  	0.00149  	-0.0246  	0.02214  	-0.0072  	-0.0265  	0.04277  	-0.0015  	0.02149  	0.02609  	-0.0073  	-0.0069  	-0.0242  	0.03589  	-0.0073  	0.02253  	-0.2797  	
-0.2504  	-0.0373  	-0.1457  	0.41214  	0.07567  	0.18532  	0.14352  	-0.6766  	0.18008  	0.06118  	0.27936  	0.29157  	0.00954  	-0.5214  	-0.8788  	0.69600  	-0.1175  	0.27487  	-0.3117  	0.47337  	0.00487  	-0.2561  	-0.5971  	0.37315  	-0.2623  	-0.1253  	-0.3861  	-0.1692  	-0.2147  	-0.1600  	-0.1981  	0.25140  	0.28144  	-0.0524  	0.27191  	0.18289  	0.15600  	-0.0239  	-0.2224  	0.27823  	-0.0451  	0.04606  	-0.0379  	-0.0385  	-0.0832  	-0.0405  	0.04932  	-0.0196  	0.04250  	-0.0023  	0.02472  	0.01292  	-0.0115  	0.03152  	2.82548  	-0.0366  	0.02065  	0.00078  	-0.0310  	0.02642  	-0.0018  	-0.0050  	0.02220  	-0.0105  	-0.0069  	-0.0242  	0.03589  	-0.0073  	0.02253  	-0.2797  	
-0.2868  	-0.1080  	-0.0565  	0.34600  	-0.0592  	0.30163  	0.08916  	-0.7056  	0.13711  	0.02524  	0.22722  	0.27068  	-0.0499  	-0.6879  	-1.0122  	0.76907  	-0.0575  	0.28943  	-0.2757  	0.45803  	-0.0590  	-0.2100  	-0.4834  	0.27121  	-0.1828  	-0.1199  	-0.4324  	-0.1325  	-0.0923  	-0.1406  	-0.1748  	0.22498  	0.22843  	-0.0605  	0.12324  	0.24497  	0.13228  	0.00056  	-0.1864  	0.23254  	0.02763  	0.02424  	-0.0031  	-0.0267  	-0.0749  	-0.0428  	0.04961  	-0.0134  	0.03251  	-0.0132  	0.00939  	0.01527  	-0.0045  	0.02410  	0.00399  	-0.0400  	0.02933  	0.00496  	-0.0303  	0.03412  	0.00475  	-0.0077  	0.03121  	-0.0048  	-0.0069  	-0.0242  	0.03589  	-0.0073  	0.02253  	-0.2797  	
-0.2619  	-0.0481  	-0.0345  	0.36582  	-0.0669  	0.30698  	0.12952  	-0.7137  	0.15318  	0.04295  	0.15565  	0.27320  	-0.0318  	-0.6960  	-1.0521  	0.74839  	-0.0622  	0.31264  	-0.2827  	0.47580  	-0.1556  	-0.2102  	-0.5369  	0.17199  	-0.1914  	-0.1000  	-0.4793  	0.00669  	-0.0202  	-0.1504  	-0.1775  	0.21234  	0.25089  	-0.0434  	0.05859  	0.26264  	0.07385  	-0.0111  	-0.1486  	0.23875  	0.07227  	0.01410  	0.04261  	-0.0130  	-0.0806  	-0.0499  	0.03432  	0.00159  	0.04200  	-0.0095  	0.00978  	0.01528  	-0.0042  	0.02286  	0.00455  	-0.0370  	0.03006  	0.00336  	-0.0325  	0.02758  	0.00403  	0.00151  	0.03276  	-0.0018  	-0.0069  	-0.0242  	0.03589  	-0.0073  	0.02253  	-0.2797  	
-0.1647  	-0.0303  	-0.0166  	0.42217  	0.00743  	0.33682  	0.11416  	-0.6551  	0.17434  	0.05339  	0.19438  	0.31525  	-0.0093  	-0.6365  	-0.9972  	0.83585  	-0.1060  	0.34530  	-0.2771  	0.48011  	-0.1206  	-0.2367  	-0.5845  	0.16488  	-0.2129  	-0.1245  	-0.4977  	0.00958  	-0.0158  	-0.1522  	-0.1896  	0.21733  	0.26259  	-0.0471  	0.12212  	0.27353  	0.05615  	-0.0108  	-0.1553  	0.24776  	0.06285  	0.02589  	0.04367  	-0.0178  	-0.0843  	-0.0467  	0.04065  	0.00221  	0.04013  	-0.0204  	0.01399  	0.01409  	0.00150  	0.02151  	0.01108  	-0.0350  	0.03758  	0.00401  	-0.0257  	0.02756  	0.00518  	-0.0054  	0.03633  	0.00180  	-0.0069  	-0.0242  	0.03589  	-0.0073  	0.02253  	-0.2797  	
-0.1725  	-0.0466  	-0.0406  	0.48532  	0.03602  	0.36278  	0.09365  	-0.6991  	0.16107  	0.00637  	0.15470  	0.29343  	-0.0488  	-0.6740  	-0.9721  	0.80683  	-0.0718  	0.30725  	-0.2843  	0.44094  	-0.0871  	-0.2608  	-0.5835  	0.21191  	-0.1852  	-0.1335  	-0.4148  	-0.0255  	-0.0441  	-0.1208  	-0.2103  	0.24237  	0.23931  	-0.0588  	0.16396  	0.27982  	0.09111  	-0.0104  	-0.1690  	0.23535  	0.04053  	0.02945  	0.02792  	-0.0185  	-0.0730  	-0.0467  	0.04089  	-0.0060  	0.03825  	-0.0179  	0.01650  	0.01708  	0.00122  	0.01774  	0.01229  	-0.0363  	0.03648  	0.01076  	-0.0279  	0.02715  	-0.0006  	-0.0143  	0.04011  	-0.0008  	-0.0069  	-0.0242  	0.03589  	-0.0073  	0.02253  	-0.2797  	
-0.1566  	-0.0388  	-0.0323  	0.47650  	0.02197  	0.32629  	0.11011  	-0.6721  	0.15598  	-0.0125  	0.16033  	0.27987  	-0.0312  	-0.6403  	-0.8812  	0.75772  	-0.0874  	0.32288  	-0.2952  	0.43181  	-0.0653  	-0.2425  	-0.5630  	0.20670  	-0.1937  	-0.1273  	-0.4017  	-0.0549  	-0.0612  	-0.1374  	-0.2031  	0.24025  	0.25478  	-0.0557  	0.18481  	0.26746  	0.11347  	0.00696  	-0.1847  	0.22589  	0.02576  	0.03420  	0.01832  	-0.0243  	-0.0763  	-0.0464  	0.03976  	-0.0068  	0.03542  	-0.0159  	0.01241  	0.01610  	0.00288  	0.01939  	0.01165  	-0.0364  	0.03709  	0.00673  	-0.0305  	0.02902  	0.00025  	-0.0108  	0.03885  	-0.0003  	-0.0069  	-0.0242  	0.03589  	-0.0073  	0.02253  	-0.2797  	
-0.0721  	-0.0311  	0.00010  	0.50286  	0.05276  	0.36246  	0.14144  	-0.6805  	0.15169  	0.03022  	0.21655  	0.29691  	-0.0314  	-0.5974  	-0.9494  	0.84371  	-0.1292  	0.33293  	-0.2914  	0.48134  	-0.0673  	-0.2427  	-0.6089  	0.24655  	-0.1743  	-0.1403  	-0.4328  	-0.0400  	-0.0816  	-0.1363  	-0.2041  	0.23807  	0.25169  	-0.0503  	0.20958  	0.28747  	0.11706  	-0.0089  	-0.1934  	0.23459  	-0.0039  	0.03816  	0.00768  	-0.0285  	-0.0724  	-0.0536  	0.04032  	-0.0142  	0.04342  	-0.0174  	0.02218  	0.01290  	0.00199  	0.02253  	0.01017  	-0.0338  	0.03659  	0.00731  	-0.0302  	0.03137  	-0.0043  	-0.0066  	0.03620  	-0.0006  	-0.0069  	-0.0242  	0.03589  	-0.0073  	0.02253  	-0.2797  	
-0.0573  	-0.0283  	0.02353  	0.50238  	0.03447  	0.37463  	0.14683  	-0.6665  	0.16994  	0.06446  	0.21802  	0.27725  	-0.0336  	-0.5991  	-0.9977  	0.84772  	-0.1241  	0.32821  	-0.2921  	0.51105  	-0.0747  	-0.2478  	-0.6468  	0.21952  	-0.1572  	-0.1505  	-0.4307  	-0.0174  	-0.0412  	-0.1251  	-0.1995  	0.24128  	0.24134  	-0.0467  	0.19981  	0.30263  	0.09602  	-0.0175  	-0.1725  	0.24731  	3.53636  	0.03889  	0.00867  	-0.0240  	-0.0721  	-0.0474  	0.03904  	-0.0016  	0.04080  	-0.0152  	0.02355  	0.01500  	0.00148  	0.01986  	0.01221  	-0.0341  	0.04132  	0.00891  	-0.0295  	0.02761  	-0.0020  	-0.0130  	0.03754  	-0.0033  	-0.0069  	-0.0242  	0.03589  	-0.0073  	0.02253  	-0.2797  	
-0.0488  	-0.0411  	0.04040  	0.47065  	0.03780  	0.36267  	0.16274  	-0.7007  	0.16746  	0.09954  	0.19822  	0.27570  	-0.0334  	-0.6481  	-1.0703  	0.89162  	-0.1508  	0.33543  	-0.2862  	0.50981  	-0.1477  	-0.2412  	-0.6643  	0.19629  	-0.1332  	-0.1499  	-0.4563  	0.02342  	0.00721  	-0.1077  	-0.1979  	0.24037  	0.23212  	-0.0417  	0.15706  	0.33938  	0.06412  	-0.0119  	-0.1539  	0.27130  	0.01773  	0.03696  	0.02662  	-0.0145  	-0.0803  	-0.0433  	0.03650  	0.00802  	0.04518  	-0.0160  	0.02724  	0.01812  	-0.0003  	0.01990  	0.01440  	-0.0363  	0.03826  	0.00773  	-0.0298  	0.02865  	-0.0025  	-0.0126  	0.03682  	-0.0058  	-0.0069  	-0.0242  	0.03589  	-0.0073  	0.02253  	-0.2797  	
-0.0543  	-0.0346  	0.03529  	0.43210  	0.01368  	0.36709  	0.15525  	-0.7032  	0.15163  	0.07474  	0.20041  	0.24800  	-0.0432  	-0.6524  	-1.0785  	0.88747  	-0.1442  	0.31994  	-0.2857  	0.48758  	-0.1176  	-0.2332  	-0.6210  	0.20634  	-0.1471  	-0.1466  	-0.4364  	-0.0164  	-0.0198  	-0.1202  	-0.2003  	0.24852  	0.23645  	-0.0460  	0.16781  	0.33540  	0.08389  	-0.0044  	-0.1635  	0.26635  	0.02440  	0.04213  	0.02403  	-0.0191  	-0.0775  	-0.0439  	0.03825  	0.00375  	0.04336  	-0.0128  	0.02402  	0.01656  	0.00347  	0.02105  	0.01247  	-0.0377  	0.03779  	0.00734  	-0.0280  	0.02869  	-0.0023  	-0.0113  	0.03549  	-0.0041  	-0.0069  	-0.0242  	0.03589  	-0.0073  	0.02253  	-0.2797  	
-0.0910  	-0.0346  	0.00152  	0.44788  	0.01129  	0.34551  	0.16012  	-0.7106  	0.13581  	0.04497  	0.17856  	0.24085  	-0.0308  	-0.6425  	-1.0218  	0.83141  	-0.1254  	0.31695  	-0.2945  	0.47684  	-0.1248  	-0.2277  	-0.5865  	0.21528  	-0.1636  	-0.1419  	-0.4390  	-0.0108  	-0.0146  	-0.1296  	-0.2032  	0.24369  	0.23659  	-0.0520  	0.16333  	0.32320  	0.07921  	-0.0026  	-0.1721  	0.27038  	0.03300  	0.04076  	0.01882  	-0.0198  	-0.0812  	-0.0465  	0.03851  	0.00062  	0.04588  	-0.0174  	0.02198  	0.01435  	0.00714  	0.02242  	0.01195  	-0.0375  	0.03615  	0.00392  	-0.0288  	0.03081  	0.00032  	-0.0082  	0.03860  	-0.0015  	-0.0069  	-0.0242  	0.03589  	-0.0073  	0.02253  	-0.2797  	
-0.1120  	-0.0269  	-0.0170  	0.45376  	-0.0063  	0.31774  	0.12566  	-0.6852  	0.14343  	-0.0264  	0.21992  	0.24788  	-0.0598  	-0.6347  	-0.9262  	0.76217  	-0.1114  	0.27608  	-0.2808  	0.43794  	-0.0213  	-0.2209  	-0.5316  	0.24957  	-0.1824  	-0.1297  	-0.4145  	-0.1129  	-0.1049  	-0.1376  	-0.1984  	0.25066  	0.24916  	-0.0604  	0.20763  	0.25896  	0.16205  	0.01428  	-0.2164  	0.22163  	0.02470  	0.04637  	0.00654  	-0.0275  	-0.0780  	-0.0449  	0.03654  	-0.0119  	0.03582  	-0.0171  	0.01047  	0.01515  	0.00256  	0.02676  	0.01031  	-0.0376  	0.03785  	0.00595  	-0.0305  	0.03009  	0.00222  	-0.0022  	0.03974  	-0.0022  	-0.0069  	-0.0242  	0.03589  	-0.0073  	0.02253  	-0.2797  	
-0.0457  	0.02479  	0.04113  	0.50551  	-0.0302  	0.35502  	0.10870  	-0.6271  	0.17181  	-0.0463  	0.25906  	0.28889  	-0.0390  	-0.5263  	-0.8315  	0.79060  	-0.0861  	0.25135  	-0.2745  	0.38718  	0.06826  	-0.2136  	-0.5195  	0.32110  	-0.1837  	-0.1513  	-0.3605  	-0.2118  	-0.1876  	-0.1468  	-0.1951  	0.25970  	0.26231  	-0.0548  	0.25721  	0.20182  	0.22147  	0.03009  	-0.2380  	0.21403  	-0.0025  	0.03630  	-0.0042  	-0.0295  	-0.0864  	-0.0420  	0.03782  	-0.0171  	0.03300  	-0.0087  	0.00047  	0.01779  	0.00356  	0.03337  	0.00808  	-0.0366  	0.02823  	0.00372  	-0.0286  	0.03180  	0.00651  	0.00073  	0.03134  	-0.0047  	-0.0069  	-0.0242  	0.03589  	-0.0073  	0.02253  	-0.2797  	
0.18496  	0.05114  	0.22113  	0.61586  	0.00295  	0.52025  	0.14179  	-0.5189  	0.24625  	0.02981  	0.19620  	0.26838  	0.07561  	-0.3926  	-0.9146  	0.90665  	-0.0912  	0.22362  	-0.2674  	0.38232  	0.05534  	-0.1894  	-0.5555  	0.30560  	-0.1141  	-0.1779  	-0.3295  	-0.2455  	-0.1968  	-0.1059  	-0.1889  	0.24924  	0.25411  	-0.0611  	0.22505  	0.20505  	0.20508  	0.02117  	-0.1779  	0.22521  	-0.0074  	0.02511  	0.05311  	-0.0163  	-0.0823  	-0.0481  	0.02529  	0.02574  	0.06608  	-0.0196  	0.00958  	0.01661  	0.00044  	0.02738  	0.00896  	-0.0237  	0.02366  	-5.1920  	-0.0353  	0.03659  	0.00491  	0.00442  	0.03792  	-0.0010  	-0.0069  	-0.0242  	0.03589  	-0.0073  	0.02253  	-0.2797  	
0.16978  	0.09921  	0.16030  	0.44758  	0.02943  	0.40499  	0.19925  	-0.5793  	0.18617  	0.12427  	0.03378  	0.15544  	0.13962  	-0.2797  	-0.8193  	0.72237  	-0.0913  	0.25079  	-0.2671  	0.30966  	-0.0296  	-0.1521  	-0.5510  	0.31762  	-0.0478  	-0.1878  	-0.2369  	-0.2743  	-0.1050  	-0.0899  	-0.1788  	0.23378  	0.25355  	-0.0629  	0.23078  	0.21837  	0.15030  	-0.0075  	-0.1679  	0.28154  	-0.0389  	0.03972  	0.03419  	-0.0164  	-0.0999  	-0.0412  	0.02108  	0.04079  	0.06172  	-0.0232  	0.01562  	0.01293  	-0.0063  	0.02169  	0.00390  	-0.0183  	0.02065  	-0.0043  	-0.0345  	0.04030  	0.01023  	0.00321  	0.03022  	-0.0097  	-0.0069  	-0.0242  	0.03589  	-0.0073  	0.02253  	-0.2797  	
-0.0800  	-0.0067  	-0.0242  	0.59888  	0.11921  	0.31896  	0.16998  	-0.5885  	0.15190  	0.03616  	0.12720  	0.27744  	0.06905  	-0.3199  	-0.7714  	0.76847  	-0.0990  	0.25501  	-0.3001  	0.45058  	0.01605  	-0.1923  	-0.6024  	0.36233  	-0.1470  	-0.1492  	-0.3158  	-0.2122  	-0.1763  	-0.0995  	-0.1882  	0.22378  	0.28632  	-0.0580  	0.29852  	0.19391  	0.15256  	-0.0235  	-0.2122  	0.26969  	-0.0597  	0.06998  	-0.0113  	-0.0320  	-0.0697  	-0.0356  	0.03354  	-0.0041  	0.03910  	-0.0009  	0.01252  	0.01456  	-0.0111  	0.02406  	-0.0110  	-0.0219  	0.02017  	-0.0101  	-0.0340  	0.03383  	0.00653  	0.00946  	0.02240  	-0.0147  	-0.0069  	-0.0242  	0.03589  	-0.0073  	0.02253  	-0.2797  	
-0.4635  	-0.1313  	-0.1958  	0.36187  	0.04990  	0.15156  	0.10860  	-0.6846  	0.12702  	0.09560  	0.36016  	0.38631  	-0.0562  	-0.6449  	-0.9887  	0.71228  	-0.1043  	0.30156  	-0.2831  	0.52690  	-0.0631  	-0.2485  	-0.5999  	0.27347  	-0.2538  	-0.1118  	-0.4618  	-0.0770  	-0.1488  	-0.1752  	-0.1759  	0.22045  	0.29651  	-0.0458  	0.19736  	0.24008  	0.10666  	-0.0170  	-0.1904  	0.24010  	-0.0063  	0.04758  	-0.0126  	-0.0409  	-0.0679  	-0.0386  	0.05997  	-0.0186  	0.02696  	0.00241  	0.00593  	0.01541  	-0.0090  	0.03216  	0.00551  	-0.0436  	0.03267  	0.00722  	-0.0372  	0.03506  	-0.0011  	-0.0102  	0.03490  	-0.0079  	-0.0069  	-0.0242  	0.03589  	-0.0073  	0.02253  	-0.2797  	
-0.3962  	-0.1067  	-0.1357  	0.26585  	-0.0774  	0.23196  	0.10141  	-0.7102  	0.12209  	0.07330  	0.29933  	0.27849  	-0.0261  	-0.7198  	-1.1017  	0.72224  	-0.0761  	0.33314  	-0.2927  	0.51746  	-0.1639  	-0.2326  	-0.5168  	0.22994  	-0.2016  	-0.1059  	-0.5096  	-0.0040  	-0.0218  	-0.1365  	-0.1619  	0.20330  	0.24931  	-0.0456  	0.08820  	0.28078  	0.03942  	-0.0208  	-0.1367  	0.22706  	0.02902  	0.02638  	0.02945  	-0.0338  	-0.0698  	-0.0445  	0.04139  	-0.0129  	0.03519  	-0.0046  	0.00557  	0.01776  	-0.0050  	0.02483  	0.00575  	-0.0435  	0.03544  	0.00907  	-0.0324  	0.03431  	0.00118  	-0.0085  	0.03597  	-0.0060  	-0.0069  	-0.0242  	0.03589  	-0.0073  	0.02253  	-0.2797  	
-0.3900  	-0.0804  	-0.1030  	0.23253  	-0.0818  	0.27567  	0.12067  	-0.7176  	0.13476  	0.08619  	0.15180  	0.26682  	-0.0436  	-0.7414  	-1.1115  	0.75849  	-0.0768  	0.37292  	-0.2784  	0.49178  	-0.2316  	-0.2099  	-0.5229  	0.16377  	-0.1828  	-0.1022  	-0.5359  	0.06617  	0.06277  	-0.1465  	-0.1449  	0.19091  	0.23957  	-0.0481  	-0.0243  	0.28523  	-0.0154  	-0.0390  	-0.0919  	0.24717  	0.07472  	0.00937  	0.04882  	-0.0139  	-0.0783  	-0.0490  	0.03443  	0.01153  	0.04548  	-0.0100  	0.00458  	0.01591  	-0.0065  	0.01919  	0.00739  	-0.0413  	0.03291  	0.00222  	-0.0255  	0.02844  	0.00559  	-0.0006  	0.03937  	-0.0003  	-0.0069  	-0.0242  	0.03589  	-0.0073  	0.02253  	-0.2797  	
-0.2570  	-0.0515  	-0.0946  	0.40693  	-0.0180  	0.32362  	0.06308  	-0.6848  	0.14624  	-0.0008  	0.12279  	0.32869  	-0.0304  	-0.7227  	-0.9656  	0.75691  	-0.0403  	0.32728  	-0.2777  	0.46483  	-0.1388  	-0.2337  	-0.5278  	0.22013  	-0.1745  	-0.1177  	-0.4340  	-0.0078  	-0.0363  	-0.1286  	-0.1928  	0.21254  	0.25314  	-0.0493  	0.08607  	0.25873  	0.07550  	-0.0077  	-0.1446  	0.24793  	0.03658  	0.02638  	0.03008  	-0.0135  	-0.0792  	-0.0456  	0.04279  	-0.0074  	0.04186  	-0.0146  	0.01181  	0.01652  	-0.0016  	0.02754  	0.00396  	-0.0376  	0.03312  	0.00829  	-0.0291  	0.03046  	0.00403  	-0.0050  	0.03530  	-0.0021  	-0.0069  	-0.0242  	0.03589  	-0.0073  	0.02253  	-0.2797  	
-0.1821  	-0.0422  	-0.0417  	0.44937  	0.02165  	0.34733  	0.08718  	-0.6706  	0.14742  	0.00726  	0.17639  	0.31940  	-0.0342  	-0.6579  	-0.9639  	0.81482  	-0.0973  	0.31707  	-0.2863  	0.47894  	-0.1491  	-0.2381  	-0.5736  	0.22431  	-0.1683  	-0.1213  	-0.4460  	0.00629  	-0.0263  	-0.1468  	-0.1961  	0.22071  	0.25523  	-0.0485  	0.15079  	0.29663  	0.07406  	-0.0143  	-0.1604  	0.23509  	0.01853  	0.03184  	0.03246  	-0.0223  	-0.0777  	-0.0420  	0.04690  	0.00997  	0.03799  	-0.0133  	0.01823  	0.01278  	0.00067  	0.02202  	0.00443  	-0.0352  	0.03637  	0.00907  	-0.0326  	0.02772  	0.00013  	-0.0127  	0.03442  	-0.0005  	-0.0069  	-0.0242  	0.03589  	-0.0073  	0.02253  	-0.2797  	
-0.1033  	-0.0228  	0.03757  	0.44448  	0.01605  	0.31949  	0.14027  	-0.6975  	0.16623  	0.10224  	0.22596  	0.31554  	-0.0420  	-0.6876  	-1.0763  	0.89322  	-0.1302  	0.33830  	-0.2795  	0.51920  	-0.1698  	-0.2629  	-0.6251  	0.20634  	-0.1868  	-0.1482  	-0.4840  	0.03687  	-0.0304  	-0.1360  	-0.2145  	0.24703  	0.24424  	-0.0414  	0.16492  	0.31739  	0.07725  	-0.0116  	-0.1619  	0.25923  	0.03200  	0.02786  	0.01502  	-0.0224  	-0.0789  	-0.0440  	0.03314  	0.00202  	0.04675  	-0.0187  	0.02046  	0.01490  	0.00157  	0.02140  	0.00977  	-0.0301  	0.03588  	0.00746  	-0.0295  	0.02943  	0.00282  	-0.0074  	0.03236  	-0.0009  	-0.0069  	-0.0242  	0.03589  	-0.0073  	0.02253  	-0.2797  	
-0.0572  	-0.0363  	0.07105  	0.39820  	-0.0256  	0.30335  	0.15841  	-0.7248  	0.15814  	0.09450  	0.20315  	0.26627  	-0.0206  	-0.7021  	-1.1377  	0.90654  	-0.1350  	0.36565  	-0.2857  	0.54390  	-0.2171  	-0.2603  	-0.6584  	0.16672  	-0.1703  	-0.1407  	-0.5103  	0.04755  	-0.0165  	-0.1414  	-0.1935  	0.23062  	0.24789  	-0.0431  	0.12705  	0.35335  	0.04744  	-0.0245  	-0.1411  	0.26870  	0.03217  	0.02233  	0.02185  	-0.0335  	-0.0832  	-0.0457  	0.03801  	0.00848  	0.05143  	-0.0115  	0.02941  	0.01471  	0.00058  	0.02007  	0.01075  	-0.0357  	0.03538  	0.00848  	-0.0343  	0.02782  	-0.0014  	-0.0068  	0.03607  	-0.0039  	-0.0069  	-0.0242  	0.03589  	-0.0073  	0.02253  	-0.2797  	
-0.1115  	-0.0380  	0.01494  	0.37193  	-0.0420  	0.29216  	0.15848  	-0.7115  	0.14218  	0.11835  	0.17386  	0.23765  	-0.0292  	-0.6830  	-1.1293  	0.84393  	-0.1251  	0.36294  	-0.2938  	0.50179  	-0.1943  	-0.2538  	-0.6289  	0.18765  	-0.1373  	-0.1397  	-0.4786  	0.04319  	0.02635  	-0.1239  	-0.1985  	0.22662  	0.23337  	-0.0499  	0.11506  	0.34925  	0.03022  	-0.0294  	-0.1449  	0.27336  	0.02957  	0.03057  	0.01468  	-0.0247  	-0.0826  	-0.0503  	0.03453  	0.00483  	0.04780  	-0.0215  	0.02011  	0.01175  	0.00167  	0.02213  	0.01026  	-0.0382  	0.03793  	0.00437  	-0.0320  	0.02759  	0.00106  	-0.0067  	0.04118  	-0.0010  	-0.0069  	-0.0242  	0.03589  	-0.0073  	0.02253  	-0.2797  	
-0.3341  	-0.0831  	-0.1109  	0.44167  	0.03455  	0.19593  	0.13102  	-0.7240  	0.13989  	0.08276  	0.23201  	0.27622  	-0.0230  	-0.6028  	-1.0476  	0.76743  	-0.0958  	0.31640  	-0.2886  	0.49265  	-0.1430  	-0.2415  	-0.6200  	0.25519  	-0.1235  	-0.1277  	-0.4465  	-0.0078  	-0.0310  	-0.1264  	-0.1947  	0.23141  	0.23382  	-0.0450  	0.15726  	0.31523  	0.05464  	-0.0244  	-0.1625  	0.25146  	0.01143  	0.03794  	0.00533  	-0.0313  	-0.0727  	-0.0511  	0.03589  	-0.0165  	0.04411  	-0.0214  	0.01562  	0.01224  	-0.0020  	0.02657  	0.01450  	-0.0347  	0.03651  	0.00507  	-0.0239  	0.03239  	0.00094  	-0.0043  	0.03824  	-0.0016  	-0.0069  	-0.0242  	0.03589  	-0.0073  	0.02253  	-0.2797  	
-0.3659  	-0.1162  	-0.1799  	0.51442  	0.08480  	0.20469  	0.09703  	-0.6835  	0.12934  	0.03202  	0.23864  	0.38619  	-0.0314  	-0.5865  	-0.9857  	0.70579  	-0.1119  	0.29582  	-0.2910  	0.49787  	-0.1048  	-0.2473  	-0.5912  	0.24992  	-0.1878  	-0.1334  	-0.4242  	-0.0272  	-0.0134  	-0.1283  	-0.2118  	0.21795  	0.24585  	-0.0493  	0.18472  	0.28213  	0.04760  	-0.0310  	-0.1626  	0.24251  	-0.0155  	0.03853  	-0.0109  	-0.0349  	-0.0576  	-0.0468  	0.04169  	-0.0149  	0.03972  	-0.0163  	0.01630  	0.01246  	-0.0026  	0.02145  	0.00738  	-0.0356  	0.03627  	0.00518  	-0.0266  	0.03142  	0.00448  	-0.0060  	0.03633  	0.00019  	-0.0069  	-0.0242  	0.03589  	-0.0073  	0.02253  	-0.2797  	
-0.1103  	0.00119  	-0.0641  	0.60175  	0.14687  	0.32342  	0.08312  	-0.6410  	0.16039  	0.00051  	0.11117  	0.43606  	0.01080  	-0.4634  	-0.7480  	0.76557  	-0.0987  	0.28713  	-0.3076  	0.46155  	-0.0498  	-0.2281  	-0.6026  	0.29214  	-0.2489  	-0.1133  	-0.4148  	-0.0814  	-0.1105  	-0.1268  	-0.2020  	0.22720  	0.26835  	-0.0598  	0.21484  	0.21275  	0.09461  	-0.0309  	-0.1793  	0.25044  	-0.0316  	0.04595  	0.00417  	-0.0307  	-0.0702  	-0.0446  	0.04605  	0.00037  	0.04305  	-0.0229  	0.01258  	0.01562  	-0.0044  	0.02570  	-0.0024  	-0.0329  	0.03158  	-0.0030  	-0.0278  	0.03276  	0.00271  	-0.0013  	0.02800  	-0.0067  	-0.0069  	-0.0242  	0.03589  	-0.0073  	0.02253  	-0.2797  	
-0.0166  	0.01862  	0.06588  	0.61125  	0.05795  	0.39426  	0.11505  	-0.5917  	0.17877  	0.00831  	0.05744  	0.34280  	0.04855  	-0.4545  	-0.7853  	0.77201  	-0.0672  	0.29870  	-0.2864  	0.44859  	-0.0418  	-0.2100  	-0.5504  	0.24487  	-0.2222  	-0.1311  	-0.4557  	-0.0970  	-0.0855  	-0.1363  	-0.1865  	0.23047  	0.26339  	-0.0554  	0.16467  	0.20573  	0.09490  	-0.0120  	-0.1590  	0.24102  	0.01010  	0.02918  	0.03470  	-0.0200  	-0.0829  	-0.0398  	0.03770  	0.01713  	0.04251  	-0.0148  	0.01176  	0.00972  	-0.0029  	0.02176  	0.00238  	-0.0271  	0.03400  	0.00293  	-0.0243  	0.02815  	0.00123  	0.00397  	0.02474  	-0.0059  	-0.0069  	-0.0242  	0.03589  	-0.0073  	0.02253  	-0.2797  	
-0.1210  	0.04377  	-0.0019  	0.57572  	0.04033  	0.34250  	0.09842  	-0.6119  	0.19764  	0.01844  	0.06754  	0.33212  	0.04234  	-0.5255  	-0.8609  	0.80386  	-0.0680  	0.33026  	-0.2898  	0.47661  	-0.0660  	-0.2183  	-0.5618  	0.20222  	-0.2621  	-0.1052  	-0.5422  	-0.0205  	-0.0312  	-0.1603  	-0.1959  	0.23438  	0.28535  	-0.0510  	0.09848  	0.19415  	0.02019  	-0.0149  	-0.1384  	0.24995  	0.04840  	0.01295  	0.04780  	-0.0255  	-0.0841  	-0.0404  	0.03603  	0.00381  	0.04224  	-0.0172  	0.00871  	0.00906  	-0.0020  	0.02009  	0.00600  	-0.0331  	0.02936  	0.00386  	-0.0232  	0.02253  	0.00831  	0.00629  	0.02045  	-0.0063  	-0.0069  	-0.0242  	0.03589  	-0.0073  	0.02253  	-0.2797  	
-0.2043  	0.00433  	-0.0309  	0.52283  	0.04139  	0.30400  	0.10559  	-0.6355  	0.18598  	0.02358  	0.07298  	0.34888  	0.03800  	-0.5593  	-0.9342  	0.82604  	-0.0654  	0.36359  	-0.2921  	0.47931  	-0.1785  	-0.2221  	-0.5505  	0.19765  	-0.2410  	-0.1045  	-0.5470  	0.06816  	0.04614  	-0.1489  	-0.1976  	0.22591  	0.27825  	-0.0492  	0.08017  	0.23631  	-0.0102  	-0.0420  	-0.1317  	0.25801  	0.06138  	0.02105  	0.05151  	-0.0304  	-0.0805  	-0.0465  	0.04407  	0.00966  	0.05005  	-0.0116  	0.00256  	0.01147  	-0.0010  	0.02007  	0.00800  	-0.0344  	0.02894  	-0.0026  	-0.0267  	0.02832  	0.00843  	0.00825  	0.02722  	-0.0004  	-0.0069  	-0.0242  	0.03589  	-0.0073  	0.02253  	-0.2797  	
-0.2501  	-0.0339  	-0.0848  	0.57210  	0.10877  	0.24521  	0.12044  	-0.6843  	0.14197  	0.06273  	0.05224  	0.37158  	0.00078  	-0.6117  	-0.9671  	0.78617  	-0.0953  	0.40766  	-0.2932  	0.52780  	-0.2863  	-0.2288  	-0.6007  	0.17368  	-0.1912  	-0.1342  	-0.5385  	0.15920  	0.14074  	-0.1058  	-0.1891  	0.20255  	0.25952  	-0.0340  	0.06841  	0.30023  	-0.0909  	-0.0544  	-0.1042  	0.29075  	0.06086  	0.00633  	0.02959  	-0.0235  	-0.0796  	-0.0453  	0.03484  	0.01621  	0.03649  	-0.0180  	0.01530  	0.01299  	-0.0018  	0.01533  	0.00088  	-0.0357  	0.03728  	0.00284  	-0.0291  	0.02342  	0.00807  	0.00083  	0.02963  	-0.0056  	-0.0069  	-0.0242  	0.03589  	-0.0073  	0.02253  	-0.2797  	
-0.1718  	-0.0525  	-0.1848  	0.84521  	0.33110  	0.31271  	0.12788  	-0.6319  	0.17736  	0.04727  	0.08565  	0.44433  	0.05153  	-0.3926  	-0.8434  	0.80316  	-0.1565  	0.33679  	-0.3025  	0.55628  	-0.2272  	-0.2294  	-0.7578  	0.23926  	-0.1028  	-0.1327  	-0.5043  	0.12208  	0.06824  	-0.0553  	-0.2329  	0.20201  	0.25985  	-0.0240  	0.20538  	0.27857  	-0.0372  	-0.0685  	-0.1010  	0.28736  	-0.0515  	0.06279  	-0.0052  	-0.0321  	-0.0608  	-0.0511  	0.03152  	0.01149  	0.05431  	-0.0188  	0.01659  	0.01257  	-0.0049  	0.02295  	-0.0012  	-0.0371  	0.04079  	0.00970  	-0.0292  	0.03048  	-0.0060  	-0.0156  	0.03142  	-0.0052  	-0.0069  	-0.0242  	0.03589  	-0.0073  	0.02253  	-0.2797  	
-0.1388  	-0.0306  	-0.1826  	0.89724  	0.34170  	0.33804  	0.13469  	-0.6114  	0.16907  	-0.0160  	0.04107  	0.49375  	0.11374  	-0.3318  	-0.7205  	0.81524  	-0.1440  	0.30834  	-0.3012  	0.55700  	-0.1775  	-0.2275  	-0.7559  	0.20956  	-0.0821  	-0.1470  	-0.4467  	0.11014  	0.07119  	-0.0203  	-0.2111  	0.21200  	0.27084  	-0.0239  	0.22552  	0.24974  	-0.0094  	-0.0725  	-0.1339  	0.25733  	-0.0608  	0.06018  	-0.0199  	-0.0478  	-0.0701  	-0.0450  	0.03853  	0.00359  	0.06195  	-0.0194  	0.02561  	0.01072  	-0.0085  	0.02156  	0.00077  	-0.0234  	0.04253  	0.00390  	-0.0240  	0.02834  	0.00420  	-0.0051  	0.02588  	-0.0103  	-0.0069  	-0.0242  	0.03589  	-0.0073  	0.02253  	-0.2797  	
-0.1162  	0.00320  	-0.1450  	0.90130  	0.28432  	0.38153  	0.11918  	-0.5852  	0.15544  	-0.0369  	-0.0736  	0.42627  	0.10118  	-0.3043  	-0.5953  	0.80724  	-0.1072  	0.29937  	-0.2862  	0.48494  	-0.1436  	-0.1663  	-0.6681  	0.23910  	-0.0678  	-0.1400  	-0.4018  	0.02375  	0.07922  	-0.0295  	-0.2434  	0.19650  	0.25676  	-0.0416  	0.21042  	0.20479  	0.01225  	-0.0554  	-0.1158  	0.28021  	-0.0854  	0.04570  	-0.0026  	-0.0314  	-0.0633  	-0.0433  	0.03628  	0.00349  	0.05040  	-0.0213  	0.01090  	0.01411  	-0.0041  	0.02121  	0.00344  	-0.0295  	0.03415  	0.00286  	-0.0246  	0.02930  	0.00194  	-0.0099  	0.02936  	-0.0144  	-0.0069  	-0.0242  	0.03589  	-0.0073  	0.02253  	-0.2797  	
-0.0819  	0.00736  	-0.0689  	0.75705  	0.15184  	0.44687  	0.11729  	-0.6138  	0.15552  	0.00343  	-0.0788  	0.33522  	0.02872  	-0.5581  	-0.7827  	0.86878  	-0.0754  	0.32884  	-0.2670  	0.48275  	-0.1360  	-0.1882  	-0.5986  	0.24402  	-0.0911  	-0.1446  	-0.4504  	-0.0006  	0.04501  	-0.1029  	-0.2352  	0.22715  	0.24421  	-0.0544  	0.11142  	0.25652  	-0.0049  	-0.0436  	-0.1244  	0.29831  	-0.0370  	0.04111  	0.02472  	-0.0067  	-0.0892  	-0.0436  	0.03162  	0.01957  	0.05084  	-0.0166  	0.01705  	0.01179  	-0.0033  	0.02650  	0.01282  	-0.0299  	0.04089  	0.00233  	-0.0253  	0.02844  	-0.0006  	-0.0030  	0.02465  	-0.0083  	-0.0069  	-0.0242  	0.03589  	-0.0073  	0.02253  	-0.2797  	
-0.0060  	0.01194  	0.00325  	0.60137  	0.13622  	0.42811  	0.11601  	-0.6697  	0.15744  	0.05960  	0.09588  	0.36371  	-0.0279  	-0.6227  	-0.9878  	0.91126  	-0.1347  	0.32950  	-0.2853  	0.49637  	-0.1563  	-0.1964  	-0.6309  	0.25485  	-0.1297  	-0.1466  	-0.4078  	-0.0209  	-0.0243  	-0.0951  	-0.2036  	0.23945  	0.24015  	-0.0483  	0.16636  	0.28854  	0.04920  	-0.0377  	-0.1325  	0.24576  	-0.0007  	0.04461  	0.03007  	-0.0185  	-0.0758  	-0.0452  	0.03423  	0.00937  	0.05972  	-0.0235  	0.02834  	0.01589  	0.00277  	0.01633  	0.00605  	-0.0301  	0.04319  	0.00407  	-0.0248  	0.02768  	0.00061  	-0.0074  	0.03407  	-0.0067  	-0.0069  	-0.0242  	0.03589  	-0.0073  	0.02253  	-0.2797  	
-0.0171  	-0.0345  	0.04763  	0.51004  	0.09093  	0.35049  	0.16005  	-0.7073  	0.16393  	0.11003  	0.13480  	0.30696  	-0.0498  	-0.6826  	-1.0898  	0.94486  	-0.1388  	0.36287  	-0.2821  	0.51509  	-0.1736  	-0.2371  	-0.6454  	0.21575  	-0.1141  	-0.1497  	-0.4110  	0.03259  	-0.0062  	-0.1067  	-0.2104  	0.25268  	0.23384  	-0.0415  	0.15619  	0.34017  	0.05366  	-0.0314  	-0.1469  	0.27973  	-0.0026  	0.03958  	0.01813  	-0.0051  	-0.0792  	-0.0438  	0.03639  	0.01152  	0.05079  	-0.0195  	0.02689  	0.01465  	0.00216  	0.02203  	0.00972  	-0.0324  	0.03577  	0.00398  	-0.0271  	0.02846  	3.64393  	-0.0106  	0.03528  	-0.0042  	-0.0069  	-0.0242  	0.03589  	-0.0073  	0.02253  	-0.2797  	
-0.1322  	-0.0426  	-0.0028  	0.41147  	-0.0003  	0.34290  	0.13218  	-0.7188  	0.13418  	0.07150  	0.15728  	0.25398  	-0.0391  	-0.7049  	-1.0904  	0.87962  	-0.1259  	0.36065  	-0.2851  	0.49078  	-0.1645  	-0.2307  	-0.6181  	0.20593  	-0.1427  	-0.1339  	-0.4601  	0.02862  	0.00826  	-0.1280  	-0.1935  	0.23630  	0.23345  	-0.0401  	0.14000  	0.33005  	0.03885  	-0.0240  	-0.1499  	0.27112  	0.03611  	0.03069  	0.02257  	-0.0143  	-0.0838  	-0.0458  	0.03304  	-0.0037  	0.03723  	-0.0177  	0.02330  	0.01301  	0.00306  	0.01966  	0.00898  	-0.0346  	0.03728  	0.00371  	-0.0262  	0.02879  	0.00362  	-0.0083  	0.03456  	0.00037  	-0.0069  	-0.0242  	0.03589  	-0.0073  	0.02253  	-0.2797  	
-0.2217  	-0.0662  	-0.0605  	0.41401  	-0.0147  	0.30283  	0.14179  	-0.7350  	0.12313  	0.02957  	0.12474  	0.24988  	-0.0686  	-0.7075  	-1.0449  	0.80773  	-0.0959  	0.33159  	-0.2801  	0.47545  	-0.1758  	-0.2511  	-0.5969  	0.23850  	-0.1043  	-0.1379  	-0.3930  	0.00395  	0.00260  	-0.1127  	-0.2116  	0.23844  	0.20080  	-0.0541  	0.13908  	0.35236  	0.06077  	-0.0204  	-0.1665  	0.25998  	0.03451  	0.03149  	0.01888  	-0.0186  	-0.0764  	-0.0519  	0.03664  	-0.0098  	0.04326  	-0.0173  	0.01838  	0.01508  	-0.0011  	0.02664  	0.01264  	-0.0338  	0.04078  	0.00647  	-0.0239  	0.02604  	-0.0019  	-0.0055  	0.04112  	-2.8870  	-0.0069  	-0.0242  	0.03589  	-0.0073  	0.02253  	-0.2797  	
-0.2565  	-0.0530  	-0.0326  	0.41387  	-0.0316  	0.25057  	0.08834  	-0.6964  	0.10013  	-0.0136  	0.16670  	0.2643  	-0.0429  	-0.8015  	-0.9901  	0.74948  	0.01253  	0.19175  	-0.2089  	0.24282  	-0.0927  	-0.4331  	-0.7722  	0.23624  	-0.1531  	-0.0459  	-0.3748  	-0.1056  	0.02781  	-0.1410  	-0.1260  	0.20620  	0.11478  	-0.1931  	0.06985  	0.30199  	0.02613  	0.00524  	-0.2630  	0.16475  	0.09914  	0.13296  	-0.0828  	0.04537  	-0.1228  	-0.0358  	0.01787  	0.00204  	0.02898  	-0.0336  	0.02228  	0.01984  	0.00321  	0.04089  	0.01585  	-0.0371  	0.03674  	0.00058  	-0.0223  	0.03373  	0.00189  	-0.0085  	0.02780  	-0.0034  	-0.0069  	-0.0242  	0.03589  	-0.0073  	0.02253  	-0.2797  	
-0.2813  	-0.0375  	-0.0150  	0.43886  	0.00495  	0.22963  	0.05119  	-0.6595  	0.10121  	-0.0085  	0.19008  	0.29821  	-0.0040  	-0.8209  	-0.9545  	0.71902  	0.07398  	0.07487  	-0.1607  	0.06384  	-0.0563  	-0.5700  	-0.9371  	0.21973  	-0.2249  	0.02660  	-0.4081  	-0.1554  	0.09122  	-0.1459  	-0.0452  	0.17041  	0.07640  	-0.2941  	0.01095  	0.27801  	-0.0513  	-0.0020  	-0.3305  	0.11539  	0.15829  	0.21984  	-0.1494  	0.09612  	-0.1652  	-0.0227  	0.00076  	0.02574  	0.01484  	-0.0404  	0.02611  	0.02392  	0.00687  	0.05048  	0.01784  	-0.0382  	0.03289  	-0.0081  	-0.0227  	0.04102  	0.00659  	-0.0131  	0.01438  	-0.0007  	-0.0069  	-0.0242  	0.03589  	-0.0073  	0.02253  	-0.2797  	
-0.2795  	-0.0358  	-0.0053  	0.46816  	0.01150  	0.23694  	0.03018  	-0.6246  	0.08507  	-0.0112  	0.19811  	0.31773  	0.01099  	-0.8081  	-0.9249  	0.70569  	0.08775  	0.03087  	-0.1664  	0.01714  	-0.0237  	-0.5737  	-0.9705  	0.24106  	-0.2525  	0.03594  	-0.4037  	-0.1859  	0.08413  	-0.1352  	-0.0061  	0.16626  	0.06908  	-0.3167  	0.01234  	0.24777  	-0.0728  	-0.0197  	-0.3566  	0.10214  	0.15016  	0.25120  	-0.1760  	0.09723  	-0.1722  	-0.0157  	-0.0055  	0.02515  	0.01385  	-0.0324  	0.02180  	0.02451  	0.00653  	0.05363  	0.01350  	-0.0386  	0.03272  	-0.0117  	-0.0239  	0.03927  	0.00590  	-0.0102  	0.01028  	-0.0039  	-0.0069  	-0.0242  	0.03589  	-0.0073  	0.02253  	-0.2797  	
-0.2327  	-0.0357  	-0.0115  	0.48338  	0.02232  	0.27335  	0.06308  	-0.6156  	0.10746  	0.00836  	0.18916  	0.34645  	0.02905  	-0.7616  	-0.9281  	0.72431  	0.04446  	0.07409  	-0.1822  	0.09456  	-0.0706  	-0.5613  	-0.9531  	0.24064  	-0.2740  	0.02671  	-0.4314  	-0.1199  	0.10977  	-0.1575  	-0.0226  	0.16285  	0.10069  	-0.2848  	0.01903  	0.26532  	-0.0872  	-0.0239  	-0.3332  	0.13227  	0.13129  	0.22186  	-0.1454  	0.09152  	-0.1672  	-0.0203  	0.00490  	0.02795  	0.02102  	-0.0384  	0.02261  	0.02157  	0.00221  	0.04904  	0.02040  	-0.0405  	0.02992  	-0.0129  	-0.0275  	0.03848  	0.00621  	-0.0140  	0.00816  	0.00012  	-0.0069  	-0.0242  	0.03589  	-0.0073  	0.02253  	-0.2797  	
-0.1153  	-0.0170  	0.03198  	0.50073  	0.07584  	0.30659  	0.13497  	-0.6693  	0.12817  	0.07804  	0.19056  	0.33173  	0.01167  	-0.7177  	-0.9968  	0.82516  	-0.0528  	0.20259  	-0.2302  	0.30372  	-0.1540  	-0.4268  	-0.8519  	0.20696  	-0.2315  	-0.0519  	-0.4550  	-0.0307  	0.06958  	-0.1417  	-0.1002  	0.20174  	0.16940  	-0.1733  	0.08869  	0.29786  	-0.0450  	-0.0301  	-0.2309  	0.19588  	0.09684  	0.14117  	-0.0789  	0.04560  	-0.1234  	-0.0360  	0.01315  	0.01683  	0.03462  	-0.0253  	0.02630  	0.02113  	0.00543  	0.03450  	0.01781  	-0.0346  	0.03366  	-0.0067  	-0.0308  	0.03380  	0.00338  	-0.0057  	0.01710  	-0.0026  	-0.0069  	-0.0242  	0.03589  	-0.0073  	0.02253  	-0.2797  	
-0.0424  	-0.0151  	0.05992  	0.48876  	0.04748  	0.36039  	0.14660  	-0.6962  	0.15342  	0.08843  	0.20109  	0.28247  	-0.0416  	-0.6524  	-1.0713  	0.92871  	-0.1302  	0.32974  	-0.2789  	0.51890  	-0.1493  	-0.2571  	-0.6378  	0.22288  	-0.1783  	-0.1399  	-0.4332  	-0.0203  	-0.0421  	-0.1395  	-0.2088  	0.24907  	0.24475  	-0.0416  	0.18396  	0.33576  	0.07585  	-0.0218  	-0.1732  	0.27813  	0.00701  	0.03048  	0.01718  	-0.0123  	-0.0771  	-0.0456  	0.03895  	0.00994  	0.04474  	-0.0146  	0.02407  	0.01221  	0.00176  	0.01947  	0.01044  	-0.0347  	0.03709  	0.00668  	-0.0303  	0.02907  	-0.0010  	-0.0107  	0.03660  	-0.0029  	-0.0069  	-0.0242  	0.03589  	-0.0073  	0.02253  	-0.2797  	
0.01401  	0.01740  	0.09287  	0.56487  	0.07630  	0.41318  	0.12144  	-0.6534  	0.16914  	0.08597  	0.18840  	0.27051  	-0.0002  	-0.5576  	-0.9076  	0.89525  	-0.1188  	0.25181  	-0.2820  	0.46620  	-3.7707  	-0.2228  	-0.6014  	0.32498  	-0.2268  	-0.1368  	-0.3543  	-0.1752  	-0.1919  	-0.1534  	-0.2202  	0.27559  	0.25530  	-0.0621  	0.26609  	0.25487  	0.16546  	-0.0120  	-0.2028  	0.26780  	-0.0245  	0.05109  	0.00498  	-0.0276  	-0.0656  	-0.0441  	0.03956  	0.00429  	0.05439  	-0.0090  	0.02070  	0.01530  	-0.0020  	0.02225  	0.00699  	-0.0348  	0.02881  	0.00465  	-0.0289  	0.02874  	0.00530  	-0.0088  	0.03165  	-0.0054  	-0.0069  	-0.0242  	0.03589  	-0.0073  	0.02253  	-0.2797  	
0.27468  	0.08896  	0.18660  	0.72646  	0.07306  	0.49430  	0.17473  	-0.5934  	0.21445  	0.08997  	0.01611  	0.25239  	0.11965  	-0.3315  	-0.6657  	0.77649  	-0.0946  	0.26092  	-0.2630  	0.37486  	-0.0328  	-0.1326  	-0.5464  	0.27736  	-0.0868  	-0.1739  	-0.3525  	-0.2176  	-0.0794  	-0.0804  	-0.2025  	0.22243  	0.22557  	-0.0521  	0.20088  	0.22396  	0.10311  	-0.0164  	-0.1418  	0.27330  	-0.0151  	0.03880  	0.04151  	-0.0089  	-0.0860  	-0.0481  	0.02245  	0.03555  	0.07918  	-0.0203  	0.01834  	0.01213  	-0.0002  	0.02723  	0.00985  	-0.0240  	0.03070  	0.00731  	-0.0327  	0.03128  	-0.0034  	0.00057  	0.03181  	-0.0157  	-0.0069  	-0.0242  	0.03589  	-0.0073  	0.02253  	-0.2797  	
0.11852  	0.06904  	0.13950  	0.56267  	0.08341  	0.42039  	0.21391  	-0.6205  	0.16286  	0.14272  	-0.0764  	0.10177  	0.17785  	-0.1982  	-0.6419  	0.61078  	-0.0814  	0.20204  	-0.2982  	0.32374  	-0.0984  	-0.0935  	-0.5688  	0.32163  	0.00135  	-0.1769  	-0.2164  	-0.2765  	-0.0583  	-0.0454  	-0.1918  	0.23267  	0.23306  	-0.0532  	0.22912  	0.23680  	0.10702  	-0.0332  	-0.1379  	0.29786  	-0.0430  	0.05311  	0.02650  	-0.0161  	-0.0887  	-0.0413  	0.02211  	0.03037  	0.06471  	-0.0252  	0.01937  	0.01796  	-0.0068  	0.01985  	0.00472  	-0.0262  	0.02224  	-0.0019  	-0.0362  	0.03571  	0.00970  	-4.7728  	0.03148  	-0.0126  	-0.0069  	-0.0242  	0.03589  	-0.0073  	0.02253  	-0.2797  	
-0.1622  	-0.0245  	-0.0559  	0.61224  	0.12507  	0.28301  	0.16026  	-0.6421  	0.14848  	0.04330  	0.17366  	0.28014  	0.04778  	-0.3437  	-0.7557  	0.76190  	-0.1041  	0.24142  	-0.3034  	0.44706  	0.00642  	-0.1967  	-0.6110  	0.36952  	-0.1680  	-0.1517  	-0.3148  	-0.2047  	-0.1536  	-0.1079  	-0.2092  	0.25175  	0.28124  	-0.0511  	0.29821  	0.21144  	0.14185  	-0.0371  	-0.2263  	0.30130  	-0.0669  	0.07303  	-0.0241  	-0.0307  	-0.0836  	-0.0444  	0.04683  	0.00075  	0.04447  	-0.0093  	0.01967  	0.01029  	-0.0172  	0.02272  	-0.0006  	-0.0280  	0.01960  	-0.0020  	-0.0300  	0.03228  	0.00697  	-0.0049  	0.02695  	-0.0114  	-0.0069  	-0.0242  	0.03589  	-0.0073  	0.02253  	-0.2797  	
-0.4070  	-0.1082  	-0.1698  	0.47820  	0.09988  	0.17690  	0.11456  	-0.6777  	0.13445  	0.10312  	0.30857  	0.40602  	-0.0125  	-0.5843  	-0.9548  	0.72507  	-0.1231  	0.31095  	-0.2866  	0.52755  	-0.0528  	-0.2327  	-0.6058  	0.28373  	-0.2672  	-0.1159  	-0.4928  	-0.0528  	-0.1447  	-0.1642  	-0.1800  	0.21093  	0.28605  	-0.0452  	0.20790  	0.22555  	0.08562  	-0.0235  	-0.1829  	0.25025  	-0.0175  	0.05827  	-0.0213  	-0.0423  	-0.0749  	-0.0392  	0.05137  	-0.0148  	0.03063  	0.00078  	0.00434  	0.01179  	-0.0033  	0.02762  	0.00483  	-0.0434  	0.03860  	0.00550  	-0.0371  	0.03615  	0.00366  	-0.0039  	0.02722  	-0.0067  	-0.0069  	-0.0242  	0.03589  	-0.0073  	0.02253  	-0.2797  	
-0.3680  	-0.1060  	-0.1400  	0.32853  	-0.0270  	0.24543  	0.09549  	-0.7072  	0.13503  	0.07245  	0.27201  	0.30188  	-0.0287  	-0.6938  	-1.0783  	0.71031  	-0.0858  	0.34700  	-0.2877  	0.51915  	-0.1590  	-0.2463  	-0.5434  	0.23794  	-0.2076  	-0.1167  	-0.5092  	0.01347  	-0.0132  	-0.1312  	-0.1762  	0.20640  	0.24222  	-0.0373  	0.10489  	0.27873  	0.03428  	-0.0261  	-0.1470  	0.23265  	0.02586  	0.01880  	0.01526  	-0.0360  	-0.0679  	-0.0463  	0.03876  	-0.0151  	0.03722  	-0.0083  	0.00839  	0.01506  	-0.0026  	0.02343  	0.00407  	-0.0423  	0.03579  	0.00847  	-0.0304  	0.03144  	0.00328  	-0.0093  	0.03545  	-0.0064  	-0.0069  	-0.0242  	0.03589  	-0.0073  	0.02253  	-0.2797  	
-0.3320  	-0.0604  	-0.0757  	0.32235  	-0.0355  	0.29802  	0.10892  	-0.7195  	0.14331  	0.05946  	0.11319  	0.29687  	-0.0281  	-0.7117  	-1.0726  	0.76105  	-0.0747  	0.36336  	-0.2898  	0.49324  	-0.2249  	-0.2133  	-0.5536  	0.16546  	-0.1848  	-0.1040  	-0.5162  	0.07448  	0.05818  	-0.1351  	-0.1559  	0.20001  	0.24107  	-0.0395  	-0.0084  	0.28352  	-0.0126  	-0.0348  	-0.0993  	0.25840  	0.06753  	0.01990  	0.04339  	-0.0167  	-0.0801  	-0.0477  	0.04071  	0.01213  	0.04383  	-0.0055  	0.00821  	0.01501  	-0.0034  	0.02482  	0.00547  	-0.0415  	0.03156  	0.00163  	-0.0252  	0.02880  	0.00504  	-0.0008  	0.03784  	7.67119  	-0.0069  	-0.0242  	0.03589  	-0.0073  	0.02253  	-0.2797  	
-0.2344  	-0.0514  	-0.0728  	0.42396  	-0.0107  	0.33999  	0.07382  	-0.6754  	0.14713  	0.00077  	0.15373  	0.31842  	-0.0352  	-0.6957  	-0.9655  	0.77224  	-0.0605  	0.31411  	-0.2882  	0.47738  	-0.1246  	-0.2467  	-0.5427  	0.23401  	-0.1754  	-0.1231  	-0.4222  	-0.0178  	-0.0556  	-0.1368  	-0.1959  	0.22197  	0.25832  	-0.0506  	0.12917  	0.26267  	0.08758  	-0.0032  	-0.1617  	0.23622  	0.02141  	0.03100  	0.02859  	-0.0152  	-0.0789  	-0.0469  	0.04502  	-0.0051  	0.04238  	-0.0144  	0.01212  	0.01754  	0.00061  	0.02526  	0.00346  	-0.0390  	0.03502  	0.00900  	-0.0323  	0.02769  	0.00403  	-0.0091  	0.03550  	-0.0015  	-0.0069  	-0.0242  	0.03589  	-0.0073  	0.02253  	-0.2797  	
-0.1529  	-0.0347  	-0.0220  	0.43670  	0.01950  	0.33691  	0.11719  	-0.6774  	0.15842  	-0.0037  	0.17844  	0.28329  	-0.0369  	-0.6803  	-0.9482  	0.82797  	-0.1006  	0.32241  	-0.2926  	0.48015  	-0.1373  	-0.2465  	-0.5742  	0.22383  	-0.1703  	-0.1235  	-0.4328  	-0.0005  	-0.0326  	-0.1393  	-0.1980  	0.23156  	0.25662  	-0.0440  	0.16379  	0.29143  	0.08461  	-0.0058  	-0.1651  	0.24149  	0.02626  	0.02861  	0.01638  	-0.0275  	-0.0808  	-0.0410  	0.04424  	0.00268  	0.03846  	-0.0116  	0.01620  	0.01551  	-0.0008  	0.02246  	0.00452  	-0.0350  	0.03411  	0.00851  	-0.0345  	0.02779  	0.00025  	-0.0110  	0.03810  	-0.0015  	-0.0069  	-0.0242  	0.03589  	-0.0073  	0.02253  	-0.2797  	
-0.1054  	-0.0307  	0.02621  	0.46031  	0.01311  	0.32556  	0.14557  	-0.7039  	0.17358  	0.08411  	0.19393  	0.28416  	-0.0354  	-0.6952  	-1.0275  	0.85643  	-0.1195  	0.33206  	-0.2806  	0.50015  	-0.1579  	-0.2650  	-0.6117  	0.19849  	-0.1624  	-0.1506  	-0.4572  	0.03565  	-0.0267  	-0.1266  	-0.2059  	0.24621  	0.23321  	-0.0413  	0.16065  	0.30786  	0.07212  	-0.0105  	-0.1581  	0.25205  	0.02563  	0.03001  	0.01378  	-0.0193  	-0.0810  	-0.0436  	0.03557  	-0.0004  	0.04207  	-0.0181  	0.02213  	0.01809  	-0.0005  	0.02193  	0.00966  	-0.0321  	0.03704  	0.00640  	-0.0280  	0.02971  	0.00169  	-0.0116  	0.03346  	-0.0022  	-0.0069  	-0.0242  	0.03589  	-0.0073  	0.02253  	-0.2797  	
-0.0804  	-0.0336  	0.08303  	0.38123  	-0.0379  	0.31034  	0.16371  	-0.7334  	0.16638  	0.09241  	0.21766  	0.27499  	-0.0232  	-0.7055  	-1.1312  	0.90834  	-0.1311  	0.37622  	-0.2934  	0.55684  	-0.2160  	-0.2788  	-0.6488  	0.15297  	-0.2036  	-0.1432  	-0.5139  	0.06029  	-0.0079  	-0.1387  	-0.1869  	0.22696  	0.25294  	-0.0312  	0.12627  	0.33425  	0.03462  	-0.0117  	-0.1400  	0.26989  	0.04093  	0.02468  	0.01890  	-0.0318  	-0.0881  	-0.0466  	0.03538  	0.00640  	0.04970  	-0.0124  	0.02660  	0.01699  	0.00138  	0.02442  	0.00971  	-0.0311  	0.03408  	0.00503  	-0.0347  	0.02701  	0.00150  	-7.5984  	0.03746  	-0.0055  	-0.0069  	-0.0242  	0.03589  	-0.0073  	0.02253  	-0.2797  	
-0.2182  	-0.0666  	-0.0221  	0.31247  	-0.0808  	0.23864  	0.14282  	-0.7422  	0.13713  	0.09550  	0.19054  	0.19047  	-0.0264  	-0.7157  	-1.1254  	0.81423  	-0.1158  	0.33188  	-0.3014  	0.48688  	-0.1777  	-0.2497  	-0.5881  	0.19239  	-0.1547  	-0.1124  	-0.4753  	0.04344  	-0.0056  	-0.1325  	-0.1863  	0.23067  	0.24432  	-0.0446  	0.12053  	0.33665  	0.03797  	-0.0295  	-0.1583  	0.25975  	0.04347  	0.04019  	0.02223  	-0.0201  	-0.0734  	-0.0476  	0.04272  	-0.0033  	0.04558  	-0.0163  	0.01900  	0.01854  	-0.0022  	0.02314  	0.00549  	-0.0395  	0.03201  	0.00615  	-0.0296  	0.02719  	0.00164  	-0.0060  	0.03261  	-0.0021  	-0.0069  	-0.0242  	0.03589  	-0.0073  	0.02253  	-0.2797  	
-0.4247  	-0.1046  	-0.1246  	0.36397  	-0.0246  	0.14568  	0.11339  	-0.7569  	0.11740  	0.10051  	0.25657  	0.27425  	-0.0561  	-0.6901  	-1.0633  	0.76229  	-0.0906  	0.32541  	-0.2721  	0.49226  	-0.1384  	-0.2522  	-0.5913  	0.24688  	-0.1178  	-0.1291  	-0.4225  	-0.0466  	-0.0560  	-0.1330  	-0.1901  	0.23461  	0.22922  	-0.0477  	0.15449  	0.32766  	0.06115  	-0.0196  	-0.1799  	0.24450  	0.01866  	0.03473  	-0.0005  	-0.0219  	-0.0646  	-0.0511  	0.03205  	-0.0209  	0.03253  	-0.0144  	0.01332  	0.01214  	-0.0019  	0.02826  	0.00843  	-0.0342  	0.03729  	0.00899  	-0.0251  	0.03586  	0.00204  	-0.0074  	0.04475  	-0.0033  	-0.0069  	-0.0242  	0.03589  	-0.0073  	0.02253  	-0.2797  	
-0.4285  	-0.1277  	-0.1609  	0.40278  	0.01768  	0.15881  	0.09612  	-0.6690  	0.13649  	0.06724  	0.30940  	0.33537  	-0.0462  	-0.6136  	-1.0453  	0.70651  	-0.1077  	0.28940  	-0.3020  	0.50573  	-0.0967  	-0.2651  	-0.5909  	0.26316  	-0.1899  	-0.1236  	-0.4418  	-0.0295  	-0.0426  	-0.1563  	-0.2148  	0.21563  	0.24335  	-0.0489  	0.17868  	0.28361  	0.07913  	-0.0165  	-0.1647  	0.22391  	-0.0052  	0.03777  	-0.0058  	-0.0381  	-0.0691  	-0.0429  	0.04259  	-0.0081  	0.03768  	-0.0144  	0.01263  	0.01427  	-0.0021  	0.02491  	0.00482  	-0.0357  	0.03841  	0.00714  	-0.0271  	0.02614  	0.00437  	-0.0071  	0.03187  	0.00108  	-0.0069  	-0.0242  	0.03589  	-0.0073  	0.02253  	-0.2797  	
-0.3676  	-0.0772  	-0.1362  	0.44892  	0.04188  	0.19294  	0.07795  	-0.6819  	0.14204  	0.04045  	0.24879  	0.37388  	-0.0079  	-0.5924  	-0.9349  	0.71989  	-0.0915  	0.30682  	-0.2807  	0.46634  	-0.0861  	-0.2623  	-0.5815  	0.22448  	-0.2270  	-0.1314  	-0.4678  	-0.0359  	-0.0465  	-0.1329  	-0.1865  	0.21645  	0.25307  	-0.0514  	0.15684  	0.25691  	0.06654  	-0.0214  	-0.1616  	0.22772  	0.00896  	0.01748  	0.00800  	-0.0324  	-0.0692  	-0.0420  	0.03505  	-0.0082  	0.03852  	-0.0157  	0.01205  	0.01186  	-0.0024  	0.01547  	0.00448  	-0.0360  	0.03163  	0.00912  	-0.0287  	0.02383  	0.00634  	-0.0010  	0.03525  	-0.0016  	-0.0069  	-0.0242  	0.03589  	-0.0073  	0.02253  	-0.2797  	
-0.2156  	-0.0307  	-0.0425  	0.46710  	0.01141  	0.31330  	0.10213  	-0.6335  	0.18635  	0.01973  	0.13314  	0.34593  	-0.0029  	-0.5755  	-0.9218  	0.75092  	-0.0887  	0.29671  	-0.2802  	0.45828  	-0.0914  	-0.2186  	-0.5586  	0.22441  	-0.2267  	-0.1231  	-0.4677  	-0.0324  	-0.0493  	-0.1329  	-0.1840  	0.21732  	0.27055  	-0.0442  	0.12952  	0.22488  	0.07029  	-0.0205  	-0.1461  	0.22948  	0.02234  	0.02450  	0.02715  	-0.0243  	-0.0768  	-0.0440  	0.04066  	-0.0039  	0.04653  	-0.0152  	0.00918  	0.01537  	-0.0035  	0.02353  	0.00213  	-0.0364  	0.03337  	0.00328  	-0.0289  	0.02753  	0.00666  	-0.0034  	0.03384  	-0.0010  	-0.0069  	-0.0242  	0.03589  	-0.0073  	0.02253  	-0.2797  	
-0.0754  	0.03275  	0.04791  	0.60244  	0.04520  	0.40150  	0.10467  	-0.6067  	0.17396  	0.03150  	0.10024  	0.33869  	0.00118  	-0.5171  	-0.8308  	0.80584  	-0.0829  	0.32336  	-0.2799  	0.45983  	-0.0497  	-0.2160  	-0.5594  	0.19405  	-0.2162  	-0.1335  	-0.4890  	-0.0570  	-0.0407  	-0.1414  	-0.1884  	0.22264  	0.26184  	-0.0383  	0.13206  	0.21330  	0.08509  	-0.0054  	-0.1422  	0.24983  	0.04569  	0.00581  	0.04412  	-0.0195  	-0.0823  	-0.0404  	0.03783  	0.01089  	0.04519  	-0.0162  	0.01009  	0.01302  	-0.0027  	0.02051  	0.00623  	-0.0329  	0.02792  	0.00302  	-0.0299  	0.02715  	0.00189  	0.00207  	0.03282  	-0.0059  	-0.0069  	-0.0242  	0.03589  	-0.0073  	0.02253  	-0.2797  	
0.04030  	0.07006  	0.13359  	0.58931  	0.03569  	0.44696  	0.10880  	-0.5615  	0.19714  	-0.0112  	0.19093  	0.34888  	0.00684  	-0.4754  	-0.8408  	0.85276  	-0.0983  	0.25996  	-0.2921  	0.42648  	0.07762  	-0.2068  	-0.5353  	0.23908  	-0.2262  	-0.1476  	-0.4210  	-0.2014  	-0.1555  	-0.1493  	-0.1907  	0.23373  	0.27270  	-0.0498  	0.22176  	0.18883  	0.18567  	0.02008  	-0.1882  	0.20519  	0.01259  	0.02310  	0.03080  	-0.0274  	-0.0770  	-0.0444  	0.03821  	0.00755  	0.04487  	-0.0093  	0.00671  	0.01384  	0.00137  	0.02454  	0.00558  	-0.0265  	0.02973  	0.00417  	-0.0343  	0.02890  	0.00363  	0.00093  	0.03346  	-0.0036  	-0.0069  	-0.0242  	0.03589  	-0.0073  	0.02253  	-0.2797  	
0.10489  	0.08005  	0.14996  	0.58451  	0.00332  	0.48805  	0.12605  	-0.5073  	0.21751  	-0.0272  	0.23726  	0.32046  	-0.0009  	-0.4369  	-0.7991  	0.88427  	-0.0878  	0.22580  	-0.2768  	0.37881  	0.13436  	-0.2021  	-0.5041  	0.31067  	-0.2151  	-0.1564  	-0.3257  	-0.2970  	-0.2348  	-0.1599  	-0.2004  	0.26527  	0.27671  	-0.0683  	0.25283  	0.16577  	0.24729  	0.04051  	-0.2281  	0.18612  	-0.0125  	0.02402  	0.02184  	-0.0240  	-0.0795  	-0.0426  	0.03666  	0.00574  	0.05195  	-0.0074  	0.00198  	0.01404  	0.00256  	0.02970  	0.00512  	-0.0243  	0.02576  	0.00291  	-0.0330  	0.03082  	0.00664  	0.00258  	0.03628  	-0.0084  	-0.0069  	-0.0242  	0.03589  	-0.0073  	0.02253  	-0.2797  	
0.01250  	0.06507  	0.12165  	0.53053  	-0.0332  	0.41839  	0.12689  	-0.5604  	0.20113  	-0.0388  	0.25851  	0.31615  	0.00580  	-0.4646  	-0.8641  	0.82970  	-0.0947  	0.26895  	-0.3012  	0.39423  	0.08661  	-0.2183  	-0.5262  	0.27384  	-0.2247  	-0.1367  	-0.4042  	-0.1990  	-0.1837  	-0.1568  	-0.1912  	0.24060  	0.27842  	-0.0633  	0.22864  	0.18078  	0.20070  	0.02335  	-0.2120  	0.18849  	0.01035  	0.02632  	0.01862  	-0.0285  	-0.0775  	-0.0484  	0.04363  	-0.0051  	0.04531  	-0.0114  	0.00638  	0.01615  	0.00427  	0.02477  	0.00163  	-0.0311  	0.02651  	0.00825  	-0.0342  	0.02942  	0.00526  	-0.0043  	0.03778  	-0.0057  	-0.0069  	-0.0242  	0.03589  	-0.0073  	0.02253  	-0.2797  	
-0.0069  	0.05431  	0.09482  	0.51539  	0.02399  	0.41576  	0.14073  	-0.5763  	0.21443  	4.88645  	0.18659  	0.33716  	0.03171  	-0.4665  	-0.9119  	0.86517  	-0.0942  	0.30869  	-0.2942  	0.43355  	-0.0245  	-0.2279  	-0.5609  	0.24453  	-0.2151  	-0.1257  	-0.4621  	-0.0953  	-0.0891  	-0.1487  	-0.1876  	0.21857  	0.30675  	-0.0641  	0.18300  	0.21089  	0.10504  	-0.0050  	-0.1694  	0.22511  	0.02331  	0.02789  	0.03631  	-0.0390  	-0.0833  	-0.0462  	0.03770  	0.00659  	0.05117  	-0.0121  	0.01513  	0.01522  	-0.0013  	0.01906  	0.00344  	-0.0335  	0.02979  	0.00787  	-0.0314  	0.02719  	0.00295  	0.00037  	0.03771  	-0.0020  	-0.0069  	-0.0242  	0.03589  	-0.0073  	0.02253  	-0.2797  	
-0.2388  	-0.0236  	-0.0281  	0.31957  	-0.0322  	0.23665  	0.13939  	-0.6993  	0.14239  	0.07958  	0.24148  	0.27939  	-0.0006  	-0.5921  	-1.0973  	0.77660  	-0.0997  	0.31527  	-0.2900  	0.49026  	-0.1573  	-0.2497  	-0.5680  	0.21743  	-0.1808  	-0.1257  	-0.4764  	-0.0359  	-0.0362  	-0.1409  	-0.1738  	0.21555  	0.27458  	-0.0605  	0.09946  	0.27875  	0.07101  	-0.0181  	-0.1535  	0.24510  	0.05343  	0.02168  	0.02798  	-0.0208  	-0.0737  	-0.0494  	0.03803  	0.00046  	0.04953  	-0.0222  	0.01028  	0.01086  	-0.0036  	0.01749  	0.00234  	-0.0407  	0.03269  	0.00858  	-0.0378  	0.02711  	0.00733  	-0.0048  	0.03928  	0.00098  	-0.0069  	-0.0242  	0.03589  	-0.0073  	0.02253  	-0.2797  	
-0.4152  	-0.1190  	-0.1864  	0.35235  	-0.0196  	0.12920  	0.12991  	-0.7224  	0.15175  	0.10340  	0.32906  	0.28087  	-0.0563  	-0.6522  	-1.0668  	0.74354  	-0.0955  	0.29895  	-0.2836  	0.49539  	-0.1206  	-0.2399  	-0.5974  	0.27442  	-0.1605  	-0.1111  	-0.4491  	-0.0489  	-0.0519  	-0.1411  	-0.1820  	0.21227  	0.25603  	-0.0487  	0.15092  	0.27306  	0.06981  	-0.0216  	-0.1731  	0.23688  	0.02037  	0.03480  	0.00931  	-0.0361  	-0.0654  	-0.0414  	0.03785  	-0.0147  	0.03516  	-0.0128  	0.00635  	0.01707  	-0.0051  	0.02777  	0.00199  	-0.0422  	0.03360  	0.00346  	-0.0291  	0.03157  	0.00299  	-7.8281  	0.03394  	-0.0036  	-0.0069  	-0.0242  	0.03589  	-0.0073  	0.02253  	-0.2797  	
-0.4883  	-0.1548  	-0.2202  	0.31708  	-0.0162  	0.08277  	0.10453  	-0.7045  	0.14176  	0.09710  	0.37470  	0.30757  	-0.0681  	-0.7254  	-1.0823  	0.74597  	-0.1119  	0.30235  	-0.2975  	0.54895  	-0.0950  	-0.2529  	-0.5850  	0.24933  	-0.2309  	-0.1118  	-0.4891  	-0.0341  	-0.0845  	-0.1746  	-0.1889  	0.21618  	0.25189  	-0.0461  	0.16489  	0.27815  	0.08065  	-0.0127  	-0.1757  	0.23518  	0.00410  	0.03893  	-0.0082  	-0.0425  	-0.0710  	-0.0477  	0.05328  	-0.0162  	0.03577  	-0.0127  	0.00581  	0.01685  	-0.0018  	0.02902  	0.00745  	-0.0408  	0.03992  	0.00491  	-0.0340  	0.02791  	0.00363  	-0.0096  	0.03471  	-0.0016  	-0.0069  	-0.0242  	0.03589  	-0.0073  	0.02253  	-0.2797  	
-0.4638  	-0.1233  	-0.2080  	0.36598  	0.03018  	0.07288  	0.09444  	-0.7075  	0.13834  	0.11002  	0.36758  	0.36382  	-0.0423  	-0.6765  	-1.0825  	0.75095  	-0.1034  	0.34403  	-0.3019  	0.55213  	-0.0874  	-0.2549  	-0.6288  	0.24425  	-0.2465  	-0.1182  	-0.5177  	0.01221  	-0.0745  	-0.1657  	-0.1698  	0.20779  	0.26433  	-0.0526  	0.14632  	0.26800  	0.04678  	-0.0357  	-0.1468  	0.22547  	-0.0099  	0.03725  	-0.0028  	-0.0515  	-0.0692  	-0.0444  	0.04344  	-0.0091  	0.03502  	-0.0076  	0.01504  	0.01463  	-0.0007  	0.02384  	0.00526  	-0.0375  	0.03681  	0.00480  	-0.0312  	0.02959  	0.00162  	-0.0030  	0.03339  	-0.0006  	-0.0069  	-0.0242  	0.03589  	-0.0073  	0.02253  	-0.2797  	
-0.3244  	-0.0767  	-0.1381  	0.50872  	0.08554  	0.15745  	0.11079  	-0.6547  	0.16305  	0.05766  	0.31364  	0.41729  	-0.0240  	-0.6048  	-0.9743  	0.76801  	-0.1078  	0.33983  	-0.2905  	0.55053  	-0.0873  	-0.2709  	-0.6325  	0.24635  	-0.2598  	-0.1274  	-0.5189  	0.04127  	-0.0400  	-0.1439  	-0.1808  	0.20941  	0.28220  	-0.0422  	0.15557  	0.24348  	0.02187  	-0.0436  	-0.1402  	0.24656  	-0.0046  	0.02939  	-0.0003  	-0.0431  	-0.0778  	-0.0449  	0.03984  	-0.0016  	0.03959  	-0.0135  	0.01611  	0.01206  	-0.0014  	0.01891  	0.00372  	-0.0363  	0.03602  	0.00245  	-0.0327  	0.03200  	0.00166  	-0.0035  	0.02668  	-0.0035  	-0.0069  	-0.0242  	0.03589  	-0.0073  	0.02253  	-0.2797  	
-0.1485  	-0.0196  	-0.0377  	0.68490  	0.15328  	0.33783  	0.09975  	-0.6112  	0.18728  	0.01871  	0.10488  	0.49653  	0.03855  	-0.4491  	-0.8040  	0.83943  	-0.1134  	0.34510  	-0.2850  	0.53014  	-0.1039  	-0.2673  	-0.6167  	0.23128  	-0.2363  	-0.1200  	-0.5224  	0.06395  	-0.0217  	-0.1265  	-0.1861  	0.20431  	0.29282  	-0.0424  	0.13936  	0.20939  	0.00914  	-0.0490  	-0.1174  	0.25480  	0.01497  	0.02711  	0.01287  	-0.0267  	-0.0725  	-0.0427  	0.04097  	0.02012  	0.04180  	-0.0171  	0.01454  	0.01114  	-0.0144  	0.01915  	0.00396  	-0.0287  	0.03339  	-0.0033  	-0.0278  	0.02454  	0.00191  	-0.0010  	0.02881  	-0.0059  	-0.0069  	-0.0242  	0.03589  	-0.0073  	0.02253  	-0.2797  	
-0.0790  	0.02051  	0.01220  	0.77261  	0.19086  	0.40855  	0.11349  	-0.5999  	0.19668  	-0.0159  	-0.0437  	0.46339  	0.09409  	-0.3765  	-0.6855  	0.79890  	-0.1127  	0.31525  	-0.3020  	0.49517  	-0.1541  	-0.2163  	-0.6244  	0.22573  	-0.2044  	-0.1187  	-0.4859  	0.03431  	0.02223  	-0.0822  	-0.1871  	0.20540  	0.28794  	-0.0489  	0.12868  	0.21332  	0.00795  	-0.0535  	-0.1018  	0.26204  	0.01606  	0.02123  	0.01952  	-0.0229  	-0.0689  	-0.0489  	0.03691  	0.01626  	0.05164  	-0.0198  	0.01474  	0.01230  	-0.0045  	0.01767  	0.00357  	-0.0307  	0.03560  	0.00242  	-0.0269  	0.03004  	0.00534  	-0.0023  	0.03368  	-0.0037  	-0.0069  	-0.0242  	0.03589  	-0.0073  	0.02253  	-0.2797  	
0.04221  	0.04815  	0.05671  	0.77719  	0.15943  	0.47145  	0.12066  	-0.5756  	0.20294  	-0.0232  	-0.0333  	0.36959  	0.09195  	-0.3533  	-0.6153  	0.80201  	-0.0840  	0.26705  	-0.2942  	0.44802  	-0.0443  	-0.1921  	-0.5867  	0.28433  	-0.1515  	-0.1406  	-0.4144  	-0.0858  	-0.0376  	-0.0925  	-0.2089  	0.21877  	0.27299  	-0.0399  	0.18409  	0.19181  	0.08258  	-0.0245  	-0.1181  	0.25581  	-0.0186  	0.03693  	0.01920  	-0.0343  	-0.0733  	-0.0404  	0.03068  	0.01652  	0.05183  	-0.0156  	0.01206  	0.01299  	-0.0024  	0.02227  	0.00225  	-0.0267  	0.02856  	0.00308  	-0.0272  	0.02653  	0.00345  	0.00333  	0.03298  	-0.0033  	-0.0069  	-0.0242  	0.03589  	-0.0073  	0.02253  	-0.2797  	
0.13752  	0.09734  	0.16153  	0.70480  	0.09145  	0.52472  	0.11098  	-0.5191  	0.21119  	-0.0418  	0.04540  	0.32840  	0.06151  	-0.3372  	-0.6626  	0.86130  	-0.0787  	0.22839  	-0.2655  	0.38466  	0.07643  	-0.1777  	-0.5174  	0.31553  	-0.1709  	-0.1488  	-0.3384  	-0.2167  	-0.1500  	-0.1055  	-0.2141  	0.24240  	0.26462  	-0.0508  	0.24517  	0.16547  	0.16915  	0.00780  	-0.1770  	0.21464  	-0.0412  	0.04445  	0.01512  	-0.0278  	-0.0771  	-0.0396  	0.02934  	0.02309  	0.05291  	-0.0112  	0.00669  	0.01627  	0.00080  	0.02648  	0.00470  	-0.0205  	0.02927  	0.00173  	-0.0308  	0.03209  	0.00358  	-0.0033  	0.02632  	-0.0082  	-0.0069  	-0.0242  	0.03589  	-0.0073  	0.02253  	-0.2797  	
0.16389  	0.11849  	0.20806  	0.65802  	0.04776  	0.54295  	0.10832  	-0.4899  	0.22349  	-0.0475  	0.14693  	0.33282  	0.02956  	-0.3668  	-0.6988  	0.89595  	-0.0781  	0.19759  	-0.2573  	0.35081  	0.15050  	-0.1828  	-0.4712  	0.33570  	-0.2018  	-0.1525  	-0.3037  	-0.3018  	-0.2449  	-0.1342  	-0.2149  	0.26109  	0.27007  	-0.0592  	0.26441  	0.14466  	0.24604  	0.03293  	-0.2122  	0.18378  	-0.0417  	0.03875  	0.01507  	-0.0217  	-0.0786  	-0.0401  	0.02976  	0.02194  	0.05344  	-0.0077  	0.00119  	0.01753  	0.00162  	0.02863  	0.00372  	-0.0193  	0.02418  	0.00179  	-0.0328  	0.03148  	0.00626  	-0.0005  	0.02930  	-0.0117  	-0.0069  	-0.0242  	0.03589  	-0.0073  	0.02253  	-0.2797  	
0.13755  	0.10411  	0.20142  	0.59544  	-0.0082  	0.52457  	0.10977  	-0.4639  	0.23815  	-0.0423  	0.24902  	0.34623  	0.01543  	-0.3761  	-0.7705  	0.92457  	-0.0796  	0.19566  	-0.2533  	0.33691  	0.19137  	-0.2024  	-0.4753  	0.34623  	-0.2350  	-0.1553  	-0.3003  	-0.3573  	-0.3022  	-0.1597  	-0.2097  	0.27532  	0.28523  	-0.0594  	0.28211  	0.13448  	0.28385  	0.06027  	-0.2276  	0.16878  	-0.0334  	0.03332  	0.01644  	-0.0239  	-0.0779  	-0.0399  	0.03197  	0.01317  	0.04856  	-0.0083  	0.00174  	0.01775  	0.00494  	0.03398  	0.00267  	-0.0226  	0.01631  	0.00560  	-0.0353  	0.03421  	0.00861  	0.00356  	0.03183  	-0.0079  	-0.0069  	-0.0242  	0.03589  	-0.0073  	0.02253  	-0.2797  	
0.13732  	0.10440  	0.18547  	0.56124  	-0.0438  	0.49219  	0.10915  	-0.4743  	0.25525  	-0.0657  	0.29538  	0.35860  	0.00501  	-0.3897  	-0.7957  	0.91916  	-0.0746  	0.19551  	-0.2654  	0.33083  	0.20702  	-0.2033  	-0.4555  	0.35003  	-0.2563  	-0.1516  	-0.2971  	-0.3541  	-0.3292  	-0.1585  	-0.1981  	0.27480  	0.28530  	-0.0634  	0.29636  	0.12258  	0.31144  	0.06457  	-0.2493  	0.16410  	-0.0290  	0.02969  	0.01930  	-0.0285  	-0.0813  	-0.0431  	0.03548  	0.00665  	0.04843  	-0.0064  	-0.0008  	0.01696  	0.00355  	0.03375  	0.00180  	-0.0205  	0.01774  	0.00541  	-0.0345  	0.03625  	0.00863  	0.00385  	0.03139  	-0.0058  	-0.0069  	-0.0242  	0.03589  	-0.0073  	0.02253  	-0.2797  	
0.13923  	0.09732  	0.17708  	0.56543  	-0.0304  	0.49102  	0.11115  	-0.4825  	0.25301  	-0.0566  	0.29284  	0.36111  	0.00417  	-0.3990  	-0.7991  	0.91517  	-0.0657  	0.19291  	-0.2722  	0.33397  	0.19077  	-0.2090  	-0.4517  	0.35303  	-0.2619  	-0.1502  	-0.2931  	-0.3452  	-0.3278  	-0.1541  	-0.1994  	0.27422  	0.28264  	-0.0645  	0.29932  	0.12136  	0.30284  	0.06376  	-0.2491  	0.16483  	-0.0345  	0.03051  	0.01803  	-0.0294  	-0.0833  	-0.0424  	0.03456  	0.00584  	0.04839  	-0.0090  	0.00028  	0.01875  	0.00170  	0.03201  	0.00279  	-0.0219  	0.01912  	0.00489  	-0.0349  	0.03384  	0.00814  	0.00331  	0.03166  	-0.0051  	-0.0069  	-0.0242  	0.03589  	-0.0073  	0.02253  	-0.2797  	
0.13932  	0.09724  	0.17709  	0.56552  	-0.0303  	0.49116  	0.11117  	-0.4824  	0.25303  	-0.0565  	0.29278  	0.36116  	0.00425  	-0.3990  	-0.7991  	0.91521  	-0.0657  	0.19290  	-0.2722  	0.33400  	0.19078  	-0.2090  	-0.4516  	0.35313  	-0.2618  	-0.1502  	-0.2931  	-0.3452  	-0.3278  	-0.1541  	-0.1994  	0.27423  	0.28261  	-0.0645  	0.29929  	0.12135  	0.30283  	0.06377  	-0.2490  	0.16484  	-0.0345  	0.03053  	0.01804  	-0.0294  	-0.0833  	-0.0424  	0.03456  	0.00585  	0.04840  	-0.0091  	0.00028  	0.01875  	0.00170  	0.03200  	0.00279  	-0.0219  	0.01912  	0.00490  	-0.0349  	0.03383  	0.00814  	0.00330  	0.03167  	-0.0051  	-0.0069  	-0.0242  	0.03589  	-0.0073  	0.02253  	-0.2797  	
0.13932  	0.09724  	0.17709  	0.56552  	-0.0303  	0.49116  	0.11117  	-0.4824  	0.25303  	-0.0565  	0.29278  	0.36116  	0.00425  	-0.3990  	-0.7991  	0.91521  	-0.0657  	0.19290  	-0.2722  	0.33400  	0.19078  	-0.2090  	-0.4516  	0.35313  	-0.2618  	-0.1502  	-0.2931  	-0.3452  	-0.3278  	-0.1541  	-0.1994  	0.27423  	0.28261  	-0.0645  	0.29929  	0.12135  	0.30283  	0.06377  	-0.2490  	0.16484  	-0.0345  	0.03053  	0.01804  	-0.0294  	-0.0833  	-0.0424  	0.03456  	0.00585  	0.04840  	-0.0091  	0.00028  	0.01875  	0.00170  	0.03200  	0.00279  	-0.0219  	0.01912  	0.00490  	-0.0349  	0.03383  	0.00814  	0.00330  	0.03167  	-0.0051  	-0.0069  	-0.0242  	0.03589  	-0.0073  	0.02253  	-0.2797  	
0.13932  	0.09724  	0.17709  	0.56552  	-0.0303  	0.49116  	0.11117  	-0.4824  	0.25303  	-0.0565  	0.29278  	0.36116  	0.00425  	-0.3990  	-0.7991  	0.91521  	-0.0657  	0.19290  	-0.2722  	0.33400  	0.19078  	-0.2090  	-0.4516  	0.35313  	-0.2618  	-0.1502  	-0.2931  	-0.3452  	-0.3278  	-0.1541  	-0.1994  	0.27423  	0.28261  	-0.0645  	0.29929  	0.12135  	0.30283  	0.06377  	-0.2490  	0.16484  	-0.0345  	0.03053  	0.01804  	-0.0294  	-0.0833  	-0.0424  	0.03456  	0.00585  	0.04840  	-0.0091  	0.00028  	0.01875  	0.00170  	0.03200  	0.00279  	-0.0219  	0.01912  	0.00490  	-0.0349  	0.03383  	0.00814  	0.00330  	0.03167  	-0.0051  	-0.0069  	-0.0242  	0.03589  	-0.0073  	0.02253  	-0.2797  	
0.13932  	0.09724  	0.17709  	0.56552  	-0.0303  	0.49116  	0.11117  	-0.4824  	0.25303  	-0.0565  	0.29278  	0.36116  	0.00425  	-0.3990  	-0.7991  	0.91521  	-0.0657  	0.19290  	-0.2722  	0.33400  	0.19078  	-0.2090  	-0.4516  	0.35313  	-0.2618  	-0.1502  	-0.2931  	-0.3452  	-0.3278  	-0.1541  	-0.1994  	0.27423  	0.28261  	-0.0645  	0.29929  	0.12135  	0.30283  	0.06377  	-0.2490  	0.16484  	-0.0345  	0.03053  	0.01804  	-0.0294  	-0.0833  	-0.0424  	0.03456  	0.00585  	0.04840  	-0.0091  	0.00028  	0.01875  	0.00170  	0.03200  	0.00279  	-0.0219  	0.01912  	0.00490  	-0.0349  	0.03383  	0.00814  	0.00330  	0.03167  	-0.0051  	-0.0069  	-0.0242  	0.03589  	-0.0073  	0.02253  	-0.2797  	
0.13932  	0.09724  	0.17709  	0.56552  	-0.0303  	0.49116  	0.11117  	-0.4824  	0.25303  	-0.0565  	0.29278  	0.36116  	0.00425  	-0.3990  	-0.7991  	0.91521  	-0.0657  	0.19290  	-0.2722  	0.33400  	0.19078  	-0.2090  	-0.4516  	0.35313  	-0.2618  	-0.1502  	-0.2931  	-0.3452  	-0.3278  	-0.1541  	-0.1994  	0.27423  	0.28261  	-0.0645  	0.29929  	0.12135  	0.30283  	0.06377  	-0.2490  	0.16484  	-0.0345  	0.03053  	0.01804  	-0.0294  	-0.0833  	-0.0424  	0.03456  	0.00585  	0.04840  	-0.0091  	0.00028  	0.01875  	0.00170  	0.03200  	0.00279  	-0.0219  	0.01912  	0.00490  	-0.0349  	0.03383  	0.00814  	0.00330  	0.03167  	-0.0051  	-0.0069  	-0.0242  	0.03589  	-0.0073  	0.02253  	-0.2797  	
0.13929  	0.09723  	0.17709  	0.56548  	-0.0304  	0.49117  	0.11117  	-0.4824  	0.25304  	-0.0565  	0.29280  	0.36116  	0.00424  	-0.3990  	-0.7991  	0.91522  	-0.0656  	0.19290  	-0.2722  	0.33399  	0.19079  	-0.2090  	-0.4516  	0.35314  	-0.2619  	-0.1502  	-0.2931  	-0.3453  	-0.3278  	-0.1541  	-0.1994  	0.27424  	0.28259  	-0.0645  	0.29931  	0.12135  	0.30286  	0.06377  	-0.2490  	0.16482  	-0.0346  	0.03051  	0.01804  	-0.0294  	-0.0833  	-0.0424  	0.03455  	0.00584  	0.04841  	-0.0091  	0.00028  	0.01876  	0.00170  	0.03202  	0.00279  	-0.0219  	0.01910  	0.00490  	-0.0349  	0.03384  	0.00814  	0.00331  	0.03168  	-0.0051  	-0.0069  	-0.0242  	0.03589  	-0.0073  	0.02253  	-0.2797  	
